ISO-10303-21;
HEADER;
FILE_DESCRIPTION(('Open CASCADE Model'),'2;1');
FILE_NAME('Open CASCADE Shape Model','2026-08-07T14:12:49',('Author'),(
    'Open CASCADE'),'Open CASCADE STEP processor 7.9','Open CASCADE 7.9'
  ,'Unknown');
FILE_SCHEMA(('AUTOMOTIVE_DESIGN { 1 0 10303 214 1 1 1 1 }'));
ENDSEC;
DATA;
#1 = APPLICATION_PROTOCOL_DEFINITION('international standard',
  'automotive_design',2000,#2);
#2 = APPLICATION_CONTEXT(
  'core data for automotive mechanical design processes');
#3 = SHAPE_DEFINITION_REPRESENTATION(#4,#10);
#4 = PRODUCT_DEFINITION_SHAPE('','',#5);
#5 = PRODUCT_DEFINITION('design','',#6,#9);
#6 = PRODUCT_DEFINITION_FORMATION('','',#7);
#7 = PRODUCT('Open CASCADE STEP translator 7.9 7',
  'Open CASCADE STEP translator 7.9 7','',(#8));
#8 = PRODUCT_CONTEXT('',#2,'mechanical');
#9 = PRODUCT_DEFINITION_CONTEXT('part definition',#2,'design');
#10 = ADVANCED_BREP_SHAPE_REPRESENTATION('',(#11,#15),#4046);
#11 = AXIS2_PLACEMENT_3D('',#12,#13,#14);
#12 = CARTESIAN_POINT('',(0.,0.,0.));
#13 = DIRECTION('',(0.,0.,1.));
#14 = DIRECTION('',(1.,0.,-0.));
#15 = MANIFOLD_SOLID_BREP('',#16);
#16 = CLOSED_SHELL('',(#17,#133,#249,#328,#431,#564,#812,#866,#937,#1010
    ,#1039,#1172,#1179,#1665,#1873,#1922,#2182,#2273,#2308,#2458,#2567,
    #2721,#2926,#3131,#3180,#3252,#3301,#3351,#3402,#3452,#3502,#3509,
    #3580,#3651,#3700,#3749,#3798,#3847,#3874,#3906,#3968,#3995,#4022));
#17 = ADVANCED_FACE('',(#18),#32,.F.);
#18 = FACE_BOUND('',#19,.F.);
#19 = EDGE_LOOP('',(#20,#50,#81,#82,#111));
#20 = ORIENTED_EDGE('',*,*,#21,.T.);
#21 = EDGE_CURVE('',#22,#24,#26,.T.);
#22 = VERTEX_POINT('',#23);
#23 = CARTESIAN_POINT('',(134.49375403883,-31.48171319838,132.4426280197
    ));
#24 = VERTEX_POINT('',#25);
#25 = CARTESIAN_POINT('',(141.49375403883,-31.48171319838,132.4426280197
    ));
#26 = SEAM_CURVE('',#27,(#31,#43),.PCURVE_S1.);
#27 = LINE('',#28,#29);
#28 = CARTESIAN_POINT('',(141.49375403883,-31.48171319838,132.4426280197
    ));
#29 = VECTOR('',#30,1.);
#30 = DIRECTION('',(1.,0.,0.));
#31 = PCURVE('',#32,#37);
#32 = CYLINDRICAL_SURFACE('',#33,11.);
#33 = AXIS2_PLACEMENT_3D('',#34,#35,#36);
#34 = CARTESIAN_POINT('',(141.49375403883,-20.48171319838,132.4426280197
    ));
#35 = DIRECTION('',(-1.,0.,0.));
#36 = DIRECTION('',(0.,1.,0.));
#37 = DEFINITIONAL_REPRESENTATION('',(#38),#42);
#38 = LINE('',#39,#40);
#39 = CARTESIAN_POINT('',(3.14159265359,0.));
#40 = VECTOR('',#41,1.);
#41 = DIRECTION('',(0.,-1.));
#42 = ( GEOMETRIC_REPRESENTATION_CONTEXT(2) 
PARAMETRIC_REPRESENTATION_CONTEXT() REPRESENTATION_CONTEXT('2D SPACE',''
  ) );
#43 = PCURVE('',#32,#44);
#44 = DEFINITIONAL_REPRESENTATION('',(#45),#49);
#45 = LINE('',#46,#47);
#46 = CARTESIAN_POINT('',(9.424777960769,0.));
#47 = VECTOR('',#48,1.);
#48 = DIRECTION('',(0.,-1.));
#49 = ( GEOMETRIC_REPRESENTATION_CONTEXT(2) 
PARAMETRIC_REPRESENTATION_CONTEXT() REPRESENTATION_CONTEXT('2D SPACE',''
  ) );
#50 = ORIENTED_EDGE('',*,*,#51,.T.);
#51 = EDGE_CURVE('',#24,#24,#52,.T.);
#52 = SURFACE_CURVE('',#53,(#58,#65),.PCURVE_S1.);
#53 = CIRCLE('',#54,11.);
#54 = AXIS2_PLACEMENT_3D('',#55,#56,#57);
#55 = CARTESIAN_POINT('',(141.49375403883,-20.48171319838,132.4426280197
    ));
#56 = DIRECTION('',(-1.,0.,0.));
#57 = DIRECTION('',(0.,1.,0.));
#58 = PCURVE('',#32,#59);
#59 = DEFINITIONAL_REPRESENTATION('',(#60),#64);
#60 = LINE('',#61,#62);
#61 = CARTESIAN_POINT('',(0.,0.));
#62 = VECTOR('',#63,1.);
#63 = DIRECTION('',(1.,0.));
#64 = ( GEOMETRIC_REPRESENTATION_CONTEXT(2) 
PARAMETRIC_REPRESENTATION_CONTEXT() REPRESENTATION_CONTEXT('2D SPACE',''
  ) );
#65 = PCURVE('',#66,#71);
#66 = PLANE('',#67);
#67 = AXIS2_PLACEMENT_3D('',#68,#69,#70);
#68 = CARTESIAN_POINT('',(141.49375403883,-19.98171319838,132.4426280197
    ));
#69 = DIRECTION('',(1.,0.,0.));
#70 = DIRECTION('',(-0.,1.,0.));
#71 = DEFINITIONAL_REPRESENTATION('',(#72),#80);
#72 = ( BOUNDED_CURVE() B_SPLINE_CURVE(2,(#73,#74,#75,#76,#77,#78,#79),
.UNSPECIFIED.,.T.,.F.) B_SPLINE_CURVE_WITH_KNOTS((1,2,2,2,2,1),(
    -2.094395102393,0.,2.094395102393,4.188790204786,6.28318530718,
8.377580409573),.UNSPECIFIED.) CURVE() GEOMETRIC_REPRESENTATION_ITEM() 
RATIONAL_B_SPLINE_CURVE((1.,0.5,1.,0.5,1.,0.5,1.)) REPRESENTATION_ITEM(
  '') );
#73 = CARTESIAN_POINT('',(10.5,0.));
#74 = CARTESIAN_POINT('',(10.5,-19.05255888325));
#75 = CARTESIAN_POINT('',(-6.,-9.526279441629));
#76 = CARTESIAN_POINT('',(-22.5,-2.694222958124E-15));
#77 = CARTESIAN_POINT('',(-6.,9.526279441629));
#78 = CARTESIAN_POINT('',(10.5,19.052558883258));
#79 = CARTESIAN_POINT('',(10.5,0.));
#80 = ( GEOMETRIC_REPRESENTATION_CONTEXT(2) 
PARAMETRIC_REPRESENTATION_CONTEXT() REPRESENTATION_CONTEXT('2D SPACE',''
  ) );
#81 = ORIENTED_EDGE('',*,*,#21,.F.);
#82 = ORIENTED_EDGE('',*,*,#83,.T.);
#83 = EDGE_CURVE('',#22,#84,#86,.T.);
#84 = VERTEX_POINT('',#85);
#85 = CARTESIAN_POINT('',(134.49375403883,-9.481713198385,132.4426280197
    ));
#86 = SURFACE_CURVE('',#87,(#92,#99),.PCURVE_S1.);
#87 = CIRCLE('',#88,11.);
#88 = AXIS2_PLACEMENT_3D('',#89,#90,#91);
#89 = CARTESIAN_POINT('',(134.49375403883,-20.48171319838,132.4426280197
    ));
#90 = DIRECTION('',(1.,0.,0.));
#91 = DIRECTION('',(-0.,1.,0.));
#92 = PCURVE('',#32,#93);
#93 = DEFINITIONAL_REPRESENTATION('',(#94),#98);
#94 = LINE('',#95,#96);
#95 = CARTESIAN_POINT('',(12.566370614359,7.));
#96 = VECTOR('',#97,1.);
#97 = DIRECTION('',(-1.,0.));
#98 = ( GEOMETRIC_REPRESENTATION_CONTEXT(2) 
PARAMETRIC_REPRESENTATION_CONTEXT() REPRESENTATION_CONTEXT('2D SPACE',''
  ) );
#99 = PCURVE('',#100,#105);
#100 = PLANE('',#101);
#101 = AXIS2_PLACEMENT_3D('',#102,#103,#104);
#102 = CARTESIAN_POINT('',(134.49375403883,-19.98171319838,
    132.4426280197));
#103 = DIRECTION('',(1.,0.,0.));
#104 = DIRECTION('',(-0.,1.,0.));
#105 = DEFINITIONAL_REPRESENTATION('',(#106),#110);
#106 = CIRCLE('',#107,11.);
#107 = AXIS2_PLACEMENT_2D('',#108,#109);
#108 = CARTESIAN_POINT('',(-0.5,0.));
#109 = DIRECTION('',(1.,0.));
#110 = ( GEOMETRIC_REPRESENTATION_CONTEXT(2) 
PARAMETRIC_REPRESENTATION_CONTEXT() REPRESENTATION_CONTEXT('2D SPACE',''
  ) );
#111 = ORIENTED_EDGE('',*,*,#112,.T.);
#112 = EDGE_CURVE('',#84,#22,#113,.T.);
#113 = SURFACE_CURVE('',#114,(#119,#126),.PCURVE_S1.);
#114 = CIRCLE('',#115,11.);
#115 = AXIS2_PLACEMENT_3D('',#116,#117,#118);
#116 = CARTESIAN_POINT('',(134.49375403883,-20.48171319838,
    132.4426280197));
#117 = DIRECTION('',(1.,0.,0.));
#118 = DIRECTION('',(-0.,1.,0.));
#119 = PCURVE('',#32,#120);
#120 = DEFINITIONAL_REPRESENTATION('',(#121),#125);
#121 = LINE('',#122,#123);
#122 = CARTESIAN_POINT('',(6.28318530718,7.));
#123 = VECTOR('',#124,1.);
#124 = DIRECTION('',(-1.,0.));
#125 = ( GEOMETRIC_REPRESENTATION_CONTEXT(2) 
PARAMETRIC_REPRESENTATION_CONTEXT() REPRESENTATION_CONTEXT('2D SPACE',''
  ) );
#126 = PCURVE('',#100,#127);
#127 = DEFINITIONAL_REPRESENTATION('',(#128),#132);
#128 = CIRCLE('',#129,11.);
#129 = AXIS2_PLACEMENT_2D('',#130,#131);
#130 = CARTESIAN_POINT('',(-0.5,0.));
#131 = DIRECTION('',(1.,0.));
#132 = ( GEOMETRIC_REPRESENTATION_CONTEXT(2) 
PARAMETRIC_REPRESENTATION_CONTEXT() REPRESENTATION_CONTEXT('2D SPACE',''
  ) );
#133 = ADVANCED_FACE('',(#134),#149,.T.);
#134 = FACE_BOUND('',#135,.T.);
#135 = EDGE_LOOP('',(#136,#167,#195,#223));
#136 = ORIENTED_EDGE('',*,*,#137,.F.);
#137 = EDGE_CURVE('',#138,#140,#142,.T.);
#138 = VERTEX_POINT('',#139);
#139 = CARTESIAN_POINT('',(141.49375403883,-20.48171319838,
    146.4426280197));
#140 = VERTEX_POINT('',#141);
#141 = CARTESIAN_POINT('',(141.49375403883,-20.48171319838,
    118.4426280197));
#142 = SURFACE_CURVE('',#143,(#148,#160),.PCURVE_S1.);
#143 = CIRCLE('',#144,14.);
#144 = AXIS2_PLACEMENT_3D('',#145,#146,#147);
#145 = CARTESIAN_POINT('',(141.49375403883,-20.48171319838,
    132.4426280197));
#146 = DIRECTION('',(1.,0.,0.));
#147 = DIRECTION('',(-0.,1.,0.));
#148 = PCURVE('',#149,#154);
#149 = CYLINDRICAL_SURFACE('',#150,14.);
#150 = AXIS2_PLACEMENT_3D('',#151,#152,#153);
#151 = CARTESIAN_POINT('',(141.49375403883,-20.48171319838,
    132.4426280197));
#152 = DIRECTION('',(-1.,0.,0.));
#153 = DIRECTION('',(-0.,-1.,-1.224646799147E-16));
#154 = DEFINITIONAL_REPRESENTATION('',(#155),#159);
#155 = LINE('',#156,#157);
#156 = CARTESIAN_POINT('',(3.14159265359,0.));
#157 = VECTOR('',#158,1.);
#158 = DIRECTION('',(-1.,0.));
#159 = ( GEOMETRIC_REPRESENTATION_CONTEXT(2) 
PARAMETRIC_REPRESENTATION_CONTEXT() REPRESENTATION_CONTEXT('2D SPACE',''
  ) );
#160 = PCURVE('',#66,#161);
#161 = DEFINITIONAL_REPRESENTATION('',(#162),#166);
#162 = CIRCLE('',#163,14.);
#163 = AXIS2_PLACEMENT_2D('',#164,#165);
#164 = CARTESIAN_POINT('',(-0.5,0.));
#165 = DIRECTION('',(1.,0.));
#166 = ( GEOMETRIC_REPRESENTATION_CONTEXT(2) 
PARAMETRIC_REPRESENTATION_CONTEXT() REPRESENTATION_CONTEXT('2D SPACE',''
  ) );
#167 = ORIENTED_EDGE('',*,*,#168,.T.);
#168 = EDGE_CURVE('',#138,#169,#171,.T.);
#169 = VERTEX_POINT('',#170);
#170 = CARTESIAN_POINT('',(134.49375403883,-20.48171319838,
    146.4426280197));
#171 = SURFACE_CURVE('',#172,(#176,#183),.PCURVE_S1.);
#172 = LINE('',#173,#174);
#173 = CARTESIAN_POINT('',(141.49375403883,-20.48171319838,
    146.4426280197));
#174 = VECTOR('',#175,1.);
#175 = DIRECTION('',(-1.,0.,0.));
#176 = PCURVE('',#149,#177);
#177 = DEFINITIONAL_REPRESENTATION('',(#178),#182);
#178 = LINE('',#179,#180);
#179 = CARTESIAN_POINT('',(1.570796326795,0.));
#180 = VECTOR('',#181,1.);
#181 = DIRECTION('',(0.,1.));
#182 = ( GEOMETRIC_REPRESENTATION_CONTEXT(2) 
PARAMETRIC_REPRESENTATION_CONTEXT() REPRESENTATION_CONTEXT('2D SPACE',''
  ) );
#183 = PCURVE('',#184,#189);
#184 = PLANE('',#185);
#185 = AXIS2_PLACEMENT_3D('',#186,#187,#188);
#186 = CARTESIAN_POINT('',(140.49375403883,-9.481713198385,
    146.4426280197));
#187 = DIRECTION('',(0.,0.,1.));
#188 = DIRECTION('',(0.,1.,0.));
#189 = DEFINITIONAL_REPRESENTATION('',(#190),#194);
#190 = LINE('',#191,#192);
#191 = CARTESIAN_POINT('',(-11.,-1.));
#192 = VECTOR('',#193,1.);
#193 = DIRECTION('',(0.,1.));
#194 = ( GEOMETRIC_REPRESENTATION_CONTEXT(2) 
PARAMETRIC_REPRESENTATION_CONTEXT() REPRESENTATION_CONTEXT('2D SPACE',''
  ) );
#195 = ORIENTED_EDGE('',*,*,#196,.F.);
#196 = EDGE_CURVE('',#197,#169,#199,.T.);
#197 = VERTEX_POINT('',#198);
#198 = CARTESIAN_POINT('',(134.49375403883,-20.48171319838,
    118.4426280197));
#199 = SURFACE_CURVE('',#200,(#205,#212),.PCURVE_S1.);
#200 = CIRCLE('',#201,14.);
#201 = AXIS2_PLACEMENT_3D('',#202,#203,#204);
#202 = CARTESIAN_POINT('',(134.49375403883,-20.48171319838,
    132.4426280197));
#203 = DIRECTION('',(-1.,0.,0.));
#204 = DIRECTION('',(0.,1.,0.));
#205 = PCURVE('',#149,#206);
#206 = DEFINITIONAL_REPRESENTATION('',(#207),#211);
#207 = LINE('',#208,#209);
#208 = CARTESIAN_POINT('',(-3.14159265359,7.));
#209 = VECTOR('',#210,1.);
#210 = DIRECTION('',(1.,0.));
#211 = ( GEOMETRIC_REPRESENTATION_CONTEXT(2) 
PARAMETRIC_REPRESENTATION_CONTEXT() REPRESENTATION_CONTEXT('2D SPACE',''
  ) );
#212 = PCURVE('',#100,#213);
#213 = DEFINITIONAL_REPRESENTATION('',(#214),#222);
#214 = ( BOUNDED_CURVE() B_SPLINE_CURVE(2,(#215,#216,#217,#218,#219,#220
,#221),.UNSPECIFIED.,.T.,.F.) B_SPLINE_CURVE_WITH_KNOTS((1,2,2,2,2,1),(
    -2.094395102393,0.,2.094395102393,4.188790204786,6.28318530718,
8.377580409573),.UNSPECIFIED.) CURVE() GEOMETRIC_REPRESENTATION_ITEM() 
RATIONAL_B_SPLINE_CURVE((1.,0.5,1.,0.5,1.,0.5,1.)) REPRESENTATION_ITEM(
  '') );
#215 = CARTESIAN_POINT('',(13.5,0.));
#216 = CARTESIAN_POINT('',(13.5,-24.24871130596));
#217 = CARTESIAN_POINT('',(-7.5,-12.12435565298));
#218 = CARTESIAN_POINT('',(-28.5,-3.429011037613E-15));
#219 = CARTESIAN_POINT('',(-7.5,12.124355652982));
#220 = CARTESIAN_POINT('',(13.5,24.248711305964));
#221 = CARTESIAN_POINT('',(13.5,0.));
#222 = ( GEOMETRIC_REPRESENTATION_CONTEXT(2) 
PARAMETRIC_REPRESENTATION_CONTEXT() REPRESENTATION_CONTEXT('2D SPACE',''
  ) );
#223 = ORIENTED_EDGE('',*,*,#224,.F.);
#224 = EDGE_CURVE('',#140,#197,#225,.T.);
#225 = SURFACE_CURVE('',#226,(#230,#237),.PCURVE_S1.);
#226 = LINE('',#227,#228);
#227 = CARTESIAN_POINT('',(141.49375403883,-20.48171319838,
    118.4426280197));
#228 = VECTOR('',#229,1.);
#229 = DIRECTION('',(-1.,0.,0.));
#230 = PCURVE('',#149,#231);
#231 = DEFINITIONAL_REPRESENTATION('',(#232),#236);
#232 = LINE('',#233,#234);
#233 = CARTESIAN_POINT('',(-1.570796326795,0.));
#234 = VECTOR('',#235,1.);
#235 = DIRECTION('',(0.,1.));
#236 = ( GEOMETRIC_REPRESENTATION_CONTEXT(2) 
PARAMETRIC_REPRESENTATION_CONTEXT() REPRESENTATION_CONTEXT('2D SPACE',''
  ) );
#237 = PCURVE('',#238,#243);
#238 = PLANE('',#239);
#239 = AXIS2_PLACEMENT_3D('',#240,#241,#242);
#240 = CARTESIAN_POINT('',(140.49375403883,-5.481713198385,
    118.4426280197));
#241 = DIRECTION('',(0.,0.,-1.));
#242 = DIRECTION('',(0.,-1.,0.));
#243 = DEFINITIONAL_REPRESENTATION('',(#244),#248);
#244 = LINE('',#245,#246);
#245 = CARTESIAN_POINT('',(15.,-1.));
#246 = VECTOR('',#247,1.);
#247 = DIRECTION('',(0.,1.));
#248 = ( GEOMETRIC_REPRESENTATION_CONTEXT(2) 
PARAMETRIC_REPRESENTATION_CONTEXT() REPRESENTATION_CONTEXT('2D SPACE',''
  ) );
#249 = ADVANCED_FACE('',(#250,#325),#66,.T.);
#250 = FACE_BOUND('',#251,.T.);
#251 = EDGE_LOOP('',(#252,#275,#276,#299));
#252 = ORIENTED_EDGE('',*,*,#253,.T.);
#253 = EDGE_CURVE('',#254,#138,#256,.T.);
#254 = VERTEX_POINT('',#255);
#255 = CARTESIAN_POINT('',(141.49375403883,-5.481713198385,
    146.4426280197));
#256 = SURFACE_CURVE('',#257,(#261,#268),.PCURVE_S1.);
#257 = LINE('',#258,#259);
#258 = CARTESIAN_POINT('',(141.49375403883,-5.481713198385,
    146.4426280197));
#259 = VECTOR('',#260,1.);
#260 = DIRECTION('',(0.,-1.,0.));
#261 = PCURVE('',#66,#262);
#262 = DEFINITIONAL_REPRESENTATION('',(#263),#267);
#263 = LINE('',#264,#265);
#264 = CARTESIAN_POINT('',(14.5,14.));
#265 = VECTOR('',#266,1.);
#266 = DIRECTION('',(-1.,0.));
#267 = ( GEOMETRIC_REPRESENTATION_CONTEXT(2) 
PARAMETRIC_REPRESENTATION_CONTEXT() REPRESENTATION_CONTEXT('2D SPACE',''
  ) );
#268 = PCURVE('',#184,#269);
#269 = DEFINITIONAL_REPRESENTATION('',(#270),#274);
#270 = LINE('',#271,#272);
#271 = CARTESIAN_POINT('',(4.,-1.));
#272 = VECTOR('',#273,1.);
#273 = DIRECTION('',(-1.,0.));
#274 = ( GEOMETRIC_REPRESENTATION_CONTEXT(2) 
PARAMETRIC_REPRESENTATION_CONTEXT() REPRESENTATION_CONTEXT('2D SPACE',''
  ) );
#275 = ORIENTED_EDGE('',*,*,#137,.T.);
#276 = ORIENTED_EDGE('',*,*,#277,.T.);
#277 = EDGE_CURVE('',#140,#278,#280,.T.);
#278 = VERTEX_POINT('',#279);
#279 = CARTESIAN_POINT('',(141.49375403883,-5.481713198385,
    118.4426280197));
#280 = SURFACE_CURVE('',#281,(#285,#292),.PCURVE_S1.);
#281 = LINE('',#282,#283);
#282 = CARTESIAN_POINT('',(141.49375403883,-20.48171319838,
    118.4426280197));
#283 = VECTOR('',#284,1.);
#284 = DIRECTION('',(0.,1.,0.));
#285 = PCURVE('',#66,#286);
#286 = DEFINITIONAL_REPRESENTATION('',(#287),#291);
#287 = LINE('',#288,#289);
#288 = CARTESIAN_POINT('',(-0.5,-14.));
#289 = VECTOR('',#290,1.);
#290 = DIRECTION('',(1.,0.));
#291 = ( GEOMETRIC_REPRESENTATION_CONTEXT(2) 
PARAMETRIC_REPRESENTATION_CONTEXT() REPRESENTATION_CONTEXT('2D SPACE',''
  ) );
#292 = PCURVE('',#238,#293);
#293 = DEFINITIONAL_REPRESENTATION('',(#294),#298);
#294 = LINE('',#295,#296);
#295 = CARTESIAN_POINT('',(15.,-1.));
#296 = VECTOR('',#297,1.);
#297 = DIRECTION('',(-1.,-0.));
#298 = ( GEOMETRIC_REPRESENTATION_CONTEXT(2) 
PARAMETRIC_REPRESENTATION_CONTEXT() REPRESENTATION_CONTEXT('2D SPACE',''
  ) );
#299 = ORIENTED_EDGE('',*,*,#300,.T.);
#300 = EDGE_CURVE('',#278,#254,#301,.T.);
#301 = SURFACE_CURVE('',#302,(#306,#313),.PCURVE_S1.);
#302 = LINE('',#303,#304);
#303 = CARTESIAN_POINT('',(141.49375403883,-5.481713198385,
    118.4426280197));
#304 = VECTOR('',#305,1.);
#305 = DIRECTION('',(0.,0.,1.));
#306 = PCURVE('',#66,#307);
#307 = DEFINITIONAL_REPRESENTATION('',(#308),#312);
#308 = LINE('',#309,#310);
#309 = CARTESIAN_POINT('',(14.5,-14.));
#310 = VECTOR('',#311,1.);
#311 = DIRECTION('',(0.,1.));
#312 = ( GEOMETRIC_REPRESENTATION_CONTEXT(2) 
PARAMETRIC_REPRESENTATION_CONTEXT() REPRESENTATION_CONTEXT('2D SPACE',''
  ) );
#313 = PCURVE('',#314,#319);
#314 = PLANE('',#315);
#315 = AXIS2_PLACEMENT_3D('',#316,#317,#318);
#316 = CARTESIAN_POINT('',(140.49375403883,-5.481713198385,
    146.4426280197));
#317 = DIRECTION('',(0.,1.,0.));
#318 = DIRECTION('',(0.,0.,-1.));
#319 = DEFINITIONAL_REPRESENTATION('',(#320),#324);
#320 = LINE('',#321,#322);
#321 = CARTESIAN_POINT('',(28.,-1.));
#322 = VECTOR('',#323,1.);
#323 = DIRECTION('',(-1.,0.));
#324 = ( GEOMETRIC_REPRESENTATION_CONTEXT(2) 
PARAMETRIC_REPRESENTATION_CONTEXT() REPRESENTATION_CONTEXT('2D SPACE',''
  ) );
#325 = FACE_BOUND('',#326,.T.);
#326 = EDGE_LOOP('',(#327));
#327 = ORIENTED_EDGE('',*,*,#51,.T.);
#328 = ADVANCED_FACE('',(#329,#333),#100,.F.);
#329 = FACE_BOUND('',#330,.F.);
#330 = EDGE_LOOP('',(#331,#332));
#331 = ORIENTED_EDGE('',*,*,#83,.F.);
#332 = ORIENTED_EDGE('',*,*,#112,.F.);
#333 = FACE_BOUND('',#334,.F.);
#334 = EDGE_LOOP('',(#335,#365,#386,#387,#410));
#335 = ORIENTED_EDGE('',*,*,#336,.T.);
#336 = EDGE_CURVE('',#337,#339,#341,.T.);
#337 = VERTEX_POINT('',#338);
#338 = CARTESIAN_POINT('',(134.49375403883,-9.481713198385,
    132.4426280197));
#339 = VERTEX_POINT('',#340);
#340 = CARTESIAN_POINT('',(134.49375403883,-9.481713198385,
    146.4426280197));
#341 = SURFACE_CURVE('',#342,(#346,#353),.PCURVE_S1.);
#342 = LINE('',#343,#344);
#343 = CARTESIAN_POINT('',(134.49375403883,-9.481713198385,
    125.4426280197));
#344 = VECTOR('',#345,1.);
#345 = DIRECTION('',(0.,0.,1.));
#346 = PCURVE('',#100,#347);
#347 = DEFINITIONAL_REPRESENTATION('',(#348),#352);
#348 = LINE('',#349,#350);
#349 = CARTESIAN_POINT('',(10.5,-7.));
#350 = VECTOR('',#351,1.);
#351 = DIRECTION('',(0.,1.));
#352 = ( GEOMETRIC_REPRESENTATION_CONTEXT(2) 
PARAMETRIC_REPRESENTATION_CONTEXT() REPRESENTATION_CONTEXT('2D SPACE',''
  ) );
#353 = PCURVE('',#354,#359);
#354 = PLANE('',#355);
#355 = AXIS2_PLACEMENT_3D('',#356,#357,#358);
#356 = CARTESIAN_POINT('',(140.49375403883,-9.481713198385,
    118.4426280197));
#357 = DIRECTION('',(0.,-1.,0.));
#358 = DIRECTION('',(0.,0.,1.));
#359 = DEFINITIONAL_REPRESENTATION('',(#360),#364);
#360 = LINE('',#361,#362);
#361 = CARTESIAN_POINT('',(7.,6.));
#362 = VECTOR('',#363,1.);
#363 = DIRECTION('',(1.,0.));
#364 = ( GEOMETRIC_REPRESENTATION_CONTEXT(2) 
PARAMETRIC_REPRESENTATION_CONTEXT() REPRESENTATION_CONTEXT('2D SPACE',''
  ) );
#365 = ORIENTED_EDGE('',*,*,#366,.F.);
#366 = EDGE_CURVE('',#169,#339,#367,.T.);
#367 = SURFACE_CURVE('',#368,(#372,#379),.PCURVE_S1.);
#368 = LINE('',#369,#370);
#369 = CARTESIAN_POINT('',(134.49375403883,-5.481713198385,
    146.4426280197));
#370 = VECTOR('',#371,1.);
#371 = DIRECTION('',(0.,1.,0.));
#372 = PCURVE('',#100,#373);
#373 = DEFINITIONAL_REPRESENTATION('',(#374),#378);
#374 = LINE('',#375,#376);
#375 = CARTESIAN_POINT('',(14.5,14.));
#376 = VECTOR('',#377,1.);
#377 = DIRECTION('',(1.,0.));
#378 = ( GEOMETRIC_REPRESENTATION_CONTEXT(2) 
PARAMETRIC_REPRESENTATION_CONTEXT() REPRESENTATION_CONTEXT('2D SPACE',''
  ) );
#379 = PCURVE('',#184,#380);
#380 = DEFINITIONAL_REPRESENTATION('',(#381),#385);
#381 = LINE('',#382,#383);
#382 = CARTESIAN_POINT('',(4.,6.));
#383 = VECTOR('',#384,1.);
#384 = DIRECTION('',(1.,0.));
#385 = ( GEOMETRIC_REPRESENTATION_CONTEXT(2) 
PARAMETRIC_REPRESENTATION_CONTEXT() REPRESENTATION_CONTEXT('2D SPACE',''
  ) );
#386 = ORIENTED_EDGE('',*,*,#196,.F.);
#387 = ORIENTED_EDGE('',*,*,#388,.F.);
#388 = EDGE_CURVE('',#389,#197,#391,.T.);
#389 = VERTEX_POINT('',#390);
#390 = CARTESIAN_POINT('',(134.49375403883,-9.481713198385,
    118.4426280197));
#391 = SURFACE_CURVE('',#392,(#396,#403),.PCURVE_S1.);
#392 = LINE('',#393,#394);
#393 = CARTESIAN_POINT('',(134.49375403883,-20.48171319838,
    118.4426280197));
#394 = VECTOR('',#395,1.);
#395 = DIRECTION('',(0.,-1.,0.));
#396 = PCURVE('',#100,#397);
#397 = DEFINITIONAL_REPRESENTATION('',(#398),#402);
#398 = LINE('',#399,#400);
#399 = CARTESIAN_POINT('',(-0.5,-14.));
#400 = VECTOR('',#401,1.);
#401 = DIRECTION('',(-1.,0.));
#402 = ( GEOMETRIC_REPRESENTATION_CONTEXT(2) 
PARAMETRIC_REPRESENTATION_CONTEXT() REPRESENTATION_CONTEXT('2D SPACE',''
  ) );
#403 = PCURVE('',#238,#404);
#404 = DEFINITIONAL_REPRESENTATION('',(#405),#409);
#405 = LINE('',#406,#407);
#406 = CARTESIAN_POINT('',(15.,6.));
#407 = VECTOR('',#408,1.);
#408 = DIRECTION('',(1.,0.));
#409 = ( GEOMETRIC_REPRESENTATION_CONTEXT(2) 
PARAMETRIC_REPRESENTATION_CONTEXT() REPRESENTATION_CONTEXT('2D SPACE',''
  ) );
#410 = ORIENTED_EDGE('',*,*,#411,.T.);
#411 = EDGE_CURVE('',#389,#337,#412,.T.);
#412 = SURFACE_CURVE('',#413,(#417,#424),.PCURVE_S1.);
#413 = LINE('',#414,#415);
#414 = CARTESIAN_POINT('',(134.49375403883,-9.481713198385,
    125.4426280197));
#415 = VECTOR('',#416,1.);
#416 = DIRECTION('',(0.,0.,1.));
#417 = PCURVE('',#100,#418);
#418 = DEFINITIONAL_REPRESENTATION('',(#419),#423);
#419 = LINE('',#420,#421);
#420 = CARTESIAN_POINT('',(10.5,-7.));
#421 = VECTOR('',#422,1.);
#422 = DIRECTION('',(0.,1.));
#423 = ( GEOMETRIC_REPRESENTATION_CONTEXT(2) 
PARAMETRIC_REPRESENTATION_CONTEXT() REPRESENTATION_CONTEXT('2D SPACE',''
  ) );
#424 = PCURVE('',#354,#425);
#425 = DEFINITIONAL_REPRESENTATION('',(#426),#430);
#426 = LINE('',#427,#428);
#427 = CARTESIAN_POINT('',(7.,6.));
#428 = VECTOR('',#429,1.);
#429 = DIRECTION('',(1.,0.));
#430 = ( GEOMETRIC_REPRESENTATION_CONTEXT(2) 
PARAMETRIC_REPRESENTATION_CONTEXT() REPRESENTATION_CONTEXT('2D SPACE',''
  ) );
#431 = ADVANCED_FACE('',(#432),#354,.T.);
#432 = FACE_BOUND('',#433,.T.);
#433 = EDGE_LOOP('',(#434,#435,#436,#459,#487,#515,#543));
#434 = ORIENTED_EDGE('',*,*,#411,.T.);
#435 = ORIENTED_EDGE('',*,*,#336,.T.);
#436 = ORIENTED_EDGE('',*,*,#437,.T.);
#437 = EDGE_CURVE('',#339,#438,#440,.T.);
#438 = VERTEX_POINT('',#439);
#439 = CARTESIAN_POINT('',(108.99375403883,-9.481713198385,
    146.4426280197));
#440 = SURFACE_CURVE('',#441,(#445,#452),.PCURVE_S1.);
#441 = LINE('',#442,#443);
#442 = CARTESIAN_POINT('',(140.49375403883,-9.481713198385,
    146.4426280197));
#443 = VECTOR('',#444,1.);
#444 = DIRECTION('',(-1.,0.,0.));
#445 = PCURVE('',#354,#446);
#446 = DEFINITIONAL_REPRESENTATION('',(#447),#451);
#447 = LINE('',#448,#449);
#448 = CARTESIAN_POINT('',(28.,0.));
#449 = VECTOR('',#450,1.);
#450 = DIRECTION('',(0.,1.));
#451 = ( GEOMETRIC_REPRESENTATION_CONTEXT(2) 
PARAMETRIC_REPRESENTATION_CONTEXT() REPRESENTATION_CONTEXT('2D SPACE',''
  ) );
#452 = PCURVE('',#184,#453);
#453 = DEFINITIONAL_REPRESENTATION('',(#454),#458);
#454 = LINE('',#455,#456);
#455 = CARTESIAN_POINT('',(0.,0.));
#456 = VECTOR('',#457,1.);
#457 = DIRECTION('',(0.,1.));
#458 = ( GEOMETRIC_REPRESENTATION_CONTEXT(2) 
PARAMETRIC_REPRESENTATION_CONTEXT() REPRESENTATION_CONTEXT('2D SPACE',''
  ) );
#459 = ORIENTED_EDGE('',*,*,#460,.F.);
#460 = EDGE_CURVE('',#461,#438,#463,.T.);
#461 = VERTEX_POINT('',#462);
#462 = CARTESIAN_POINT('',(108.99375403883,-9.481713198385,
    143.00000213086));
#463 = SURFACE_CURVE('',#464,(#468,#475),.PCURVE_S1.);
#464 = LINE('',#465,#466);
#465 = CARTESIAN_POINT('',(108.99375403883,-9.481713198385,
    118.4426280197));
#466 = VECTOR('',#467,1.);
#467 = DIRECTION('',(0.,0.,1.));
#468 = PCURVE('',#354,#469);
#469 = DEFINITIONAL_REPRESENTATION('',(#470),#474);
#470 = LINE('',#471,#472);
#471 = CARTESIAN_POINT('',(0.,31.5));
#472 = VECTOR('',#473,1.);
#473 = DIRECTION('',(1.,0.));
#474 = ( GEOMETRIC_REPRESENTATION_CONTEXT(2) 
PARAMETRIC_REPRESENTATION_CONTEXT() REPRESENTATION_CONTEXT('2D SPACE',''
  ) );
#475 = PCURVE('',#476,#481);
#476 = PLANE('',#477);
#477 = AXIS2_PLACEMENT_3D('',#478,#479,#480);
#478 = CARTESIAN_POINT('',(108.99375403883,-7.481713198385,
    132.4426280197));
#479 = DIRECTION('',(-1.,0.,0.));
#480 = DIRECTION('',(0.,0.,1.));
#481 = DEFINITIONAL_REPRESENTATION('',(#482),#486);
#482 = LINE('',#483,#484);
#483 = CARTESIAN_POINT('',(-14.,-2.));
#484 = VECTOR('',#485,1.);
#485 = DIRECTION('',(1.,0.));
#486 = ( GEOMETRIC_REPRESENTATION_CONTEXT(2) 
PARAMETRIC_REPRESENTATION_CONTEXT() REPRESENTATION_CONTEXT('2D SPACE',''
  ) );
#487 = ORIENTED_EDGE('',*,*,#488,.T.);
#488 = EDGE_CURVE('',#461,#489,#491,.T.);
#489 = VERTEX_POINT('',#490);
#490 = CARTESIAN_POINT('',(115.00000171363,-9.481713198385,
    143.00000213086));
#491 = SURFACE_CURVE('',#492,(#496,#503),.PCURVE_S1.);
#492 = LINE('',#493,#494);
#493 = CARTESIAN_POINT('',(127.74687787623,-9.481713198385,
    143.00000213086));
#494 = VECTOR('',#495,1.);
#495 = DIRECTION('',(1.,0.,0.));
#496 = PCURVE('',#354,#497);
#497 = DEFINITIONAL_REPRESENTATION('',(#498),#502);
#498 = LINE('',#499,#500);
#499 = CARTESIAN_POINT('',(24.557374111161,12.746876162601));
#500 = VECTOR('',#501,1.);
#501 = DIRECTION('',(0.,-1.));
#502 = ( GEOMETRIC_REPRESENTATION_CONTEXT(2) 
PARAMETRIC_REPRESENTATION_CONTEXT() REPRESENTATION_CONTEXT('2D SPACE',''
  ) );
#503 = PCURVE('',#504,#509);
#504 = PLANE('',#505);
#505 = AXIS2_PLACEMENT_3D('',#506,#507,#508);
#506 = CARTESIAN_POINT('',(115.00000171363,-5.481713198385,
    143.00000213086));
#507 = DIRECTION('',(0.,0.,1.));
#508 = DIRECTION('',(-1.,0.,0.));
#509 = DEFINITIONAL_REPRESENTATION('',(#510),#514);
#510 = LINE('',#511,#512);
#511 = CARTESIAN_POINT('',(-12.7468761626,4.));
#512 = VECTOR('',#513,1.);
#513 = DIRECTION('',(-1.,0.));
#514 = ( GEOMETRIC_REPRESENTATION_CONTEXT(2) 
PARAMETRIC_REPRESENTATION_CONTEXT() REPRESENTATION_CONTEXT('2D SPACE',''
  ) );
#515 = ORIENTED_EDGE('',*,*,#516,.T.);
#516 = EDGE_CURVE('',#489,#517,#519,.T.);
#517 = VERTEX_POINT('',#518);
#518 = CARTESIAN_POINT('',(115.00000171363,-9.481713198385,
    118.4426280197));
#519 = SURFACE_CURVE('',#520,(#524,#531),.PCURVE_S1.);
#520 = LINE('',#521,#522);
#521 = CARTESIAN_POINT('',(115.00000171363,-9.481713198385,
    118.4426280197));
#522 = VECTOR('',#523,1.);
#523 = DIRECTION('',(0.,0.,-1.));
#524 = PCURVE('',#354,#525);
#525 = DEFINITIONAL_REPRESENTATION('',(#526),#530);
#526 = LINE('',#527,#528);
#527 = CARTESIAN_POINT('',(0.,25.493752325201));
#528 = VECTOR('',#529,1.);
#529 = DIRECTION('',(-1.,0.));
#530 = ( GEOMETRIC_REPRESENTATION_CONTEXT(2) 
PARAMETRIC_REPRESENTATION_CONTEXT() REPRESENTATION_CONTEXT('2D SPACE',''
  ) );
#531 = PCURVE('',#532,#537);
#532 = PLANE('',#533);
#533 = AXIS2_PLACEMENT_3D('',#534,#535,#536);
#534 = CARTESIAN_POINT('',(115.00000171363,-5.481713198385,
    118.4426280197));
#535 = DIRECTION('',(1.,0.,0.));
#536 = DIRECTION('',(0.,0.,1.));
#537 = DEFINITIONAL_REPRESENTATION('',(#538),#542);
#538 = LINE('',#539,#540);
#539 = CARTESIAN_POINT('',(0.,4.));
#540 = VECTOR('',#541,1.);
#541 = DIRECTION('',(-1.,0.));
#542 = ( GEOMETRIC_REPRESENTATION_CONTEXT(2) 
PARAMETRIC_REPRESENTATION_CONTEXT() REPRESENTATION_CONTEXT('2D SPACE',''
  ) );
#543 = ORIENTED_EDGE('',*,*,#544,.F.);
#544 = EDGE_CURVE('',#389,#517,#545,.T.);
#545 = SURFACE_CURVE('',#546,(#550,#557),.PCURVE_S1.);
#546 = LINE('',#547,#548);
#547 = CARTESIAN_POINT('',(140.49375403883,-9.481713198385,
    118.4426280197));
#548 = VECTOR('',#549,1.);
#549 = DIRECTION('',(-1.,0.,0.));
#550 = PCURVE('',#354,#551);
#551 = DEFINITIONAL_REPRESENTATION('',(#552),#556);
#552 = LINE('',#553,#554);
#553 = CARTESIAN_POINT('',(0.,0.));
#554 = VECTOR('',#555,1.);
#555 = DIRECTION('',(0.,1.));
#556 = ( GEOMETRIC_REPRESENTATION_CONTEXT(2) 
PARAMETRIC_REPRESENTATION_CONTEXT() REPRESENTATION_CONTEXT('2D SPACE',''
  ) );
#557 = PCURVE('',#238,#558);
#558 = DEFINITIONAL_REPRESENTATION('',(#559),#563);
#559 = LINE('',#560,#561);
#560 = CARTESIAN_POINT('',(4.,0.));
#561 = VECTOR('',#562,1.);
#562 = DIRECTION('',(0.,1.));
#563 = ( GEOMETRIC_REPRESENTATION_CONTEXT(2) 
PARAMETRIC_REPRESENTATION_CONTEXT() REPRESENTATION_CONTEXT('2D SPACE',''
  ) );
#564 = ADVANCED_FACE('',(#565),#504,.T.);
#565 = FACE_BOUND('',#566,.T.);
#566 = EDGE_LOOP('',(#567,#597,#653,#681,#741,#762,#763,#786));
#567 = ORIENTED_EDGE('',*,*,#568,.F.);
#568 = EDGE_CURVE('',#569,#571,#573,.T.);
#569 = VERTEX_POINT('',#570);
#570 = CARTESIAN_POINT('',(109.,-12.3708728397,143.00000217557));
#571 = VERTEX_POINT('',#572);
#572 = CARTESIAN_POINT('',(109.,-13.48171319838,143.00000213086));
#573 = SURFACE_CURVE('',#574,(#578,#585),.PCURVE_S1.);
#574 = LINE('',#575,#576);
#575 = CARTESIAN_POINT('',(109.,-12.92625950229,143.00000213086));
#576 = VECTOR('',#577,1.);
#577 = DIRECTION('',(0.,-1.,0.));
#578 = PCURVE('',#504,#579);
#579 = DEFINITIONAL_REPRESENTATION('',(#580),#584);
#580 = LINE('',#581,#582);
#581 = CARTESIAN_POINT('',(6.000001713634,7.444546303909));
#582 = VECTOR('',#583,1.);
#583 = DIRECTION('',(0.,1.));
#584 = ( GEOMETRIC_REPRESENTATION_CONTEXT(2) 
PARAMETRIC_REPRESENTATION_CONTEXT() REPRESENTATION_CONTEXT('2D SPACE',''
  ) );
#585 = PCURVE('',#586,#591);
#586 = PLANE('',#587);
#587 = AXIS2_PLACEMENT_3D('',#588,#589,#590);
#588 = CARTESIAN_POINT('',(109.,-20.3708058062,48.585772681058));
#589 = DIRECTION('',(1.,0.,0.));
#590 = DIRECTION('',(-0.,1.,0.));
#591 = DEFINITIONAL_REPRESENTATION('',(#592),#596);
#592 = LINE('',#593,#594);
#593 = CARTESIAN_POINT('',(7.444546303909,94.414229449808));
#594 = VECTOR('',#595,1.);
#595 = DIRECTION('',(-1.,0.));
#596 = ( GEOMETRIC_REPRESENTATION_CONTEXT(2) 
PARAMETRIC_REPRESENTATION_CONTEXT() REPRESENTATION_CONTEXT('2D SPACE',''
  ) );
#597 = ORIENTED_EDGE('',*,*,#598,.F.);
#598 = EDGE_CURVE('',#599,#569,#601,.T.);
#599 = VERTEX_POINT('',#600);
#600 = CARTESIAN_POINT('',(111.,-10.3708728397,143.00000217557));
#601 = SURFACE_CURVE('',#602,(#607,#614),.PCURVE_S1.);
#602 = CIRCLE('',#603,2.);
#603 = AXIS2_PLACEMENT_3D('',#604,#605,#606);
#604 = CARTESIAN_POINT('',(111.,-12.3708728397,143.00000217557));
#605 = DIRECTION('',(0.,-0.,1.));
#606 = DIRECTION('',(0.,1.,0.));
#607 = PCURVE('',#504,#608);
#608 = DEFINITIONAL_REPRESENTATION('',(#609),#613);
#609 = CIRCLE('',#610,2.);
#610 = AXIS2_PLACEMENT_2D('',#611,#612);
#611 = CARTESIAN_POINT('',(4.000001713634,6.889159641321));
#612 = DIRECTION('',(0.,-1.));
#613 = ( GEOMETRIC_REPRESENTATION_CONTEXT(2) 
PARAMETRIC_REPRESENTATION_CONTEXT() REPRESENTATION_CONTEXT('2D SPACE',''
  ) );
#614 = PCURVE('',#615,#625);
#615 = ( BOUNDED_SURFACE() B_SPLINE_SURFACE(2,2,(
    (#616,#617,#618)
    ,(#619,#620,#621)
    ,(#622,#623,#624
)),.UNSPECIFIED.,.F.,.F.,.F.) B_SPLINE_SURFACE_WITH_KNOTS((3,3),(3,3),(
    -1.570796326795,0.),(1.570796326795,3.14159265359),
.PIECEWISE_BEZIER_KNOTS.) GEOMETRIC_REPRESENTATION_ITEM() 
RATIONAL_B_SPLINE_SURFACE((
    (1.,0.707106781187,1.)
    ,(0.707106781187,0.5,0.707106781187)
,(1.,0.707106781187,1.))) REPRESENTATION_ITEM('') SURFACE() );
#616 = CARTESIAN_POINT('',(109.,-12.3708728397,143.00000217557));
#617 = CARTESIAN_POINT('',(109.,-12.3708728397,144.00000217557));
#618 = CARTESIAN_POINT('',(109.,-13.3708728397,144.00000217557));
#619 = CARTESIAN_POINT('',(109.,-10.3708728397,143.00000217557));
#620 = CARTESIAN_POINT('',(109.,-10.3708728397,146.00000217557));
#621 = CARTESIAN_POINT('',(109.,-13.3708728397,146.00000217557));
#622 = CARTESIAN_POINT('',(111.,-10.3708728397,143.00000217557));
#623 = CARTESIAN_POINT('',(111.,-10.3708728397,146.00000217557));
#624 = CARTESIAN_POINT('',(111.,-13.3708728397,146.00000217557));
#625 = DEFINITIONAL_REPRESENTATION('',(#626),#652);
#626 = B_SPLINE_CURVE_WITH_KNOTS('',3,(#627,#628,#629,#630,#631,#632,
    #633,#634,#635,#636,#637,#638,#639,#640,#641,#642,#643,#644,#645,
    #646,#647,#648,#649,#650,#651),.UNSPECIFIED.,.F.,.F.,(4,1,1,1,1,1,1,
    1,1,1,1,1,1,1,1,1,1,1,1,1,1,1,4),(0.,7.139983303613E-02,
    0.142799666072,0.214199499108,0.285599332145,0.356999165181,
    0.428398998217,0.499798831253,0.571198664289,0.642598497325,
    0.713998330361,0.785398163397,0.856797996434,0.92819782947,
    0.999597662506,1.070997495542,1.142397328578,1.213797161614,
    1.28519699465,1.356596827687,1.427996660723,1.499396493759,
    1.570796326795),.QUASI_UNIFORM_KNOTS.);
#627 = CARTESIAN_POINT('',(0.,1.570796326795));
#628 = CARTESIAN_POINT('',(-2.64330485283E-02,1.570796326795));
#629 = CARTESIAN_POINT('',(-7.852521262874E-02,1.570796326795));
#630 = CARTESIAN_POINT('',(-0.154606454553,1.570796326795));
#631 = CARTESIAN_POINT('',(-0.228904158181,1.570796326795));
#632 = CARTESIAN_POINT('',(-0.301661439934,1.570796326795));
#633 = CARTESIAN_POINT('',(-0.373106106239,1.570796326795));
#634 = CARTESIAN_POINT('',(-0.443450603945,1.570796326795));
#635 = CARTESIAN_POINT('',(-0.512895531033,1.570796326795));
#636 = CARTESIAN_POINT('',(-0.581631810168,1.570796326795));
#637 = CARTESIAN_POINT('',(-0.649842920765,1.570796326795));
#638 = CARTESIAN_POINT('',(-0.717706886775,1.570796326795));
#639 = CARTESIAN_POINT('',(-0.785398163397,1.570796326795));
#640 = CARTESIAN_POINT('',(-0.85308944002,1.570796326795));
#641 = CARTESIAN_POINT('',(-0.92095340603,1.570796326795));
#642 = CARTESIAN_POINT('',(-0.989164516627,1.570796326795));
#643 = CARTESIAN_POINT('',(-1.057900795762,1.570796326795));
#644 = CARTESIAN_POINT('',(-1.12734572285,1.570796326795));
#645 = CARTESIAN_POINT('',(-1.197690220556,1.570796326795));
#646 = CARTESIAN_POINT('',(-1.269134886861,1.570796326795));
#647 = CARTESIAN_POINT('',(-1.341892168614,1.570796326795));
#648 = CARTESIAN_POINT('',(-1.416189872242,1.570796326795));
#649 = CARTESIAN_POINT('',(-1.492271114166,1.570796326795));
#650 = CARTESIAN_POINT('',(-1.544363278267,1.570796326795));
#651 = CARTESIAN_POINT('',(-1.570796326795,1.570796326795));
#652 = ( GEOMETRIC_REPRESENTATION_CONTEXT(2) 
PARAMETRIC_REPRESENTATION_CONTEXT() REPRESENTATION_CONTEXT('2D SPACE',''
  ) );
#653 = ORIENTED_EDGE('',*,*,#654,.F.);
#654 = EDGE_CURVE('',#655,#599,#657,.T.);
#655 = VERTEX_POINT('',#656);
#656 = CARTESIAN_POINT('',(113.5,-10.3708728397,143.00000217557));
#657 = SURFACE_CURVE('',#658,(#662,#669),.PCURVE_S1.);
#658 = LINE('',#659,#660);
#659 = CARTESIAN_POINT('',(109.,-10.3708728397,143.00000217557));
#660 = VECTOR('',#661,1.);
#661 = DIRECTION('',(-1.,0.,0.));
#662 = PCURVE('',#504,#663);
#663 = DEFINITIONAL_REPRESENTATION('',(#664),#668);
#664 = LINE('',#665,#666);
#665 = CARTESIAN_POINT('',(6.000001713634,4.889159641321));
#666 = VECTOR('',#667,1.);
#667 = DIRECTION('',(1.,0.));
#668 = ( GEOMETRIC_REPRESENTATION_CONTEXT(2) 
PARAMETRIC_REPRESENTATION_CONTEXT() REPRESENTATION_CONTEXT('2D SPACE',''
  ) );
#669 = PCURVE('',#670,#675);
#670 = CYLINDRICAL_SURFACE('',#671,3.);
#671 = AXIS2_PLACEMENT_3D('',#672,#673,#674);
#672 = CARTESIAN_POINT('',(109.,-13.3708728397,143.00000217557));
#673 = DIRECTION('',(1.,0.,0.));
#674 = DIRECTION('',(-0.,0.707106781187,0.707106781187));
#675 = DEFINITIONAL_REPRESENTATION('',(#676),#680);
#676 = LINE('',#677,#678);
#677 = CARTESIAN_POINT('',(5.497787143782,0.));
#678 = VECTOR('',#679,1.);
#679 = DIRECTION('',(0.,-1.));
#680 = ( GEOMETRIC_REPRESENTATION_CONTEXT(2) 
PARAMETRIC_REPRESENTATION_CONTEXT() REPRESENTATION_CONTEXT('2D SPACE',''
  ) );
#681 = ORIENTED_EDGE('',*,*,#682,.T.);
#682 = EDGE_CURVE('',#655,#683,#685,.T.);
#683 = VERTEX_POINT('',#684);
#684 = CARTESIAN_POINT('',(115.00000171363,-11.04799912725,
    143.00000213086));
#685 = SURFACE_CURVE('',#686,(#691,#702),.PCURVE_S1.);
#686 = CIRCLE('',#687,2.);
#687 = AXIS2_PLACEMENT_3D('',#688,#689,#690);
#688 = CARTESIAN_POINT('',(113.5,-12.3708728397,143.00000217557));
#689 = DIRECTION('',(0.,0.,-1.));
#690 = DIRECTION('',(0.,1.,0.));
#691 = PCURVE('',#504,#692);
#692 = DEFINITIONAL_REPRESENTATION('',(#693),#701);
#693 = ( BOUNDED_CURVE() B_SPLINE_CURVE(2,(#694,#695,#696,#697,#698,#699
,#700),.UNSPECIFIED.,.T.,.F.) B_SPLINE_CURVE_WITH_KNOTS((1,2,2,2,2,1),(
    -2.094395102393,0.,2.094395102393,4.188790204786,6.28318530718,
8.377580409573),.UNSPECIFIED.) CURVE() GEOMETRIC_REPRESENTATION_ITEM() 
RATIONAL_B_SPLINE_CURVE((1.,0.5,1.,0.5,1.,0.5,1.)) REPRESENTATION_ITEM(
  '') );
#694 = CARTESIAN_POINT('',(1.500001713634,4.889159641321));
#695 = CARTESIAN_POINT('',(-1.964099901504,4.889159641321));
#696 = CARTESIAN_POINT('',(-0.232049093935,7.889159641321));
#697 = CARTESIAN_POINT('',(1.500001713634,10.889159641321));
#698 = CARTESIAN_POINT('',(3.232052521203,7.889159641321));
#699 = CARTESIAN_POINT('',(4.964103328772,4.889159641321));
#700 = CARTESIAN_POINT('',(1.500001713634,4.889159641321));
#701 = ( GEOMETRIC_REPRESENTATION_CONTEXT(2) 
PARAMETRIC_REPRESENTATION_CONTEXT() REPRESENTATION_CONTEXT('2D SPACE',''
  ) );
#702 = PCURVE('',#703,#713);
#703 = ( BOUNDED_SURFACE() B_SPLINE_SURFACE(2,2,(
    (#704,#705,#706)
    ,(#707,#708,#709)
    ,(#710,#711,#712
)),.UNSPECIFIED.,.F.,.F.,.F.) B_SPLINE_SURFACE_WITH_KNOTS((3,3),(3,3),(
    -1.570796326795,0.),(0.,1.570796326795),.PIECEWISE_BEZIER_KNOTS.) 
GEOMETRIC_REPRESENTATION_ITEM() RATIONAL_B_SPLINE_SURFACE((
    (1.,0.707106781187,1.)
    ,(0.707106781187,0.5,0.707106781187)
,(1.,0.707106781187,1.))) REPRESENTATION_ITEM('') SURFACE() );
#704 = CARTESIAN_POINT('',(115.5,-13.3708728397,144.00000217557));
#705 = CARTESIAN_POINT('',(115.5,-12.3708728397,144.00000217557));
#706 = CARTESIAN_POINT('',(115.5,-12.3708728397,143.00000217557));
#707 = CARTESIAN_POINT('',(115.5,-13.3708728397,146.00000217557));
#708 = CARTESIAN_POINT('',(115.5,-10.3708728397,146.00000217557));
#709 = CARTESIAN_POINT('',(115.5,-10.3708728397,143.00000217557));
#710 = CARTESIAN_POINT('',(113.5,-13.3708728397,146.00000217557));
#711 = CARTESIAN_POINT('',(113.5,-10.3708728397,146.00000217557));
#712 = CARTESIAN_POINT('',(113.5,-10.3708728397,143.00000217557));
#713 = DEFINITIONAL_REPRESENTATION('',(#714),#740);
#714 = B_SPLINE_CURVE_WITH_KNOTS('',3,(#715,#716,#717,#718,#719,#720,
    #721,#722,#723,#724,#725,#726,#727,#728,#729,#730,#731,#732,#733,
    #734,#735,#736,#737,#738,#739),.UNSPECIFIED.,.F.,.F.,(4,1,1,1,1,1,1,
    1,1,1,1,1,1,1,1,1,1,1,1,1,1,1,4),(0.,3.854833519853E-02,
    7.709667039707E-02,0.115645005596,0.154193340794,0.192741675993,
    0.231290011191,0.26983834639,0.308386681588,0.346935016787,
    0.385483351985,0.424031687184,0.462580022382,0.501128357581,
    0.539676692779,0.578225027978,0.616773363177,0.655321698375,
    0.693870033574,0.732418368772,0.770966703971,0.809515039169,
    0.848063374368),.QUASI_UNIFORM_KNOTS.);
#715 = CARTESIAN_POINT('',(0.,1.570796326795));
#716 = CARTESIAN_POINT('',(-1.427195446528E-02,1.570796326795));
#717 = CARTESIAN_POINT('',(-4.258870625671E-02,1.570796326795));
#718 = CARTESIAN_POINT('',(-8.442678553546E-02,1.570796326795));
#719 = CARTESIAN_POINT('',(-0.125673088506,1.570796326795));
#720 = CARTESIAN_POINT('',(-0.166369915449,1.570796326795));
#721 = CARTESIAN_POINT('',(-0.20655786469,1.570796326795));
#722 = CARTESIAN_POINT('',(-0.246275718682,1.570796326795));
#723 = CARTESIAN_POINT('',(-0.28556068336,1.570796326795));
#724 = CARTESIAN_POINT('',(-0.324448517294,1.570796326795));
#725 = CARTESIAN_POINT('',(-0.362973676563,1.570796326795));
#726 = CARTESIAN_POINT('',(-0.401169443192,1.570796326795));
#727 = CARTESIAN_POINT('',(-0.439068047171,1.570796326795));
#728 = CARTESIAN_POINT('',(-0.476700780659,1.570796326795));
#729 = CARTESIAN_POINT('',(-0.5140981059,1.570796326795));
#730 = CARTESIAN_POINT('',(-0.551289757505,1.570796326795));
#731 = CARTESIAN_POINT('',(-0.5883048399,1.570796326795));
#732 = CARTESIAN_POINT('',(-0.625171920617,1.570796326795));
#733 = CARTESIAN_POINT('',(-0.661919120081,1.570796326795));
#734 = CARTESIAN_POINT('',(-0.698574198586,1.570796326795));
#735 = CARTESIAN_POINT('',(-0.735164640608,1.570796326795));
#736 = CARTESIAN_POINT('',(-0.771717738743,1.570796326795));
#737 = CARTESIAN_POINT('',(-0.808260671203,1.570796326795));
#738 = CARTESIAN_POINT('',(-0.832633955825,1.570796326795));
#739 = CARTESIAN_POINT('',(-0.844827958099,1.570796326795));
#740 = ( GEOMETRIC_REPRESENTATION_CONTEXT(2) 
PARAMETRIC_REPRESENTATION_CONTEXT() REPRESENTATION_CONTEXT('2D SPACE',''
  ) );
#741 = ORIENTED_EDGE('',*,*,#742,.F.);
#742 = EDGE_CURVE('',#489,#683,#743,.T.);
#743 = SURFACE_CURVE('',#744,(#748,#755),.PCURVE_S1.);
#744 = LINE('',#745,#746);
#745 = CARTESIAN_POINT('',(115.00000171363,-5.481713198385,
    143.00000213086));
#746 = VECTOR('',#747,1.);
#747 = DIRECTION('',(0.,-1.,0.));
#748 = PCURVE('',#504,#749);
#749 = DEFINITIONAL_REPRESENTATION('',(#750),#754);
#750 = LINE('',#751,#752);
#751 = CARTESIAN_POINT('',(0.,0.));
#752 = VECTOR('',#753,1.);
#753 = DIRECTION('',(0.,1.));
#754 = ( GEOMETRIC_REPRESENTATION_CONTEXT(2) 
PARAMETRIC_REPRESENTATION_CONTEXT() REPRESENTATION_CONTEXT('2D SPACE',''
  ) );
#755 = PCURVE('',#532,#756);
#756 = DEFINITIONAL_REPRESENTATION('',(#757),#761);
#757 = LINE('',#758,#759);
#758 = CARTESIAN_POINT('',(24.557374111161,0.));
#759 = VECTOR('',#760,1.);
#760 = DIRECTION('',(0.,1.));
#761 = ( GEOMETRIC_REPRESENTATION_CONTEXT(2) 
PARAMETRIC_REPRESENTATION_CONTEXT() REPRESENTATION_CONTEXT('2D SPACE',''
  ) );
#762 = ORIENTED_EDGE('',*,*,#488,.F.);
#763 = ORIENTED_EDGE('',*,*,#764,.T.);
#764 = EDGE_CURVE('',#461,#765,#767,.T.);
#765 = VERTEX_POINT('',#766);
#766 = CARTESIAN_POINT('',(108.99375403883,-13.48171319838,
    143.00000213086));
#767 = SURFACE_CURVE('',#768,(#772,#779),.PCURVE_S1.);
#768 = LINE('',#769,#770);
#769 = CARTESIAN_POINT('',(108.99375403883,-5.481713198385,
    143.00000213086));
#770 = VECTOR('',#771,1.);
#771 = DIRECTION('',(0.,-1.,0.));
#772 = PCURVE('',#504,#773);
#773 = DEFINITIONAL_REPRESENTATION('',(#774),#778);
#774 = LINE('',#775,#776);
#775 = CARTESIAN_POINT('',(6.006247674799,0.));
#776 = VECTOR('',#777,1.);
#777 = DIRECTION('',(0.,1.));
#778 = ( GEOMETRIC_REPRESENTATION_CONTEXT(2) 
PARAMETRIC_REPRESENTATION_CONTEXT() REPRESENTATION_CONTEXT('2D SPACE',''
  ) );
#779 = PCURVE('',#476,#780);
#780 = DEFINITIONAL_REPRESENTATION('',(#781),#785);
#781 = LINE('',#782,#783);
#782 = CARTESIAN_POINT('',(10.557374111161,2.));
#783 = VECTOR('',#784,1.);
#784 = DIRECTION('',(0.,-1.));
#785 = ( GEOMETRIC_REPRESENTATION_CONTEXT(2) 
PARAMETRIC_REPRESENTATION_CONTEXT() REPRESENTATION_CONTEXT('2D SPACE',''
  ) );
#786 = ORIENTED_EDGE('',*,*,#787,.F.);
#787 = EDGE_CURVE('',#571,#765,#788,.T.);
#788 = SURFACE_CURVE('',#789,(#793,#800),.PCURVE_S1.);
#789 = LINE('',#790,#791);
#790 = CARTESIAN_POINT('',(115.00000171363,-13.48171319838,
    143.00000213086));
#791 = VECTOR('',#792,1.);
#792 = DIRECTION('',(-1.,0.,0.));
#793 = PCURVE('',#504,#794);
#794 = DEFINITIONAL_REPRESENTATION('',(#795),#799);
#795 = LINE('',#796,#797);
#796 = CARTESIAN_POINT('',(0.,8.));
#797 = VECTOR('',#798,1.);
#798 = DIRECTION('',(1.,0.));
#799 = ( GEOMETRIC_REPRESENTATION_CONTEXT(2) 
PARAMETRIC_REPRESENTATION_CONTEXT() REPRESENTATION_CONTEXT('2D SPACE',''
  ) );
#800 = PCURVE('',#801,#806);
#801 = PLANE('',#802);
#802 = AXIS2_PLACEMENT_3D('',#803,#804,#805);
#803 = CARTESIAN_POINT('',(111.99687787623,-13.48171319838,
    130.72131507528));
#804 = DIRECTION('',(0.,-1.,0.));
#805 = DIRECTION('',(0.,0.,-1.));
#806 = DEFINITIONAL_REPRESENTATION('',(#807),#811);
#807 = LINE('',#808,#809);
#808 = CARTESIAN_POINT('',(-12.27868705558,3.0031238374));
#809 = VECTOR('',#810,1.);
#810 = DIRECTION('',(0.,-1.));
#811 = ( GEOMETRIC_REPRESENTATION_CONTEXT(2) 
PARAMETRIC_REPRESENTATION_CONTEXT() REPRESENTATION_CONTEXT('2D SPACE',''
  ) );
#812 = ADVANCED_FACE('',(#813),#532,.T.);
#813 = FACE_BOUND('',#814,.T.);
#814 = EDGE_LOOP('',(#815,#843,#864,#865));
#815 = ORIENTED_EDGE('',*,*,#816,.F.);
#816 = EDGE_CURVE('',#817,#683,#819,.T.);
#817 = VERTEX_POINT('',#818);
#818 = CARTESIAN_POINT('',(115.00000171363,-11.04799912725,
    118.4426280197));
#819 = SURFACE_CURVE('',#820,(#824,#831),.PCURVE_S1.);
#820 = LINE('',#821,#822);
#821 = CARTESIAN_POINT('',(115.00000171363,-11.04799912725,
    48.604080231245));
#822 = VECTOR('',#823,1.);
#823 = DIRECTION('',(0.,0.,1.));
#824 = PCURVE('',#532,#825);
#825 = DEFINITIONAL_REPRESENTATION('',(#826),#830);
#826 = LINE('',#827,#828);
#827 = CARTESIAN_POINT('',(-69.83854778846,5.566285928869));
#828 = VECTOR('',#829,1.);
#829 = DIRECTION('',(1.,0.));
#830 = ( GEOMETRIC_REPRESENTATION_CONTEXT(2) 
PARAMETRIC_REPRESENTATION_CONTEXT() REPRESENTATION_CONTEXT('2D SPACE',''
  ) );
#831 = PCURVE('',#832,#837);
#832 = CYLINDRICAL_SURFACE('',#833,2.);
#833 = AXIS2_PLACEMENT_3D('',#834,#835,#836);
#834 = CARTESIAN_POINT('',(113.5,-12.3708728397,48.604080231245));
#835 = DIRECTION('',(0.,0.,1.));
#836 = DIRECTION('',(0.707106781187,0.707106781187,-0.));
#837 = DEFINITIONAL_REPRESENTATION('',(#838),#842);
#838 = LINE('',#839,#840);
#839 = CARTESIAN_POINT('',(6.220520096209,0.));
#840 = VECTOR('',#841,1.);
#841 = DIRECTION('',(0.,1.));
#842 = ( GEOMETRIC_REPRESENTATION_CONTEXT(2) 
PARAMETRIC_REPRESENTATION_CONTEXT() REPRESENTATION_CONTEXT('2D SPACE',''
  ) );
#843 = ORIENTED_EDGE('',*,*,#844,.F.);
#844 = EDGE_CURVE('',#517,#817,#845,.T.);
#845 = SURFACE_CURVE('',#846,(#850,#857),.PCURVE_S1.);
#846 = LINE('',#847,#848);
#847 = CARTESIAN_POINT('',(115.00000171363,-5.481713198385,
    118.4426280197));
#848 = VECTOR('',#849,1.);
#849 = DIRECTION('',(0.,-1.,0.));
#850 = PCURVE('',#532,#851);
#851 = DEFINITIONAL_REPRESENTATION('',(#852),#856);
#852 = LINE('',#853,#854);
#853 = CARTESIAN_POINT('',(0.,0.));
#854 = VECTOR('',#855,1.);
#855 = DIRECTION('',(0.,1.));
#856 = ( GEOMETRIC_REPRESENTATION_CONTEXT(2) 
PARAMETRIC_REPRESENTATION_CONTEXT() REPRESENTATION_CONTEXT('2D SPACE',''
  ) );
#857 = PCURVE('',#238,#858);
#858 = DEFINITIONAL_REPRESENTATION('',(#859),#863);
#859 = LINE('',#860,#861);
#860 = CARTESIAN_POINT('',(0.,25.493752325201));
#861 = VECTOR('',#862,1.);
#862 = DIRECTION('',(1.,0.));
#863 = ( GEOMETRIC_REPRESENTATION_CONTEXT(2) 
PARAMETRIC_REPRESENTATION_CONTEXT() REPRESENTATION_CONTEXT('2D SPACE',''
  ) );
#864 = ORIENTED_EDGE('',*,*,#516,.F.);
#865 = ORIENTED_EDGE('',*,*,#742,.T.);
#866 = ADVANCED_FACE('',(#867),#801,.T.);
#867 = FACE_BOUND('',#868,.T.);
#868 = EDGE_LOOP('',(#869,#892,#893,#916));
#869 = ORIENTED_EDGE('',*,*,#870,.F.);
#870 = EDGE_CURVE('',#571,#871,#873,.T.);
#871 = VERTEX_POINT('',#872);
#872 = CARTESIAN_POINT('',(109.,-13.48171319838,118.4426280197));
#873 = SURFACE_CURVE('',#874,(#878,#885),.PCURVE_S1.);
#874 = LINE('',#875,#876);
#875 = CARTESIAN_POINT('',(109.,-13.48171319838,89.653543878172));
#876 = VECTOR('',#877,1.);
#877 = DIRECTION('',(0.,0.,-1.));
#878 = PCURVE('',#801,#879);
#879 = DEFINITIONAL_REPRESENTATION('',(#880),#884);
#880 = LINE('',#881,#882);
#881 = CARTESIAN_POINT('',(41.067771197113,-2.996877876234));
#882 = VECTOR('',#883,1.);
#883 = DIRECTION('',(1.,0.));
#884 = ( GEOMETRIC_REPRESENTATION_CONTEXT(2) 
PARAMETRIC_REPRESENTATION_CONTEXT() REPRESENTATION_CONTEXT('2D SPACE',''
  ) );
#885 = PCURVE('',#586,#886);
#886 = DEFINITIONAL_REPRESENTATION('',(#887),#891);
#887 = LINE('',#888,#889);
#888 = CARTESIAN_POINT('',(6.889092607817,41.067771197114));
#889 = VECTOR('',#890,1.);
#890 = DIRECTION('',(0.,-1.));
#891 = ( GEOMETRIC_REPRESENTATION_CONTEXT(2) 
PARAMETRIC_REPRESENTATION_CONTEXT() REPRESENTATION_CONTEXT('2D SPACE',''
  ) );
#892 = ORIENTED_EDGE('',*,*,#787,.T.);
#893 = ORIENTED_EDGE('',*,*,#894,.T.);
#894 = EDGE_CURVE('',#765,#895,#897,.T.);
#895 = VERTEX_POINT('',#896);
#896 = CARTESIAN_POINT('',(108.99375403883,-13.48171319838,
    118.4426280197));
#897 = SURFACE_CURVE('',#898,(#902,#909),.PCURVE_S1.);
#898 = LINE('',#899,#900);
#899 = CARTESIAN_POINT('',(108.99375403883,-13.48171319838,
    143.00000213086));
#900 = VECTOR('',#901,1.);
#901 = DIRECTION('',(0.,0.,-1.));
#902 = PCURVE('',#801,#903);
#903 = DEFINITIONAL_REPRESENTATION('',(#904),#908);
#904 = LINE('',#905,#906);
#905 = CARTESIAN_POINT('',(-12.27868705558,-3.003123837399));
#906 = VECTOR('',#907,1.);
#907 = DIRECTION('',(1.,0.));
#908 = ( GEOMETRIC_REPRESENTATION_CONTEXT(2) 
PARAMETRIC_REPRESENTATION_CONTEXT() REPRESENTATION_CONTEXT('2D SPACE',''
  ) );
#909 = PCURVE('',#476,#910);
#910 = DEFINITIONAL_REPRESENTATION('',(#911),#915);
#911 = LINE('',#912,#913);
#912 = CARTESIAN_POINT('',(10.557374111161,-6.));
#913 = VECTOR('',#914,1.);
#914 = DIRECTION('',(-1.,0.));
#915 = ( GEOMETRIC_REPRESENTATION_CONTEXT(2) 
PARAMETRIC_REPRESENTATION_CONTEXT() REPRESENTATION_CONTEXT('2D SPACE',''
  ) );
#916 = ORIENTED_EDGE('',*,*,#917,.T.);
#917 = EDGE_CURVE('',#895,#871,#918,.T.);
#918 = SURFACE_CURVE('',#919,(#923,#930),.PCURVE_S1.);
#919 = LINE('',#920,#921);
#920 = CARTESIAN_POINT('',(108.99375403883,-13.48171319838,
    118.4426280197));
#921 = VECTOR('',#922,1.);
#922 = DIRECTION('',(1.,0.,0.));
#923 = PCURVE('',#801,#924);
#924 = DEFINITIONAL_REPRESENTATION('',(#925),#929);
#925 = LINE('',#926,#927);
#926 = CARTESIAN_POINT('',(12.27868705558,-3.003123837399));
#927 = VECTOR('',#928,1.);
#928 = DIRECTION('',(0.,1.));
#929 = ( GEOMETRIC_REPRESENTATION_CONTEXT(2) 
PARAMETRIC_REPRESENTATION_CONTEXT() REPRESENTATION_CONTEXT('2D SPACE',''
  ) );
#930 = PCURVE('',#238,#931);
#931 = DEFINITIONAL_REPRESENTATION('',(#932),#936);
#932 = LINE('',#933,#934);
#933 = CARTESIAN_POINT('',(8.,31.5));
#934 = VECTOR('',#935,1.);
#935 = DIRECTION('',(0.,-1.));
#936 = ( GEOMETRIC_REPRESENTATION_CONTEXT(2) 
PARAMETRIC_REPRESENTATION_CONTEXT() REPRESENTATION_CONTEXT('2D SPACE',''
  ) );
#937 = ADVANCED_FACE('',(#938),#476,.T.);
#938 = FACE_BOUND('',#939,.T.);
#939 = EDGE_LOOP('',(#940,#941,#964,#987,#1008,#1009));
#940 = ORIENTED_EDGE('',*,*,#460,.T.);
#941 = ORIENTED_EDGE('',*,*,#942,.T.);
#942 = EDGE_CURVE('',#438,#943,#945,.T.);
#943 = VERTEX_POINT('',#944);
#944 = CARTESIAN_POINT('',(108.99375403883,-5.481713198385,
    146.4426280197));
#945 = SURFACE_CURVE('',#946,(#950,#957),.PCURVE_S1.);
#946 = LINE('',#947,#948);
#947 = CARTESIAN_POINT('',(108.99375403883,-5.481713198385,
    146.4426280197));
#948 = VECTOR('',#949,1.);
#949 = DIRECTION('',(0.,1.,0.));
#950 = PCURVE('',#476,#951);
#951 = DEFINITIONAL_REPRESENTATION('',(#952),#956);
#952 = LINE('',#953,#954);
#953 = CARTESIAN_POINT('',(14.,2.));
#954 = VECTOR('',#955,1.);
#955 = DIRECTION('',(0.,1.));
#956 = ( GEOMETRIC_REPRESENTATION_CONTEXT(2) 
PARAMETRIC_REPRESENTATION_CONTEXT() REPRESENTATION_CONTEXT('2D SPACE',''
  ) );
#957 = PCURVE('',#184,#958);
#958 = DEFINITIONAL_REPRESENTATION('',(#959),#963);
#959 = LINE('',#960,#961);
#960 = CARTESIAN_POINT('',(4.,31.5));
#961 = VECTOR('',#962,1.);
#962 = DIRECTION('',(1.,0.));
#963 = ( GEOMETRIC_REPRESENTATION_CONTEXT(2) 
PARAMETRIC_REPRESENTATION_CONTEXT() REPRESENTATION_CONTEXT('2D SPACE',''
  ) );
#964 = ORIENTED_EDGE('',*,*,#965,.T.);
#965 = EDGE_CURVE('',#943,#966,#968,.T.);
#966 = VERTEX_POINT('',#967);
#967 = CARTESIAN_POINT('',(108.99375403883,-5.481713198385,
    118.4426280197));
#968 = SURFACE_CURVE('',#969,(#973,#980),.PCURVE_S1.);
#969 = LINE('',#970,#971);
#970 = CARTESIAN_POINT('',(108.99375403883,-5.481713198385,
    118.4426280197));
#971 = VECTOR('',#972,1.);
#972 = DIRECTION('',(0.,0.,-1.));
#973 = PCURVE('',#476,#974);
#974 = DEFINITIONAL_REPRESENTATION('',(#975),#979);
#975 = LINE('',#976,#977);
#976 = CARTESIAN_POINT('',(-14.,2.));
#977 = VECTOR('',#978,1.);
#978 = DIRECTION('',(-1.,0.));
#979 = ( GEOMETRIC_REPRESENTATION_CONTEXT(2) 
PARAMETRIC_REPRESENTATION_CONTEXT() REPRESENTATION_CONTEXT('2D SPACE',''
  ) );
#980 = PCURVE('',#314,#981);
#981 = DEFINITIONAL_REPRESENTATION('',(#982),#986);
#982 = LINE('',#983,#984);
#983 = CARTESIAN_POINT('',(28.,31.5));
#984 = VECTOR('',#985,1.);
#985 = DIRECTION('',(1.,0.));
#986 = ( GEOMETRIC_REPRESENTATION_CONTEXT(2) 
PARAMETRIC_REPRESENTATION_CONTEXT() REPRESENTATION_CONTEXT('2D SPACE',''
  ) );
#987 = ORIENTED_EDGE('',*,*,#988,.T.);
#988 = EDGE_CURVE('',#966,#895,#989,.T.);
#989 = SURFACE_CURVE('',#990,(#994,#1001),.PCURVE_S1.);
#990 = LINE('',#991,#992);
#991 = CARTESIAN_POINT('',(108.99375403883,-20.48171319838,
    118.4426280197));
#992 = VECTOR('',#993,1.);
#993 = DIRECTION('',(0.,-1.,0.));
#994 = PCURVE('',#476,#995);
#995 = DEFINITIONAL_REPRESENTATION('',(#996),#1000);
#996 = LINE('',#997,#998);
#997 = CARTESIAN_POINT('',(-14.,-13.));
#998 = VECTOR('',#999,1.);
#999 = DIRECTION('',(0.,-1.));
#1000 = ( GEOMETRIC_REPRESENTATION_CONTEXT(2) 
PARAMETRIC_REPRESENTATION_CONTEXT() REPRESENTATION_CONTEXT('2D SPACE',''
  ) );
#1001 = PCURVE('',#238,#1002);
#1002 = DEFINITIONAL_REPRESENTATION('',(#1003),#1007);
#1003 = LINE('',#1004,#1005);
#1004 = CARTESIAN_POINT('',(15.,31.5));
#1005 = VECTOR('',#1006,1.);
#1006 = DIRECTION('',(1.,0.));
#1007 = ( GEOMETRIC_REPRESENTATION_CONTEXT(2) 
PARAMETRIC_REPRESENTATION_CONTEXT() REPRESENTATION_CONTEXT('2D SPACE',''
  ) );
#1008 = ORIENTED_EDGE('',*,*,#894,.F.);
#1009 = ORIENTED_EDGE('',*,*,#764,.F.);
#1010 = ADVANCED_FACE('',(#1011),#184,.T.);
#1011 = FACE_BOUND('',#1012,.T.);
#1012 = EDGE_LOOP('',(#1013,#1034,#1035,#1036,#1037,#1038));
#1013 = ORIENTED_EDGE('',*,*,#1014,.T.);
#1014 = EDGE_CURVE('',#254,#943,#1015,.T.);
#1015 = SURFACE_CURVE('',#1016,(#1020,#1027),.PCURVE_S1.);
#1016 = LINE('',#1017,#1018);
#1017 = CARTESIAN_POINT('',(141.49375403883,-5.481713198385,
    146.4426280197));
#1018 = VECTOR('',#1019,1.);
#1019 = DIRECTION('',(-1.,0.,0.));
#1020 = PCURVE('',#184,#1021);
#1021 = DEFINITIONAL_REPRESENTATION('',(#1022),#1026);
#1022 = LINE('',#1023,#1024);
#1023 = CARTESIAN_POINT('',(4.,-1.));
#1024 = VECTOR('',#1025,1.);
#1025 = DIRECTION('',(0.,1.));
#1026 = ( GEOMETRIC_REPRESENTATION_CONTEXT(2) 
PARAMETRIC_REPRESENTATION_CONTEXT() REPRESENTATION_CONTEXT('2D SPACE',''
  ) );
#1027 = PCURVE('',#314,#1028);
#1028 = DEFINITIONAL_REPRESENTATION('',(#1029),#1033);
#1029 = LINE('',#1030,#1031);
#1030 = CARTESIAN_POINT('',(0.,-1.));
#1031 = VECTOR('',#1032,1.);
#1032 = DIRECTION('',(0.,1.));
#1033 = ( GEOMETRIC_REPRESENTATION_CONTEXT(2) 
PARAMETRIC_REPRESENTATION_CONTEXT() REPRESENTATION_CONTEXT('2D SPACE',''
  ) );
#1034 = ORIENTED_EDGE('',*,*,#942,.F.);
#1035 = ORIENTED_EDGE('',*,*,#437,.F.);
#1036 = ORIENTED_EDGE('',*,*,#366,.F.);
#1037 = ORIENTED_EDGE('',*,*,#168,.F.);
#1038 = ORIENTED_EDGE('',*,*,#253,.F.);
#1039 = ADVANCED_FACE('',(#1040),#238,.T.);
#1040 = FACE_BOUND('',#1041,.T.);
#1041 = EDGE_LOOP('',(#1042,#1043,#1044,#1068,#1096,#1125,#1146,#1147,
    #1148,#1169,#1170,#1171));
#1042 = ORIENTED_EDGE('',*,*,#544,.T.);
#1043 = ORIENTED_EDGE('',*,*,#844,.T.);
#1044 = ORIENTED_EDGE('',*,*,#1045,.F.);
#1045 = EDGE_CURVE('',#1046,#817,#1048,.T.);
#1046 = VERTEX_POINT('',#1047);
#1047 = CARTESIAN_POINT('',(113.5,-10.3708728397,118.4426280197));
#1048 = SURFACE_CURVE('',#1049,(#1054,#1061),.PCURVE_S1.);
#1049 = CIRCLE('',#1050,2.);
#1050 = AXIS2_PLACEMENT_3D('',#1051,#1052,#1053);
#1051 = CARTESIAN_POINT('',(113.5,-12.3708728397,118.4426280197));
#1052 = DIRECTION('',(0.,0.,-1.));
#1053 = DIRECTION('',(0.707106781187,0.707106781187,0.));
#1054 = PCURVE('',#238,#1055);
#1055 = DEFINITIONAL_REPRESENTATION('',(#1056),#1060);
#1056 = CIRCLE('',#1057,2.);
#1057 = AXIS2_PLACEMENT_2D('',#1058,#1059);
#1058 = CARTESIAN_POINT('',(6.889159641321,26.993754038835));
#1059 = DIRECTION('',(-0.707106781187,-0.707106781187));
#1060 = ( GEOMETRIC_REPRESENTATION_CONTEXT(2) 
PARAMETRIC_REPRESENTATION_CONTEXT() REPRESENTATION_CONTEXT('2D SPACE',''
  ) );
#1061 = PCURVE('',#832,#1062);
#1062 = DEFINITIONAL_REPRESENTATION('',(#1063),#1067);
#1063 = LINE('',#1064,#1065);
#1064 = CARTESIAN_POINT('',(12.566370614359,69.83854778846));
#1065 = VECTOR('',#1066,1.);
#1066 = DIRECTION('',(-1.,0.));
#1067 = ( GEOMETRIC_REPRESENTATION_CONTEXT(2) 
PARAMETRIC_REPRESENTATION_CONTEXT() REPRESENTATION_CONTEXT('2D SPACE',''
  ) );
#1068 = ORIENTED_EDGE('',*,*,#1069,.F.);
#1069 = EDGE_CURVE('',#1070,#1046,#1072,.T.);
#1070 = VERTEX_POINT('',#1071);
#1071 = CARTESIAN_POINT('',(111.,-10.3708728397,118.4426280197));
#1072 = SURFACE_CURVE('',#1073,(#1077,#1084),.PCURVE_S1.);
#1073 = LINE('',#1074,#1075);
#1074 = CARTESIAN_POINT('',(108.99687701941,-10.3708728397,
    118.4426280197));
#1075 = VECTOR('',#1076,1.);
#1076 = DIRECTION('',(1.,0.,0.));
#1077 = PCURVE('',#238,#1078);
#1078 = DEFINITIONAL_REPRESENTATION('',(#1079),#1083);
#1079 = LINE('',#1080,#1081);
#1080 = CARTESIAN_POINT('',(4.889159641321,31.496877019417));
#1081 = VECTOR('',#1082,1.);
#1082 = DIRECTION('',(0.,-1.));
#1083 = ( GEOMETRIC_REPRESENTATION_CONTEXT(2) 
PARAMETRIC_REPRESENTATION_CONTEXT() REPRESENTATION_CONTEXT('2D SPACE',''
  ) );
#1084 = PCURVE('',#1085,#1090);
#1085 = PLANE('',#1086);
#1086 = AXIS2_PLACEMENT_3D('',#1087,#1088,#1089);
#1087 = CARTESIAN_POINT('',(109.,-10.3708728397,48.622387781431));
#1088 = DIRECTION('',(0.,1.,0.));
#1089 = DIRECTION('',(0.,-0.,1.));
#1090 = DEFINITIONAL_REPRESENTATION('',(#1091),#1095);
#1091 = LINE('',#1092,#1093);
#1092 = CARTESIAN_POINT('',(69.820240238274,-3.122980582006E-03));
#1093 = VECTOR('',#1094,1.);
#1094 = DIRECTION('',(0.,1.));
#1095 = ( GEOMETRIC_REPRESENTATION_CONTEXT(2) 
PARAMETRIC_REPRESENTATION_CONTEXT() REPRESENTATION_CONTEXT('2D SPACE',''
  ) );
#1096 = ORIENTED_EDGE('',*,*,#1097,.F.);
#1097 = EDGE_CURVE('',#1098,#1070,#1100,.T.);
#1098 = VERTEX_POINT('',#1099);
#1099 = CARTESIAN_POINT('',(109.,-12.3708728397,118.4426280197));
#1100 = SURFACE_CURVE('',#1101,(#1106,#1113),.PCURVE_S1.);
#1101 = CIRCLE('',#1102,2.);
#1102 = AXIS2_PLACEMENT_3D('',#1103,#1104,#1105);
#1103 = CARTESIAN_POINT('',(111.,-12.3708728397,118.4426280197));
#1104 = DIRECTION('',(0.,0.,-1.));
#1105 = DIRECTION('',(-0.707106781187,0.707106781187,0.));
#1106 = PCURVE('',#238,#1107);
#1107 = DEFINITIONAL_REPRESENTATION('',(#1108),#1112);
#1108 = CIRCLE('',#1109,2.);
#1109 = AXIS2_PLACEMENT_2D('',#1110,#1111);
#1110 = CARTESIAN_POINT('',(6.889159641321,29.493754038835));
#1111 = DIRECTION('',(-0.707106781187,0.707106781187));
#1112 = ( GEOMETRIC_REPRESENTATION_CONTEXT(2) 
PARAMETRIC_REPRESENTATION_CONTEXT() REPRESENTATION_CONTEXT('2D SPACE',''
  ) );
#1113 = PCURVE('',#1114,#1119);
#1114 = CYLINDRICAL_SURFACE('',#1115,2.);
#1115 = AXIS2_PLACEMENT_3D('',#1116,#1117,#1118);
#1116 = CARTESIAN_POINT('',(111.,-12.3708728397,48.604080231245));
#1117 = DIRECTION('',(0.,0.,-1.));
#1118 = DIRECTION('',(-0.707106781187,0.707106781187,0.));
#1119 = DEFINITIONAL_REPRESENTATION('',(#1120),#1124);
#1120 = LINE('',#1121,#1122);
#1121 = CARTESIAN_POINT('',(-6.28318530718,-69.83854778846));
#1122 = VECTOR('',#1123,1.);
#1123 = DIRECTION('',(1.,0.));
#1124 = ( GEOMETRIC_REPRESENTATION_CONTEXT(2) 
PARAMETRIC_REPRESENTATION_CONTEXT() REPRESENTATION_CONTEXT('2D SPACE',''
  ) );
#1125 = ORIENTED_EDGE('',*,*,#1126,.F.);
#1126 = EDGE_CURVE('',#871,#1098,#1127,.T.);
#1127 = SURFACE_CURVE('',#1128,(#1132,#1139),.PCURVE_S1.);
#1128 = LINE('',#1129,#1130);
#1129 = CARTESIAN_POINT('',(109.,-12.92625950229,118.4426280197));
#1130 = VECTOR('',#1131,1.);
#1131 = DIRECTION('',(0.,1.,0.));
#1132 = PCURVE('',#238,#1133);
#1133 = DEFINITIONAL_REPRESENTATION('',(#1134),#1138);
#1134 = LINE('',#1135,#1136);
#1135 = CARTESIAN_POINT('',(7.444546303909,31.493754038835));
#1136 = VECTOR('',#1137,1.);
#1137 = DIRECTION('',(-1.,-0.));
#1138 = ( GEOMETRIC_REPRESENTATION_CONTEXT(2) 
PARAMETRIC_REPRESENTATION_CONTEXT() REPRESENTATION_CONTEXT('2D SPACE',''
  ) );
#1139 = PCURVE('',#586,#1140);
#1140 = DEFINITIONAL_REPRESENTATION('',(#1141),#1145);
#1141 = LINE('',#1142,#1143);
#1142 = CARTESIAN_POINT('',(7.444546303909,69.856855338647));
#1143 = VECTOR('',#1144,1.);
#1144 = DIRECTION('',(1.,0.));
#1145 = ( GEOMETRIC_REPRESENTATION_CONTEXT(2) 
PARAMETRIC_REPRESENTATION_CONTEXT() REPRESENTATION_CONTEXT('2D SPACE',''
  ) );
#1146 = ORIENTED_EDGE('',*,*,#917,.F.);
#1147 = ORIENTED_EDGE('',*,*,#988,.F.);
#1148 = ORIENTED_EDGE('',*,*,#1149,.F.);
#1149 = EDGE_CURVE('',#278,#966,#1150,.T.);
#1150 = SURFACE_CURVE('',#1151,(#1155,#1162),.PCURVE_S1.);
#1151 = LINE('',#1152,#1153);
#1152 = CARTESIAN_POINT('',(140.49375403883,-5.481713198385,
    118.4426280197));
#1153 = VECTOR('',#1154,1.);
#1154 = DIRECTION('',(-1.,0.,0.));
#1155 = PCURVE('',#238,#1156);
#1156 = DEFINITIONAL_REPRESENTATION('',(#1157),#1161);
#1157 = LINE('',#1158,#1159);
#1158 = CARTESIAN_POINT('',(0.,-0.));
#1159 = VECTOR('',#1160,1.);
#1160 = DIRECTION('',(0.,1.));
#1161 = ( GEOMETRIC_REPRESENTATION_CONTEXT(2) 
PARAMETRIC_REPRESENTATION_CONTEXT() REPRESENTATION_CONTEXT('2D SPACE',''
  ) );
#1162 = PCURVE('',#314,#1163);
#1163 = DEFINITIONAL_REPRESENTATION('',(#1164),#1168);
#1164 = LINE('',#1165,#1166);
#1165 = CARTESIAN_POINT('',(28.,0.));
#1166 = VECTOR('',#1167,1.);
#1167 = DIRECTION('',(0.,1.));
#1168 = ( GEOMETRIC_REPRESENTATION_CONTEXT(2) 
PARAMETRIC_REPRESENTATION_CONTEXT() REPRESENTATION_CONTEXT('2D SPACE',''
  ) );
#1169 = ORIENTED_EDGE('',*,*,#277,.F.);
#1170 = ORIENTED_EDGE('',*,*,#224,.T.);
#1171 = ORIENTED_EDGE('',*,*,#388,.F.);
#1172 = ADVANCED_FACE('',(#1173),#314,.T.);
#1173 = FACE_BOUND('',#1174,.T.);
#1174 = EDGE_LOOP('',(#1175,#1176,#1177,#1178));
#1175 = ORIENTED_EDGE('',*,*,#1149,.T.);
#1176 = ORIENTED_EDGE('',*,*,#965,.F.);
#1177 = ORIENTED_EDGE('',*,*,#1014,.F.);
#1178 = ORIENTED_EDGE('',*,*,#300,.F.);
#1179 = ADVANCED_FACE('',(#1180,#1397,#1516,#1551),#586,.F.);
#1180 = FACE_BOUND('',#1181,.T.);
#1181 = EDGE_LOOP('',(#1182,#1183,#1184,#1185,#1208,#1241,#1269,#1325,
    #1353));
#1182 = ORIENTED_EDGE('',*,*,#568,.T.);
#1183 = ORIENTED_EDGE('',*,*,#870,.T.);
#1184 = ORIENTED_EDGE('',*,*,#1126,.T.);
#1185 = ORIENTED_EDGE('',*,*,#1186,.F.);
#1186 = EDGE_CURVE('',#1187,#1098,#1189,.T.);
#1187 = VERTEX_POINT('',#1188);
#1188 = CARTESIAN_POINT('',(109.,-12.3708728397,54.585862058022));
#1189 = SURFACE_CURVE('',#1190,(#1194,#1201),.PCURVE_S1.);
#1190 = LINE('',#1191,#1192);
#1191 = CARTESIAN_POINT('',(109.,-12.3708728397,48.604080231245));
#1192 = VECTOR('',#1193,1.);
#1193 = DIRECTION('',(0.,0.,1.));
#1194 = PCURVE('',#586,#1195);
#1195 = DEFINITIONAL_REPRESENTATION('',(#1196),#1200);
#1196 = LINE('',#1197,#1198);
#1197 = CARTESIAN_POINT('',(7.999932966497,1.83075501864E-02));
#1198 = VECTOR('',#1199,1.);
#1199 = DIRECTION('',(0.,1.));
#1200 = ( GEOMETRIC_REPRESENTATION_CONTEXT(2) 
PARAMETRIC_REPRESENTATION_CONTEXT() REPRESENTATION_CONTEXT('2D SPACE',''
  ) );
#1201 = PCURVE('',#1114,#1202);
#1202 = DEFINITIONAL_REPRESENTATION('',(#1203),#1207);
#1203 = LINE('',#1204,#1205);
#1204 = CARTESIAN_POINT('',(-0.785398163397,0.));
#1205 = VECTOR('',#1206,1.);
#1206 = DIRECTION('',(0.,-1.));
#1207 = ( GEOMETRIC_REPRESENTATION_CONTEXT(2) 
PARAMETRIC_REPRESENTATION_CONTEXT() REPRESENTATION_CONTEXT('2D SPACE',''
  ) );
#1208 = ORIENTED_EDGE('',*,*,#1209,.T.);
#1209 = EDGE_CURVE('',#1187,#1210,#1212,.T.);
#1210 = VERTEX_POINT('',#1211);
#1211 = CARTESIAN_POINT('',(109.,-28.3708728397,42.585862060103));
#1212 = SURFACE_CURVE('',#1213,(#1218,#1229),.PCURVE_S1.);
#1213 = CIRCLE('',#1214,10.);
#1214 = AXIS2_PLACEMENT_3D('',#1215,#1216,#1217);
#1215 = CARTESIAN_POINT('',(109.,-20.3708058062,48.585772681058));
#1216 = DIRECTION('',(-1.,0.,0.));
#1217 = DIRECTION('',(0.,1.,0.));
#1218 = PCURVE('',#586,#1219);
#1219 = DEFINITIONAL_REPRESENTATION('',(#1220),#1228);
#1220 = ( BOUNDED_CURVE() B_SPLINE_CURVE(2,(#1221,#1222,#1223,#1224,
#1225,#1226,#1227),.UNSPECIFIED.,.T.,.F.) B_SPLINE_CURVE_WITH_KNOTS((1,2
    ,2,2,2,1),(-2.094395102393,0.,2.094395102393,4.188790204786,
6.28318530718,8.377580409573),.UNSPECIFIED.) CURVE() 
GEOMETRIC_REPRESENTATION_ITEM() RATIONAL_B_SPLINE_CURVE((1.,0.5,1.,0.5,
1.,0.5,1.)) REPRESENTATION_ITEM('') );
#1221 = CARTESIAN_POINT('',(10.,0.));
#1222 = CARTESIAN_POINT('',(10.,-17.32050807568));
#1223 = CARTESIAN_POINT('',(-5.,-8.660254037844));
#1224 = CARTESIAN_POINT('',(-20.,-2.449293598295E-15));
#1225 = CARTESIAN_POINT('',(-5.,8.660254037844));
#1226 = CARTESIAN_POINT('',(10.,17.320508075689));
#1227 = CARTESIAN_POINT('',(10.,0.));
#1228 = ( GEOMETRIC_REPRESENTATION_CONTEXT(2) 
PARAMETRIC_REPRESENTATION_CONTEXT() REPRESENTATION_CONTEXT('2D SPACE',''
  ) );
#1229 = PCURVE('',#1230,#1235);
#1230 = CYLINDRICAL_SURFACE('',#1231,10.);
#1231 = AXIS2_PLACEMENT_3D('',#1232,#1233,#1234);
#1232 = CARTESIAN_POINT('',(111.5,-20.3708058062,48.585772681058));
#1233 = DIRECTION('',(1.,0.,0.));
#1234 = DIRECTION('',(0.,0.314495729095,-0.949258887965));
#1235 = DEFINITIONAL_REPRESENTATION('',(#1236),#1240);
#1236 = LINE('',#1237,#1238);
#1237 = CARTESIAN_POINT('',(13.817241559783,-2.5));
#1238 = VECTOR('',#1239,1.);
#1239 = DIRECTION('',(-1.,0.));
#1240 = ( GEOMETRIC_REPRESENTATION_CONTEXT(2) 
PARAMETRIC_REPRESENTATION_CONTEXT() REPRESENTATION_CONTEXT('2D SPACE',''
  ) );
#1241 = ORIENTED_EDGE('',*,*,#1242,.F.);
#1242 = EDGE_CURVE('',#1243,#1210,#1245,.T.);
#1243 = VERTEX_POINT('',#1244);
#1244 = CARTESIAN_POINT('',(109.,-28.3708728397,143.00000217557));
#1245 = SURFACE_CURVE('',#1246,(#1250,#1257),.PCURVE_S1.);
#1246 = LINE('',#1247,#1248);
#1247 = CARTESIAN_POINT('',(109.,-28.3708728397,97.292887428314));
#1248 = VECTOR('',#1249,1.);
#1249 = DIRECTION('',(0.,0.,-1.));
#1250 = PCURVE('',#586,#1251);
#1251 = DEFINITIONAL_REPRESENTATION('',(#1252),#1256);
#1252 = LINE('',#1253,#1254);
#1253 = CARTESIAN_POINT('',(-8.000067033503,48.707114747256));
#1254 = VECTOR('',#1255,1.);
#1255 = DIRECTION('',(0.,-1.));
#1256 = ( GEOMETRIC_REPRESENTATION_CONTEXT(2) 
PARAMETRIC_REPRESENTATION_CONTEXT() REPRESENTATION_CONTEXT('2D SPACE',''
  ) );
#1257 = PCURVE('',#1258,#1263);
#1258 = CYLINDRICAL_SURFACE('',#1259,2.);
#1259 = AXIS2_PLACEMENT_3D('',#1260,#1261,#1262);
#1260 = CARTESIAN_POINT('',(111.,-28.3708728397,97.292887428314));
#1261 = DIRECTION('',(0.,0.,1.));
#1262 = DIRECTION('',(-0.707106781187,-0.707106781187,0.));
#1263 = DEFINITIONAL_REPRESENTATION('',(#1264),#1268);
#1264 = LINE('',#1265,#1266);
#1265 = CARTESIAN_POINT('',(5.497787143782,0.));
#1266 = VECTOR('',#1267,1.);
#1267 = DIRECTION('',(0.,-1.));
#1268 = ( GEOMETRIC_REPRESENTATION_CONTEXT(2) 
PARAMETRIC_REPRESENTATION_CONTEXT() REPRESENTATION_CONTEXT('2D SPACE',''
  ) );
#1269 = ORIENTED_EDGE('',*,*,#1270,.F.);
#1270 = EDGE_CURVE('',#1271,#1243,#1273,.T.);
#1271 = VERTEX_POINT('',#1272);
#1272 = CARTESIAN_POINT('',(109.,-27.3708728397,144.00000217557));
#1273 = SURFACE_CURVE('',#1274,(#1279,#1286),.PCURVE_S1.);
#1274 = CIRCLE('',#1275,1.);
#1275 = AXIS2_PLACEMENT_3D('',#1276,#1277,#1278);
#1276 = CARTESIAN_POINT('',(109.,-27.3708728397,143.00000217557));
#1277 = DIRECTION('',(1.,0.,0.));
#1278 = DIRECTION('',(0.,-0.707106781187,0.707106781187));
#1279 = PCURVE('',#586,#1280);
#1280 = DEFINITIONAL_REPRESENTATION('',(#1281),#1285);
#1281 = CIRCLE('',#1282,1.);
#1282 = AXIS2_PLACEMENT_2D('',#1283,#1284);
#1283 = CARTESIAN_POINT('',(-7.000067033503,94.414229494512));
#1284 = DIRECTION('',(-0.707106781187,0.707106781187));
#1285 = ( GEOMETRIC_REPRESENTATION_CONTEXT(2) 
PARAMETRIC_REPRESENTATION_CONTEXT() REPRESENTATION_CONTEXT('2D SPACE',''
  ) );
#1286 = PCURVE('',#1287,#1297);
#1287 = ( BOUNDED_SURFACE() B_SPLINE_SURFACE(2,2,(
    (#1288,#1289,#1290)
    ,(#1291,#1292,#1293)
    ,(#1294,#1295,#1296
)),.UNSPECIFIED.,.F.,.F.,.F.) B_SPLINE_SURFACE_WITH_KNOTS((3,3),(3,3),(
    -1.570796326795,0.),(-3.14159265359,-1.570796326795),
.PIECEWISE_BEZIER_KNOTS.) GEOMETRIC_REPRESENTATION_ITEM() 
RATIONAL_B_SPLINE_SURFACE((
    (1.,0.707106781187,1.)
    ,(0.707106781187,0.5,0.707106781187)
,(1.,0.707106781187,1.))) REPRESENTATION_ITEM('') SURFACE() );
#1288 = CARTESIAN_POINT('',(109.,-27.3708728397,144.00000217557));
#1289 = CARTESIAN_POINT('',(109.,-28.3708728397,144.00000217557));
#1290 = CARTESIAN_POINT('',(109.,-28.3708728397,143.00000217557));
#1291 = CARTESIAN_POINT('',(109.,-27.3708728397,146.00000217557));
#1292 = CARTESIAN_POINT('',(109.,-30.3708728397,146.00000217557));
#1293 = CARTESIAN_POINT('',(109.,-30.3708728397,143.00000217557));
#1294 = CARTESIAN_POINT('',(111.,-27.3708728397,146.00000217557));
#1295 = CARTESIAN_POINT('',(111.,-30.3708728397,146.00000217557));
#1296 = CARTESIAN_POINT('',(111.,-30.3708728397,143.00000217557));
#1297 = DEFINITIONAL_REPRESENTATION('',(#1298),#1324);
#1298 = B_SPLINE_CURVE_WITH_KNOTS('',3,(#1299,#1300,#1301,#1302,#1303,
    #1304,#1305,#1306,#1307,#1308,#1309,#1310,#1311,#1312,#1313,#1314,
    #1315,#1316,#1317,#1318,#1319,#1320,#1321,#1322,#1323),
  .UNSPECIFIED.,.F.,.F.,(4,1,1,1,1,1,1,1,1,1,1,1,1,1,1,1,1,1,1,1,1,1,4),
  (5.497787143782,5.569186976818,5.640586809854,5.711986642891,
    5.783386475927,5.854786308963,5.926186141999,5.997585975035,
    6.068985808071,6.140385641107,6.211785474143,6.28318530718,
    6.354585140216,6.425984973252,6.497384806288,6.568784639324,
    6.64018447236,6.711584305396,6.782984138433,6.854383971469,
    6.925783804505,6.997183637541,7.068583470577),
  .QUASI_UNIFORM_KNOTS.);
#1299 = CARTESIAN_POINT('',(-1.570796326795,-3.14159265359));
#1300 = CARTESIAN_POINT('',(-1.570796326795,-3.115159605062));
#1301 = CARTESIAN_POINT('',(-1.570796326795,-3.063067440961));
#1302 = CARTESIAN_POINT('',(-1.570796326795,-2.986986199037));
#1303 = CARTESIAN_POINT('',(-1.570796326795,-2.912688495409));
#1304 = CARTESIAN_POINT('',(-1.570796326795,-2.839931213656));
#1305 = CARTESIAN_POINT('',(-1.570796326795,-2.768486547351));
#1306 = CARTESIAN_POINT('',(-1.570796326795,-2.698142049645));
#1307 = CARTESIAN_POINT('',(-1.570796326795,-2.628697122557));
#1308 = CARTESIAN_POINT('',(-1.570796326795,-2.559960843422));
#1309 = CARTESIAN_POINT('',(-1.570796326795,-2.491749732825));
#1310 = CARTESIAN_POINT('',(-1.570796326795,-2.423885766815));
#1311 = CARTESIAN_POINT('',(-1.570796326795,-2.356194490192));
#1312 = CARTESIAN_POINT('',(-1.570796326795,-2.28850321357));
#1313 = CARTESIAN_POINT('',(-1.570796326795,-2.22063924756));
#1314 = CARTESIAN_POINT('',(-1.570796326795,-2.152428136962));
#1315 = CARTESIAN_POINT('',(-1.570796326795,-2.083691857828));
#1316 = CARTESIAN_POINT('',(-1.570796326795,-2.014246930739));
#1317 = CARTESIAN_POINT('',(-1.570796326795,-1.943902433034));
#1318 = CARTESIAN_POINT('',(-1.570796326795,-1.872457766729));
#1319 = CARTESIAN_POINT('',(-1.570796326795,-1.799700484976));
#1320 = CARTESIAN_POINT('',(-1.570796326795,-1.725402781348));
#1321 = CARTESIAN_POINT('',(-1.570796326795,-1.649321539424));
#1322 = CARTESIAN_POINT('',(-1.570796326795,-1.597229375323));
#1323 = CARTESIAN_POINT('',(-1.570796326795,-1.570796326795));
#1324 = ( GEOMETRIC_REPRESENTATION_CONTEXT(2) 
PARAMETRIC_REPRESENTATION_CONTEXT() REPRESENTATION_CONTEXT('2D SPACE',''
  ) );
#1325 = ORIENTED_EDGE('',*,*,#1326,.F.);
#1326 = EDGE_CURVE('',#1327,#1271,#1329,.T.);
#1327 = VERTEX_POINT('',#1328);
#1328 = CARTESIAN_POINT('',(109.,-13.3708728397,144.00000217557));
#1329 = SURFACE_CURVE('',#1330,(#1334,#1341),.PCURVE_S1.);
#1330 = LINE('',#1331,#1332);
#1331 = CARTESIAN_POINT('',(109.,-15.37083932295,144.00000217557));
#1332 = VECTOR('',#1333,1.);
#1333 = DIRECTION('',(0.,-1.,0.));
#1334 = PCURVE('',#586,#1335);
#1335 = DEFINITIONAL_REPRESENTATION('',(#1336),#1340);
#1336 = LINE('',#1337,#1338);
#1337 = CARTESIAN_POINT('',(4.999966483248,95.414229494512));
#1338 = VECTOR('',#1339,1.);
#1339 = DIRECTION('',(-1.,0.));
#1340 = ( GEOMETRIC_REPRESENTATION_CONTEXT(2) 
PARAMETRIC_REPRESENTATION_CONTEXT() REPRESENTATION_CONTEXT('2D SPACE',''
  ) );
#1341 = PCURVE('',#1342,#1347);
#1342 = CYLINDRICAL_SURFACE('',#1343,2.);
#1343 = AXIS2_PLACEMENT_3D('',#1344,#1345,#1346);
#1344 = CARTESIAN_POINT('',(111.,-15.37083932295,144.00000217557));
#1345 = DIRECTION('',(0.,1.,0.));
#1346 = DIRECTION('',(-0.707106781187,0.,0.707106781187));
#1347 = DEFINITIONAL_REPRESENTATION('',(#1348),#1352);
#1348 = LINE('',#1349,#1350);
#1349 = CARTESIAN_POINT('',(5.497787143782,0.));
#1350 = VECTOR('',#1351,1.);
#1351 = DIRECTION('',(0.,-1.));
#1352 = ( GEOMETRIC_REPRESENTATION_CONTEXT(2) 
PARAMETRIC_REPRESENTATION_CONTEXT() REPRESENTATION_CONTEXT('2D SPACE',''
  ) );
#1353 = ORIENTED_EDGE('',*,*,#1354,.F.);
#1354 = EDGE_CURVE('',#569,#1327,#1355,.T.);
#1355 = SURFACE_CURVE('',#1356,(#1361,#1368),.PCURVE_S1.);
#1356 = CIRCLE('',#1357,1.);
#1357 = AXIS2_PLACEMENT_3D('',#1358,#1359,#1360);
#1358 = CARTESIAN_POINT('',(109.,-13.3708728397,143.00000217557));
#1359 = DIRECTION('',(1.,0.,0.));
#1360 = DIRECTION('',(-0.,0.707106781187,0.707106781187));
#1361 = PCURVE('',#586,#1362);
#1362 = DEFINITIONAL_REPRESENTATION('',(#1363),#1367);
#1363 = CIRCLE('',#1364,1.);
#1364 = AXIS2_PLACEMENT_2D('',#1365,#1366);
#1365 = CARTESIAN_POINT('',(6.999932966497,94.414229494512));
#1366 = DIRECTION('',(0.707106781187,0.707106781187));
#1367 = ( GEOMETRIC_REPRESENTATION_CONTEXT(2) 
PARAMETRIC_REPRESENTATION_CONTEXT() REPRESENTATION_CONTEXT('2D SPACE',''
  ) );
#1368 = PCURVE('',#615,#1369);
#1369 = DEFINITIONAL_REPRESENTATION('',(#1370),#1396);
#1370 = B_SPLINE_CURVE_WITH_KNOTS('',3,(#1371,#1372,#1373,#1374,#1375,
    #1376,#1377,#1378,#1379,#1380,#1381,#1382,#1383,#1384,#1385,#1386,
    #1387,#1388,#1389,#1390,#1391,#1392,#1393,#1394,#1395),
  .UNSPECIFIED.,.F.,.F.,(4,1,1,1,1,1,1,1,1,1,1,1,1,1,1,1,1,1,1,1,1,1,4),
  (5.497787143782,5.569186976818,5.640586809854,5.711986642891,
    5.783386475927,5.854786308963,5.926186141999,5.997585975035,
    6.068985808071,6.140385641107,6.211785474143,6.28318530718,
    6.354585140216,6.425984973252,6.497384806288,6.568784639324,
    6.64018447236,6.711584305396,6.782984138433,6.854383971469,
    6.925783804505,6.997183637541,7.068583470577),
  .QUASI_UNIFORM_KNOTS.);
#1371 = CARTESIAN_POINT('',(-1.570796326795,1.570796326795));
#1372 = CARTESIAN_POINT('',(-1.570796326795,1.597229375323));
#1373 = CARTESIAN_POINT('',(-1.570796326795,1.649321539424));
#1374 = CARTESIAN_POINT('',(-1.570796326795,1.725402781348));
#1375 = CARTESIAN_POINT('',(-1.570796326795,1.799700484976));
#1376 = CARTESIAN_POINT('',(-1.570796326795,1.872457766729));
#1377 = CARTESIAN_POINT('',(-1.570796326795,1.943902433034));
#1378 = CARTESIAN_POINT('',(-1.570796326795,2.014246930739));
#1379 = CARTESIAN_POINT('',(-1.570796326795,2.083691857828));
#1380 = CARTESIAN_POINT('',(-1.570796326795,2.152428136962));
#1381 = CARTESIAN_POINT('',(-1.570796326795,2.22063924756));
#1382 = CARTESIAN_POINT('',(-1.570796326795,2.28850321357));
#1383 = CARTESIAN_POINT('',(-1.570796326795,2.356194490192));
#1384 = CARTESIAN_POINT('',(-1.570796326795,2.423885766815));
#1385 = CARTESIAN_POINT('',(-1.570796326795,2.491749732825));
#1386 = CARTESIAN_POINT('',(-1.570796326795,2.559960843422));
#1387 = CARTESIAN_POINT('',(-1.570796326795,2.628697122557));
#1388 = CARTESIAN_POINT('',(-1.570796326795,2.698142049645));
#1389 = CARTESIAN_POINT('',(-1.570796326795,2.768486547351));
#1390 = CARTESIAN_POINT('',(-1.570796326795,2.839931213656));
#1391 = CARTESIAN_POINT('',(-1.570796326795,2.912688495409));
#1392 = CARTESIAN_POINT('',(-1.570796326795,2.986986199037));
#1393 = CARTESIAN_POINT('',(-1.570796326795,3.063067440961));
#1394 = CARTESIAN_POINT('',(-1.570796326795,3.115159605062));
#1395 = CARTESIAN_POINT('',(-1.570796326795,3.14159265359));
#1396 = ( GEOMETRIC_REPRESENTATION_CONTEXT(2) 
PARAMETRIC_REPRESENTATION_CONTEXT() REPRESENTATION_CONTEXT('2D SPACE',''
  ) );
#1397 = FACE_BOUND('',#1398,.T.);
#1398 = EDGE_LOOP('',(#1399,#1429,#1457,#1490));
#1399 = ORIENTED_EDGE('',*,*,#1400,.F.);
#1400 = EDGE_CURVE('',#1401,#1403,#1405,.T.);
#1401 = VERTEX_POINT('',#1402);
#1402 = CARTESIAN_POINT('',(108.99999753013,-25.8708728397,
    110.49999753013));
#1403 = VERTEX_POINT('',#1404);
#1404 = CARTESIAN_POINT('',(108.99999753013,-14.8708728397,
    110.49999753013));
#1405 = SURFACE_CURVE('',#1406,(#1410,#1417),.PCURVE_S1.);
#1406 = LINE('',#1407,#1408);
#1407 = CARTESIAN_POINT('',(108.99999753013,-26.3708728397,
    110.49999753013));
#1408 = VECTOR('',#1409,1.);
#1409 = DIRECTION('',(0.,1.,0.));
#1410 = PCURVE('',#586,#1411);
#1411 = DEFINITIONAL_REPRESENTATION('',(#1412),#1416);
#1412 = LINE('',#1413,#1414);
#1413 = CARTESIAN_POINT('',(-6.000067033503,61.914224849075));
#1414 = VECTOR('',#1415,1.);
#1415 = DIRECTION('',(1.,0.));
#1416 = ( GEOMETRIC_REPRESENTATION_CONTEXT(2) 
PARAMETRIC_REPRESENTATION_CONTEXT() REPRESENTATION_CONTEXT('2D SPACE',''
  ) );
#1417 = PCURVE('',#1418,#1423);
#1418 = PLANE('',#1419);
#1419 = AXIS2_PLACEMENT_3D('',#1420,#1421,#1422);
#1420 = CARTESIAN_POINT('',(115.50000174343,-26.3708728397,
    110.49999753013));
#1421 = DIRECTION('',(0.,0.,-1.));
#1422 = DIRECTION('',(-1.,0.,0.));
#1423 = DEFINITIONAL_REPRESENTATION('',(#1424),#1428);
#1424 = LINE('',#1425,#1426);
#1425 = CARTESIAN_POINT('',(6.500004213303,0.));
#1426 = VECTOR('',#1427,1.);
#1427 = DIRECTION('',(0.,1.));
#1428 = ( GEOMETRIC_REPRESENTATION_CONTEXT(2) 
PARAMETRIC_REPRESENTATION_CONTEXT() REPRESENTATION_CONTEXT('2D SPACE',''
  ) );
#1429 = ORIENTED_EDGE('',*,*,#1430,.T.);
#1430 = EDGE_CURVE('',#1401,#1431,#1433,.T.);
#1431 = VERTEX_POINT('',#1432);
#1432 = CARTESIAN_POINT('',(109.,-25.8708728397,56.937375079819));
#1433 = SURFACE_CURVE('',#1434,(#1438,#1445),.PCURVE_S1.);
#1434 = LINE('',#1435,#1436);
#1435 = CARTESIAN_POINT('',(109.,-25.8708728397,52.585747543275));
#1436 = VECTOR('',#1437,1.);
#1437 = DIRECTION('',(0.,0.,-1.));
#1438 = PCURVE('',#586,#1439);
#1439 = DEFINITIONAL_REPRESENTATION('',(#1440),#1444);
#1440 = LINE('',#1441,#1442);
#1441 = CARTESIAN_POINT('',(-5.500067033503,3.999974862217));
#1442 = VECTOR('',#1443,1.);
#1443 = DIRECTION('',(0.,-1.));
#1444 = ( GEOMETRIC_REPRESENTATION_CONTEXT(2) 
PARAMETRIC_REPRESENTATION_CONTEXT() REPRESENTATION_CONTEXT('2D SPACE',''
  ) );
#1445 = PCURVE('',#1446,#1451);
#1446 = PLANE('',#1447);
#1447 = AXIS2_PLACEMENT_3D('',#1448,#1449,#1450);
#1448 = CARTESIAN_POINT('',(109.,-25.8708728397,56.585722405492));
#1449 = DIRECTION('',(0.,1.,0.));
#1450 = DIRECTION('',(0.,-0.,1.));
#1451 = DEFINITIONAL_REPRESENTATION('',(#1452),#1456);
#1452 = LINE('',#1453,#1454);
#1453 = CARTESIAN_POINT('',(-3.999974862217,0.));
#1454 = VECTOR('',#1455,1.);
#1455 = DIRECTION('',(-1.,0.));
#1456 = ( GEOMETRIC_REPRESENTATION_CONTEXT(2) 
PARAMETRIC_REPRESENTATION_CONTEXT() REPRESENTATION_CONTEXT('2D SPACE',''
  ) );
#1457 = ORIENTED_EDGE('',*,*,#1458,.T.);
#1458 = EDGE_CURVE('',#1431,#1459,#1461,.T.);
#1459 = VERTEX_POINT('',#1460);
#1460 = CARTESIAN_POINT('',(109.,-14.8708728397,56.937463370018));
#1461 = SURFACE_CURVE('',#1462,(#1467,#1478),.PCURVE_S1.);
#1462 = CIRCLE('',#1463,10.);
#1463 = AXIS2_PLACEMENT_3D('',#1464,#1465,#1466);
#1464 = CARTESIAN_POINT('',(109.,-20.3708058062,48.585772681058));
#1465 = DIRECTION('',(-1.,0.,0.));
#1466 = DIRECTION('',(0.,1.,0.));
#1467 = PCURVE('',#586,#1468);
#1468 = DEFINITIONAL_REPRESENTATION('',(#1469),#1477);
#1469 = ( BOUNDED_CURVE() B_SPLINE_CURVE(2,(#1470,#1471,#1472,#1473,
#1474,#1475,#1476),.UNSPECIFIED.,.T.,.F.) B_SPLINE_CURVE_WITH_KNOTS((1,2
    ,2,2,2,1),(-2.094395102393,0.,2.094395102393,4.188790204786,
6.28318530718,8.377580409573),.UNSPECIFIED.) CURVE() 
GEOMETRIC_REPRESENTATION_ITEM() RATIONAL_B_SPLINE_CURVE((1.,0.5,1.,0.5,
1.,0.5,1.)) REPRESENTATION_ITEM('') );
#1470 = CARTESIAN_POINT('',(10.,0.));
#1471 = CARTESIAN_POINT('',(10.,-17.32050807568));
#1472 = CARTESIAN_POINT('',(-5.,-8.660254037844));
#1473 = CARTESIAN_POINT('',(-20.,-2.449293598295E-15));
#1474 = CARTESIAN_POINT('',(-5.,8.660254037844));
#1475 = CARTESIAN_POINT('',(10.,17.320508075689));
#1476 = CARTESIAN_POINT('',(10.,0.));
#1477 = ( GEOMETRIC_REPRESENTATION_CONTEXT(2) 
PARAMETRIC_REPRESENTATION_CONTEXT() REPRESENTATION_CONTEXT('2D SPACE',''
  ) );
#1478 = PCURVE('',#1479,#1484);
#1479 = CYLINDRICAL_SURFACE('',#1480,10.);
#1480 = AXIS2_PLACEMENT_3D('',#1481,#1482,#1483);
#1481 = CARTESIAN_POINT('',(111.5,-20.3708058062,48.585772681058));
#1482 = DIRECTION('',(1.,0.,0.));
#1483 = DIRECTION('',(-0.,1.,0.));
#1484 = DEFINITIONAL_REPRESENTATION('',(#1485),#1489);
#1485 = LINE('',#1486,#1487);
#1486 = CARTESIAN_POINT('',(6.28318530718,-2.5));
#1487 = VECTOR('',#1488,1.);
#1488 = DIRECTION('',(-1.,0.));
#1489 = ( GEOMETRIC_REPRESENTATION_CONTEXT(2) 
PARAMETRIC_REPRESENTATION_CONTEXT() REPRESENTATION_CONTEXT('2D SPACE',''
  ) );
#1490 = ORIENTED_EDGE('',*,*,#1491,.T.);
#1491 = EDGE_CURVE('',#1459,#1403,#1492,.T.);
#1492 = SURFACE_CURVE('',#1493,(#1497,#1504),.PCURVE_S1.);
#1493 = LINE('',#1494,#1495);
#1494 = CARTESIAN_POINT('',(109.,-14.8708728397,93.604080231244));
#1495 = VECTOR('',#1496,1.);
#1496 = DIRECTION('',(0.,0.,1.));
#1497 = PCURVE('',#586,#1498);
#1498 = DEFINITIONAL_REPRESENTATION('',(#1499),#1503);
#1499 = LINE('',#1500,#1501);
#1500 = CARTESIAN_POINT('',(5.499932966497,45.018307550186));
#1501 = VECTOR('',#1502,1.);
#1502 = DIRECTION('',(0.,1.));
#1503 = ( GEOMETRIC_REPRESENTATION_CONTEXT(2) 
PARAMETRIC_REPRESENTATION_CONTEXT() REPRESENTATION_CONTEXT('2D SPACE',''
  ) );
#1504 = PCURVE('',#1505,#1510);
#1505 = PLANE('',#1506);
#1506 = AXIS2_PLACEMENT_3D('',#1507,#1508,#1509);
#1507 = CARTESIAN_POINT('',(109.,-14.8708728397,138.62238778143));
#1508 = DIRECTION('',(0.,-1.,0.));
#1509 = DIRECTION('',(0.,0.,-1.));
#1510 = DEFINITIONAL_REPRESENTATION('',(#1511),#1515);
#1511 = LINE('',#1512,#1513);
#1512 = CARTESIAN_POINT('',(45.018307550187,0.));
#1513 = VECTOR('',#1514,1.);
#1514 = DIRECTION('',(-1.,0.));
#1515 = ( GEOMETRIC_REPRESENTATION_CONTEXT(2) 
PARAMETRIC_REPRESENTATION_CONTEXT() REPRESENTATION_CONTEXT('2D SPACE',''
  ) );
#1516 = FACE_BOUND('',#1517,.T.);
#1517 = EDGE_LOOP('',(#1518));
#1518 = ORIENTED_EDGE('',*,*,#1519,.F.);
#1519 = EDGE_CURVE('',#1520,#1520,#1522,.T.);
#1520 = VERTEX_POINT('',#1521);
#1521 = CARTESIAN_POINT('',(109.,-16.3708058062,48.585772681058));
#1522 = SURFACE_CURVE('',#1523,(#1528,#1539),.PCURVE_S1.);
#1523 = CIRCLE('',#1524,4.);
#1524 = AXIS2_PLACEMENT_3D('',#1525,#1526,#1527);
#1525 = CARTESIAN_POINT('',(109.,-20.3708058062,48.585772681058));
#1526 = DIRECTION('',(-1.,0.,0.));
#1527 = DIRECTION('',(0.,-1.,0.));
#1528 = PCURVE('',#586,#1529);
#1529 = DEFINITIONAL_REPRESENTATION('',(#1530),#1538);
#1530 = ( BOUNDED_CURVE() B_SPLINE_CURVE(2,(#1531,#1532,#1533,#1534,
#1535,#1536,#1537),.UNSPECIFIED.,.T.,.F.) B_SPLINE_CURVE_WITH_KNOTS((1,2
    ,2,2,2,1),(-2.094395102393,0.,2.094395102393,4.188790204786,
6.28318530718,8.377580409573),.UNSPECIFIED.) CURVE() 
GEOMETRIC_REPRESENTATION_ITEM() RATIONAL_B_SPLINE_CURVE((1.,0.5,1.,0.5,
1.,0.5,1.)) REPRESENTATION_ITEM('') );
#1531 = CARTESIAN_POINT('',(-4.,0.));
#1532 = CARTESIAN_POINT('',(-4.,6.928203230276));
#1533 = CARTESIAN_POINT('',(2.,3.464101615138));
#1534 = CARTESIAN_POINT('',(8.,9.797174393179E-16));
#1535 = CARTESIAN_POINT('',(2.,-3.464101615138));
#1536 = CARTESIAN_POINT('',(-4.,-6.928203230276));
#1537 = CARTESIAN_POINT('',(-4.,0.));
#1538 = ( GEOMETRIC_REPRESENTATION_CONTEXT(2) 
PARAMETRIC_REPRESENTATION_CONTEXT() REPRESENTATION_CONTEXT('2D SPACE',''
  ) );
#1539 = PCURVE('',#1540,#1545);
#1540 = CYLINDRICAL_SURFACE('',#1541,4.);
#1541 = AXIS2_PLACEMENT_3D('',#1542,#1543,#1544);
#1542 = CARTESIAN_POINT('',(111.5,-20.3708058062,48.585772681058));
#1543 = DIRECTION('',(-1.,0.,0.));
#1544 = DIRECTION('',(0.,-1.,0.));
#1545 = DEFINITIONAL_REPRESENTATION('',(#1546),#1550);
#1546 = LINE('',#1547,#1548);
#1547 = CARTESIAN_POINT('',(-6.28318530718,2.5));
#1548 = VECTOR('',#1549,1.);
#1549 = DIRECTION('',(1.,0.));
#1550 = ( GEOMETRIC_REPRESENTATION_CONTEXT(2) 
PARAMETRIC_REPRESENTATION_CONTEXT() REPRESENTATION_CONTEXT('2D SPACE',''
  ) );
#1551 = FACE_BOUND('',#1552,.T.);
#1552 = EDGE_LOOP('',(#1553,#1583,#1611,#1639));
#1553 = ORIENTED_EDGE('',*,*,#1554,.T.);
#1554 = EDGE_CURVE('',#1555,#1557,#1559,.T.);
#1555 = VERTEX_POINT('',#1556);
#1556 = CARTESIAN_POINT('',(108.99999753013,-14.3708728397,
    115.50000172108));
#1557 = VERTEX_POINT('',#1558);
#1558 = CARTESIAN_POINT('',(109.,-14.3708728397,138.62238778143));
#1559 = SURFACE_CURVE('',#1560,(#1564,#1571),.PCURVE_S1.);
#1560 = LINE('',#1561,#1562);
#1561 = CARTESIAN_POINT('',(109.,-14.3708728397,48.622387781431));
#1562 = VECTOR('',#1563,1.);
#1563 = DIRECTION('',(0.,0.,1.));
#1564 = PCURVE('',#586,#1565);
#1565 = DEFINITIONAL_REPRESENTATION('',(#1566),#1570);
#1566 = LINE('',#1567,#1568);
#1567 = CARTESIAN_POINT('',(5.999932966497,3.66151003728E-02));
#1568 = VECTOR('',#1569,1.);
#1569 = DIRECTION('',(0.,1.));
#1570 = ( GEOMETRIC_REPRESENTATION_CONTEXT(2) 
PARAMETRIC_REPRESENTATION_CONTEXT() REPRESENTATION_CONTEXT('2D SPACE',''
  ) );
#1571 = PCURVE('',#1572,#1577);
#1572 = PLANE('',#1573);
#1573 = AXIS2_PLACEMENT_3D('',#1574,#1575,#1576);
#1574 = CARTESIAN_POINT('',(109.,-14.3708728397,138.62238778143));
#1575 = DIRECTION('',(0.,-1.,0.));
#1576 = DIRECTION('',(0.,0.,-1.));
#1577 = DEFINITIONAL_REPRESENTATION('',(#1578),#1582);
#1578 = LINE('',#1579,#1580);
#1579 = CARTESIAN_POINT('',(90.,0.));
#1580 = VECTOR('',#1581,1.);
#1581 = DIRECTION('',(-1.,0.));
#1582 = ( GEOMETRIC_REPRESENTATION_CONTEXT(2) 
PARAMETRIC_REPRESENTATION_CONTEXT() REPRESENTATION_CONTEXT('2D SPACE',''
  ) );
#1583 = ORIENTED_EDGE('',*,*,#1584,.T.);
#1584 = EDGE_CURVE('',#1557,#1585,#1587,.T.);
#1585 = VERTEX_POINT('',#1586);
#1586 = CARTESIAN_POINT('',(109.,-26.3708728397,138.62238778143));
#1587 = SURFACE_CURVE('',#1588,(#1592,#1599),.PCURVE_S1.);
#1588 = LINE('',#1589,#1590);
#1589 = CARTESIAN_POINT('',(109.,-10.3708728397,138.62238778143));
#1590 = VECTOR('',#1591,1.);
#1591 = DIRECTION('',(0.,-1.,0.));
#1592 = PCURVE('',#586,#1593);
#1593 = DEFINITIONAL_REPRESENTATION('',(#1594),#1598);
#1594 = LINE('',#1595,#1596);
#1595 = CARTESIAN_POINT('',(9.999932966497,90.036615100373));
#1596 = VECTOR('',#1597,1.);
#1597 = DIRECTION('',(-1.,0.));
#1598 = ( GEOMETRIC_REPRESENTATION_CONTEXT(2) 
PARAMETRIC_REPRESENTATION_CONTEXT() REPRESENTATION_CONTEXT('2D SPACE',''
  ) );
#1599 = PCURVE('',#1600,#1605);
#1600 = PLANE('',#1601);
#1601 = AXIS2_PLACEMENT_3D('',#1602,#1603,#1604);
#1602 = CARTESIAN_POINT('',(109.,-26.3708728397,138.62238778143));
#1603 = DIRECTION('',(0.,0.,-1.));
#1604 = DIRECTION('',(0.,1.,0.));
#1605 = DEFINITIONAL_REPRESENTATION('',(#1606),#1610);
#1606 = LINE('',#1607,#1608);
#1607 = CARTESIAN_POINT('',(16.,0.));
#1608 = VECTOR('',#1609,1.);
#1609 = DIRECTION('',(-1.,0.));
#1610 = ( GEOMETRIC_REPRESENTATION_CONTEXT(2) 
PARAMETRIC_REPRESENTATION_CONTEXT() REPRESENTATION_CONTEXT('2D SPACE',''
  ) );
#1611 = ORIENTED_EDGE('',*,*,#1612,.F.);
#1612 = EDGE_CURVE('',#1613,#1585,#1615,.T.);
#1613 = VERTEX_POINT('',#1614);
#1614 = CARTESIAN_POINT('',(108.99999753013,-26.3708728397,
    115.50000172108));
#1615 = SURFACE_CURVE('',#1616,(#1620,#1627),.PCURVE_S1.);
#1616 = LINE('',#1617,#1618);
#1617 = CARTESIAN_POINT('',(109.,-26.3708728397,48.622387781431));
#1618 = VECTOR('',#1619,1.);
#1619 = DIRECTION('',(0.,0.,1.));
#1620 = PCURVE('',#586,#1621);
#1621 = DEFINITIONAL_REPRESENTATION('',(#1622),#1626);
#1622 = LINE('',#1623,#1624);
#1623 = CARTESIAN_POINT('',(-6.000067033503,3.66151003728E-02));
#1624 = VECTOR('',#1625,1.);
#1625 = DIRECTION('',(0.,1.));
#1626 = ( GEOMETRIC_REPRESENTATION_CONTEXT(2) 
PARAMETRIC_REPRESENTATION_CONTEXT() REPRESENTATION_CONTEXT('2D SPACE',''
  ) );
#1627 = PCURVE('',#1628,#1633);
#1628 = PLANE('',#1629);
#1629 = AXIS2_PLACEMENT_3D('',#1630,#1631,#1632);
#1630 = CARTESIAN_POINT('',(109.,-26.3708728397,56.585722405492));
#1631 = DIRECTION('',(0.,1.,0.));
#1632 = DIRECTION('',(0.,-0.,1.));
#1633 = DEFINITIONAL_REPRESENTATION('',(#1634),#1638);
#1634 = LINE('',#1635,#1636);
#1635 = CARTESIAN_POINT('',(-7.963334624061,0.));
#1636 = VECTOR('',#1637,1.);
#1637 = DIRECTION('',(1.,0.));
#1638 = ( GEOMETRIC_REPRESENTATION_CONTEXT(2) 
PARAMETRIC_REPRESENTATION_CONTEXT() REPRESENTATION_CONTEXT('2D SPACE',''
  ) );
#1639 = ORIENTED_EDGE('',*,*,#1640,.T.);
#1640 = EDGE_CURVE('',#1613,#1555,#1641,.T.);
#1641 = SURFACE_CURVE('',#1642,(#1646,#1653),.PCURVE_S1.);
#1642 = LINE('',#1643,#1644);
#1643 = CARTESIAN_POINT('',(108.99999753013,-26.3708728397,
    115.50000172108));
#1644 = VECTOR('',#1645,1.);
#1645 = DIRECTION('',(0.,1.,0.));
#1646 = PCURVE('',#586,#1647);
#1647 = DEFINITIONAL_REPRESENTATION('',(#1648),#1652);
#1648 = LINE('',#1649,#1650);
#1649 = CARTESIAN_POINT('',(-6.000067033503,66.914229040026));
#1650 = VECTOR('',#1651,1.);
#1651 = DIRECTION('',(1.,0.));
#1652 = ( GEOMETRIC_REPRESENTATION_CONTEXT(2) 
PARAMETRIC_REPRESENTATION_CONTEXT() REPRESENTATION_CONTEXT('2D SPACE',''
  ) );
#1653 = PCURVE('',#1654,#1659);
#1654 = PLANE('',#1655);
#1655 = AXIS2_PLACEMENT_3D('',#1656,#1657,#1658);
#1656 = CARTESIAN_POINT('',(108.99999753013,-26.3708728397,
    115.50000172108));
#1657 = DIRECTION('',(0.,0.,1.));
#1658 = DIRECTION('',(1.,0.,-0.));
#1659 = DEFINITIONAL_REPRESENTATION('',(#1660),#1664);
#1660 = LINE('',#1661,#1662);
#1661 = CARTESIAN_POINT('',(0.,0.));
#1662 = VECTOR('',#1663,1.);
#1663 = DIRECTION('',(0.,1.));
#1664 = ( GEOMETRIC_REPRESENTATION_CONTEXT(2) 
PARAMETRIC_REPRESENTATION_CONTEXT() REPRESENTATION_CONTEXT('2D SPACE',''
  ) );
#1665 = ADVANCED_FACE('',(#1666),#1114,.T.);
#1666 = FACE_BOUND('',#1667,.T.);
#1667 = EDGE_LOOP('',(#1668,#1669,#1692,#1872));
#1668 = ORIENTED_EDGE('',*,*,#1097,.T.);
#1669 = ORIENTED_EDGE('',*,*,#1670,.T.);
#1670 = EDGE_CURVE('',#1070,#1671,#1673,.T.);
#1671 = VERTEX_POINT('',#1672);
#1672 = CARTESIAN_POINT('',(111.,-10.3708728397,48.622387781431));
#1673 = SURFACE_CURVE('',#1674,(#1678,#1685),.PCURVE_S1.);
#1674 = LINE('',#1675,#1676);
#1675 = CARTESIAN_POINT('',(111.,-10.3708728397,48.604080231245));
#1676 = VECTOR('',#1677,1.);
#1677 = DIRECTION('',(0.,0.,-1.));
#1678 = PCURVE('',#1114,#1679);
#1679 = DEFINITIONAL_REPRESENTATION('',(#1680),#1684);
#1680 = LINE('',#1681,#1682);
#1681 = CARTESIAN_POINT('',(0.785398163397,0.));
#1682 = VECTOR('',#1683,1.);
#1683 = DIRECTION('',(0.,1.));
#1684 = ( GEOMETRIC_REPRESENTATION_CONTEXT(2) 
PARAMETRIC_REPRESENTATION_CONTEXT() REPRESENTATION_CONTEXT('2D SPACE',''
  ) );
#1685 = PCURVE('',#1085,#1686);
#1686 = DEFINITIONAL_REPRESENTATION('',(#1687),#1691);
#1687 = LINE('',#1688,#1689);
#1688 = CARTESIAN_POINT('',(-1.83075501864E-02,2.));
#1689 = VECTOR('',#1690,1.);
#1690 = DIRECTION('',(-1.,0.));
#1691 = ( GEOMETRIC_REPRESENTATION_CONTEXT(2) 
PARAMETRIC_REPRESENTATION_CONTEXT() REPRESENTATION_CONTEXT('2D SPACE',''
  ) );
#1692 = ORIENTED_EDGE('',*,*,#1693,.F.);
#1693 = EDGE_CURVE('',#1187,#1671,#1694,.T.);
#1694 = SURFACE_CURVE('',#1695,(#1726,#1799),.PCURVE_S1.);
#1695 = B_SPLINE_CURVE_WITH_KNOTS('',3,(#1696,#1697,#1698,#1699,#1700,
    #1701,#1702,#1703,#1704,#1705,#1706,#1707,#1708,#1709,#1710,#1711,
    #1712,#1713,#1714,#1715,#1716,#1717,#1718,#1719,#1720,#1721,#1722,
    #1723,#1724,#1725),.UNSPECIFIED.,.F.,.F.,(4,2,2,2,2,2,2,2,2,2,2,2,2,
    2,4),(-0.637806935283,-0.545719923117,-0.453632910951,
    -0.361545898785,-0.269458886619,-0.173119832512,-7.678077840589E-02,
    -1.847181737881E-02,-1.125848060677E-02,-4.045143834731E-03,
    -2.547439257064E-03,-1.049734679397E-03,-5.248673396987E-04,
    -2.624336698491E-04,0.),.UNSPECIFIED.);
#1696 = CARTESIAN_POINT('',(109.,-12.3708728397,54.585862058022));
#1697 = CARTESIAN_POINT('',(109.,-12.18669607188,54.340298749885));
#1698 = CARTESIAN_POINT('',(109.02558399054,-12.00773499499,
    54.077776640655));
#1699 = CARTESIAN_POINT('',(109.11778343493,-11.67269773097,
    53.53005996909));
#1700 = CARTESIAN_POINT('',(109.18435518971,-11.51661786295,
    53.244860303192));
#1701 = CARTESIAN_POINT('',(109.34577331551,-11.23515500009,
    52.66543221011));
#1702 = CARTESIAN_POINT('',(109.4406239121,-11.10969541744,
    52.371069980681));
#1703 = CARTESIAN_POINT('',(109.64482140814,-10.89245704055,
    51.788513060248));
#1704 = CARTESIAN_POINT('',(109.75414219222,-10.80066162587,
    51.500315413559));
#1705 = CARTESIAN_POINT('',(109.9783215452,-10.64588799132,
    50.934380896068));
#1706 = CARTESIAN_POINT('',(110.11047335596,-10.57350810236,
    50.615199049139));
#1707 = CARTESIAN_POINT('',(110.38391235353,-10.46241437454,
    49.974798549745));
#1708 = CARTESIAN_POINT('',(110.52496885571,-10.42363419515,
    49.653492933166));
#1709 = CARTESIAN_POINT('',(110.73349658647,-10.38710183877,
    49.183476974753));
#1710 = CARTESIAN_POINT('',(110.82817508461,-10.37664516351,
    48.970578879628));
#1711 = CARTESIAN_POINT('',(110.91845229665,-10.37251127207,
    48.77174517629));
#1712 = CARTESIAN_POINT('',(110.92941424943,-10.37208785091,
    48.747681597218));
#1713 = CARTESIAN_POINT('',(110.95165649705,-10.37142624032,
    48.69971795455));
#1714 = CARTESIAN_POINT('',(110.96276532912,-10.3711879105,
    48.675738566254));
#1715 = CARTESIAN_POINT('',(110.97633252578,-10.37101152132,
    48.650066868272));
#1716 = CARTESIAN_POINT('',(110.97895583777,-10.37098158084,
    48.645248238922));
#1717 = CARTESIAN_POINT('',(110.98457881289,-10.37093031723,
    48.635893367437));
#1718 = CARTESIAN_POINT('',(110.98752524706,-10.37090888439,
    48.631325234227));
#1719 = CARTESIAN_POINT('',(110.99209322567,-10.37088811772,
    48.626366762491));
#1720 = CARTESIAN_POINT('',(110.99348478879,-10.37088285418,
    48.625040006294));
#1721 = CARTESIAN_POINT('',(110.99579082088,-10.37087712459,
    48.623543373228));
#1722 = CARTESIAN_POINT('',(110.99659620483,-10.37087556173,
    48.623124875853));
#1723 = CARTESIAN_POINT('',(110.99826346266,-10.37087342055,
    48.622547246528));
#1724 = CARTESIAN_POINT('',(110.9991252211,-10.3708728397,
    48.622387781431));
#1725 = CARTESIAN_POINT('',(111.,-10.3708728397,48.622387781431));
#1726 = PCURVE('',#1114,#1727);
#1727 = DEFINITIONAL_REPRESENTATION('',(#1728),#1798);
#1728 = B_SPLINE_CURVE_WITH_KNOTS('',3,(#1729,#1730,#1731,#1732,#1733,
    #1734,#1735,#1736,#1737,#1738,#1739,#1740,#1741,#1742,#1743,#1744,
    #1745,#1746,#1747,#1748,#1749,#1750,#1751,#1752,#1753,#1754,#1755,
    #1756,#1757,#1758,#1759,#1760,#1761,#1762,#1763,#1764,#1765,#1766,
    #1767,#1768,#1769,#1770,#1771,#1772,#1773,#1774,#1775,#1776,#1777,
    #1778,#1779,#1780,#1781,#1782,#1783,#1784,#1785,#1786,#1787,#1788,
    #1789,#1790,#1791,#1792,#1793,#1794,#1795,#1796,#1797),
  .UNSPECIFIED.,.F.,.F.,(4,1,1,1,1,1,1,1,1,1,1,1,1,1,1,1,1,1,1,1,1,1,1,1
    ,1,1,1,1,1,1,1,1,1,1,1,1,1,1,1,1,1,1,1,1,1,1,1,1,1,1,1,1,1,1,1,1,1,1
    ,1,1,1,1,1,1,1,1,4),(-0.637806935283,-0.62814319384,-0.618479452396,
    -0.608815710952,-0.599151969508,-0.589488228065,-0.579824486621,
    -0.570160745177,-0.560497003734,-0.55083326229,-0.541169520846,
    -0.531505779403,-0.521842037959,-0.512178296515,-0.502514555072,
    -0.492850813628,-0.483187072184,-0.473523330741,-0.463859589297,
    -0.454195847853,-0.444532106409,-0.434868364966,-0.425204623522,
    -0.415540882078,-0.405877140635,-0.396213399191,-0.386549657747,
    -0.376885916304,-0.36722217486,-0.357558433416,-0.347894691973,
    -0.338230950529,-0.328567209085,-0.318903467642,-0.309239726198,
    -0.299575984754,-0.289912243311,-0.280248501867,-0.270584760423,
    -0.260921018979,-0.251257277536,-0.241593536092,-0.231929794648,
    -0.222266053205,-0.212602311761,-0.202938570317,-0.193274828874,
    -0.18361108743,-0.173947345986,-0.164283604543,-0.154619863099,
    -0.144956121655,-0.135292380212,-0.125628638768,-0.115964897324,
    -0.106301155881,-9.663741443685E-02,-8.697367299316E-02,
    -7.730993154948E-02,-6.764619010579E-02,-5.798244866211E-02,
    -4.831870721842E-02,-3.865496577474E-02,-2.899122433105E-02,
    -1.932748288737E-02,-9.663741443685E-03,0.),.UNSPECIFIED.);
#1729 = CARTESIAN_POINT('',(-0.785398163397,-5.981781826778));
#1730 = CARTESIAN_POINT('',(-0.775734369225,-5.956012065526));
#1731 = CARTESIAN_POINT('',(-0.756463871504,-5.904099018622));
#1732 = CARTESIAN_POINT('',(-0.727727988187,-5.825147862703));
#1733 = CARTESIAN_POINT('',(-0.699160146089,-5.745154108962));
#1734 = CARTESIAN_POINT('',(-0.670759970204,-5.664156744785));
#1735 = CARTESIAN_POINT('',(-0.642527939483,-5.582194758887));
#1736 = CARTESIAN_POINT('',(-0.614465451528,-5.49930713501));
#1737 = CARTESIAN_POINT('',(-0.586574685233,-5.415532875468));
#1738 = CARTESIAN_POINT('',(-0.558858592882,-5.33091091325));
#1739 = CARTESIAN_POINT('',(-0.531320559175,-5.245480440081));
#1740 = CARTESIAN_POINT('',(-0.503965249638,-5.159279682067));
#1741 = CARTESIAN_POINT('',(-0.476794535689,-5.072351116637));
#1742 = CARTESIAN_POINT('',(-0.44980683558,-4.98474297788));
#1743 = CARTESIAN_POINT('',(-0.423002475441,-4.89650236534));
#1744 = CARTESIAN_POINT('',(-0.396382495452,-4.807676680502));
#1745 = CARTESIAN_POINT('',(-0.369948890415,-4.718313251629));
#1746 = CARTESIAN_POINT('',(-0.343704452423,-4.628459397939));
#1747 = CARTESIAN_POINT('',(-0.317652752856,-4.538162548047));
#1748 = CARTESIAN_POINT('',(-0.291797950269,-4.447469702024));
#1749 = CARTESIAN_POINT('',(-0.266145144048,-4.356429464722));
#1750 = CARTESIAN_POINT('',(-0.240698711246,-4.265084450408));
#1751 = CARTESIAN_POINT('',(-0.215457249814,-4.173481348966));
#1752 = CARTESIAN_POINT('',(-0.1904222459,-4.081675605762));
#1753 = CARTESIAN_POINT('',(-0.165595630501,-3.989720344389));
#1754 = CARTESIAN_POINT('',(-0.140980358702,-3.897669311298));
#1755 = CARTESIAN_POINT('',(-0.116580186002,-3.805576083281));
#1756 = CARTESIAN_POINT('',(-9.239964146583E-02,-3.713494292904));
#1757 = CARTESIAN_POINT('',(-6.844400527233E-02,-3.621477519305));
#1758 = CARTESIAN_POINT('',(-4.47190636244E-02,-3.529579499547));
#1759 = CARTESIAN_POINT('',(-2.123174478352E-02,-3.437853392428));
#1760 = CARTESIAN_POINT('',(2.012824506086E-03,-3.346354803346));
#1761 = CARTESIAN_POINT('',(2.501264205064E-02,-3.255143492172));
#1762 = CARTESIAN_POINT('',(4.776397435452E-02,-3.16427858195));
#1763 = CARTESIAN_POINT('',(7.026250593725E-02,-3.073818919225));
#1764 = CARTESIAN_POINT('',(9.250258610045E-02,-2.983825093371));
#1765 = CARTESIAN_POINT('',(0.114479391151,-2.894350998938));
#1766 = CARTESIAN_POINT('',(0.136181333971,-2.805475566951));
#1767 = CARTESIAN_POINT('',(0.157618572488,-2.717184277347));
#1768 = CARTESIAN_POINT('',(0.178716875929,-2.62981137795));
#1769 = CARTESIAN_POINT('',(0.199713958653,-2.542389496125));
#1770 = CARTESIAN_POINT('',(0.221103746777,-2.452874126594));
#1771 = CARTESIAN_POINT('',(0.242710991779,-2.362006246384));
#1772 = CARTESIAN_POINT('',(0.264532628355,-2.269808537425));
#1773 = CARTESIAN_POINT('',(0.286519295908,-2.176496147096));
#1774 = CARTESIAN_POINT('',(0.308634133194,-2.082232656086));
#1775 = CARTESIAN_POINT('',(0.33083726745,-1.987195446393));
#1776 = CARTESIAN_POINT('',(0.353090320116,-1.891558261467));
#1777 = CARTESIAN_POINT('',(0.37535518737,-1.795495597645));
#1778 = CARTESIAN_POINT('',(0.397595708326,-1.699182578263));
#1779 = CARTESIAN_POINT('',(0.419773480097,-1.60279106577));
#1780 = CARTESIAN_POINT('',(0.441853126199,-1.506495876806));
#1781 = CARTESIAN_POINT('',(0.46380389507,-1.410477412082));
#1782 = CARTESIAN_POINT('',(0.485592149877,-1.314915074592));
#1783 = CARTESIAN_POINT('',(0.507184073423,-1.219986792673));
#1784 = CARTESIAN_POINT('',(0.528543376651,-1.125877391));
#1785 = CARTESIAN_POINT('',(0.549638904346,-1.032745583556));
#1786 = CARTESIAN_POINT('',(0.570417622863,-0.940847630751));
#1787 = CARTESIAN_POINT('',(0.590906132369,-0.850075717982));
#1788 = CARTESIAN_POINT('',(0.610832624161,-0.761680784272));
#1789 = CARTESIAN_POINT('',(0.631038434316,-0.671842829149));
#1790 = CARTESIAN_POINT('',(0.652379265549,-0.576792367538));
#1791 = CARTESIAN_POINT('',(0.674122550259,-0.479917293164));
#1792 = CARTESIAN_POINT('',(0.695908060557,-0.383106700707));
#1793 = CARTESIAN_POINT('',(0.717446960937,-0.287156168498));
#1794 = CARTESIAN_POINT('',(0.737791949475,-0.198734139307));
#1795 = CARTESIAN_POINT('',(0.758569809755,-0.102111114497));
#1796 = CARTESIAN_POINT('',(0.775545562445,-4.422504067501E-02));
#1797 = CARTESIAN_POINT('',(0.785398163397,-1.83075501867E-02));
#1798 = ( GEOMETRIC_REPRESENTATION_CONTEXT(2) 
PARAMETRIC_REPRESENTATION_CONTEXT() REPRESENTATION_CONTEXT('2D SPACE',''
  ) );
#1799 = PCURVE('',#1230,#1800);
#1800 = DEFINITIONAL_REPRESENTATION('',(#1801),#1871);
#1801 = B_SPLINE_CURVE_WITH_KNOTS('',3,(#1802,#1803,#1804,#1805,#1806,
    #1807,#1808,#1809,#1810,#1811,#1812,#1813,#1814,#1815,#1816,#1817,
    #1818,#1819,#1820,#1821,#1822,#1823,#1824,#1825,#1826,#1827,#1828,
    #1829,#1830,#1831,#1832,#1833,#1834,#1835,#1836,#1837,#1838,#1839,
    #1840,#1841,#1842,#1843,#1844,#1845,#1846,#1847,#1848,#1849,#1850,
    #1851,#1852,#1853,#1854,#1855,#1856,#1857,#1858,#1859,#1860,#1861,
    #1862,#1863,#1864,#1865,#1866,#1867,#1868,#1869,#1870),
  .UNSPECIFIED.,.F.,.F.,(4,1,1,1,1,1,1,1,1,1,1,1,1,1,1,1,1,1,1,1,1,1,1,1
    ,1,1,1,1,1,1,1,1,1,1,1,1,1,1,1,1,1,1,1,1,1,1,1,1,1,1,1,1,1,1,1,1,1,1
    ,1,1,1,1,1,1,1,1,4),(-0.637806935283,-0.62814319384,-0.618479452396,
    -0.608815710952,-0.599151969508,-0.589488228065,-0.579824486621,
    -0.570160745177,-0.560497003734,-0.55083326229,-0.541169520846,
    -0.531505779403,-0.521842037959,-0.512178296515,-0.502514555072,
    -0.492850813628,-0.483187072184,-0.473523330741,-0.463859589297,
    -0.454195847853,-0.444532106409,-0.434868364966,-0.425204623522,
    -0.415540882078,-0.405877140635,-0.396213399191,-0.386549657747,
    -0.376885916304,-0.36722217486,-0.357558433416,-0.347894691973,
    -0.338230950529,-0.328567209085,-0.318903467642,-0.309239726198,
    -0.299575984754,-0.289912243311,-0.280248501867,-0.270584760423,
    -0.260921018979,-0.251257277536,-0.241593536092,-0.231929794648,
    -0.222266053205,-0.212602311761,-0.202938570317,-0.193274828874,
    -0.18361108743,-0.173947345986,-0.164283604543,-0.154619863099,
    -0.144956121655,-0.135292380212,-0.125628638768,-0.115964897324,
    -0.106301155881,-9.663741443685E-02,-8.697367299316E-02,
    -7.730993154948E-02,-6.764619010579E-02,-5.798244866211E-02,
    -4.831870721842E-02,-3.865496577474E-02,-2.899122433105E-02,
    -1.932748288737E-02,-9.663741443685E-03,0.),.UNSPECIFIED.);
#1802 = CARTESIAN_POINT('',(8.177568533564,-2.5));
#1803 = CARTESIAN_POINT('',(8.174347285566,-2.5));
#1804 = CARTESIAN_POINT('',(8.167881803743,-2.49943650234));
#1805 = CARTESIAN_POINT('',(8.158119375432,-2.496935906795));
#1806 = CARTESIAN_POINT('',(8.148297498477,-2.492815106291));
#1807 = CARTESIAN_POINT('',(8.138420912183,-2.487109244332));
#1808 = CARTESIAN_POINT('',(8.128494338359,-2.479853466614));
#1809 = CARTESIAN_POINT('',(8.118522475286,-2.471082910664));
#1810 = CARTESIAN_POINT('',(8.108509992526,-2.460832744483));
#1811 = CARTESIAN_POINT('',(8.098461527709,-2.449138022358));
#1812 = CARTESIAN_POINT('',(8.088381673941,-2.436034222943));
#1813 = CARTESIAN_POINT('',(8.078275002302,-2.421555241153));
#1814 = CARTESIAN_POINT('',(8.068145913324,-2.405743719977));
#1815 = CARTESIAN_POINT('',(8.057998792287,-2.388644230196));
#1816 = CARTESIAN_POINT('',(8.047838051843,-2.370300524822));
#1817 = CARTESIAN_POINT('',(8.037668110194,-2.350756575868));
#1818 = CARTESIAN_POINT('',(8.027493391734,-2.330056297105));
#1819 = CARTESIAN_POINT('',(8.01731831655,-2.308243616266));
#1820 = CARTESIAN_POINT('',(8.007147311734,-2.28536246349));
#1821 = CARTESIAN_POINT('',(7.99698474648,-2.261456745321));
#1822 = CARTESIAN_POINT('',(7.986835150311,-2.236570460276));
#1823 = CARTESIAN_POINT('',(7.976702375296,-2.210747262586));
#1824 = CARTESIAN_POINT('',(7.966589890089,-2.184034584261));
#1825 = CARTESIAN_POINT('',(7.956502170872,-2.156480322478));
#1826 = CARTESIAN_POINT('',(7.946443473316,-2.128132250584));
#1827 = CARTESIAN_POINT('',(7.936418152615,-2.099038175688));
#1828 = CARTESIAN_POINT('',(7.926430571608,-2.06924589368));
#1829 = CARTESIAN_POINT('',(7.916485118943,-2.038803211562));
#1830 = CARTESIAN_POINT('',(7.906586199365,-2.007757903106));
#1831 = CARTESIAN_POINT('',(7.896738226014,-1.976157863896));
#1832 = CARTESIAN_POINT('',(7.886945633239,-1.9440505355));
#1833 = CARTESIAN_POINT('',(7.877212776545,-1.911485978565));
#1834 = CARTESIAN_POINT('',(7.867544118201,-1.878512605758));
#1835 = CARTESIAN_POINT('',(7.857944193482,-1.845178874848));
#1836 = CARTESIAN_POINT('',(7.848417540697,-1.811533050433));
#1837 = CARTESIAN_POINT('',(7.838968932398,-1.777624124695));
#1838 = CARTESIAN_POINT('',(7.82960249194,-1.743498372646));
#1839 = CARTESIAN_POINT('',(7.820324968288,-1.709212210398));
#1840 = CARTESIAN_POINT('',(7.811133493462,-1.674784206835));
#1841 = CARTESIAN_POINT('',(7.802061252371,-1.640374178646));
#1842 = CARTESIAN_POINT('',(7.79300702177,-1.605614798533));
#1843 = CARTESIAN_POINT('',(7.783759223386,-1.569685223411));
#1844 = CARTESIAN_POINT('',(7.774393948404,-1.532893561595));
#1845 = CARTESIAN_POINT('',(7.764913118539,-1.495256808349));
#1846 = CARTESIAN_POINT('',(7.755338525095,-1.456869964899));
#1847 = CARTESIAN_POINT('',(7.745686612847,-1.417807121671));
#1848 = CARTESIAN_POINT('',(7.735975214206,-1.378148006328));
#1849 = CARTESIAN_POINT('',(7.726221730388,-1.33797070839));
#1850 = CARTESIAN_POINT('',(7.716443569614,-1.297354232702));
#1851 = CARTESIAN_POINT('',(7.706658107974,-1.256375560965));
#1852 = CARTESIAN_POINT('',(7.696882302896,-1.215118852118));
#1853 = CARTESIAN_POINT('',(7.687132267361,-1.173688199383));
#1854 = CARTESIAN_POINT('',(7.677424779942,-1.132174686808));
#1855 = CARTESIAN_POINT('',(7.667776622193,-1.090673008226));
#1856 = CARTESIAN_POINT('',(7.658204510175,-1.049276130734));
#1857 = CARTESIAN_POINT('',(7.648725916698,-1.008080318602));
#1858 = CARTESIAN_POINT('',(7.639355749619,-0.96717037413));
#1859 = CARTESIAN_POINT('',(7.630118718065,-0.926673650336));
#1860 = CARTESIAN_POINT('',(7.621003095949,-0.886558759332));
#1861 = CARTESIAN_POINT('',(7.612133215619,-0.84738672613));
#1862 = CARTESIAN_POINT('',(7.60312565294,-0.807507665058));
#1863 = CARTESIAN_POINT('',(7.593601769536,-0.765247895173));
#1864 = CARTESIAN_POINT('',(7.583899954051,-0.722081067371));
#1865 = CARTESIAN_POINT('',(7.574208691371,-0.678737400133));
#1866 = CARTESIAN_POINT('',(7.564607156518,-0.635803486244));
#1867 = CARTESIAN_POINT('',(7.555761769656,-0.59518385369));
#1868 = CARTESIAN_POINT('',(7.546098239783,-0.55365491535));
#1869 = CARTESIAN_POINT('',(7.540309546105,-0.519704877579));
#1870 = CARTESIAN_POINT('',(7.537717770822,-0.5));
#1871 = ( GEOMETRIC_REPRESENTATION_CONTEXT(2) 
PARAMETRIC_REPRESENTATION_CONTEXT() REPRESENTATION_CONTEXT('2D SPACE',''
  ) );
#1872 = ORIENTED_EDGE('',*,*,#1186,.T.);
#1873 = ADVANCED_FACE('',(#1874),#1085,.T.);
#1874 = FACE_BOUND('',#1875,.T.);
#1875 = EDGE_LOOP('',(#1876,#1877,#1900,#1921));
#1876 = ORIENTED_EDGE('',*,*,#1069,.T.);
#1877 = ORIENTED_EDGE('',*,*,#1878,.F.);
#1878 = EDGE_CURVE('',#1879,#1046,#1881,.T.);
#1879 = VERTEX_POINT('',#1880);
#1880 = CARTESIAN_POINT('',(113.5,-10.3708728397,48.622387781431));
#1881 = SURFACE_CURVE('',#1882,(#1886,#1893),.PCURVE_S1.);
#1882 = LINE('',#1883,#1884);
#1883 = CARTESIAN_POINT('',(113.5,-10.3708728397,48.604080231245));
#1884 = VECTOR('',#1885,1.);
#1885 = DIRECTION('',(0.,0.,1.));
#1886 = PCURVE('',#1085,#1887);
#1887 = DEFINITIONAL_REPRESENTATION('',(#1888),#1892);
#1888 = LINE('',#1889,#1890);
#1889 = CARTESIAN_POINT('',(-1.83075501864E-02,4.5));
#1890 = VECTOR('',#1891,1.);
#1891 = DIRECTION('',(1.,0.));
#1892 = ( GEOMETRIC_REPRESENTATION_CONTEXT(2) 
PARAMETRIC_REPRESENTATION_CONTEXT() REPRESENTATION_CONTEXT('2D SPACE',''
  ) );
#1893 = PCURVE('',#832,#1894);
#1894 = DEFINITIONAL_REPRESENTATION('',(#1895),#1899);
#1895 = LINE('',#1896,#1897);
#1896 = CARTESIAN_POINT('',(7.068583470577,0.));
#1897 = VECTOR('',#1898,1.);
#1898 = DIRECTION('',(0.,1.));
#1899 = ( GEOMETRIC_REPRESENTATION_CONTEXT(2) 
PARAMETRIC_REPRESENTATION_CONTEXT() REPRESENTATION_CONTEXT('2D SPACE',''
  ) );
#1900 = ORIENTED_EDGE('',*,*,#1901,.F.);
#1901 = EDGE_CURVE('',#1671,#1879,#1902,.T.);
#1902 = SURFACE_CURVE('',#1903,(#1907,#1914),.PCURVE_S1.);
#1903 = LINE('',#1904,#1905);
#1904 = CARTESIAN_POINT('',(111.5,-10.3708728397,48.622387781431));
#1905 = VECTOR('',#1906,1.);
#1906 = DIRECTION('',(1.,0.,0.));
#1907 = PCURVE('',#1085,#1908);
#1908 = DEFINITIONAL_REPRESENTATION('',(#1909),#1913);
#1909 = LINE('',#1910,#1911);
#1910 = CARTESIAN_POINT('',(2.984279490192E-13,2.5));
#1911 = VECTOR('',#1912,1.);
#1912 = DIRECTION('',(0.,1.));
#1913 = ( GEOMETRIC_REPRESENTATION_CONTEXT(2) 
PARAMETRIC_REPRESENTATION_CONTEXT() REPRESENTATION_CONTEXT('2D SPACE',''
  ) );
#1914 = PCURVE('',#1230,#1915);
#1915 = DEFINITIONAL_REPRESENTATION('',(#1916),#1920);
#1916 = LINE('',#1917,#1918);
#1917 = CARTESIAN_POINT('',(7.537717770822,0.));
#1918 = VECTOR('',#1919,1.);
#1919 = DIRECTION('',(0.,1.));
#1920 = ( GEOMETRIC_REPRESENTATION_CONTEXT(2) 
PARAMETRIC_REPRESENTATION_CONTEXT() REPRESENTATION_CONTEXT('2D SPACE',''
  ) );
#1921 = ORIENTED_EDGE('',*,*,#1670,.F.);
#1922 = ADVANCED_FACE('',(#1923),#832,.T.);
#1923 = FACE_BOUND('',#1924,.T.);
#1924 = EDGE_LOOP('',(#1925,#1926,#1927,#1973,#2001,#2181));
#1925 = ORIENTED_EDGE('',*,*,#1045,.T.);
#1926 = ORIENTED_EDGE('',*,*,#816,.T.);
#1927 = ORIENTED_EDGE('',*,*,#1928,.T.);
#1928 = EDGE_CURVE('',#683,#1929,#1931,.T.);
#1929 = VERTEX_POINT('',#1930);
#1930 = CARTESIAN_POINT('',(115.5,-12.3708728397,143.00000217557));
#1931 = SURFACE_CURVE('',#1932,(#1937,#1944),.PCURVE_S1.);
#1932 = CIRCLE('',#1933,2.);
#1933 = AXIS2_PLACEMENT_3D('',#1934,#1935,#1936);
#1934 = CARTESIAN_POINT('',(113.5,-12.3708728397,143.00000217557));
#1935 = DIRECTION('',(0.,0.,-1.));
#1936 = DIRECTION('',(0.,1.,0.));
#1937 = PCURVE('',#832,#1938);
#1938 = DEFINITIONAL_REPRESENTATION('',(#1939),#1943);
#1939 = LINE('',#1940,#1941);
#1940 = CARTESIAN_POINT('',(7.068583470577,94.395921944325));
#1941 = VECTOR('',#1942,1.);
#1942 = DIRECTION('',(-1.,0.));
#1943 = ( GEOMETRIC_REPRESENTATION_CONTEXT(2) 
PARAMETRIC_REPRESENTATION_CONTEXT() REPRESENTATION_CONTEXT('2D SPACE',''
  ) );
#1944 = PCURVE('',#703,#1945);
#1945 = DEFINITIONAL_REPRESENTATION('',(#1946),#1972);
#1946 = B_SPLINE_CURVE_WITH_KNOTS('',3,(#1947,#1948,#1949,#1950,#1951,
    #1952,#1953,#1954,#1955,#1956,#1957,#1958,#1959,#1960,#1961,#1962,
    #1963,#1964,#1965,#1966,#1967,#1968,#1969,#1970,#1971),
  .UNSPECIFIED.,.F.,.F.,(4,1,1,1,1,1,1,1,1,1,1,1,1,1,1,1,1,1,1,1,1,1,4),
  (0.848063374368,0.880914872205,0.913766370043,0.946617867881,
    0.979469365718,1.012320863556,1.045172361393,1.078023859231,
    1.110875357069,1.143726854906,1.176578352744,1.209429850581,
    1.242281348419,1.275132846257,1.307984344094,1.340835841932,
    1.373687339769,1.406538837607,1.439390335445,1.472241833282,
    1.50509333112,1.537944828957,1.570796326795),.QUASI_UNIFORM_KNOTS.);
#1947 = CARTESIAN_POINT('',(-0.844827958099,1.570796326795));
#1948 = CARTESIAN_POINT('',(-0.855219890628,1.570796326795));
#1949 = CARTESIAN_POINT('',(-0.87601442087,1.570796326795));
#1950 = CARTESIAN_POINT('',(-0.90725524754,1.570796326795));
#1951 = CARTESIAN_POINT('',(-0.938562088096,1.570796326795));
#1952 = CARTESIAN_POINT('',(-0.969952111217,1.570796326795));
#1953 = CARTESIAN_POINT('',(-1.001442655478,1.570796326795));
#1954 = CARTESIAN_POINT('',(-1.033051282608,1.570796326795));
#1955 = CARTESIAN_POINT('',(-1.064795813407,1.570796326795));
#1956 = CARTESIAN_POINT('',(-1.096694369794,1.570796326795));
#1957 = CARTESIAN_POINT('',(-1.12876541698,1.570796326795));
#1958 = CARTESIAN_POINT('',(-1.16102780763,1.570796326795));
#1959 = CARTESIAN_POINT('',(-1.193500827811,1.570796326795));
#1960 = CARTESIAN_POINT('',(-1.226204245081,1.570796326795));
#1961 = CARTESIAN_POINT('',(-1.259158358959,1.570796326795));
#1962 = CARTESIAN_POINT('',(-1.292384054081,1.570796326795));
#1963 = CARTESIAN_POINT('',(-1.325902856258,1.570796326795));
#1964 = CARTESIAN_POINT('',(-1.359736992123,1.570796326795));
#1965 = CARTESIAN_POINT('',(-1.393909451436,1.570796326795));
#1966 = CARTESIAN_POINT('',(-1.428444057257,1.570796326795));
#1967 = CARTESIAN_POINT('',(-1.463365526499,1.570796326795));
#1968 = CARTESIAN_POINT('',(-1.498699588186,1.570796326795));
#1969 = CARTESIAN_POINT('',(-1.534472910555,1.570796326795));
#1970 = CARTESIAN_POINT('',(-1.558633482375,1.570796326795));
#1971 = CARTESIAN_POINT('',(-1.570796326795,1.570796326795));
#1972 = ( GEOMETRIC_REPRESENTATION_CONTEXT(2) 
PARAMETRIC_REPRESENTATION_CONTEXT() REPRESENTATION_CONTEXT('2D SPACE',''
  ) );
#1973 = ORIENTED_EDGE('',*,*,#1974,.T.);
#1974 = EDGE_CURVE('',#1929,#1975,#1977,.T.);
#1975 = VERTEX_POINT('',#1976);
#1976 = CARTESIAN_POINT('',(115.5,-12.3708728397,54.585862058022));
#1977 = SURFACE_CURVE('',#1978,(#1982,#1989),.PCURVE_S1.);
#1978 = LINE('',#1979,#1980);
#1979 = CARTESIAN_POINT('',(115.5,-12.3708728397,48.604080231245));
#1980 = VECTOR('',#1981,1.);
#1981 = DIRECTION('',(0.,0.,-1.));
#1982 = PCURVE('',#832,#1983);
#1983 = DEFINITIONAL_REPRESENTATION('',(#1984),#1988);
#1984 = LINE('',#1985,#1986);
#1985 = CARTESIAN_POINT('',(5.497787143782,0.));
#1986 = VECTOR('',#1987,1.);
#1987 = DIRECTION('',(0.,-1.));
#1988 = ( GEOMETRIC_REPRESENTATION_CONTEXT(2) 
PARAMETRIC_REPRESENTATION_CONTEXT() REPRESENTATION_CONTEXT('2D SPACE',''
  ) );
#1989 = PCURVE('',#1990,#1995);
#1990 = PLANE('',#1991);
#1991 = AXIS2_PLACEMENT_3D('',#1992,#1993,#1994);
#1992 = CARTESIAN_POINT('',(115.5,-20.3708058062,48.585772681058));
#1993 = DIRECTION('',(1.,0.,0.));
#1994 = DIRECTION('',(-0.,1.,0.));
#1995 = DEFINITIONAL_REPRESENTATION('',(#1996),#2000);
#1996 = LINE('',#1997,#1998);
#1997 = CARTESIAN_POINT('',(7.999932966497,1.83075501864E-02));
#1998 = VECTOR('',#1999,1.);
#1999 = DIRECTION('',(0.,-1.));
#2000 = ( GEOMETRIC_REPRESENTATION_CONTEXT(2) 
PARAMETRIC_REPRESENTATION_CONTEXT() REPRESENTATION_CONTEXT('2D SPACE',''
  ) );
#2001 = ORIENTED_EDGE('',*,*,#2002,.F.);
#2002 = EDGE_CURVE('',#1879,#1975,#2003,.T.);
#2003 = SURFACE_CURVE('',#2004,(#2035,#2108),.PCURVE_S1.);
#2004 = B_SPLINE_CURVE_WITH_KNOTS('',3,(#2005,#2006,#2007,#2008,#2009,
    #2010,#2011,#2012,#2013,#2014,#2015,#2016,#2017,#2018,#2019,#2020,
    #2021,#2022,#2023,#2024,#2025,#2026,#2027,#2028,#2029,#2030,#2031,
    #2032,#2033,#2034),.UNSPECIFIED.,.F.,.F.,(4,2,2,2,2,2,2,2,2,2,2,2,2,
    2,4),(1.009228489498,1.009490923168,1.009753356838,1.010278224178,
    1.011775928755,1.013273633333,1.020486970105,1.027700306877,
    1.086009267904,1.182348322011,1.278687376117,1.370774388283,
    1.462861400449,1.554948412616,1.647035424782),.UNSPECIFIED.);
#2005 = CARTESIAN_POINT('',(113.5,-10.3708728397,48.622387781431));
#2006 = CARTESIAN_POINT('',(113.5008747789,-10.3708728397,
    48.622387781431));
#2007 = CARTESIAN_POINT('',(113.50173653733,-10.37087342055,
    48.622547246528));
#2008 = CARTESIAN_POINT('',(113.50340379516,-10.37087556173,
    48.623124875853));
#2009 = CARTESIAN_POINT('',(113.50420917911,-10.37087712459,
    48.623543373228));
#2010 = CARTESIAN_POINT('',(113.5065152112,-10.37088285418,
    48.625040006294));
#2011 = CARTESIAN_POINT('',(113.50790677432,-10.37088811772,
    48.626366762491));
#2012 = CARTESIAN_POINT('',(113.51247475293,-10.37090888439,
    48.631325234227));
#2013 = CARTESIAN_POINT('',(113.5154211871,-10.37093031723,
    48.635893367437));
#2014 = CARTESIAN_POINT('',(113.52104416222,-10.37098158084,
    48.645248238922));
#2015 = CARTESIAN_POINT('',(113.52366747421,-10.37101152132,
    48.650066868272));
#2016 = CARTESIAN_POINT('',(113.53723467087,-10.3711879105,
    48.675738566254));
#2017 = CARTESIAN_POINT('',(113.54834350294,-10.37142624032,
    48.69971795455));
#2018 = CARTESIAN_POINT('',(113.57058575056,-10.37208785091,
    48.747681597218));
#2019 = CARTESIAN_POINT('',(113.58154770334,-10.37251127207,
    48.77174517629));
#2020 = CARTESIAN_POINT('',(113.67182491538,-10.37664516351,
    48.970578879628));
#2021 = CARTESIAN_POINT('',(113.76650341352,-10.38710183877,
    49.183476974753));
#2022 = CARTESIAN_POINT('',(113.97503114428,-10.42363419515,
    49.653492933166));
#2023 = CARTESIAN_POINT('',(114.11608764646,-10.46241437454,
    49.974798549745));
#2024 = CARTESIAN_POINT('',(114.38952664403,-10.57350810236,
    50.615199049139));
#2025 = CARTESIAN_POINT('',(114.52167845479,-10.64588799132,
    50.934380896068));
#2026 = CARTESIAN_POINT('',(114.74585780777,-10.80066162587,
    51.500315413559));
#2027 = CARTESIAN_POINT('',(114.85517859185,-10.89245704055,
    51.788513060248));
#2028 = CARTESIAN_POINT('',(115.05937608789,-11.10969541744,
    52.371069980681));
#2029 = CARTESIAN_POINT('',(115.15422668448,-11.23515500009,
    52.66543221011));
#2030 = CARTESIAN_POINT('',(115.31564481028,-11.51661786295,
    53.244860303192));
#2031 = CARTESIAN_POINT('',(115.38221656506,-11.67269773097,
    53.53005996909));
#2032 = CARTESIAN_POINT('',(115.47441600945,-12.00773499499,
    54.077776640655));
#2033 = CARTESIAN_POINT('',(115.5,-12.18669607188,54.340298749885));
#2034 = CARTESIAN_POINT('',(115.5,-12.3708728397,54.585862058022));
#2035 = PCURVE('',#832,#2036);
#2036 = DEFINITIONAL_REPRESENTATION('',(#2037),#2107);
#2037 = B_SPLINE_CURVE_WITH_KNOTS('',3,(#2038,#2039,#2040,#2041,#2042,
    #2043,#2044,#2045,#2046,#2047,#2048,#2049,#2050,#2051,#2052,#2053,
    #2054,#2055,#2056,#2057,#2058,#2059,#2060,#2061,#2062,#2063,#2064,
    #2065,#2066,#2067,#2068,#2069,#2070,#2071,#2072,#2073,#2074,#2075,
    #2076,#2077,#2078,#2079,#2080,#2081,#2082,#2083,#2084,#2085,#2086,
    #2087,#2088,#2089,#2090,#2091,#2092,#2093,#2094,#2095,#2096,#2097,
    #2098,#2099,#2100,#2101,#2102,#2103,#2104,#2105,#2106),
  .UNSPECIFIED.,.F.,.F.,(4,1,1,1,1,1,1,1,1,1,1,1,1,1,1,1,1,1,1,1,1,1,1,1
    ,1,1,1,1,1,1,1,1,1,1,1,1,1,1,1,1,1,1,1,1,1,1,1,1,1,1,1,1,1,1,1,1,1,1
    ,1,1,1,1,1,1,1,1,4),(1.009228489498,1.018892230942,1.028555972386,
    1.038219713829,1.047883455273,1.057547196717,1.067210938161,
    1.076874679604,1.086538421048,1.096202162492,1.105865903935,
    1.115529645379,1.125193386823,1.134857128266,1.14452086971,
    1.154184611154,1.163848352597,1.173512094041,1.183175835485,
    1.192839576928,1.202503318372,1.212167059816,1.221830801259,
    1.231494542703,1.241158284147,1.250822025591,1.260485767034,
    1.270149508478,1.279813249922,1.289476991365,1.299140732809,
    1.308804474253,1.318468215696,1.32813195714,1.337795698584,
    1.347459440027,1.357123181471,1.366786922915,1.376450664358,
    1.386114405802,1.395778147246,1.405441888689,1.415105630133,
    1.424769371577,1.434433113021,1.444096854464,1.453760595908,
    1.463424337352,1.473088078795,1.482751820239,1.492415561683,
    1.502079303126,1.51174304457,1.521406786014,1.531070527457,
    1.540734268901,1.550398010345,1.560061751788,1.569725493232,
    1.579389234676,1.58905297612,1.598716717563,1.608380459007,
    1.618044200451,1.627707941894,1.637371683338,1.647035424782),
  .QUASI_UNIFORM_KNOTS.);
#2038 = CARTESIAN_POINT('',(7.068583470577,1.83075501867E-02));
#2039 = CARTESIAN_POINT('',(7.058730869624,4.422504067502E-02));
#2040 = CARTESIAN_POINT('',(7.041755116934,0.102111114497));
#2041 = CARTESIAN_POINT('',(7.020977256655,0.198734139307));
#2042 = CARTESIAN_POINT('',(7.000632268117,0.287156168498));
#2043 = CARTESIAN_POINT('',(6.979093367737,0.383106700707));
#2044 = CARTESIAN_POINT('',(6.957307857439,0.479917293164));
#2045 = CARTESIAN_POINT('',(6.935564572729,0.576792367538));
#2046 = CARTESIAN_POINT('',(6.914223741495,0.671842829149));
#2047 = CARTESIAN_POINT('',(6.89401793134,0.761680784272));
#2048 = CARTESIAN_POINT('',(6.874091439549,0.850075717982));
#2049 = CARTESIAN_POINT('',(6.853602930042,0.940847630751));
#2050 = CARTESIAN_POINT('',(6.832824211526,1.032745583556));
#2051 = CARTESIAN_POINT('',(6.811728683831,1.125877391));
#2052 = CARTESIAN_POINT('',(6.790369380603,1.219986792673));
#2053 = CARTESIAN_POINT('',(6.768777457056,1.314915074592));
#2054 = CARTESIAN_POINT('',(6.746989202249,1.410477412082));
#2055 = CARTESIAN_POINT('',(6.725038433379,1.506495876806));
#2056 = CARTESIAN_POINT('',(6.702958787276,1.60279106577));
#2057 = CARTESIAN_POINT('',(6.680781015506,1.699182578263));
#2058 = CARTESIAN_POINT('',(6.65854049455,1.795495597645));
#2059 = CARTESIAN_POINT('',(6.636275627295,1.891558261467));
#2060 = CARTESIAN_POINT('',(6.614022574629,1.987195446393));
#2061 = CARTESIAN_POINT('',(6.591819440373,2.082232656086));
#2062 = CARTESIAN_POINT('',(6.569704603088,2.176496147096));
#2063 = CARTESIAN_POINT('',(6.547717935535,2.269808537425));
#2064 = CARTESIAN_POINT('',(6.525896298959,2.362006246384));
#2065 = CARTESIAN_POINT('',(6.504289053957,2.452874126594));
#2066 = CARTESIAN_POINT('',(6.482899265833,2.542389496125));
#2067 = CARTESIAN_POINT('',(6.461902183109,2.62981137795));
#2068 = CARTESIAN_POINT('',(6.440803879667,2.717184277347));
#2069 = CARTESIAN_POINT('',(6.419366641151,2.805475566951));
#2070 = CARTESIAN_POINT('',(6.397664698331,2.894350998938));
#2071 = CARTESIAN_POINT('',(6.37568789328,2.983825093372));
#2072 = CARTESIAN_POINT('',(6.353447813117,3.073818919225));
#2073 = CARTESIAN_POINT('',(6.330949281534,3.16427858195));
#2074 = CARTESIAN_POINT('',(6.30819794923,3.255143492172));
#2075 = CARTESIAN_POINT('',(6.285198131686,3.346354803346));
#2076 = CARTESIAN_POINT('',(6.261953562396,3.437853392428));
#2077 = CARTESIAN_POINT('',(6.238466243555,3.529579499547));
#2078 = CARTESIAN_POINT('',(6.214741301907,3.621477519305));
#2079 = CARTESIAN_POINT('',(6.190785665714,3.713494292904));
#2080 = CARTESIAN_POINT('',(6.166605121177,3.805576083282));
#2081 = CARTESIAN_POINT('',(6.142204948477,3.897669311298));
#2082 = CARTESIAN_POINT('',(6.117589676678,3.989720344389));
#2083 = CARTESIAN_POINT('',(6.09276306128,4.081675605762));
#2084 = CARTESIAN_POINT('',(6.067728057366,4.173481348966));
#2085 = CARTESIAN_POINT('',(6.042486595934,4.265084450408));
#2086 = CARTESIAN_POINT('',(6.017040163131,4.356429464722));
#2087 = CARTESIAN_POINT('',(5.99138735691,4.447469702024));
#2088 = CARTESIAN_POINT('',(5.965532554324,4.538162548047));
#2089 = CARTESIAN_POINT('',(5.939480854757,4.628459397939));
#2090 = CARTESIAN_POINT('',(5.913236416764,4.718313251629));
#2091 = CARTESIAN_POINT('',(5.886802811728,4.807676680502));
#2092 = CARTESIAN_POINT('',(5.860182831738,4.89650236534));
#2093 = CARTESIAN_POINT('',(5.833378471599,4.98474297788));
#2094 = CARTESIAN_POINT('',(5.806390771491,5.072351116637));
#2095 = CARTESIAN_POINT('',(5.779220057542,5.159279682067));
#2096 = CARTESIAN_POINT('',(5.751864748005,5.245480440081));
#2097 = CARTESIAN_POINT('',(5.724326714297,5.33091091325));
#2098 = CARTESIAN_POINT('',(5.696610621946,5.415532875468));
#2099 = CARTESIAN_POINT('',(5.668719855652,5.49930713501));
#2100 = CARTESIAN_POINT('',(5.640657367697,5.582194758887));
#2101 = CARTESIAN_POINT('',(5.612425336976,5.664156744785));
#2102 = CARTESIAN_POINT('',(5.584025161091,5.745154108962));
#2103 = CARTESIAN_POINT('',(5.555457318992,5.825147862703));
#2104 = CARTESIAN_POINT('',(5.526721435675,5.904099018622));
#2105 = CARTESIAN_POINT('',(5.507450937954,5.956012065526));
#2106 = CARTESIAN_POINT('',(5.497787143782,5.981781826778));
#2107 = ( GEOMETRIC_REPRESENTATION_CONTEXT(2) 
PARAMETRIC_REPRESENTATION_CONTEXT() REPRESENTATION_CONTEXT('2D SPACE',''
  ) );
#2108 = PCURVE('',#1230,#2109);
#2109 = DEFINITIONAL_REPRESENTATION('',(#2110),#2180);
#2110 = B_SPLINE_CURVE_WITH_KNOTS('',3,(#2111,#2112,#2113,#2114,#2115,
    #2116,#2117,#2118,#2119,#2120,#2121,#2122,#2123,#2124,#2125,#2126,
    #2127,#2128,#2129,#2130,#2131,#2132,#2133,#2134,#2135,#2136,#2137,
    #2138,#2139,#2140,#2141,#2142,#2143,#2144,#2145,#2146,#2147,#2148,
    #2149,#2150,#2151,#2152,#2153,#2154,#2155,#2156,#2157,#2158,#2159,
    #2160,#2161,#2162,#2163,#2164,#2165,#2166,#2167,#2168,#2169,#2170,
    #2171,#2172,#2173,#2174,#2175,#2176,#2177,#2178,#2179),
  .UNSPECIFIED.,.F.,.F.,(4,1,1,1,1,1,1,1,1,1,1,1,1,1,1,1,1,1,1,1,1,1,1,1
    ,1,1,1,1,1,1,1,1,1,1,1,1,1,1,1,1,1,1,1,1,1,1,1,1,1,1,1,1,1,1,1,1,1,1
    ,1,1,1,1,1,1,1,1,4),(1.009228489498,1.018892230942,1.028555972386,
    1.038219713829,1.047883455273,1.057547196717,1.067210938161,
    1.076874679604,1.086538421048,1.096202162492,1.105865903935,
    1.115529645379,1.125193386823,1.134857128266,1.14452086971,
    1.154184611154,1.163848352597,1.173512094041,1.183175835485,
    1.192839576928,1.202503318372,1.212167059816,1.221830801259,
    1.231494542703,1.241158284147,1.250822025591,1.260485767034,
    1.270149508478,1.279813249922,1.289476991365,1.299140732809,
    1.308804474253,1.318468215696,1.32813195714,1.337795698584,
    1.347459440027,1.357123181471,1.366786922915,1.376450664358,
    1.386114405802,1.395778147246,1.405441888689,1.415105630133,
    1.424769371577,1.434433113021,1.444096854464,1.453760595908,
    1.463424337352,1.473088078795,1.482751820239,1.492415561683,
    1.502079303126,1.51174304457,1.521406786014,1.531070527457,
    1.540734268901,1.550398010345,1.560061751788,1.569725493232,
    1.579389234676,1.58905297612,1.598716717563,1.608380459007,
    1.618044200451,1.627707941894,1.637371683338,1.647035424782),
  .QUASI_UNIFORM_KNOTS.);
#2111 = CARTESIAN_POINT('',(7.537717770822,2.));
#2112 = CARTESIAN_POINT('',(7.540309546105,2.019704877579));
#2113 = CARTESIAN_POINT('',(7.546098239783,2.05365491535));
#2114 = CARTESIAN_POINT('',(7.555761769656,2.09518385369));
#2115 = CARTESIAN_POINT('',(7.564607156518,2.135803486244));
#2116 = CARTESIAN_POINT('',(7.574208691371,2.178737400133));
#2117 = CARTESIAN_POINT('',(7.583899954051,2.222081067371));
#2118 = CARTESIAN_POINT('',(7.593601769536,2.265247895173));
#2119 = CARTESIAN_POINT('',(7.60312565294,2.307507665058));
#2120 = CARTESIAN_POINT('',(7.612133215619,2.34738672613));
#2121 = CARTESIAN_POINT('',(7.621003095949,2.386558759332));
#2122 = CARTESIAN_POINT('',(7.630118718065,2.426673650336));
#2123 = CARTESIAN_POINT('',(7.639355749619,2.46717037413));
#2124 = CARTESIAN_POINT('',(7.648725916698,2.508080318602));
#2125 = CARTESIAN_POINT('',(7.658204510175,2.549276130734));
#2126 = CARTESIAN_POINT('',(7.667776622193,2.590673008226));
#2127 = CARTESIAN_POINT('',(7.677424779942,2.632174686808));
#2128 = CARTESIAN_POINT('',(7.687132267361,2.673688199383));
#2129 = CARTESIAN_POINT('',(7.696882302896,2.715118852118));
#2130 = CARTESIAN_POINT('',(7.706658107974,2.756375560965));
#2131 = CARTESIAN_POINT('',(7.716443569614,2.797354232702));
#2132 = CARTESIAN_POINT('',(7.726221730388,2.83797070839));
#2133 = CARTESIAN_POINT('',(7.735975214206,2.878148006327));
#2134 = CARTESIAN_POINT('',(7.745686612847,2.917807121671));
#2135 = CARTESIAN_POINT('',(7.755338525095,2.956869964899));
#2136 = CARTESIAN_POINT('',(7.764913118539,2.995256808349));
#2137 = CARTESIAN_POINT('',(7.774393948404,3.032893561595));
#2138 = CARTESIAN_POINT('',(7.783759223386,3.069685223411));
#2139 = CARTESIAN_POINT('',(7.79300702177,3.105614798533));
#2140 = CARTESIAN_POINT('',(7.802061252371,3.140374178646));
#2141 = CARTESIAN_POINT('',(7.811133493462,3.174784206835));
#2142 = CARTESIAN_POINT('',(7.820324968288,3.209212210398));
#2143 = CARTESIAN_POINT('',(7.82960249194,3.243498372646));
#2144 = CARTESIAN_POINT('',(7.838968932398,3.277624124695));
#2145 = CARTESIAN_POINT('',(7.848417540697,3.311533050433));
#2146 = CARTESIAN_POINT('',(7.857944193482,3.345178874848));
#2147 = CARTESIAN_POINT('',(7.867544118201,3.378512605758));
#2148 = CARTESIAN_POINT('',(7.877212776545,3.411485978565));
#2149 = CARTESIAN_POINT('',(7.886945633239,3.4440505355));
#2150 = CARTESIAN_POINT('',(7.896738226014,3.476157863896));
#2151 = CARTESIAN_POINT('',(7.906586199365,3.507757903106));
#2152 = CARTESIAN_POINT('',(7.916485118943,3.538803211562));
#2153 = CARTESIAN_POINT('',(7.926430571608,3.569245893679));
#2154 = CARTESIAN_POINT('',(7.936418152615,3.599038175688));
#2155 = CARTESIAN_POINT('',(7.946443473316,3.628132250584));
#2156 = CARTESIAN_POINT('',(7.956502170872,3.656480322478));
#2157 = CARTESIAN_POINT('',(7.966589890089,3.684034584261));
#2158 = CARTESIAN_POINT('',(7.976702375296,3.710747262586));
#2159 = CARTESIAN_POINT('',(7.986835150311,3.736570460276));
#2160 = CARTESIAN_POINT('',(7.99698474648,3.761456745321));
#2161 = CARTESIAN_POINT('',(8.007147311734,3.78536246349));
#2162 = CARTESIAN_POINT('',(8.01731831655,3.808243616266));
#2163 = CARTESIAN_POINT('',(8.027493391734,3.830056297105));
#2164 = CARTESIAN_POINT('',(8.037668110194,3.850756575868));
#2165 = CARTESIAN_POINT('',(8.047838051843,3.870300524822));
#2166 = CARTESIAN_POINT('',(8.057998792287,3.888644230196));
#2167 = CARTESIAN_POINT('',(8.068145913324,3.905743719977));
#2168 = CARTESIAN_POINT('',(8.078275002302,3.921555241153));
#2169 = CARTESIAN_POINT('',(8.088381673941,3.936034222943));
#2170 = CARTESIAN_POINT('',(8.098461527709,3.949138022359));
#2171 = CARTESIAN_POINT('',(8.108509992526,3.960832744483));
#2172 = CARTESIAN_POINT('',(8.118522475286,3.971082910664));
#2173 = CARTESIAN_POINT('',(8.128494338359,3.979853466614));
#2174 = CARTESIAN_POINT('',(8.138420912183,3.987109244332));
#2175 = CARTESIAN_POINT('',(8.148297498477,3.992815106291));
#2176 = CARTESIAN_POINT('',(8.158119375432,3.996935906795));
#2177 = CARTESIAN_POINT('',(8.167881803743,3.99943650234));
#2178 = CARTESIAN_POINT('',(8.174347285566,4.));
#2179 = CARTESIAN_POINT('',(8.177568533564,4.));
#2180 = ( GEOMETRIC_REPRESENTATION_CONTEXT(2) 
PARAMETRIC_REPRESENTATION_CONTEXT() REPRESENTATION_CONTEXT('2D SPACE',''
  ) );
#2181 = ORIENTED_EDGE('',*,*,#1878,.T.);
#2182 = ADVANCED_FACE('',(#2183),#2197,.F.);
#2183 = FACE_BOUND('',#2184,.F.);
#2184 = EDGE_LOOP('',(#2185,#2215,#2246,#2247));
#2185 = ORIENTED_EDGE('',*,*,#2186,.T.);
#2186 = EDGE_CURVE('',#2187,#2189,#2191,.T.);
#2187 = VERTEX_POINT('',#2188);
#2188 = CARTESIAN_POINT('',(115.5,-24.98564426664,48.591289572996));
#2189 = VERTEX_POINT('',#2190);
#2190 = CARTESIAN_POINT('',(114.5,-24.98564426664,48.591289572996));
#2191 = SEAM_CURVE('',#2192,(#2196,#2208),.PCURVE_S1.);
#2192 = LINE('',#2193,#2194);
#2193 = CARTESIAN_POINT('',(115.5,-24.98564426664,48.591289572996));
#2194 = VECTOR('',#2195,1.);
#2195 = DIRECTION('',(-1.,0.,0.));
#2196 = PCURVE('',#2197,#2202);
#2197 = CYLINDRICAL_SURFACE('',#2198,4.625);
#2198 = AXIS2_PLACEMENT_3D('',#2199,#2200,#2201);
#2199 = CARTESIAN_POINT('',(115.5,-20.36064426664,48.591289572996));
#2200 = DIRECTION('',(-1.,0.,0.));
#2201 = DIRECTION('',(0.,1.,0.));
#2202 = DEFINITIONAL_REPRESENTATION('',(#2203),#2207);
#2203 = LINE('',#2204,#2205);
#2204 = CARTESIAN_POINT('',(9.424777960769,0.));
#2205 = VECTOR('',#2206,1.);
#2206 = DIRECTION('',(0.,1.));
#2207 = ( GEOMETRIC_REPRESENTATION_CONTEXT(2) 
PARAMETRIC_REPRESENTATION_CONTEXT() REPRESENTATION_CONTEXT('2D SPACE',''
  ) );
#2208 = PCURVE('',#2197,#2209);
#2209 = DEFINITIONAL_REPRESENTATION('',(#2210),#2214);
#2210 = LINE('',#2211,#2212);
#2211 = CARTESIAN_POINT('',(3.14159265359,0.));
#2212 = VECTOR('',#2213,1.);
#2213 = DIRECTION('',(0.,1.));
#2214 = ( GEOMETRIC_REPRESENTATION_CONTEXT(2) 
PARAMETRIC_REPRESENTATION_CONTEXT() REPRESENTATION_CONTEXT('2D SPACE',''
  ) );
#2215 = ORIENTED_EDGE('',*,*,#2216,.F.);
#2216 = EDGE_CURVE('',#2189,#2189,#2217,.T.);
#2217 = SURFACE_CURVE('',#2218,(#2223,#2230),.PCURVE_S1.);
#2218 = CIRCLE('',#2219,4.625);
#2219 = AXIS2_PLACEMENT_3D('',#2220,#2221,#2222);
#2220 = CARTESIAN_POINT('',(114.5,-20.36064426664,48.591289572996));
#2221 = DIRECTION('',(-1.,0.,0.));
#2222 = DIRECTION('',(0.,1.,0.));
#2223 = PCURVE('',#2197,#2224);
#2224 = DEFINITIONAL_REPRESENTATION('',(#2225),#2229);
#2225 = LINE('',#2226,#2227);
#2226 = CARTESIAN_POINT('',(0.,1.));
#2227 = VECTOR('',#2228,1.);
#2228 = DIRECTION('',(1.,0.));
#2229 = ( GEOMETRIC_REPRESENTATION_CONTEXT(2) 
PARAMETRIC_REPRESENTATION_CONTEXT() REPRESENTATION_CONTEXT('2D SPACE',''
  ) );
#2230 = PCURVE('',#2231,#2236);
#2231 = PLANE('',#2232);
#2232 = AXIS2_PLACEMENT_3D('',#2233,#2234,#2235);
#2233 = CARTESIAN_POINT('',(114.5,-20.36064426664,48.591289572996));
#2234 = DIRECTION('',(1.,0.,0.));
#2235 = DIRECTION('',(-0.,1.,0.));
#2236 = DEFINITIONAL_REPRESENTATION('',(#2237),#2245);
#2237 = ( BOUNDED_CURVE() B_SPLINE_CURVE(2,(#2238,#2239,#2240,#2241,
#2242,#2243,#2244),.UNSPECIFIED.,.T.,.F.) B_SPLINE_CURVE_WITH_KNOTS((1,2
    ,2,2,2,1),(-2.094395102393,0.,2.094395102393,4.188790204786,
6.28318530718,8.377580409573),.UNSPECIFIED.) CURVE() 
GEOMETRIC_REPRESENTATION_ITEM() RATIONAL_B_SPLINE_CURVE((1.,0.5,1.,0.5,
1.,0.5,1.)) REPRESENTATION_ITEM('') );
#2238 = CARTESIAN_POINT('',(4.625,0.));
#2239 = CARTESIAN_POINT('',(4.625,-8.010734985006));
#2240 = CARTESIAN_POINT('',(-2.3125,-4.005367492503));
#2241 = CARTESIAN_POINT('',(-9.25,-1.132798289211E-15));
#2242 = CARTESIAN_POINT('',(-2.3125,4.005367492503));
#2243 = CARTESIAN_POINT('',(4.625,8.010734985006));
#2244 = CARTESIAN_POINT('',(4.625,0.));
#2245 = ( GEOMETRIC_REPRESENTATION_CONTEXT(2) 
PARAMETRIC_REPRESENTATION_CONTEXT() REPRESENTATION_CONTEXT('2D SPACE',''
  ) );
#2246 = ORIENTED_EDGE('',*,*,#2186,.F.);
#2247 = ORIENTED_EDGE('',*,*,#2248,.T.);
#2248 = EDGE_CURVE('',#2187,#2187,#2249,.T.);
#2249 = SURFACE_CURVE('',#2250,(#2255,#2262),.PCURVE_S1.);
#2250 = CIRCLE('',#2251,4.625);
#2251 = AXIS2_PLACEMENT_3D('',#2252,#2253,#2254);
#2252 = CARTESIAN_POINT('',(115.5,-20.36064426664,48.591289572996));
#2253 = DIRECTION('',(-1.,0.,0.));
#2254 = DIRECTION('',(0.,1.,0.));
#2255 = PCURVE('',#2197,#2256);
#2256 = DEFINITIONAL_REPRESENTATION('',(#2257),#2261);
#2257 = LINE('',#2258,#2259);
#2258 = CARTESIAN_POINT('',(0.,0.));
#2259 = VECTOR('',#2260,1.);
#2260 = DIRECTION('',(1.,0.));
#2261 = ( GEOMETRIC_REPRESENTATION_CONTEXT(2) 
PARAMETRIC_REPRESENTATION_CONTEXT() REPRESENTATION_CONTEXT('2D SPACE',''
  ) );
#2262 = PCURVE('',#1990,#2263);
#2263 = DEFINITIONAL_REPRESENTATION('',(#2264),#2272);
#2264 = ( BOUNDED_CURVE() B_SPLINE_CURVE(2,(#2265,#2266,#2267,#2268,
#2269,#2270,#2271),.UNSPECIFIED.,.T.,.F.) B_SPLINE_CURVE_WITH_KNOTS((1,2
    ,2,2,2,1),(-2.094395102393,0.,2.094395102393,4.188790204786,
6.28318530718,8.377580409573),.UNSPECIFIED.) CURVE() 
GEOMETRIC_REPRESENTATION_ITEM() RATIONAL_B_SPLINE_CURVE((1.,0.5,1.,0.5,
1.,0.5,1.)) REPRESENTATION_ITEM('') );
#2265 = CARTESIAN_POINT('',(4.635161539561,5.516891937596E-03));
#2266 = CARTESIAN_POINT('',(4.635161539561,-8.005218093068));
#2267 = CARTESIAN_POINT('',(-2.302338460439,-3.999850600565));
#2268 = CARTESIAN_POINT('',(-9.239838460439,5.516891937595E-03));
#2269 = CARTESIAN_POINT('',(-2.302338460439,4.010884384441));
#2270 = CARTESIAN_POINT('',(4.635161539561,8.016251876944));
#2271 = CARTESIAN_POINT('',(4.635161539561,5.516891937596E-03));
#2272 = ( GEOMETRIC_REPRESENTATION_CONTEXT(2) 
PARAMETRIC_REPRESENTATION_CONTEXT() REPRESENTATION_CONTEXT('2D SPACE',''
  ) );
#2273 = ADVANCED_FACE('',(#2274,#2277),#2231,.T.);
#2274 = FACE_BOUND('',#2275,.T.);
#2275 = EDGE_LOOP('',(#2276));
#2276 = ORIENTED_EDGE('',*,*,#2216,.F.);
#2277 = FACE_BOUND('',#2278,.T.);
#2278 = EDGE_LOOP('',(#2279));
#2279 = ORIENTED_EDGE('',*,*,#2280,.F.);
#2280 = EDGE_CURVE('',#2281,#2281,#2283,.T.);
#2281 = VERTEX_POINT('',#2282);
#2282 = CARTESIAN_POINT('',(114.5,-21.6308058062,48.585772681058));
#2283 = SURFACE_CURVE('',#2284,(#2289,#2296),.PCURVE_S1.);
#2284 = CIRCLE('',#2285,1.26);
#2285 = AXIS2_PLACEMENT_3D('',#2286,#2287,#2288);
#2286 = CARTESIAN_POINT('',(114.5,-20.3708058062,48.585772681058));
#2287 = DIRECTION('',(1.,0.,0.));
#2288 = DIRECTION('',(-0.,1.,0.));
#2289 = PCURVE('',#2231,#2290);
#2290 = DEFINITIONAL_REPRESENTATION('',(#2291),#2295);
#2291 = CIRCLE('',#2292,1.26);
#2292 = AXIS2_PLACEMENT_2D('',#2293,#2294);
#2293 = CARTESIAN_POINT('',(-1.01615395611E-02,-5.516891937596E-03));
#2294 = DIRECTION('',(1.,0.));
#2295 = ( GEOMETRIC_REPRESENTATION_CONTEXT(2) 
PARAMETRIC_REPRESENTATION_CONTEXT() REPRESENTATION_CONTEXT('2D SPACE',''
  ) );
#2296 = PCURVE('',#2297,#2302);
#2297 = CYLINDRICAL_SURFACE('',#2298,1.26);
#2298 = AXIS2_PLACEMENT_3D('',#2299,#2300,#2301);
#2299 = CARTESIAN_POINT('',(111.5,-20.3708058062,48.585772681058));
#2300 = DIRECTION('',(1.,0.,0.));
#2301 = DIRECTION('',(-0.,1.,0.));
#2302 = DEFINITIONAL_REPRESENTATION('',(#2303),#2307);
#2303 = LINE('',#2304,#2305);
#2304 = CARTESIAN_POINT('',(0.,3.));
#2305 = VECTOR('',#2306,1.);
#2306 = DIRECTION('',(1.,0.));
#2307 = ( GEOMETRIC_REPRESENTATION_CONTEXT(2) 
PARAMETRIC_REPRESENTATION_CONTEXT() REPRESENTATION_CONTEXT('2D SPACE',''
  ) );
#2308 = ADVANCED_FACE('',(#2309),#703,.F.);
#2309 = FACE_BOUND('',#2310,.F.);
#2310 = EDGE_LOOP('',(#2311,#2357,#2358,#2359,#2409));
#2311 = ORIENTED_EDGE('',*,*,#2312,.F.);
#2312 = EDGE_CURVE('',#655,#2313,#2315,.T.);
#2313 = VERTEX_POINT('',#2314);
#2314 = CARTESIAN_POINT('',(113.5,-13.3708728397,146.00000217557));
#2315 = SURFACE_CURVE('',#2316,(#2321,#2350),.PCURVE_S1.);
#2316 = CIRCLE('',#2317,3.);
#2317 = AXIS2_PLACEMENT_3D('',#2318,#2319,#2320);
#2318 = CARTESIAN_POINT('',(113.5,-13.3708728397,143.00000217557));
#2319 = DIRECTION('',(1.,0.,0.));
#2320 = DIRECTION('',(-0.,0.707106781187,0.707106781187));
#2321 = PCURVE('',#703,#2322);
#2322 = DEFINITIONAL_REPRESENTATION('',(#2323),#2349);
#2323 = B_SPLINE_CURVE_WITH_KNOTS('',3,(#2324,#2325,#2326,#2327,#2328,
    #2329,#2330,#2331,#2332,#2333,#2334,#2335,#2336,#2337,#2338,#2339,
    #2340,#2341,#2342,#2343,#2344,#2345,#2346,#2347,#2348),
  .UNSPECIFIED.,.F.,.F.,(4,1,1,1,1,1,1,1,1,1,1,1,1,1,1,1,1,1,1,1,1,1,4),
  (5.497787143782,5.569186976818,5.640586809854,5.711986642891,
    5.783386475927,5.854786308963,5.926186141999,5.997585975035,
    6.068985808071,6.140385641107,6.211785474143,6.28318530718,
    6.354585140216,6.425984973252,6.497384806288,6.568784639324,
    6.64018447236,6.711584305396,6.782984138433,6.854383971469,
    6.925783804505,6.997183637541,7.068583470577),
  .QUASI_UNIFORM_KNOTS.);
#2324 = CARTESIAN_POINT('',(0.,1.570796326795));
#2325 = CARTESIAN_POINT('',(0.,1.544363278267));
#2326 = CARTESIAN_POINT('',(0.,1.492271114166));
#2327 = CARTESIAN_POINT('',(0.,1.416189872242));
#2328 = CARTESIAN_POINT('',(0.,1.341892168614));
#2329 = CARTESIAN_POINT('',(0.,1.269134886861));
#2330 = CARTESIAN_POINT('',(0.,1.197690220556));
#2331 = CARTESIAN_POINT('',(0.,1.12734572285));
#2332 = CARTESIAN_POINT('',(0.,1.057900795762));
#2333 = CARTESIAN_POINT('',(0.,0.989164516627));
#2334 = CARTESIAN_POINT('',(0.,0.92095340603));
#2335 = CARTESIAN_POINT('',(0.,0.85308944002));
#2336 = CARTESIAN_POINT('',(0.,0.785398163397));
#2337 = CARTESIAN_POINT('',(0.,0.717706886775));
#2338 = CARTESIAN_POINT('',(0.,0.649842920765));
#2339 = CARTESIAN_POINT('',(0.,0.581631810168));
#2340 = CARTESIAN_POINT('',(0.,0.512895531033));
#2341 = CARTESIAN_POINT('',(0.,0.443450603945));
#2342 = CARTESIAN_POINT('',(0.,0.373106106239));
#2343 = CARTESIAN_POINT('',(0.,0.301661439934));
#2344 = CARTESIAN_POINT('',(0.,0.228904158181));
#2345 = CARTESIAN_POINT('',(0.,0.154606454553));
#2346 = CARTESIAN_POINT('',(0.,7.852521262872E-02));
#2347 = CARTESIAN_POINT('',(-0.,2.643304852828E-02));
#2348 = CARTESIAN_POINT('',(0.,0.));
#2349 = ( GEOMETRIC_REPRESENTATION_CONTEXT(2) 
PARAMETRIC_REPRESENTATION_CONTEXT() REPRESENTATION_CONTEXT('2D SPACE',''
  ) );
#2350 = PCURVE('',#670,#2351);
#2351 = DEFINITIONAL_REPRESENTATION('',(#2352),#2356);
#2352 = LINE('',#2353,#2354);
#2353 = CARTESIAN_POINT('',(-4.440892098501E-15,4.5));
#2354 = VECTOR('',#2355,1.);
#2355 = DIRECTION('',(1.,0.));
#2356 = ( GEOMETRIC_REPRESENTATION_CONTEXT(2) 
PARAMETRIC_REPRESENTATION_CONTEXT() REPRESENTATION_CONTEXT('2D SPACE',''
  ) );
#2357 = ORIENTED_EDGE('',*,*,#682,.T.);
#2358 = ORIENTED_EDGE('',*,*,#1928,.T.);
#2359 = ORIENTED_EDGE('',*,*,#2360,.F.);
#2360 = EDGE_CURVE('',#2361,#1929,#2363,.T.);
#2361 = VERTEX_POINT('',#2362);
#2362 = CARTESIAN_POINT('',(115.5,-13.3708728397,144.00000217557));
#2363 = SURFACE_CURVE('',#2364,(#2369,#2398),.PCURVE_S1.);
#2364 = CIRCLE('',#2365,1.);
#2365 = AXIS2_PLACEMENT_3D('',#2366,#2367,#2368);
#2366 = CARTESIAN_POINT('',(115.5,-13.3708728397,143.00000217557));
#2367 = DIRECTION('',(-1.,0.,0.));
#2368 = DIRECTION('',(0.,0.707106781187,0.707106781187));
#2369 = PCURVE('',#703,#2370);
#2370 = DEFINITIONAL_REPRESENTATION('',(#2371),#2397);
#2371 = B_SPLINE_CURVE_WITH_KNOTS('',3,(#2372,#2373,#2374,#2375,#2376,
    #2377,#2378,#2379,#2380,#2381,#2382,#2383,#2384,#2385,#2386,#2387,
    #2388,#2389,#2390,#2391,#2392,#2393,#2394,#2395,#2396),
  .UNSPECIFIED.,.F.,.F.,(4,1,1,1,1,1,1,1,1,1,1,1,1,1,1,1,1,1,1,1,1,1,4),
  (5.497787143782,5.569186976818,5.640586809854,5.711986642891,
    5.783386475927,5.854786308963,5.926186141999,5.997585975035,
    6.068985808071,6.140385641107,6.211785474143,6.28318530718,
    6.354585140216,6.425984973252,6.497384806288,6.568784639324,
    6.64018447236,6.711584305396,6.782984138433,6.854383971469,
    6.925783804505,6.997183637541,7.068583470577),
  .QUASI_UNIFORM_KNOTS.);
#2372 = CARTESIAN_POINT('',(-1.570796326795,0.));
#2373 = CARTESIAN_POINT('',(-1.570796326795,2.643304852828E-02));
#2374 = CARTESIAN_POINT('',(-1.570796326795,7.852521262872E-02));
#2375 = CARTESIAN_POINT('',(-1.570796326795,0.154606454553));
#2376 = CARTESIAN_POINT('',(-1.570796326795,0.228904158181));
#2377 = CARTESIAN_POINT('',(-1.570796326795,0.301661439934));
#2378 = CARTESIAN_POINT('',(-1.570796326795,0.373106106239));
#2379 = CARTESIAN_POINT('',(-1.570796326795,0.443450603945));
#2380 = CARTESIAN_POINT('',(-1.570796326795,0.512895531033));
#2381 = CARTESIAN_POINT('',(-1.570796326795,0.581631810168));
#2382 = CARTESIAN_POINT('',(-1.570796326795,0.649842920765));
#2383 = CARTESIAN_POINT('',(-1.570796326795,0.717706886775));
#2384 = CARTESIAN_POINT('',(-1.570796326795,0.785398163397));
#2385 = CARTESIAN_POINT('',(-1.570796326795,0.85308944002));
#2386 = CARTESIAN_POINT('',(-1.570796326795,0.92095340603));
#2387 = CARTESIAN_POINT('',(-1.570796326795,0.989164516627));
#2388 = CARTESIAN_POINT('',(-1.570796326795,1.057900795762));
#2389 = CARTESIAN_POINT('',(-1.570796326795,1.12734572285));
#2390 = CARTESIAN_POINT('',(-1.570796326795,1.197690220556));
#2391 = CARTESIAN_POINT('',(-1.570796326795,1.269134886861));
#2392 = CARTESIAN_POINT('',(-1.570796326795,1.341892168614));
#2393 = CARTESIAN_POINT('',(-1.570796326795,1.416189872242));
#2394 = CARTESIAN_POINT('',(-1.570796326795,1.492271114166));
#2395 = CARTESIAN_POINT('',(-1.570796326795,1.544363278267));
#2396 = CARTESIAN_POINT('',(-1.570796326795,1.570796326795));
#2397 = ( GEOMETRIC_REPRESENTATION_CONTEXT(2) 
PARAMETRIC_REPRESENTATION_CONTEXT() REPRESENTATION_CONTEXT('2D SPACE',''
  ) );
#2398 = PCURVE('',#1990,#2399);
#2399 = DEFINITIONAL_REPRESENTATION('',(#2400),#2408);
#2400 = ( BOUNDED_CURVE() B_SPLINE_CURVE(2,(#2401,#2402,#2403,#2404,
#2405,#2406,#2407),.UNSPECIFIED.,.T.,.F.) B_SPLINE_CURVE_WITH_KNOTS((1,2
    ,2,2,2,1),(-2.094395102393,0.,2.094395102393,4.188790204786,
6.28318530718,8.377580409573),.UNSPECIFIED.) CURVE() 
GEOMETRIC_REPRESENTATION_ITEM() RATIONAL_B_SPLINE_CURVE((1.,0.5,1.,0.5,
1.,0.5,1.)) REPRESENTATION_ITEM('') );
#2401 = CARTESIAN_POINT('',(7.707039747683,95.121336275698));
#2402 = CARTESIAN_POINT('',(8.931784619075,93.896591404307));
#2403 = CARTESIAN_POINT('',(7.258752011599,93.448303668223));
#2404 = CARTESIAN_POINT('',(5.585719404123,93.000015932139));
#2405 = CARTESIAN_POINT('',(6.034007140208,94.673048539614));
#2406 = CARTESIAN_POINT('',(6.482294876292,96.34608114709));
#2407 = CARTESIAN_POINT('',(7.707039747683,95.121336275698));
#2408 = ( GEOMETRIC_REPRESENTATION_CONTEXT(2) 
PARAMETRIC_REPRESENTATION_CONTEXT() REPRESENTATION_CONTEXT('2D SPACE',''
  ) );
#2409 = ORIENTED_EDGE('',*,*,#2410,.F.);
#2410 = EDGE_CURVE('',#2313,#2361,#2411,.T.);
#2411 = SURFACE_CURVE('',#2412,(#2417,#2446),.PCURVE_S1.);
#2412 = CIRCLE('',#2413,2.);
#2413 = AXIS2_PLACEMENT_3D('',#2414,#2415,#2416);
#2414 = CARTESIAN_POINT('',(113.5,-13.3708728397,144.00000217557));
#2415 = DIRECTION('',(0.,1.,0.));
#2416 = DIRECTION('',(0.,-0.,1.));
#2417 = PCURVE('',#703,#2418);
#2418 = DEFINITIONAL_REPRESENTATION('',(#2419),#2445);
#2419 = B_SPLINE_CURVE_WITH_KNOTS('',3,(#2420,#2421,#2422,#2423,#2424,
    #2425,#2426,#2427,#2428,#2429,#2430,#2431,#2432,#2433,#2434,#2435,
    #2436,#2437,#2438,#2439,#2440,#2441,#2442,#2443,#2444),
  .UNSPECIFIED.,.F.,.F.,(4,1,1,1,1,1,1,1,1,1,1,1,1,1,1,1,1,1,1,1,1,1,4),
  (0.,7.139983303613E-02,0.142799666072,0.214199499108,0.285599332145,
    0.356999165181,0.428398998217,0.499798831253,0.571198664289,
    0.642598497325,0.713998330361,0.785398163397,0.856797996434,
    0.92819782947,0.999597662506,1.070997495542,1.142397328578,
    1.213797161614,1.28519699465,1.356596827687,1.427996660723,
    1.499396493759,1.570796326795),.QUASI_UNIFORM_KNOTS.);
#2420 = CARTESIAN_POINT('',(0.,0.));
#2421 = CARTESIAN_POINT('',(-2.643304852828E-02,0.));
#2422 = CARTESIAN_POINT('',(-7.852521262872E-02,0.));
#2423 = CARTESIAN_POINT('',(-0.154606454553,0.));
#2424 = CARTESIAN_POINT('',(-0.228904158181,0.));
#2425 = CARTESIAN_POINT('',(-0.301661439934,0.));
#2426 = CARTESIAN_POINT('',(-0.373106106239,0.));
#2427 = CARTESIAN_POINT('',(-0.443450603945,0.));
#2428 = CARTESIAN_POINT('',(-0.512895531033,0.));
#2429 = CARTESIAN_POINT('',(-0.581631810168,0.));
#2430 = CARTESIAN_POINT('',(-0.649842920765,0.));
#2431 = CARTESIAN_POINT('',(-0.717706886775,0.));
#2432 = CARTESIAN_POINT('',(-0.785398163397,0.));
#2433 = CARTESIAN_POINT('',(-0.85308944002,0.));
#2434 = CARTESIAN_POINT('',(-0.92095340603,0.));
#2435 = CARTESIAN_POINT('',(-0.989164516627,0.));
#2436 = CARTESIAN_POINT('',(-1.057900795762,0.));
#2437 = CARTESIAN_POINT('',(-1.12734572285,0.));
#2438 = CARTESIAN_POINT('',(-1.197690220556,0.));
#2439 = CARTESIAN_POINT('',(-1.269134886861,0.));
#2440 = CARTESIAN_POINT('',(-1.341892168614,0.));
#2441 = CARTESIAN_POINT('',(-1.416189872242,0.));
#2442 = CARTESIAN_POINT('',(-1.492271114166,0.));
#2443 = CARTESIAN_POINT('',(-1.544363278267,-0.));
#2444 = CARTESIAN_POINT('',(-1.570796326795,0.));
#2445 = ( GEOMETRIC_REPRESENTATION_CONTEXT(2) 
PARAMETRIC_REPRESENTATION_CONTEXT() REPRESENTATION_CONTEXT('2D SPACE',''
  ) );
#2446 = PCURVE('',#2447,#2452);
#2447 = CYLINDRICAL_SURFACE('',#2448,2.);
#2448 = AXIS2_PLACEMENT_3D('',#2449,#2450,#2451);
#2449 = CARTESIAN_POINT('',(113.5,-15.37083932295,144.00000217557));
#2450 = DIRECTION('',(0.,-1.,0.));
#2451 = DIRECTION('',(0.707106781187,0.,0.707106781187));
#2452 = DEFINITIONAL_REPRESENTATION('',(#2453),#2457);
#2453 = LINE('',#2454,#2455);
#2454 = CARTESIAN_POINT('',(7.068583470577,-1.999966483248));
#2455 = VECTOR('',#2456,1.);
#2456 = DIRECTION('',(-1.,0.));
#2457 = ( GEOMETRIC_REPRESENTATION_CONTEXT(2) 
PARAMETRIC_REPRESENTATION_CONTEXT() REPRESENTATION_CONTEXT('2D SPACE',''
  ) );
#2458 = ADVANCED_FACE('',(#2459),#2447,.T.);
#2459 = FACE_BOUND('',#2460,.T.);
#2460 = EDGE_LOOP('',(#2461,#2519,#2540,#2541));
#2461 = ORIENTED_EDGE('',*,*,#2462,.T.);
#2462 = EDGE_CURVE('',#2463,#2465,#2467,.T.);
#2463 = VERTEX_POINT('',#2464);
#2464 = CARTESIAN_POINT('',(113.5,-27.3708728397,146.00000217557));
#2465 = VERTEX_POINT('',#2466);
#2466 = CARTESIAN_POINT('',(115.5,-27.3708728397,144.00000217557));
#2467 = SURFACE_CURVE('',#2468,(#2473,#2480),.PCURVE_S1.);
#2468 = CIRCLE('',#2469,2.);
#2469 = AXIS2_PLACEMENT_3D('',#2470,#2471,#2472);
#2470 = CARTESIAN_POINT('',(113.5,-27.3708728397,144.00000217557));
#2471 = DIRECTION('',(0.,1.,0.));
#2472 = DIRECTION('',(0.,-0.,1.));
#2473 = PCURVE('',#2447,#2474);
#2474 = DEFINITIONAL_REPRESENTATION('',(#2475),#2479);
#2475 = LINE('',#2476,#2477);
#2476 = CARTESIAN_POINT('',(7.068583470577,12.000033516752));
#2477 = VECTOR('',#2478,1.);
#2478 = DIRECTION('',(-1.,0.));
#2479 = ( GEOMETRIC_REPRESENTATION_CONTEXT(2) 
PARAMETRIC_REPRESENTATION_CONTEXT() REPRESENTATION_CONTEXT('2D SPACE',''
  ) );
#2480 = PCURVE('',#2481,#2491);
#2481 = ( BOUNDED_SURFACE() B_SPLINE_SURFACE(2,2,(
    (#2482,#2483,#2484)
    ,(#2485,#2486,#2487)
    ,(#2488,#2489,#2490
)),.UNSPECIFIED.,.F.,.F.,.F.) B_SPLINE_SURFACE_WITH_KNOTS((3,3),(3,3),(
    -1.570796326795,0.),(-1.570796326795,0.),.PIECEWISE_BEZIER_KNOTS.) 
GEOMETRIC_REPRESENTATION_ITEM() RATIONAL_B_SPLINE_SURFACE((
    (1.,0.707106781187,1.)
    ,(0.707106781187,0.5,0.707106781187)
,(1.,0.707106781187,1.))) REPRESENTATION_ITEM('') SURFACE() );
#2482 = CARTESIAN_POINT('',(115.5,-28.3708728397,143.00000217557));
#2483 = CARTESIAN_POINT('',(115.5,-28.3708728397,144.00000217557));
#2484 = CARTESIAN_POINT('',(115.5,-27.3708728397,144.00000217557));
#2485 = CARTESIAN_POINT('',(115.5,-30.3708728397,143.00000217557));
#2486 = CARTESIAN_POINT('',(115.5,-30.3708728397,146.00000217557));
#2487 = CARTESIAN_POINT('',(115.5,-27.3708728397,146.00000217557));
#2488 = CARTESIAN_POINT('',(113.5,-30.3708728397,143.00000217557));
#2489 = CARTESIAN_POINT('',(113.5,-30.3708728397,146.00000217557));
#2490 = CARTESIAN_POINT('',(113.5,-27.3708728397,146.00000217557));
#2491 = DEFINITIONAL_REPRESENTATION('',(#2492),#2518);
#2492 = B_SPLINE_CURVE_WITH_KNOTS('',3,(#2493,#2494,#2495,#2496,#2497,
    #2498,#2499,#2500,#2501,#2502,#2503,#2504,#2505,#2506,#2507,#2508,
    #2509,#2510,#2511,#2512,#2513,#2514,#2515,#2516,#2517),
  .UNSPECIFIED.,.F.,.F.,(4,1,1,1,1,1,1,1,1,1,1,1,1,1,1,1,1,1,1,1,1,1,4),
  (0.,7.139983303613E-02,0.142799666072,0.214199499108,0.285599332145,
    0.356999165181,0.428398998217,0.499798831253,0.571198664289,
    0.642598497325,0.713998330361,0.785398163397,0.856797996434,
    0.92819782947,0.999597662506,1.070997495542,1.142397328578,
    1.213797161614,1.28519699465,1.356596827687,1.427996660723,
    1.499396493759,1.570796326795),.QUASI_UNIFORM_KNOTS.);
#2493 = CARTESIAN_POINT('',(0.,0.));
#2494 = CARTESIAN_POINT('',(-2.643304852828E-02,0.));
#2495 = CARTESIAN_POINT('',(-7.852521262872E-02,0.));
#2496 = CARTESIAN_POINT('',(-0.154606454553,0.));
#2497 = CARTESIAN_POINT('',(-0.228904158181,0.));
#2498 = CARTESIAN_POINT('',(-0.301661439934,0.));
#2499 = CARTESIAN_POINT('',(-0.373106106239,0.));
#2500 = CARTESIAN_POINT('',(-0.443450603945,0.));
#2501 = CARTESIAN_POINT('',(-0.512895531033,0.));
#2502 = CARTESIAN_POINT('',(-0.581631810168,0.));
#2503 = CARTESIAN_POINT('',(-0.649842920765,0.));
#2504 = CARTESIAN_POINT('',(-0.717706886775,0.));
#2505 = CARTESIAN_POINT('',(-0.785398163397,0.));
#2506 = CARTESIAN_POINT('',(-0.85308944002,0.));
#2507 = CARTESIAN_POINT('',(-0.92095340603,0.));
#2508 = CARTESIAN_POINT('',(-0.989164516627,0.));
#2509 = CARTESIAN_POINT('',(-1.057900795762,0.));
#2510 = CARTESIAN_POINT('',(-1.12734572285,0.));
#2511 = CARTESIAN_POINT('',(-1.197690220556,0.));
#2512 = CARTESIAN_POINT('',(-1.269134886861,0.));
#2513 = CARTESIAN_POINT('',(-1.341892168614,0.));
#2514 = CARTESIAN_POINT('',(-1.416189872242,0.));
#2515 = CARTESIAN_POINT('',(-1.492271114166,0.));
#2516 = CARTESIAN_POINT('',(-1.544363278267,-0.));
#2517 = CARTESIAN_POINT('',(-1.570796326795,0.));
#2518 = ( GEOMETRIC_REPRESENTATION_CONTEXT(2) 
PARAMETRIC_REPRESENTATION_CONTEXT() REPRESENTATION_CONTEXT('2D SPACE',''
  ) );
#2519 = ORIENTED_EDGE('',*,*,#2520,.T.);
#2520 = EDGE_CURVE('',#2465,#2361,#2521,.T.);
#2521 = SURFACE_CURVE('',#2522,(#2526,#2533),.PCURVE_S1.);
#2522 = LINE('',#2523,#2524);
#2523 = CARTESIAN_POINT('',(115.5,-15.37083932295,144.00000217557));
#2524 = VECTOR('',#2525,1.);
#2525 = DIRECTION('',(0.,1.,0.));
#2526 = PCURVE('',#2447,#2527);
#2527 = DEFINITIONAL_REPRESENTATION('',(#2528),#2532);
#2528 = LINE('',#2529,#2530);
#2529 = CARTESIAN_POINT('',(5.497787143782,0.));
#2530 = VECTOR('',#2531,1.);
#2531 = DIRECTION('',(0.,-1.));
#2532 = ( GEOMETRIC_REPRESENTATION_CONTEXT(2) 
PARAMETRIC_REPRESENTATION_CONTEXT() REPRESENTATION_CONTEXT('2D SPACE',''
  ) );
#2533 = PCURVE('',#1990,#2534);
#2534 = DEFINITIONAL_REPRESENTATION('',(#2535),#2539);
#2535 = LINE('',#2536,#2537);
#2536 = CARTESIAN_POINT('',(4.999966483248,95.414229494512));
#2537 = VECTOR('',#2538,1.);
#2538 = DIRECTION('',(1.,0.));
#2539 = ( GEOMETRIC_REPRESENTATION_CONTEXT(2) 
PARAMETRIC_REPRESENTATION_CONTEXT() REPRESENTATION_CONTEXT('2D SPACE',''
  ) );
#2540 = ORIENTED_EDGE('',*,*,#2410,.F.);
#2541 = ORIENTED_EDGE('',*,*,#2542,.T.);
#2542 = EDGE_CURVE('',#2313,#2463,#2543,.T.);
#2543 = SURFACE_CURVE('',#2544,(#2548,#2555),.PCURVE_S1.);
#2544 = LINE('',#2545,#2546);
#2545 = CARTESIAN_POINT('',(113.5,-15.37083932295,146.00000217557));
#2546 = VECTOR('',#2547,1.);
#2547 = DIRECTION('',(0.,-1.,0.));
#2548 = PCURVE('',#2447,#2549);
#2549 = DEFINITIONAL_REPRESENTATION('',(#2550),#2554);
#2550 = LINE('',#2551,#2552);
#2551 = CARTESIAN_POINT('',(7.068583470577,0.));
#2552 = VECTOR('',#2553,1.);
#2553 = DIRECTION('',(0.,1.));
#2554 = ( GEOMETRIC_REPRESENTATION_CONTEXT(2) 
PARAMETRIC_REPRESENTATION_CONTEXT() REPRESENTATION_CONTEXT('2D SPACE',''
  ) );
#2555 = PCURVE('',#2556,#2561);
#2556 = PLANE('',#2557);
#2557 = AXIS2_PLACEMENT_3D('',#2558,#2559,#2560);
#2558 = CARTESIAN_POINT('',(109.,-10.3708728397,146.00000217557));
#2559 = DIRECTION('',(0.,0.,1.));
#2560 = DIRECTION('',(0.,-1.,0.));
#2561 = DEFINITIONAL_REPRESENTATION('',(#2562),#2566);
#2562 = LINE('',#2563,#2564);
#2563 = CARTESIAN_POINT('',(4.999966483248,4.5));
#2564 = VECTOR('',#2565,1.);
#2565 = DIRECTION('',(1.,0.));
#2566 = ( GEOMETRIC_REPRESENTATION_CONTEXT(2) 
PARAMETRIC_REPRESENTATION_CONTEXT() REPRESENTATION_CONTEXT('2D SPACE',''
  ) );
#2567 = ADVANCED_FACE('',(#2568),#2481,.F.);
#2568 = FACE_BOUND('',#2569,.F.);
#2569 = EDGE_LOOP('',(#2570,#2621,#2622,#2672));
#2570 = ORIENTED_EDGE('',*,*,#2571,.F.);
#2571 = EDGE_CURVE('',#2463,#2572,#2574,.T.);
#2572 = VERTEX_POINT('',#2573);
#2573 = CARTESIAN_POINT('',(113.5,-30.3708728397,143.00000217557));
#2574 = SURFACE_CURVE('',#2575,(#2580,#2609),.PCURVE_S1.);
#2575 = CIRCLE('',#2576,3.);
#2576 = AXIS2_PLACEMENT_3D('',#2577,#2578,#2579);
#2577 = CARTESIAN_POINT('',(113.5,-27.3708728397,143.00000217557));
#2578 = DIRECTION('',(1.,0.,0.));
#2579 = DIRECTION('',(0.,-0.707106781187,0.707106781187));
#2580 = PCURVE('',#2481,#2581);
#2581 = DEFINITIONAL_REPRESENTATION('',(#2582),#2608);
#2582 = B_SPLINE_CURVE_WITH_KNOTS('',3,(#2583,#2584,#2585,#2586,#2587,
    #2588,#2589,#2590,#2591,#2592,#2593,#2594,#2595,#2596,#2597,#2598,
    #2599,#2600,#2601,#2602,#2603,#2604,#2605,#2606,#2607),
  .UNSPECIFIED.,.F.,.F.,(4,1,1,1,1,1,1,1,1,1,1,1,1,1,1,1,1,1,1,1,1,1,4),
  (5.497787143782,5.569186976818,5.640586809854,5.711986642891,
    5.783386475927,5.854786308963,5.926186141999,5.997585975035,
    6.068985808071,6.140385641107,6.211785474143,6.28318530718,
    6.354585140216,6.425984973252,6.497384806288,6.568784639324,
    6.64018447236,6.711584305396,6.782984138433,6.854383971469,
    6.925783804505,6.997183637541,7.068583470577),
  .QUASI_UNIFORM_KNOTS.);
#2583 = CARTESIAN_POINT('',(0.,0.));
#2584 = CARTESIAN_POINT('',(0.,-2.643304852828E-02));
#2585 = CARTESIAN_POINT('',(0.,-7.852521262872E-02));
#2586 = CARTESIAN_POINT('',(0.,-0.154606454553));
#2587 = CARTESIAN_POINT('',(0.,-0.228904158181));
#2588 = CARTESIAN_POINT('',(0.,-0.301661439934));
#2589 = CARTESIAN_POINT('',(0.,-0.373106106239));
#2590 = CARTESIAN_POINT('',(0.,-0.443450603945));
#2591 = CARTESIAN_POINT('',(0.,-0.512895531033));
#2592 = CARTESIAN_POINT('',(0.,-0.581631810168));
#2593 = CARTESIAN_POINT('',(0.,-0.649842920765));
#2594 = CARTESIAN_POINT('',(0.,-0.717706886775));
#2595 = CARTESIAN_POINT('',(0.,-0.785398163397));
#2596 = CARTESIAN_POINT('',(0.,-0.85308944002));
#2597 = CARTESIAN_POINT('',(0.,-0.92095340603));
#2598 = CARTESIAN_POINT('',(0.,-0.989164516627));
#2599 = CARTESIAN_POINT('',(0.,-1.057900795762));
#2600 = CARTESIAN_POINT('',(0.,-1.12734572285));
#2601 = CARTESIAN_POINT('',(0.,-1.197690220556));
#2602 = CARTESIAN_POINT('',(0.,-1.269134886861));
#2603 = CARTESIAN_POINT('',(0.,-1.341892168614));
#2604 = CARTESIAN_POINT('',(0.,-1.416189872242));
#2605 = CARTESIAN_POINT('',(0.,-1.492271114166));
#2606 = CARTESIAN_POINT('',(-0.,-1.544363278267));
#2607 = CARTESIAN_POINT('',(0.,-1.570796326795));
#2608 = ( GEOMETRIC_REPRESENTATION_CONTEXT(2) 
PARAMETRIC_REPRESENTATION_CONTEXT() REPRESENTATION_CONTEXT('2D SPACE',''
  ) );
#2609 = PCURVE('',#2610,#2615);
#2610 = CYLINDRICAL_SURFACE('',#2611,3.);
#2611 = AXIS2_PLACEMENT_3D('',#2612,#2613,#2614);
#2612 = CARTESIAN_POINT('',(109.,-27.3708728397,143.00000217557));
#2613 = DIRECTION('',(1.,0.,0.));
#2614 = DIRECTION('',(0.,-0.707106781187,0.707106781187));
#2615 = DEFINITIONAL_REPRESENTATION('',(#2616),#2620);
#2616 = LINE('',#2617,#2618);
#2617 = CARTESIAN_POINT('',(-6.28318530718,4.5));
#2618 = VECTOR('',#2619,1.);
#2619 = DIRECTION('',(1.,0.));
#2620 = ( GEOMETRIC_REPRESENTATION_CONTEXT(2) 
PARAMETRIC_REPRESENTATION_CONTEXT() REPRESENTATION_CONTEXT('2D SPACE',''
  ) );
#2621 = ORIENTED_EDGE('',*,*,#2462,.T.);
#2622 = ORIENTED_EDGE('',*,*,#2623,.F.);
#2623 = EDGE_CURVE('',#2624,#2465,#2626,.T.);
#2624 = VERTEX_POINT('',#2625);
#2625 = CARTESIAN_POINT('',(115.5,-28.3708728397,143.00000217557));
#2626 = SURFACE_CURVE('',#2627,(#2632,#2661),.PCURVE_S1.);
#2627 = CIRCLE('',#2628,1.);
#2628 = AXIS2_PLACEMENT_3D('',#2629,#2630,#2631);
#2629 = CARTESIAN_POINT('',(115.5,-27.3708728397,143.00000217557));
#2630 = DIRECTION('',(-1.,0.,0.));
#2631 = DIRECTION('',(0.,-0.707106781187,0.707106781187));
#2632 = PCURVE('',#2481,#2633);
#2633 = DEFINITIONAL_REPRESENTATION('',(#2634),#2660);
#2634 = B_SPLINE_CURVE_WITH_KNOTS('',3,(#2635,#2636,#2637,#2638,#2639,
    #2640,#2641,#2642,#2643,#2644,#2645,#2646,#2647,#2648,#2649,#2650,
    #2651,#2652,#2653,#2654,#2655,#2656,#2657,#2658,#2659),
  .UNSPECIFIED.,.F.,.F.,(4,1,1,1,1,1,1,1,1,1,1,1,1,1,1,1,1,1,1,1,1,1,4),
  (5.497787143782,5.569186976818,5.640586809854,5.711986642891,
    5.783386475927,5.854786308963,5.926186141999,5.997585975035,
    6.068985808071,6.140385641107,6.211785474143,6.28318530718,
    6.354585140216,6.425984973252,6.497384806288,6.568784639324,
    6.64018447236,6.711584305396,6.782984138433,6.854383971469,
    6.925783804505,6.997183637541,7.068583470577),
  .QUASI_UNIFORM_KNOTS.);
#2635 = CARTESIAN_POINT('',(-1.570796326795,-1.570796326795));
#2636 = CARTESIAN_POINT('',(-1.570796326795,-1.544363278267));
#2637 = CARTESIAN_POINT('',(-1.570796326795,-1.492271114166));
#2638 = CARTESIAN_POINT('',(-1.570796326795,-1.416189872242));
#2639 = CARTESIAN_POINT('',(-1.570796326795,-1.341892168614));
#2640 = CARTESIAN_POINT('',(-1.570796326795,-1.269134886861));
#2641 = CARTESIAN_POINT('',(-1.570796326795,-1.197690220556));
#2642 = CARTESIAN_POINT('',(-1.570796326795,-1.12734572285));
#2643 = CARTESIAN_POINT('',(-1.570796326795,-1.057900795762));
#2644 = CARTESIAN_POINT('',(-1.570796326795,-0.989164516627));
#2645 = CARTESIAN_POINT('',(-1.570796326795,-0.92095340603));
#2646 = CARTESIAN_POINT('',(-1.570796326795,-0.85308944002));
#2647 = CARTESIAN_POINT('',(-1.570796326795,-0.785398163397));
#2648 = CARTESIAN_POINT('',(-1.570796326795,-0.717706886775));
#2649 = CARTESIAN_POINT('',(-1.570796326795,-0.649842920765));
#2650 = CARTESIAN_POINT('',(-1.570796326795,-0.581631810168));
#2651 = CARTESIAN_POINT('',(-1.570796326795,-0.512895531033));
#2652 = CARTESIAN_POINT('',(-1.570796326795,-0.443450603945));
#2653 = CARTESIAN_POINT('',(-1.570796326795,-0.373106106239));
#2654 = CARTESIAN_POINT('',(-1.570796326795,-0.301661439934));
#2655 = CARTESIAN_POINT('',(-1.570796326795,-0.228904158181));
#2656 = CARTESIAN_POINT('',(-1.570796326795,-0.154606454553));
#2657 = CARTESIAN_POINT('',(-1.570796326795,-7.852521262872E-02));
#2658 = CARTESIAN_POINT('',(-1.570796326795,-2.643304852828E-02));
#2659 = CARTESIAN_POINT('',(-1.570796326795,0.));
#2660 = ( GEOMETRIC_REPRESENTATION_CONTEXT(2) 
PARAMETRIC_REPRESENTATION_CONTEXT() REPRESENTATION_CONTEXT('2D SPACE',''
  ) );
#2661 = PCURVE('',#1990,#2662);
#2662 = DEFINITIONAL_REPRESENTATION('',(#2663),#2671);
#2663 = ( BOUNDED_CURVE() B_SPLINE_CURVE(2,(#2664,#2665,#2666,#2667,
#2668,#2669,#2670),.UNSPECIFIED.,.T.,.F.) B_SPLINE_CURVE_WITH_KNOTS((1,2
    ,2,2,2,1),(-2.094395102393,0.,2.094395102393,4.188790204786,
6.28318530718,8.377580409573),.UNSPECIFIED.) CURVE() 
GEOMETRIC_REPRESENTATION_ITEM() RATIONAL_B_SPLINE_CURVE((1.,0.5,1.,0.5,
1.,0.5,1.)) REPRESENTATION_ITEM('') );
#2664 = CARTESIAN_POINT('',(-7.70717381469,95.121336275698));
#2665 = CARTESIAN_POINT('',(-6.482428943298,96.34608114709));
#2666 = CARTESIAN_POINT('',(-6.034141207214,94.673048539614));
#2667 = CARTESIAN_POINT('',(-5.58585347113,93.000015932139));
#2668 = CARTESIAN_POINT('',(-7.258886078606,93.448303668223));
#2669 = CARTESIAN_POINT('',(-8.931918686082,93.896591404307));
#2670 = CARTESIAN_POINT('',(-7.70717381469,95.121336275698));
#2671 = ( GEOMETRIC_REPRESENTATION_CONTEXT(2) 
PARAMETRIC_REPRESENTATION_CONTEXT() REPRESENTATION_CONTEXT('2D SPACE',''
  ) );
#2672 = ORIENTED_EDGE('',*,*,#2673,.F.);
#2673 = EDGE_CURVE('',#2572,#2624,#2674,.T.);
#2674 = SURFACE_CURVE('',#2675,(#2680,#2709),.PCURVE_S1.);
#2675 = CIRCLE('',#2676,2.);
#2676 = AXIS2_PLACEMENT_3D('',#2677,#2678,#2679);
#2677 = CARTESIAN_POINT('',(113.5,-28.3708728397,143.00000217557));
#2678 = DIRECTION('',(0.,0.,1.));
#2679 = DIRECTION('',(0.,-1.,0.));
#2680 = PCURVE('',#2481,#2681);
#2681 = DEFINITIONAL_REPRESENTATION('',(#2682),#2708);
#2682 = B_SPLINE_CURVE_WITH_KNOTS('',3,(#2683,#2684,#2685,#2686,#2687,
    #2688,#2689,#2690,#2691,#2692,#2693,#2694,#2695,#2696,#2697,#2698,
    #2699,#2700,#2701,#2702,#2703,#2704,#2705,#2706,#2707),
  .UNSPECIFIED.,.F.,.F.,(4,1,1,1,1,1,1,1,1,1,1,1,1,1,1,1,1,1,1,1,1,1,4),
  (0.,7.139983303613E-02,0.142799666072,0.214199499108,0.285599332145,
    0.356999165181,0.428398998217,0.499798831253,0.571198664289,
    0.642598497325,0.713998330361,0.785398163397,0.856797996434,
    0.92819782947,0.999597662506,1.070997495542,1.142397328578,
    1.213797161614,1.28519699465,1.356596827687,1.427996660723,
    1.499396493759,1.570796326795),.QUASI_UNIFORM_KNOTS.);
#2683 = CARTESIAN_POINT('',(0.,-1.570796326795));
#2684 = CARTESIAN_POINT('',(-2.643304852827E-02,-1.570796326795));
#2685 = CARTESIAN_POINT('',(-7.852521262871E-02,-1.570796326795));
#2686 = CARTESIAN_POINT('',(-0.154606454553,-1.570796326795));
#2687 = CARTESIAN_POINT('',(-0.228904158181,-1.570796326795));
#2688 = CARTESIAN_POINT('',(-0.301661439934,-1.570796326795));
#2689 = CARTESIAN_POINT('',(-0.373106106239,-1.570796326795));
#2690 = CARTESIAN_POINT('',(-0.443450603945,-1.570796326795));
#2691 = CARTESIAN_POINT('',(-0.512895531033,-1.570796326795));
#2692 = CARTESIAN_POINT('',(-0.581631810168,-1.570796326795));
#2693 = CARTESIAN_POINT('',(-0.649842920765,-1.570796326795));
#2694 = CARTESIAN_POINT('',(-0.717706886775,-1.570796326795));
#2695 = CARTESIAN_POINT('',(-0.785398163397,-1.570796326795));
#2696 = CARTESIAN_POINT('',(-0.85308944002,-1.570796326795));
#2697 = CARTESIAN_POINT('',(-0.92095340603,-1.570796326795));
#2698 = CARTESIAN_POINT('',(-0.989164516627,-1.570796326795));
#2699 = CARTESIAN_POINT('',(-1.057900795762,-1.570796326795));
#2700 = CARTESIAN_POINT('',(-1.12734572285,-1.570796326795));
#2701 = CARTESIAN_POINT('',(-1.197690220556,-1.570796326795));
#2702 = CARTESIAN_POINT('',(-1.269134886861,-1.570796326795));
#2703 = CARTESIAN_POINT('',(-1.341892168614,-1.570796326795));
#2704 = CARTESIAN_POINT('',(-1.416189872242,-1.570796326795));
#2705 = CARTESIAN_POINT('',(-1.492271114166,-1.570796326795));
#2706 = CARTESIAN_POINT('',(-1.544363278267,-1.570796326795));
#2707 = CARTESIAN_POINT('',(-1.570796326795,-1.570796326795));
#2708 = ( GEOMETRIC_REPRESENTATION_CONTEXT(2) 
PARAMETRIC_REPRESENTATION_CONTEXT() REPRESENTATION_CONTEXT('2D SPACE',''
  ) );
#2709 = PCURVE('',#2710,#2715);
#2710 = CYLINDRICAL_SURFACE('',#2711,2.);
#2711 = AXIS2_PLACEMENT_3D('',#2712,#2713,#2714);
#2712 = CARTESIAN_POINT('',(113.5,-28.3708728397,97.292887428314));
#2713 = DIRECTION('',(0.,0.,-1.));
#2714 = DIRECTION('',(0.707106781187,-0.707106781187,0.));
#2715 = DEFINITIONAL_REPRESENTATION('',(#2716),#2720);
#2716 = LINE('',#2717,#2718);
#2717 = CARTESIAN_POINT('',(7.068583470577,-45.70711474725));
#2718 = VECTOR('',#2719,1.);
#2719 = DIRECTION('',(-1.,0.));
#2720 = ( GEOMETRIC_REPRESENTATION_CONTEXT(2) 
PARAMETRIC_REPRESENTATION_CONTEXT() REPRESENTATION_CONTEXT('2D SPACE',''
  ) );
#2721 = ADVANCED_FACE('',(#2722),#2710,.T.);
#2722 = FACE_BOUND('',#2723,.T.);
#2723 = EDGE_LOOP('',(#2724,#2856,#2877,#2878,#2906));
#2724 = ORIENTED_EDGE('',*,*,#2725,.T.);
#2725 = EDGE_CURVE('',#2726,#2728,#2730,.T.);
#2726 = VERTEX_POINT('',#2727);
#2727 = CARTESIAN_POINT('',(113.52315707351,-30.37073877269,
    48.622387781431));
#2728 = VERTEX_POINT('',#2729);
#2729 = CARTESIAN_POINT('',(115.5,-28.3708728397,42.585862060103));
#2730 = SURFACE_CURVE('',#2731,(#2754,#2805),.PCURVE_S1.);
#2731 = B_SPLINE_CURVE_WITH_KNOTS('',3,(#2732,#2733,#2734,#2735,#2736,
    #2737,#2738,#2739,#2740,#2741,#2742,#2743,#2744,#2745,#2746,#2747,
    #2748,#2749,#2750,#2751,#2752,#2753),.UNSPECIFIED.,.F.,.F.,(4,2,2,2,
    2,2,2,2,2,2,4),(-2.134306909652,-2.130309699637,-2.124879431374,
    -2.119449163111,-2.108588626584,-2.086867553531,-2.043425407425,
    -1.956541115212,-1.782772530787,-1.609003946362,-1.436598916605),
  .UNSPECIFIED.);
#2732 = CARTESIAN_POINT('',(113.52315707351,-30.37073877269,
    48.622387781431));
#2733 = CARTESIAN_POINT('',(113.51953458042,-30.37078071868,
    48.610931934124));
#2734 = CARTESIAN_POINT('',(113.51637466092,-30.3708058062,
    48.599096714441));
#2735 = CARTESIAN_POINT('',(113.51637466092,-30.3708058062,
    48.567671786847));
#2736 = CARTESIAN_POINT('',(113.5218428742,-30.37076101371,
    48.552200835446));
#2737 = CARTESIAN_POINT('',(113.53271441937,-30.3706125864,
    48.521771809983));
#2738 = CARTESIAN_POINT('',(113.53878909621,-30.3705067145,
    48.507057794265));
#2739 = CARTESIAN_POINT('',(113.55707828965,-30.37009391397,
    48.462840343696));
#2740 = CARTESIAN_POINT('',(113.56988414236,-30.3696927756,
    48.433731090938));
#2741 = CARTESIAN_POINT('',(113.60836293035,-30.368100014,
    48.345901009699));
#2742 = CARTESIAN_POINT('',(113.63468060673,-30.36650883747,
    48.28667967079));
#2743 = CARTESIAN_POINT('',(113.71383830315,-30.36011238009,
    48.108379874894));
#2744 = CARTESIAN_POINT('',(113.76836651924,-30.35355310922,
    47.985861987457));
#2745 = CARTESIAN_POINT('',(113.93148586635,-30.32687634791,
    47.617659771822));
#2746 = CARTESIAN_POINT('',(114.04442787304,-30.29889056629,
    47.361099946694));
#2747 = CARTESIAN_POINT('',(114.37539245051,-30.18420499681,
    46.594769905317));
#2748 = CARTESIAN_POINT('',(114.59763652605,-30.06197273202,
    46.06128240785));
#2749 = CARTESIAN_POINT('',(114.98574643681,-29.73364466571,
    45.032034303263));
#2750 = CARTESIAN_POINT('',(115.15905871221,-29.52389397637,
    44.519443585591));
#2751 = CARTESIAN_POINT('',(115.41486528272,-29.01425709338,
    43.52613866702));
#2752 = CARTESIAN_POINT('',(115.5,-28.71557437231,43.045474801294));
#2753 = CARTESIAN_POINT('',(115.5,-28.3708728397,42.585862060103));
#2754 = PCURVE('',#2710,#2755);
#2755 = DEFINITIONAL_REPRESENTATION('',(#2756),#2804);
#2756 = B_SPLINE_CURVE_WITH_KNOTS('',3,(#2757,#2758,#2759,#2760,#2761,
    #2762,#2763,#2764,#2765,#2766,#2767,#2768,#2769,#2770,#2771,#2772,
    #2773,#2774,#2775,#2776,#2777,#2778,#2779,#2780,#2781,#2782,#2783,
    #2784,#2785,#2786,#2787,#2788,#2789,#2790,#2791,#2792,#2793,#2794,
    #2795,#2796,#2797,#2798,#2799,#2800,#2801,#2802,#2803),
  .UNSPECIFIED.,.F.,.F.,(4,1,1,1,1,1,1,1,1,1,1,1,1,1,1,1,1,1,1,1,1,1,1,1
    ,1,1,1,1,1,1,1,1,1,1,1,1,1,1,1,1,1,1,1,1,4),(-2.134306909652,
    -2.11844990981,-2.102592909968,-2.086735910126,-2.070878910284,
    -2.055021910442,-2.0391649106,-2.023307910758,-2.007450910916,
    -1.991593911074,-1.975736911232,-1.95987991139,-1.944022911548,
    -1.928165911706,-1.912308911864,-1.896451912022,-1.88059491218,
    -1.864737912338,-1.848880912496,-1.833023912655,-1.817166912813,
    -1.801309912971,-1.785452913129,-1.769595913287,-1.753738913445,
    -1.737881913603,-1.722024913761,-1.706167913919,-1.690310914077,
    -1.674453914235,-1.658596914393,-1.642739914551,-1.626882914709,
    -1.611025914867,-1.595168915025,-1.579311915183,-1.563454915341,
    -1.547597915499,-1.531740915657,-1.515883915815,-1.500026915973,
    -1.484169916131,-1.468312916289,-1.452455916447,-1.436598916605),
  .QUASI_UNIFORM_KNOTS.);
#2757 = CARTESIAN_POINT('',(7.057004675098,48.670499646883));
#2758 = CARTESIAN_POINT('',(7.056995567892,48.719439028322));
#2759 = CARTESIAN_POINT('',(7.047206052555,48.810480922946));
#2760 = CARTESIAN_POINT('',(7.015973911609,48.936337371687));
#2761 = CARTESIAN_POINT('',(6.987979838639,49.066553534933));
#2762 = CARTESIAN_POINT('',(6.958440115792,49.19777888391));
#2763 = CARTESIAN_POINT('',(6.928564400025,49.331519464563));
#2764 = CARTESIAN_POINT('',(6.898457746979,49.465639403965));
#2765 = CARTESIAN_POINT('',(6.867880631807,49.601615365464));
#2766 = CARTESIAN_POINT('',(6.836820299824,49.739308796158));
#2767 = CARTESIAN_POINT('',(6.805398549801,49.878186993376));
#2768 = CARTESIAN_POINT('',(6.773693490194,50.017847594473));
#2769 = CARTESIAN_POINT('',(6.741814543117,50.157761026472));
#2770 = CARTESIAN_POINT('',(6.70977457894,50.297776217703));
#2771 = CARTESIAN_POINT('',(6.677288588673,50.439009792412));
#2772 = CARTESIAN_POINT('',(6.644460104781,50.580970399545));
#2773 = CARTESIAN_POINT('',(6.611300015348,50.72354999774));
#2774 = CARTESIAN_POINT('',(6.577843533898,50.866537809651));
#2775 = CARTESIAN_POINT('',(6.544118255654,51.009750692187));
#2776 = CARTESIAN_POINT('',(6.510152250617,51.152997701215));
#2777 = CARTESIAN_POINT('',(6.475970832083,51.296091462519));
#2778 = CARTESIAN_POINT('',(6.441598543312,51.438838123251));
#2779 = CARTESIAN_POINT('',(6.407051598789,51.581066175183));
#2780 = CARTESIAN_POINT('',(6.372363333377,51.722521210228));
#2781 = CARTESIAN_POINT('',(6.337487245628,51.863258075122));
#2782 = CARTESIAN_POINT('',(6.302234347383,52.003996618486));
#2783 = CARTESIAN_POINT('',(6.266646697918,52.144494021926));
#2784 = CARTESIAN_POINT('',(6.230705392621,52.284746273264));
#2785 = CARTESIAN_POINT('',(6.194404008408,52.424685373148));
#2786 = CARTESIAN_POINT('',(6.157728756752,52.564260464697));
#2787 = CARTESIAN_POINT('',(6.120663686165,52.703416108328));
#2788 = CARTESIAN_POINT('',(6.08318916204,52.842098052788));
#2789 = CARTESIAN_POINT('',(6.045282394576,52.980251876216));
#2790 = CARTESIAN_POINT('',(6.006916731871,53.117822650842));
#2791 = CARTESIAN_POINT('',(5.968064111826,53.254757643144));
#2792 = CARTESIAN_POINT('',(5.928686420159,53.390995848521));
#2793 = CARTESIAN_POINT('',(5.888758473933,53.526490402646));
#2794 = CARTESIAN_POINT('',(5.848260717861,53.661212126254));
#2795 = CARTESIAN_POINT('',(5.807160368711,53.795127291832));
#2796 = CARTESIAN_POINT('',(5.765416240857,53.92820339057));
#2797 = CARTESIAN_POINT('',(5.72297754226,54.060407587104));
#2798 = CARTESIAN_POINT('',(5.679784447098,54.191707133573));
#2799 = CARTESIAN_POINT('',(5.635768450402,54.322069258669));
#2800 = CARTESIAN_POINT('',(5.590852836522,54.451461197364));
#2801 = CARTESIAN_POINT('',(5.54495414623,54.57985018295));
#2802 = CARTESIAN_POINT('',(5.513638753021,54.66475236043));
#2803 = CARTESIAN_POINT('',(5.497787143782,54.707025368211));
#2804 = ( GEOMETRIC_REPRESENTATION_CONTEXT(2) 
PARAMETRIC_REPRESENTATION_CONTEXT() REPRESENTATION_CONTEXT('2D SPACE',''
  ) );
#2805 = PCURVE('',#1230,#2806);
#2806 = DEFINITIONAL_REPRESENTATION('',(#2807),#2855);
#2807 = B_SPLINE_CURVE_WITH_KNOTS('',3,(#2808,#2809,#2810,#2811,#2812,
    #2813,#2814,#2815,#2816,#2817,#2818,#2819,#2820,#2821,#2822,#2823,
    #2824,#2825,#2826,#2827,#2828,#2829,#2830,#2831,#2832,#2833,#2834,
    #2835,#2836,#2837,#2838,#2839,#2840,#2841,#2842,#2843,#2844,#2845,
    #2846,#2847,#2848,#2849,#2850,#2851,#2852,#2853,#2854),
  .UNSPECIFIED.,.F.,.F.,(4,1,1,1,1,1,1,1,1,1,1,1,1,1,1,1,1,1,1,1,1,1,1,1
    ,1,1,1,1,1,1,1,1,1,1,1,1,1,1,1,1,1,1,1,1,4),(-2.134306909652,
    -2.11844990981,-2.102592909968,-2.086735910126,-2.070878910284,
    -2.055021910442,-2.0391649106,-2.023307910758,-2.007450910916,
    -1.991593911074,-1.975736911232,-1.95987991139,-1.944022911548,
    -1.928165911706,-1.912308911864,-1.896451912022,-1.88059491218,
    -1.864737912338,-1.848880912496,-1.833023912655,-1.817166912813,
    -1.801309912971,-1.785452913129,-1.769595913287,-1.753738913445,
    -1.737881913603,-1.722024913761,-1.706167913919,-1.690310914077,
    -1.674453914235,-1.658596914393,-1.642739914551,-1.626882914709,
    -1.611025914867,-1.595168915025,-1.579311915183,-1.563454915341,
    -1.547597915499,-1.531740915657,-1.515883915815,-1.500026915973,
    -1.484169916131,-1.468312916289,-1.452455916447,-1.436598916605),
  .QUASI_UNIFORM_KNOTS.);
#2808 = CARTESIAN_POINT('',(4.388802080795,2.02315707351));
#2809 = CARTESIAN_POINT('',(4.393696046369,2.023174881363));
#2810 = CARTESIAN_POINT('',(4.402800110179,2.042756584724));
#2811 = CARTESIAN_POINT('',(4.415387252638,2.105186207974));
#2812 = CARTESIAN_POINT('',(4.428414185677,2.161054569103));
#2813 = CARTESIAN_POINT('',(4.441548320362,2.219873312299));
#2814 = CARTESIAN_POINT('',(4.454942885274,2.279164634282));
#2815 = CARTESIAN_POINT('',(4.468386623604,2.338665438858));
#2816 = CARTESIAN_POINT('',(4.482030787071,2.398773715452));
#2817 = CARTESIAN_POINT('',(4.495864401626,2.459449619017));
#2818 = CARTESIAN_POINT('',(4.509836947774,2.520386252896));
#2819 = CARTESIAN_POINT('',(4.523911123537,2.581359327553));
#2820 = CARTESIAN_POINT('',(4.53803689563,2.642081176573));
#2821 = CARTESIAN_POINT('',(4.55220303413,2.70243503394));
#2822 = CARTESIAN_POINT('',(4.566526498271,2.762868126638));
#2823 = CARTESIAN_POINT('',(4.580960715531,2.823109635793));
#2824 = CARTESIAN_POINT('',(4.595498024256,2.883059913244));
#2825 = CARTESIAN_POINT('',(4.610120295662,2.942573432871));
#2826 = CARTESIAN_POINT('',(4.624812221509,3.001517009669));
#2827 = CARTESIAN_POINT('',(4.639557747732,3.059753972128));
#2828 = CARTESIAN_POINT('',(4.654341268589,3.117149253648));
#2829 = CARTESIAN_POINT('',(4.669146639455,3.1735648545));
#2830 = CARTESIAN_POINT('',(4.68396015785,3.228872902548));
#2831 = CARTESIAN_POINT('',(4.698759852845,3.282907948426));
#2832 = CARTESIAN_POINT('',(4.713555569327,3.335644724082));
#2833 = CARTESIAN_POINT('',(4.728424469157,3.387320237875));
#2834 = CARTESIAN_POINT('',(4.743345562878,3.437739812099));
#2835 = CARTESIAN_POINT('',(4.758322264886,3.486815928277));
#2836 = CARTESIAN_POINT('',(4.773351513904,3.534432349708));
#2837 = CARTESIAN_POINT('',(4.78843205494,3.580480553359));
#2838 = CARTESIAN_POINT('',(4.803562230615,3.624849879746));
#2839 = CARTESIAN_POINT('',(4.818740573638,3.667430501526));
#2840 = CARTESIAN_POINT('',(4.833965685285,3.708111399239));
#2841 = CARTESIAN_POINT('',(4.84923616861,3.746785489753));
#2842 = CARTESIAN_POINT('',(4.864551056522,3.783331136741));
#2843 = CARTESIAN_POINT('',(4.879908205336,3.817680980323));
#2844 = CARTESIAN_POINT('',(4.895306325936,3.849730046271));
#2845 = CARTESIAN_POINT('',(4.910747006431,3.879254040506));
#2846 = CARTESIAN_POINT('',(4.926231178813,3.906059304665));
#2847 = CARTESIAN_POINT('',(4.941760035349,3.929943971569));
#2848 = CARTESIAN_POINT('',(4.957334784081,3.950708373587));
#2849 = CARTESIAN_POINT('',(4.97295671542,3.968152253718));
#2850 = CARTESIAN_POINT('',(4.988627184461,3.982075512883));
#2851 = CARTESIAN_POINT('',(5.004347618487,3.992278009689));
#2852 = CARTESIAN_POINT('',(5.020119507139,3.998559614083));
#2853 = CARTESIAN_POINT('',(5.03066945958,4.));
#2854 = CARTESIAN_POINT('',(5.035953535473,4.));
#2855 = ( GEOMETRIC_REPRESENTATION_CONTEXT(2) 
PARAMETRIC_REPRESENTATION_CONTEXT() REPRESENTATION_CONTEXT('2D SPACE',''
  ) );
#2856 = ORIENTED_EDGE('',*,*,#2857,.T.);
#2857 = EDGE_CURVE('',#2728,#2624,#2858,.T.);
#2858 = SURFACE_CURVE('',#2859,(#2863,#2870),.PCURVE_S1.);
#2859 = LINE('',#2860,#2861);
#2860 = CARTESIAN_POINT('',(115.5,-28.3708728397,97.292887428314));
#2861 = VECTOR('',#2862,1.);
#2862 = DIRECTION('',(0.,0.,1.));
#2863 = PCURVE('',#2710,#2864);
#2864 = DEFINITIONAL_REPRESENTATION('',(#2865),#2869);
#2865 = LINE('',#2866,#2867);
#2866 = CARTESIAN_POINT('',(5.497787143782,0.));
#2867 = VECTOR('',#2868,1.);
#2868 = DIRECTION('',(0.,-1.));
#2869 = ( GEOMETRIC_REPRESENTATION_CONTEXT(2) 
PARAMETRIC_REPRESENTATION_CONTEXT() REPRESENTATION_CONTEXT('2D SPACE',''
  ) );
#2870 = PCURVE('',#1990,#2871);
#2871 = DEFINITIONAL_REPRESENTATION('',(#2872),#2876);
#2872 = LINE('',#2873,#2874);
#2873 = CARTESIAN_POINT('',(-8.000067033503,48.707114747256));
#2874 = VECTOR('',#2875,1.);
#2875 = DIRECTION('',(0.,1.));
#2876 = ( GEOMETRIC_REPRESENTATION_CONTEXT(2) 
PARAMETRIC_REPRESENTATION_CONTEXT() REPRESENTATION_CONTEXT('2D SPACE',''
  ) );
#2877 = ORIENTED_EDGE('',*,*,#2673,.F.);
#2878 = ORIENTED_EDGE('',*,*,#2879,.T.);
#2879 = EDGE_CURVE('',#2572,#2880,#2882,.T.);
#2880 = VERTEX_POINT('',#2881);
#2881 = CARTESIAN_POINT('',(113.5,-30.37080580575,48.622387781431));
#2882 = SURFACE_CURVE('',#2883,(#2887,#2894),.PCURVE_S1.);
#2883 = LINE('',#2884,#2885);
#2884 = CARTESIAN_POINT('',(113.5,-30.3708728397,97.292887428314));
#2885 = VECTOR('',#2886,1.);
#2886 = DIRECTION('',(0.,0.,-1.));
#2887 = PCURVE('',#2710,#2888);
#2888 = DEFINITIONAL_REPRESENTATION('',(#2889),#2893);
#2889 = LINE('',#2890,#2891);
#2890 = CARTESIAN_POINT('',(7.068583470577,0.));
#2891 = VECTOR('',#2892,1.);
#2892 = DIRECTION('',(0.,1.));
#2893 = ( GEOMETRIC_REPRESENTATION_CONTEXT(2) 
PARAMETRIC_REPRESENTATION_CONTEXT() REPRESENTATION_CONTEXT('2D SPACE',''
  ) );
#2894 = PCURVE('',#2895,#2900);
#2895 = PLANE('',#2896);
#2896 = AXIS2_PLACEMENT_3D('',#2897,#2898,#2899);
#2897 = CARTESIAN_POINT('',(109.,-30.3708728397,146.00000217557));
#2898 = DIRECTION('',(0.,-1.,0.));
#2899 = DIRECTION('',(0.,0.,-1.));
#2900 = DEFINITIONAL_REPRESENTATION('',(#2901),#2905);
#2901 = LINE('',#2902,#2903);
#2902 = CARTESIAN_POINT('',(48.707114747256,4.5));
#2903 = VECTOR('',#2904,1.);
#2904 = DIRECTION('',(1.,0.));
#2905 = ( GEOMETRIC_REPRESENTATION_CONTEXT(2) 
PARAMETRIC_REPRESENTATION_CONTEXT() REPRESENTATION_CONTEXT('2D SPACE',''
  ) );
#2906 = ORIENTED_EDGE('',*,*,#2907,.F.);
#2907 = EDGE_CURVE('',#2726,#2880,#2908,.T.);
#2908 = SURFACE_CURVE('',#2909,(#2913,#2919),.PCURVE_S1.);
#2909 = LINE('',#2910,#2911);
#2910 = CARTESIAN_POINT('',(111.5,-30.37073877269,48.622387781431));
#2911 = VECTOR('',#2912,1.);
#2912 = DIRECTION('',(-1.,0.,0.));
#2913 = PCURVE('',#2710,#2914);
#2914 = DEFINITIONAL_REPRESENTATION('',(#2915),#2918);
#2915 = B_SPLINE_CURVE_WITH_KNOTS('',1,(#2916,#2917),.UNSPECIFIED.,.F.,
  .F.,(2,2),(-2.02315707351,-2.),.PIECEWISE_BEZIER_KNOTS.);
#2916 = CARTESIAN_POINT('',(7.057004675098,48.670499646883));
#2917 = CARTESIAN_POINT('',(7.068583470577,48.670499646883));
#2918 = ( GEOMETRIC_REPRESENTATION_CONTEXT(2) 
PARAMETRIC_REPRESENTATION_CONTEXT() REPRESENTATION_CONTEXT('2D SPACE',''
  ) );
#2919 = PCURVE('',#1230,#2920);
#2920 = DEFINITIONAL_REPRESENTATION('',(#2921),#2925);
#2921 = LINE('',#2922,#2923);
#2922 = CARTESIAN_POINT('',(4.388802080795,0.));
#2923 = VECTOR('',#2924,1.);
#2924 = DIRECTION('',(0.,-1.));
#2925 = ( GEOMETRIC_REPRESENTATION_CONTEXT(2) 
PARAMETRIC_REPRESENTATION_CONTEXT() REPRESENTATION_CONTEXT('2D SPACE',''
  ) );
#2926 = ADVANCED_FACE('',(#2927),#1230,.T.);
#2927 = FACE_BOUND('',#2928,.T.);
#2928 = EDGE_LOOP('',(#2929,#2930,#2931,#2954,#2977,#3105,#3106,#3107,
    #3108,#3109));
#2929 = ORIENTED_EDGE('',*,*,#2725,.F.);
#2930 = ORIENTED_EDGE('',*,*,#2907,.T.);
#2931 = ORIENTED_EDGE('',*,*,#2932,.F.);
#2932 = EDGE_CURVE('',#2933,#2880,#2935,.T.);
#2933 = VERTEX_POINT('',#2934);
#2934 = CARTESIAN_POINT('',(111.,-30.3708728397,48.622387781431));
#2935 = SURFACE_CURVE('',#2936,(#2940,#2947),.PCURVE_S1.);
#2936 = LINE('',#2937,#2938);
#2937 = CARTESIAN_POINT('',(109.,-30.3708728397,48.622387781431));
#2938 = VECTOR('',#2939,1.);
#2939 = DIRECTION('',(1.,0.,0.));
#2940 = PCURVE('',#1230,#2941);
#2941 = DEFINITIONAL_REPRESENTATION('',(#2942),#2946);
#2942 = LINE('',#2943,#2944);
#2943 = CARTESIAN_POINT('',(4.388802129883,-2.5));
#2944 = VECTOR('',#2945,1.);
#2945 = DIRECTION('',(0.,1.));
#2946 = ( GEOMETRIC_REPRESENTATION_CONTEXT(2) 
PARAMETRIC_REPRESENTATION_CONTEXT() REPRESENTATION_CONTEXT('2D SPACE',''
  ) );
#2947 = PCURVE('',#2895,#2948);
#2948 = DEFINITIONAL_REPRESENTATION('',(#2949),#2953);
#2949 = LINE('',#2950,#2951);
#2950 = CARTESIAN_POINT('',(97.377614394139,0.));
#2951 = VECTOR('',#2952,1.);
#2952 = DIRECTION('',(0.,1.));
#2953 = ( GEOMETRIC_REPRESENTATION_CONTEXT(2) 
PARAMETRIC_REPRESENTATION_CONTEXT() REPRESENTATION_CONTEXT('2D SPACE',''
  ) );
#2954 = ORIENTED_EDGE('',*,*,#2955,.F.);
#2955 = EDGE_CURVE('',#2956,#2933,#2958,.T.);
#2956 = VERTEX_POINT('',#2957);
#2957 = CARTESIAN_POINT('',(110.97684292649,-30.37073877269,
    48.622387781431));
#2958 = SURFACE_CURVE('',#2959,(#2964,#2970),.PCURVE_S1.);
#2959 = CIRCLE('',#2960,2.);
#2960 = AXIS2_PLACEMENT_3D('',#2961,#2962,#2963);
#2961 = CARTESIAN_POINT('',(111.,-28.3708728397,48.622387781431));
#2962 = DIRECTION('',(0.,0.,1.));
#2963 = DIRECTION('',(-0.707106781187,-0.707106781187,0.));
#2964 = PCURVE('',#1230,#2965);
#2965 = DEFINITIONAL_REPRESENTATION('',(#2966),#2969);
#2966 = B_SPLINE_CURVE_WITH_KNOTS('',1,(#2967,#2968),.UNSPECIFIED.,.F.,
  .F.,(2,2),(0.773819367919,0.785398163397),.PIECEWISE_BEZIER_KNOTS.);
#2967 = CARTESIAN_POINT('',(4.388802080795,-0.52315707351));
#2968 = CARTESIAN_POINT('',(4.388802129883,-0.5));
#2969 = ( GEOMETRIC_REPRESENTATION_CONTEXT(2) 
PARAMETRIC_REPRESENTATION_CONTEXT() REPRESENTATION_CONTEXT('2D SPACE',''
  ) );
#2970 = PCURVE('',#1258,#2971);
#2971 = DEFINITIONAL_REPRESENTATION('',(#2972),#2976);
#2972 = LINE('',#2973,#2974);
#2973 = CARTESIAN_POINT('',(6.28318530718,-48.67049964688));
#2974 = VECTOR('',#2975,1.);
#2975 = DIRECTION('',(1.,0.));
#2976 = ( GEOMETRIC_REPRESENTATION_CONTEXT(2) 
PARAMETRIC_REPRESENTATION_CONTEXT() REPRESENTATION_CONTEXT('2D SPACE',''
  ) );
#2977 = ORIENTED_EDGE('',*,*,#2978,.F.);
#2978 = EDGE_CURVE('',#1210,#2956,#2979,.T.);
#2979 = SURFACE_CURVE('',#2980,(#3003,#3054),.PCURVE_S1.);
#2980 = B_SPLINE_CURVE_WITH_KNOTS('',3,(#2981,#2982,#2983,#2984,#2985,
    #2986,#2987,#2988,#2989,#2990,#2991,#2992,#2993,#2994,#2995,#2996,
    #2997,#2998,#2999,#3000,#3001,#3002),.UNSPECIFIED.,.F.,.F.,(4,2,2,2,
    2,2,2,2,2,2,4),(1.436598916605,1.609003946362,1.782772530787,
    1.956541115212,2.043425407425,2.086867553531,2.108588626584,
    2.119449163111,2.124879431374,2.130309699637,2.134306909652),
  .UNSPECIFIED.);
#2981 = CARTESIAN_POINT('',(109.,-28.3708728397,42.585862060103));
#2982 = CARTESIAN_POINT('',(109.,-28.71557437231,43.045474801294));
#2983 = CARTESIAN_POINT('',(109.08513471727,-29.01425709338,
    43.52613866702));
#2984 = CARTESIAN_POINT('',(109.34094128778,-29.52389397637,
    44.519443585591));
#2985 = CARTESIAN_POINT('',(109.51425356319,-29.73364466571,
    45.032034303263));
#2986 = CARTESIAN_POINT('',(109.90236347394,-30.06197273202,
    46.06128240785));
#2987 = CARTESIAN_POINT('',(110.12460754948,-30.18420499681,
    46.594769905317));
#2988 = CARTESIAN_POINT('',(110.45557212695,-30.29889056629,
    47.361099946694));
#2989 = CARTESIAN_POINT('',(110.56851413364,-30.32687634791,
    47.617659771822));
#2990 = CARTESIAN_POINT('',(110.73163348075,-30.35355310922,
    47.985861987457));
#2991 = CARTESIAN_POINT('',(110.78616169684,-30.36011238009,
    48.108379874894));
#2992 = CARTESIAN_POINT('',(110.86531939326,-30.36650883747,
    48.28667967079));
#2993 = CARTESIAN_POINT('',(110.89163706965,-30.368100014,
    48.345901009699));
#2994 = CARTESIAN_POINT('',(110.93011585763,-30.3696927756,
    48.433731090938));
#2995 = CARTESIAN_POINT('',(110.94292171034,-30.37009391397,
    48.462840343696));
#2996 = CARTESIAN_POINT('',(110.96121090378,-30.3705067145,
    48.507057794265));
#2997 = CARTESIAN_POINT('',(110.96728558062,-30.3706125864,
    48.521771809983));
#2998 = CARTESIAN_POINT('',(110.97815712579,-30.37076101371,
    48.552200835446));
#2999 = CARTESIAN_POINT('',(110.98362533907,-30.3708058062,
    48.567671786847));
#3000 = CARTESIAN_POINT('',(110.98362533907,-30.3708058062,
    48.599096714441));
#3001 = CARTESIAN_POINT('',(110.98046541957,-30.37078071868,
    48.610931934124));
#3002 = CARTESIAN_POINT('',(110.97684292649,-30.37073877269,
    48.622387781431));
#3003 = PCURVE('',#1230,#3004);
#3004 = DEFINITIONAL_REPRESENTATION('',(#3005),#3053);
#3005 = B_SPLINE_CURVE_WITH_KNOTS('',3,(#3006,#3007,#3008,#3009,#3010,
    #3011,#3012,#3013,#3014,#3015,#3016,#3017,#3018,#3019,#3020,#3021,
    #3022,#3023,#3024,#3025,#3026,#3027,#3028,#3029,#3030,#3031,#3032,
    #3033,#3034,#3035,#3036,#3037,#3038,#3039,#3040,#3041,#3042,#3043,
    #3044,#3045,#3046,#3047,#3048,#3049,#3050,#3051,#3052),
  .UNSPECIFIED.,.F.,.F.,(4,1,1,1,1,1,1,1,1,1,1,1,1,1,1,1,1,1,1,1,1,1,1,1
    ,1,1,1,1,1,1,1,1,1,1,1,1,1,1,1,1,1,1,1,1,4),(1.436598916605,
    1.452455916447,1.468312916289,1.484169916131,1.500026915973,
    1.515883915815,1.531740915657,1.547597915499,1.563454915341,
    1.579311915183,1.595168915025,1.611025914867,1.626882914709,
    1.642739914551,1.658596914393,1.674453914235,1.690310914077,
    1.706167913919,1.722024913761,1.737881913603,1.753738913445,
    1.769595913287,1.785452913129,1.801309912971,1.817166912813,
    1.833023912655,1.848880912496,1.864737912338,1.88059491218,
    1.896451912022,1.912308911864,1.928165911706,1.944022911548,
    1.95987991139,1.975736911232,1.991593911074,2.007450910916,
    2.023307910758,2.0391649106,2.055021910442,2.070878910284,
    2.086735910126,2.102592909968,2.11844990981,2.134306909652),
  .QUASI_UNIFORM_KNOTS.);
#3006 = CARTESIAN_POINT('',(5.035953535473,-2.5));
#3007 = CARTESIAN_POINT('',(5.03066945958,-2.5));
#3008 = CARTESIAN_POINT('',(5.020119507139,-2.498559614083));
#3009 = CARTESIAN_POINT('',(5.004347618487,-2.492278009689));
#3010 = CARTESIAN_POINT('',(4.988627184461,-2.482075512883));
#3011 = CARTESIAN_POINT('',(4.97295671542,-2.468152253718));
#3012 = CARTESIAN_POINT('',(4.957334784081,-2.450708373586));
#3013 = CARTESIAN_POINT('',(4.941760035349,-2.429943971569));
#3014 = CARTESIAN_POINT('',(4.926231178813,-2.406059304664));
#3015 = CARTESIAN_POINT('',(4.910747006431,-2.379254040505));
#3016 = CARTESIAN_POINT('',(4.895306325936,-2.34973004627));
#3017 = CARTESIAN_POINT('',(4.879908205336,-2.317680980323));
#3018 = CARTESIAN_POINT('',(4.864551056522,-2.28333113674));
#3019 = CARTESIAN_POINT('',(4.84923616861,-2.246785489752));
#3020 = CARTESIAN_POINT('',(4.833965685285,-2.208111399239));
#3021 = CARTESIAN_POINT('',(4.818740573638,-2.167430501526));
#3022 = CARTESIAN_POINT('',(4.803562230615,-2.124849879746));
#3023 = CARTESIAN_POINT('',(4.78843205494,-2.080480553359));
#3024 = CARTESIAN_POINT('',(4.773351513904,-2.034432349707));
#3025 = CARTESIAN_POINT('',(4.758322264886,-1.986815928276));
#3026 = CARTESIAN_POINT('',(4.743345562878,-1.937739812098));
#3027 = CARTESIAN_POINT('',(4.728424469157,-1.887320237874));
#3028 = CARTESIAN_POINT('',(4.713555569327,-1.835644724081));
#3029 = CARTESIAN_POINT('',(4.698759852845,-1.782907948426));
#3030 = CARTESIAN_POINT('',(4.68396015785,-1.728872902547));
#3031 = CARTESIAN_POINT('',(4.669146639455,-1.6735648545));
#3032 = CARTESIAN_POINT('',(4.654341268589,-1.617149253648));
#3033 = CARTESIAN_POINT('',(4.639557747732,-1.559753972128));
#3034 = CARTESIAN_POINT('',(4.624812221509,-1.501517009669));
#3035 = CARTESIAN_POINT('',(4.610120295662,-1.442573432871));
#3036 = CARTESIAN_POINT('',(4.595498024256,-1.383059913244));
#3037 = CARTESIAN_POINT('',(4.580960715531,-1.323109635793));
#3038 = CARTESIAN_POINT('',(4.566526498271,-1.262868126638));
#3039 = CARTESIAN_POINT('',(4.55220303413,-1.20243503394));
#3040 = CARTESIAN_POINT('',(4.53803689563,-1.142081176573));
#3041 = CARTESIAN_POINT('',(4.523911123537,-1.081359327553));
#3042 = CARTESIAN_POINT('',(4.509836947774,-1.020386252896));
#3043 = CARTESIAN_POINT('',(4.495864401626,-0.959449619017));
#3044 = CARTESIAN_POINT('',(4.482030787071,-0.898773715452));
#3045 = CARTESIAN_POINT('',(4.468386623604,-0.838665438858));
#3046 = CARTESIAN_POINT('',(4.454942885274,-0.779164634282));
#3047 = CARTESIAN_POINT('',(4.441548320362,-0.719873312299));
#3048 = CARTESIAN_POINT('',(4.428414185677,-0.661054569104));
#3049 = CARTESIAN_POINT('',(4.415387252638,-0.605186207973));
#3050 = CARTESIAN_POINT('',(4.402800110179,-0.542756584724));
#3051 = CARTESIAN_POINT('',(4.393696046369,-0.523174881363));
#3052 = CARTESIAN_POINT('',(4.388802080795,-0.52315707351));
#3053 = ( GEOMETRIC_REPRESENTATION_CONTEXT(2) 
PARAMETRIC_REPRESENTATION_CONTEXT() REPRESENTATION_CONTEXT('2D SPACE',''
  ) );
#3054 = PCURVE('',#1258,#3055);
#3055 = DEFINITIONAL_REPRESENTATION('',(#3056),#3104);
#3056 = B_SPLINE_CURVE_WITH_KNOTS('',3,(#3057,#3058,#3059,#3060,#3061,
    #3062,#3063,#3064,#3065,#3066,#3067,#3068,#3069,#3070,#3071,#3072,
    #3073,#3074,#3075,#3076,#3077,#3078,#3079,#3080,#3081,#3082,#3083,
    #3084,#3085,#3086,#3087,#3088,#3089,#3090,#3091,#3092,#3093,#3094,
    #3095,#3096,#3097,#3098,#3099,#3100,#3101,#3102,#3103),
  .UNSPECIFIED.,.F.,.F.,(4,1,1,1,1,1,1,1,1,1,1,1,1,1,1,1,1,1,1,1,1,1,1,1
    ,1,1,1,1,1,1,1,1,1,1,1,1,1,1,1,1,1,1,1,1,4),(1.436598916605,
    1.452455916447,1.468312916289,1.484169916131,1.500026915973,
    1.515883915815,1.531740915657,1.547597915499,1.563454915341,
    1.579311915183,1.595168915025,1.611025914867,1.626882914709,
    1.642739914551,1.658596914393,1.674453914235,1.690310914077,
    1.706167913919,1.722024913761,1.737881913603,1.753738913445,
    1.769595913287,1.785452913129,1.801309912971,1.817166912813,
    1.833023912655,1.848880912496,1.864737912338,1.88059491218,
    1.896451912022,1.912308911864,1.928165911706,1.944022911548,
    1.95987991139,1.975736911232,1.991593911074,2.007450910916,
    2.023307910758,2.0391649106,2.055021910442,2.070878910284,
    2.086735910126,2.102592909968,2.11844990981,2.134306909652),
  .QUASI_UNIFORM_KNOTS.);
#3057 = CARTESIAN_POINT('',(5.497787143782,-54.70702536821));
#3058 = CARTESIAN_POINT('',(5.513638753021,-54.66475236043));
#3059 = CARTESIAN_POINT('',(5.54495414623,-54.57985018295));
#3060 = CARTESIAN_POINT('',(5.590852836522,-54.45146119736));
#3061 = CARTESIAN_POINT('',(5.635768450402,-54.32206925866));
#3062 = CARTESIAN_POINT('',(5.679784447098,-54.19170713357));
#3063 = CARTESIAN_POINT('',(5.72297754226,-54.0604075871));
#3064 = CARTESIAN_POINT('',(5.765416240857,-53.92820339057));
#3065 = CARTESIAN_POINT('',(5.807160368711,-53.79512729183));
#3066 = CARTESIAN_POINT('',(5.848260717861,-53.66121212625));
#3067 = CARTESIAN_POINT('',(5.888758473934,-53.52649040264));
#3068 = CARTESIAN_POINT('',(5.928686420159,-53.39099584852));
#3069 = CARTESIAN_POINT('',(5.968064111826,-53.25475764314));
#3070 = CARTESIAN_POINT('',(6.006916731871,-53.11782265084));
#3071 = CARTESIAN_POINT('',(6.045282394576,-52.98025187621));
#3072 = CARTESIAN_POINT('',(6.08318916204,-52.84209805278));
#3073 = CARTESIAN_POINT('',(6.120663686165,-52.70341610832));
#3074 = CARTESIAN_POINT('',(6.157728756752,-52.56426046469));
#3075 = CARTESIAN_POINT('',(6.194404008408,-52.42468537314));
#3076 = CARTESIAN_POINT('',(6.230705392621,-52.28474627326));
#3077 = CARTESIAN_POINT('',(6.266646697918,-52.14449402192));
#3078 = CARTESIAN_POINT('',(6.302234347384,-52.00399661848));
#3079 = CARTESIAN_POINT('',(6.337487245628,-51.86325807512));
#3080 = CARTESIAN_POINT('',(6.372363333378,-51.72252121022));
#3081 = CARTESIAN_POINT('',(6.407051598789,-51.58106617518));
#3082 = CARTESIAN_POINT('',(6.441598543313,-51.43883812325));
#3083 = CARTESIAN_POINT('',(6.475970832083,-51.29609146252));
#3084 = CARTESIAN_POINT('',(6.510152250617,-51.15299770121));
#3085 = CARTESIAN_POINT('',(6.544118255654,-51.00975069218));
#3086 = CARTESIAN_POINT('',(6.577843533898,-50.86653780965));
#3087 = CARTESIAN_POINT('',(6.611300015348,-50.72354999774));
#3088 = CARTESIAN_POINT('',(6.644460104781,-50.58097039954));
#3089 = CARTESIAN_POINT('',(6.677288588673,-50.43900979241));
#3090 = CARTESIAN_POINT('',(6.70977457894,-50.2977762177));
#3091 = CARTESIAN_POINT('',(6.741814543117,-50.15776102647));
#3092 = CARTESIAN_POINT('',(6.773693490194,-50.01784759447));
#3093 = CARTESIAN_POINT('',(6.805398549801,-49.87818699337));
#3094 = CARTESIAN_POINT('',(6.836820299824,-49.73930879615));
#3095 = CARTESIAN_POINT('',(6.867880631807,-49.60161536546));
#3096 = CARTESIAN_POINT('',(6.898457746979,-49.46563940396));
#3097 = CARTESIAN_POINT('',(6.928564400025,-49.33151946456));
#3098 = CARTESIAN_POINT('',(6.958440115792,-49.19777888391));
#3099 = CARTESIAN_POINT('',(6.987979838639,-49.06655353493));
#3100 = CARTESIAN_POINT('',(7.015973911609,-48.93633737168));
#3101 = CARTESIAN_POINT('',(7.047206052555,-48.81048092294));
#3102 = CARTESIAN_POINT('',(7.056995567892,-48.71943902832));
#3103 = CARTESIAN_POINT('',(7.057004675098,-48.67049964688));
#3104 = ( GEOMETRIC_REPRESENTATION_CONTEXT(2) 
PARAMETRIC_REPRESENTATION_CONTEXT() REPRESENTATION_CONTEXT('2D SPACE',''
  ) );
#3105 = ORIENTED_EDGE('',*,*,#1209,.F.);
#3106 = ORIENTED_EDGE('',*,*,#1693,.T.);
#3107 = ORIENTED_EDGE('',*,*,#1901,.T.);
#3108 = ORIENTED_EDGE('',*,*,#2002,.T.);
#3109 = ORIENTED_EDGE('',*,*,#3110,.F.);
#3110 = EDGE_CURVE('',#2728,#1975,#3111,.T.);
#3111 = SURFACE_CURVE('',#3112,(#3117,#3124),.PCURVE_S1.);
#3112 = CIRCLE('',#3113,10.);
#3113 = AXIS2_PLACEMENT_3D('',#3114,#3115,#3116);
#3114 = CARTESIAN_POINT('',(115.5,-20.3708058062,48.585772681058));
#3115 = DIRECTION('',(1.,0.,0.));
#3116 = DIRECTION('',(-0.,1.,0.));
#3117 = PCURVE('',#1230,#3118);
#3118 = DEFINITIONAL_REPRESENTATION('',(#3119),#3123);
#3119 = LINE('',#3120,#3121);
#3120 = CARTESIAN_POINT('',(1.250870945424,4.));
#3121 = VECTOR('',#3122,1.);
#3122 = DIRECTION('',(1.,0.));
#3123 = ( GEOMETRIC_REPRESENTATION_CONTEXT(2) 
PARAMETRIC_REPRESENTATION_CONTEXT() REPRESENTATION_CONTEXT('2D SPACE',''
  ) );
#3124 = PCURVE('',#1990,#3125);
#3125 = DEFINITIONAL_REPRESENTATION('',(#3126),#3130);
#3126 = CIRCLE('',#3127,10.);
#3127 = AXIS2_PLACEMENT_2D('',#3128,#3129);
#3128 = CARTESIAN_POINT('',(0.,0.));
#3129 = DIRECTION('',(1.,0.));
#3130 = ( GEOMETRIC_REPRESENTATION_CONTEXT(2) 
PARAMETRIC_REPRESENTATION_CONTEXT() REPRESENTATION_CONTEXT('2D SPACE',''
  ) );
#3131 = ADVANCED_FACE('',(#3132),#2895,.T.);
#3132 = FACE_BOUND('',#3133,.T.);
#3133 = EDGE_LOOP('',(#3134,#3135,#3158,#3179));
#3134 = ORIENTED_EDGE('',*,*,#2879,.F.);
#3135 = ORIENTED_EDGE('',*,*,#3136,.F.);
#3136 = EDGE_CURVE('',#3137,#2572,#3139,.T.);
#3137 = VERTEX_POINT('',#3138);
#3138 = CARTESIAN_POINT('',(111.,-30.3708728397,143.00000217557));
#3139 = SURFACE_CURVE('',#3140,(#3144,#3151),.PCURVE_S1.);
#3140 = LINE('',#3141,#3142);
#3141 = CARTESIAN_POINT('',(109.,-30.3708728397,143.00000217557));
#3142 = VECTOR('',#3143,1.);
#3143 = DIRECTION('',(1.,0.,0.));
#3144 = PCURVE('',#2895,#3145);
#3145 = DEFINITIONAL_REPRESENTATION('',(#3146),#3150);
#3146 = LINE('',#3147,#3148);
#3147 = CARTESIAN_POINT('',(3.,0.));
#3148 = VECTOR('',#3149,1.);
#3149 = DIRECTION('',(0.,1.));
#3150 = ( GEOMETRIC_REPRESENTATION_CONTEXT(2) 
PARAMETRIC_REPRESENTATION_CONTEXT() REPRESENTATION_CONTEXT('2D SPACE',''
  ) );
#3151 = PCURVE('',#2610,#3152);
#3152 = DEFINITIONAL_REPRESENTATION('',(#3153),#3157);
#3153 = LINE('',#3154,#3155);
#3154 = CARTESIAN_POINT('',(0.785398163397,0.));
#3155 = VECTOR('',#3156,1.);
#3156 = DIRECTION('',(0.,1.));
#3157 = ( GEOMETRIC_REPRESENTATION_CONTEXT(2) 
PARAMETRIC_REPRESENTATION_CONTEXT() REPRESENTATION_CONTEXT('2D SPACE',''
  ) );
#3158 = ORIENTED_EDGE('',*,*,#3159,.F.);
#3159 = EDGE_CURVE('',#2933,#3137,#3160,.T.);
#3160 = SURFACE_CURVE('',#3161,(#3165,#3172),.PCURVE_S1.);
#3161 = LINE('',#3162,#3163);
#3162 = CARTESIAN_POINT('',(111.,-30.3708728397,97.292887428314));
#3163 = VECTOR('',#3164,1.);
#3164 = DIRECTION('',(0.,0.,1.));
#3165 = PCURVE('',#2895,#3166);
#3166 = DEFINITIONAL_REPRESENTATION('',(#3167),#3171);
#3167 = LINE('',#3168,#3169);
#3168 = CARTESIAN_POINT('',(48.707114747256,2.));
#3169 = VECTOR('',#3170,1.);
#3170 = DIRECTION('',(-1.,0.));
#3171 = ( GEOMETRIC_REPRESENTATION_CONTEXT(2) 
PARAMETRIC_REPRESENTATION_CONTEXT() REPRESENTATION_CONTEXT('2D SPACE',''
  ) );
#3172 = PCURVE('',#1258,#3173);
#3173 = DEFINITIONAL_REPRESENTATION('',(#3174),#3178);
#3174 = LINE('',#3175,#3176);
#3175 = CARTESIAN_POINT('',(7.068583470577,0.));
#3176 = VECTOR('',#3177,1.);
#3177 = DIRECTION('',(0.,1.));
#3178 = ( GEOMETRIC_REPRESENTATION_CONTEXT(2) 
PARAMETRIC_REPRESENTATION_CONTEXT() REPRESENTATION_CONTEXT('2D SPACE',''
  ) );
#3179 = ORIENTED_EDGE('',*,*,#2932,.T.);
#3180 = ADVANCED_FACE('',(#3181),#2610,.T.);
#3181 = FACE_BOUND('',#3182,.T.);
#3182 = EDGE_LOOP('',(#3183,#3184,#3207,#3251));
#3183 = ORIENTED_EDGE('',*,*,#2571,.F.);
#3184 = ORIENTED_EDGE('',*,*,#3185,.T.);
#3185 = EDGE_CURVE('',#2463,#3186,#3188,.T.);
#3186 = VERTEX_POINT('',#3187);
#3187 = CARTESIAN_POINT('',(111.,-27.3708728397,146.00000217557));
#3188 = SURFACE_CURVE('',#3189,(#3193,#3200),.PCURVE_S1.);
#3189 = LINE('',#3190,#3191);
#3190 = CARTESIAN_POINT('',(109.,-27.3708728397,146.00000217557));
#3191 = VECTOR('',#3192,1.);
#3192 = DIRECTION('',(-1.,0.,0.));
#3193 = PCURVE('',#2610,#3194);
#3194 = DEFINITIONAL_REPRESENTATION('',(#3195),#3199);
#3195 = LINE('',#3196,#3197);
#3196 = CARTESIAN_POINT('',(-0.785398163397,0.));
#3197 = VECTOR('',#3198,1.);
#3198 = DIRECTION('',(0.,-1.));
#3199 = ( GEOMETRIC_REPRESENTATION_CONTEXT(2) 
PARAMETRIC_REPRESENTATION_CONTEXT() REPRESENTATION_CONTEXT('2D SPACE',''
  ) );
#3200 = PCURVE('',#2556,#3201);
#3201 = DEFINITIONAL_REPRESENTATION('',(#3202),#3206);
#3202 = LINE('',#3203,#3204);
#3203 = CARTESIAN_POINT('',(17.,0.));
#3204 = VECTOR('',#3205,1.);
#3205 = DIRECTION('',(0.,-1.));
#3206 = ( GEOMETRIC_REPRESENTATION_CONTEXT(2) 
PARAMETRIC_REPRESENTATION_CONTEXT() REPRESENTATION_CONTEXT('2D SPACE',''
  ) );
#3207 = ORIENTED_EDGE('',*,*,#3208,.F.);
#3208 = EDGE_CURVE('',#3137,#3186,#3209,.T.);
#3209 = SURFACE_CURVE('',#3210,(#3215,#3222),.PCURVE_S1.);
#3210 = CIRCLE('',#3211,3.);
#3211 = AXIS2_PLACEMENT_3D('',#3212,#3213,#3214);
#3212 = CARTESIAN_POINT('',(111.,-27.3708728397,143.00000217557));
#3213 = DIRECTION('',(-1.,0.,0.));
#3214 = DIRECTION('',(0.,-0.707106781187,0.707106781187));
#3215 = PCURVE('',#2610,#3216);
#3216 = DEFINITIONAL_REPRESENTATION('',(#3217),#3221);
#3217 = LINE('',#3218,#3219);
#3218 = CARTESIAN_POINT('',(6.28318530718,2.));
#3219 = VECTOR('',#3220,1.);
#3220 = DIRECTION('',(-1.,0.));
#3221 = ( GEOMETRIC_REPRESENTATION_CONTEXT(2) 
PARAMETRIC_REPRESENTATION_CONTEXT() REPRESENTATION_CONTEXT('2D SPACE',''
  ) );
#3222 = PCURVE('',#1287,#3223);
#3223 = DEFINITIONAL_REPRESENTATION('',(#3224),#3250);
#3224 = B_SPLINE_CURVE_WITH_KNOTS('',3,(#3225,#3226,#3227,#3228,#3229,
    #3230,#3231,#3232,#3233,#3234,#3235,#3236,#3237,#3238,#3239,#3240,
    #3241,#3242,#3243,#3244,#3245,#3246,#3247,#3248,#3249),
  .UNSPECIFIED.,.F.,.F.,(4,1,1,1,1,1,1,1,1,1,1,1,1,1,1,1,1,1,1,1,1,1,4),
  (5.497787143782,5.569186976818,5.640586809854,5.711986642891,
    5.783386475927,5.854786308963,5.926186141999,5.997585975035,
    6.068985808071,6.140385641107,6.211785474143,6.28318530718,
    6.354585140216,6.425984973252,6.497384806288,6.568784639324,
    6.64018447236,6.711584305396,6.782984138433,6.854383971469,
    6.925783804505,6.997183637541,7.068583470577),
  .QUASI_UNIFORM_KNOTS.);
#3225 = CARTESIAN_POINT('',(0.,-1.570796326795));
#3226 = CARTESIAN_POINT('',(0.,-1.597229375323));
#3227 = CARTESIAN_POINT('',(0.,-1.649321539424));
#3228 = CARTESIAN_POINT('',(0.,-1.725402781348));
#3229 = CARTESIAN_POINT('',(0.,-1.799700484976));
#3230 = CARTESIAN_POINT('',(0.,-1.872457766729));
#3231 = CARTESIAN_POINT('',(0.,-1.943902433034));
#3232 = CARTESIAN_POINT('',(0.,-2.014246930739));
#3233 = CARTESIAN_POINT('',(0.,-2.083691857828));
#3234 = CARTESIAN_POINT('',(0.,-2.152428136962));
#3235 = CARTESIAN_POINT('',(0.,-2.22063924756));
#3236 = CARTESIAN_POINT('',(0.,-2.28850321357));
#3237 = CARTESIAN_POINT('',(0.,-2.356194490192));
#3238 = CARTESIAN_POINT('',(0.,-2.423885766815));
#3239 = CARTESIAN_POINT('',(0.,-2.491749732825));
#3240 = CARTESIAN_POINT('',(0.,-2.559960843422));
#3241 = CARTESIAN_POINT('',(0.,-2.628697122557));
#3242 = CARTESIAN_POINT('',(0.,-2.698142049645));
#3243 = CARTESIAN_POINT('',(0.,-2.768486547351));
#3244 = CARTESIAN_POINT('',(0.,-2.839931213656));
#3245 = CARTESIAN_POINT('',(0.,-2.912688495409));
#3246 = CARTESIAN_POINT('',(0.,-2.986986199037));
#3247 = CARTESIAN_POINT('',(0.,-3.063067440961));
#3248 = CARTESIAN_POINT('',(-0.,-3.115159605062));
#3249 = CARTESIAN_POINT('',(0.,-3.14159265359));
#3250 = ( GEOMETRIC_REPRESENTATION_CONTEXT(2) 
PARAMETRIC_REPRESENTATION_CONTEXT() REPRESENTATION_CONTEXT('2D SPACE',''
  ) );
#3251 = ORIENTED_EDGE('',*,*,#3136,.T.);
#3252 = ADVANCED_FACE('',(#3253),#2556,.T.);
#3253 = FACE_BOUND('',#3254,.T.);
#3254 = EDGE_LOOP('',(#3255,#3256,#3279,#3300));
#3255 = ORIENTED_EDGE('',*,*,#2542,.F.);
#3256 = ORIENTED_EDGE('',*,*,#3257,.F.);
#3257 = EDGE_CURVE('',#3258,#2313,#3260,.T.);
#3258 = VERTEX_POINT('',#3259);
#3259 = CARTESIAN_POINT('',(111.,-13.3708728397,146.00000217557));
#3260 = SURFACE_CURVE('',#3261,(#3265,#3272),.PCURVE_S1.);
#3261 = LINE('',#3262,#3263);
#3262 = CARTESIAN_POINT('',(109.,-13.3708728397,146.00000217557));
#3263 = VECTOR('',#3264,1.);
#3264 = DIRECTION('',(1.,0.,0.));
#3265 = PCURVE('',#2556,#3266);
#3266 = DEFINITIONAL_REPRESENTATION('',(#3267),#3271);
#3267 = LINE('',#3268,#3269);
#3268 = CARTESIAN_POINT('',(3.,0.));
#3269 = VECTOR('',#3270,1.);
#3270 = DIRECTION('',(0.,1.));
#3271 = ( GEOMETRIC_REPRESENTATION_CONTEXT(2) 
PARAMETRIC_REPRESENTATION_CONTEXT() REPRESENTATION_CONTEXT('2D SPACE',''
  ) );
#3272 = PCURVE('',#670,#3273);
#3273 = DEFINITIONAL_REPRESENTATION('',(#3274),#3278);
#3274 = LINE('',#3275,#3276);
#3275 = CARTESIAN_POINT('',(7.068583470577,0.));
#3276 = VECTOR('',#3277,1.);
#3277 = DIRECTION('',(0.,1.));
#3278 = ( GEOMETRIC_REPRESENTATION_CONTEXT(2) 
PARAMETRIC_REPRESENTATION_CONTEXT() REPRESENTATION_CONTEXT('2D SPACE',''
  ) );
#3279 = ORIENTED_EDGE('',*,*,#3280,.F.);
#3280 = EDGE_CURVE('',#3186,#3258,#3281,.T.);
#3281 = SURFACE_CURVE('',#3282,(#3286,#3293),.PCURVE_S1.);
#3282 = LINE('',#3283,#3284);
#3283 = CARTESIAN_POINT('',(111.,-15.37083932295,146.00000217557));
#3284 = VECTOR('',#3285,1.);
#3285 = DIRECTION('',(0.,1.,0.));
#3286 = PCURVE('',#2556,#3287);
#3287 = DEFINITIONAL_REPRESENTATION('',(#3288),#3292);
#3288 = LINE('',#3289,#3290);
#3289 = CARTESIAN_POINT('',(4.999966483248,2.));
#3290 = VECTOR('',#3291,1.);
#3291 = DIRECTION('',(-1.,0.));
#3292 = ( GEOMETRIC_REPRESENTATION_CONTEXT(2) 
PARAMETRIC_REPRESENTATION_CONTEXT() REPRESENTATION_CONTEXT('2D SPACE',''
  ) );
#3293 = PCURVE('',#1342,#3294);
#3294 = DEFINITIONAL_REPRESENTATION('',(#3295),#3299);
#3295 = LINE('',#3296,#3297);
#3296 = CARTESIAN_POINT('',(7.068583470577,0.));
#3297 = VECTOR('',#3298,1.);
#3298 = DIRECTION('',(0.,1.));
#3299 = ( GEOMETRIC_REPRESENTATION_CONTEXT(2) 
PARAMETRIC_REPRESENTATION_CONTEXT() REPRESENTATION_CONTEXT('2D SPACE',''
  ) );
#3300 = ORIENTED_EDGE('',*,*,#3185,.F.);
#3301 = ADVANCED_FACE('',(#3302),#670,.T.);
#3302 = FACE_BOUND('',#3303,.T.);
#3303 = EDGE_LOOP('',(#3304,#3305,#3306,#3350));
#3304 = ORIENTED_EDGE('',*,*,#2312,.F.);
#3305 = ORIENTED_EDGE('',*,*,#654,.T.);
#3306 = ORIENTED_EDGE('',*,*,#3307,.F.);
#3307 = EDGE_CURVE('',#3258,#599,#3308,.T.);
#3308 = SURFACE_CURVE('',#3309,(#3314,#3321),.PCURVE_S1.);
#3309 = CIRCLE('',#3310,3.);
#3310 = AXIS2_PLACEMENT_3D('',#3311,#3312,#3313);
#3311 = CARTESIAN_POINT('',(111.,-13.3708728397,143.00000217557));
#3312 = DIRECTION('',(-1.,0.,0.));
#3313 = DIRECTION('',(0.,0.707106781187,0.707106781187));
#3314 = PCURVE('',#670,#3315);
#3315 = DEFINITIONAL_REPRESENTATION('',(#3316),#3320);
#3316 = LINE('',#3317,#3318);
#3317 = CARTESIAN_POINT('',(12.566370614359,2.));
#3318 = VECTOR('',#3319,1.);
#3319 = DIRECTION('',(-1.,0.));
#3320 = ( GEOMETRIC_REPRESENTATION_CONTEXT(2) 
PARAMETRIC_REPRESENTATION_CONTEXT() REPRESENTATION_CONTEXT('2D SPACE',''
  ) );
#3321 = PCURVE('',#615,#3322);
#3322 = DEFINITIONAL_REPRESENTATION('',(#3323),#3349);
#3323 = B_SPLINE_CURVE_WITH_KNOTS('',3,(#3324,#3325,#3326,#3327,#3328,
    #3329,#3330,#3331,#3332,#3333,#3334,#3335,#3336,#3337,#3338,#3339,
    #3340,#3341,#3342,#3343,#3344,#3345,#3346,#3347,#3348),
  .UNSPECIFIED.,.F.,.F.,(4,1,1,1,1,1,1,1,1,1,1,1,1,1,1,1,1,1,1,1,1,1,4),
  (5.497787143782,5.569186976818,5.640586809854,5.711986642891,
    5.783386475927,5.854786308963,5.926186141999,5.997585975035,
    6.068985808071,6.140385641107,6.211785474143,6.28318530718,
    6.354585140216,6.425984973252,6.497384806288,6.568784639324,
    6.64018447236,6.711584305396,6.782984138433,6.854383971469,
    6.925783804505,6.997183637541,7.068583470577),
  .QUASI_UNIFORM_KNOTS.);
#3324 = CARTESIAN_POINT('',(0.,3.14159265359));
#3325 = CARTESIAN_POINT('',(0.,3.115159605062));
#3326 = CARTESIAN_POINT('',(0.,3.063067440961));
#3327 = CARTESIAN_POINT('',(0.,2.986986199037));
#3328 = CARTESIAN_POINT('',(0.,2.912688495409));
#3329 = CARTESIAN_POINT('',(0.,2.839931213656));
#3330 = CARTESIAN_POINT('',(0.,2.768486547351));
#3331 = CARTESIAN_POINT('',(0.,2.698142049645));
#3332 = CARTESIAN_POINT('',(0.,2.628697122557));
#3333 = CARTESIAN_POINT('',(0.,2.559960843422));
#3334 = CARTESIAN_POINT('',(0.,2.491749732825));
#3335 = CARTESIAN_POINT('',(0.,2.423885766815));
#3336 = CARTESIAN_POINT('',(0.,2.356194490192));
#3337 = CARTESIAN_POINT('',(0.,2.28850321357));
#3338 = CARTESIAN_POINT('',(0.,2.22063924756));
#3339 = CARTESIAN_POINT('',(0.,2.152428136962));
#3340 = CARTESIAN_POINT('',(0.,2.083691857828));
#3341 = CARTESIAN_POINT('',(0.,2.014246930739));
#3342 = CARTESIAN_POINT('',(0.,1.943902433034));
#3343 = CARTESIAN_POINT('',(0.,1.872457766729));
#3344 = CARTESIAN_POINT('',(0.,1.799700484976));
#3345 = CARTESIAN_POINT('',(0.,1.725402781348));
#3346 = CARTESIAN_POINT('',(0.,1.649321539424));
#3347 = CARTESIAN_POINT('',(-0.,1.597229375323));
#3348 = CARTESIAN_POINT('',(0.,1.570796326795));
#3349 = ( GEOMETRIC_REPRESENTATION_CONTEXT(2) 
PARAMETRIC_REPRESENTATION_CONTEXT() REPRESENTATION_CONTEXT('2D SPACE',''
  ) );
#3350 = ORIENTED_EDGE('',*,*,#3257,.T.);
#3351 = ADVANCED_FACE('',(#3352),#1258,.T.);
#3352 = FACE_BOUND('',#3353,.T.);
#3353 = EDGE_LOOP('',(#3354,#3355,#3356,#3400,#3401));
#3354 = ORIENTED_EDGE('',*,*,#2955,.T.);
#3355 = ORIENTED_EDGE('',*,*,#3159,.T.);
#3356 = ORIENTED_EDGE('',*,*,#3357,.T.);
#3357 = EDGE_CURVE('',#3137,#1243,#3358,.T.);
#3358 = SURFACE_CURVE('',#3359,(#3364,#3371),.PCURVE_S1.);
#3359 = CIRCLE('',#3360,2.);
#3360 = AXIS2_PLACEMENT_3D('',#3361,#3362,#3363);
#3361 = CARTESIAN_POINT('',(111.,-28.3708728397,143.00000217557));
#3362 = DIRECTION('',(0.,0.,-1.));
#3363 = DIRECTION('',(0.,-1.,0.));
#3364 = PCURVE('',#1258,#3365);
#3365 = DEFINITIONAL_REPRESENTATION('',(#3366),#3370);
#3366 = LINE('',#3367,#3368);
#3367 = CARTESIAN_POINT('',(7.068583470577,45.707114747256));
#3368 = VECTOR('',#3369,1.);
#3369 = DIRECTION('',(-1.,0.));
#3370 = ( GEOMETRIC_REPRESENTATION_CONTEXT(2) 
PARAMETRIC_REPRESENTATION_CONTEXT() REPRESENTATION_CONTEXT('2D SPACE',''
  ) );
#3371 = PCURVE('',#1287,#3372);
#3372 = DEFINITIONAL_REPRESENTATION('',(#3373),#3399);
#3373 = B_SPLINE_CURVE_WITH_KNOTS('',3,(#3374,#3375,#3376,#3377,#3378,
    #3379,#3380,#3381,#3382,#3383,#3384,#3385,#3386,#3387,#3388,#3389,
    #3390,#3391,#3392,#3393,#3394,#3395,#3396,#3397,#3398),
  .UNSPECIFIED.,.F.,.F.,(4,1,1,1,1,1,1,1,1,1,1,1,1,1,1,1,1,1,1,1,1,1,4),
  (0.,7.139983303613E-02,0.142799666072,0.214199499108,0.285599332145,
    0.356999165181,0.428398998217,0.499798831253,0.571198664289,
    0.642598497325,0.713998330361,0.785398163397,0.856797996434,
    0.92819782947,0.999597662506,1.070997495542,1.142397328578,
    1.213797161614,1.28519699465,1.356596827687,1.427996660723,
    1.499396493759,1.570796326795),.QUASI_UNIFORM_KNOTS.);
#3374 = CARTESIAN_POINT('',(0.,-1.570796326795));
#3375 = CARTESIAN_POINT('',(-2.643304852828E-02,-1.570796326795));
#3376 = CARTESIAN_POINT('',(-7.852521262872E-02,-1.570796326795));
#3377 = CARTESIAN_POINT('',(-0.154606454553,-1.570796326795));
#3378 = CARTESIAN_POINT('',(-0.228904158181,-1.570796326795));
#3379 = CARTESIAN_POINT('',(-0.301661439934,-1.570796326795));
#3380 = CARTESIAN_POINT('',(-0.373106106239,-1.570796326795));
#3381 = CARTESIAN_POINT('',(-0.443450603945,-1.570796326795));
#3382 = CARTESIAN_POINT('',(-0.512895531033,-1.570796326795));
#3383 = CARTESIAN_POINT('',(-0.581631810168,-1.570796326795));
#3384 = CARTESIAN_POINT('',(-0.649842920765,-1.570796326795));
#3385 = CARTESIAN_POINT('',(-0.717706886775,-1.570796326795));
#3386 = CARTESIAN_POINT('',(-0.785398163397,-1.570796326795));
#3387 = CARTESIAN_POINT('',(-0.85308944002,-1.570796326795));
#3388 = CARTESIAN_POINT('',(-0.92095340603,-1.570796326795));
#3389 = CARTESIAN_POINT('',(-0.989164516627,-1.570796326795));
#3390 = CARTESIAN_POINT('',(-1.057900795762,-1.570796326795));
#3391 = CARTESIAN_POINT('',(-1.12734572285,-1.570796326795));
#3392 = CARTESIAN_POINT('',(-1.197690220556,-1.570796326795));
#3393 = CARTESIAN_POINT('',(-1.269134886861,-1.570796326795));
#3394 = CARTESIAN_POINT('',(-1.341892168614,-1.570796326795));
#3395 = CARTESIAN_POINT('',(-1.416189872242,-1.570796326795));
#3396 = CARTESIAN_POINT('',(-1.492271114166,-1.570796326795));
#3397 = CARTESIAN_POINT('',(-1.544363278267,-1.570796326795));
#3398 = CARTESIAN_POINT('',(-1.570796326795,-1.570796326795));
#3399 = ( GEOMETRIC_REPRESENTATION_CONTEXT(2) 
PARAMETRIC_REPRESENTATION_CONTEXT() REPRESENTATION_CONTEXT('2D SPACE',''
  ) );
#3400 = ORIENTED_EDGE('',*,*,#1242,.T.);
#3401 = ORIENTED_EDGE('',*,*,#2978,.T.);
#3402 = ADVANCED_FACE('',(#3403),#1287,.F.);
#3403 = FACE_BOUND('',#3404,.F.);
#3404 = EDGE_LOOP('',(#3405,#3406,#3407,#3408));
#3405 = ORIENTED_EDGE('',*,*,#3208,.F.);
#3406 = ORIENTED_EDGE('',*,*,#3357,.T.);
#3407 = ORIENTED_EDGE('',*,*,#1270,.F.);
#3408 = ORIENTED_EDGE('',*,*,#3409,.F.);
#3409 = EDGE_CURVE('',#3186,#1271,#3410,.T.);
#3410 = SURFACE_CURVE('',#3411,(#3416,#3445),.PCURVE_S1.);
#3411 = CIRCLE('',#3412,2.);
#3412 = AXIS2_PLACEMENT_3D('',#3413,#3414,#3415);
#3413 = CARTESIAN_POINT('',(111.,-27.3708728397,144.00000217557));
#3414 = DIRECTION('',(0.,-1.,0.));
#3415 = DIRECTION('',(0.,0.,1.));
#3416 = PCURVE('',#1287,#3417);
#3417 = DEFINITIONAL_REPRESENTATION('',(#3418),#3444);
#3418 = B_SPLINE_CURVE_WITH_KNOTS('',3,(#3419,#3420,#3421,#3422,#3423,
    #3424,#3425,#3426,#3427,#3428,#3429,#3430,#3431,#3432,#3433,#3434,
    #3435,#3436,#3437,#3438,#3439,#3440,#3441,#3442,#3443),
  .UNSPECIFIED.,.F.,.F.,(4,1,1,1,1,1,1,1,1,1,1,1,1,1,1,1,1,1,1,1,1,1,4),
  (0.,7.139983303613E-02,0.142799666072,0.214199499108,0.285599332145,
    0.356999165181,0.428398998217,0.499798831253,0.571198664289,
    0.642598497325,0.713998330361,0.785398163397,0.856797996434,
    0.92819782947,0.999597662506,1.070997495542,1.142397328578,
    1.213797161614,1.28519699465,1.356596827687,1.427996660723,
    1.499396493759,1.570796326795),.QUASI_UNIFORM_KNOTS.);
#3419 = CARTESIAN_POINT('',(0.,-3.14159265359));
#3420 = CARTESIAN_POINT('',(-2.643304852829E-02,-3.14159265359));
#3421 = CARTESIAN_POINT('',(-7.852521262873E-02,-3.14159265359));
#3422 = CARTESIAN_POINT('',(-0.154606454553,-3.14159265359));
#3423 = CARTESIAN_POINT('',(-0.228904158181,-3.14159265359));
#3424 = CARTESIAN_POINT('',(-0.301661439934,-3.14159265359));
#3425 = CARTESIAN_POINT('',(-0.373106106239,-3.14159265359));
#3426 = CARTESIAN_POINT('',(-0.443450603945,-3.14159265359));
#3427 = CARTESIAN_POINT('',(-0.512895531033,-3.14159265359));
#3428 = CARTESIAN_POINT('',(-0.581631810168,-3.14159265359));
#3429 = CARTESIAN_POINT('',(-0.649842920765,-3.14159265359));
#3430 = CARTESIAN_POINT('',(-0.717706886775,-3.14159265359));
#3431 = CARTESIAN_POINT('',(-0.785398163397,-3.14159265359));
#3432 = CARTESIAN_POINT('',(-0.85308944002,-3.14159265359));
#3433 = CARTESIAN_POINT('',(-0.92095340603,-3.14159265359));
#3434 = CARTESIAN_POINT('',(-0.989164516627,-3.14159265359));
#3435 = CARTESIAN_POINT('',(-1.057900795762,-3.14159265359));
#3436 = CARTESIAN_POINT('',(-1.12734572285,-3.14159265359));
#3437 = CARTESIAN_POINT('',(-1.197690220556,-3.14159265359));
#3438 = CARTESIAN_POINT('',(-1.269134886861,-3.14159265359));
#3439 = CARTESIAN_POINT('',(-1.341892168614,-3.14159265359));
#3440 = CARTESIAN_POINT('',(-1.416189872242,-3.14159265359));
#3441 = CARTESIAN_POINT('',(-1.492271114166,-3.14159265359));
#3442 = CARTESIAN_POINT('',(-1.544363278267,-3.14159265359));
#3443 = CARTESIAN_POINT('',(-1.570796326795,-3.14159265359));
#3444 = ( GEOMETRIC_REPRESENTATION_CONTEXT(2) 
PARAMETRIC_REPRESENTATION_CONTEXT() REPRESENTATION_CONTEXT('2D SPACE',''
  ) );
#3445 = PCURVE('',#1342,#3446);
#3446 = DEFINITIONAL_REPRESENTATION('',(#3447),#3451);
#3447 = LINE('',#3448,#3449);
#3448 = CARTESIAN_POINT('',(7.068583470577,-12.00003351675));
#3449 = VECTOR('',#3450,1.);
#3450 = DIRECTION('',(-1.,0.));
#3451 = ( GEOMETRIC_REPRESENTATION_CONTEXT(2) 
PARAMETRIC_REPRESENTATION_CONTEXT() REPRESENTATION_CONTEXT('2D SPACE',''
  ) );
#3452 = ADVANCED_FACE('',(#3453),#1342,.T.);
#3453 = FACE_BOUND('',#3454,.T.);
#3454 = EDGE_LOOP('',(#3455,#3499,#3500,#3501));
#3455 = ORIENTED_EDGE('',*,*,#3456,.T.);
#3456 = EDGE_CURVE('',#3258,#1327,#3457,.T.);
#3457 = SURFACE_CURVE('',#3458,(#3463,#3470),.PCURVE_S1.);
#3458 = CIRCLE('',#3459,2.);
#3459 = AXIS2_PLACEMENT_3D('',#3460,#3461,#3462);
#3460 = CARTESIAN_POINT('',(111.,-13.3708728397,144.00000217557));
#3461 = DIRECTION('',(0.,-1.,0.));
#3462 = DIRECTION('',(0.,0.,1.));
#3463 = PCURVE('',#1342,#3464);
#3464 = DEFINITIONAL_REPRESENTATION('',(#3465),#3469);
#3465 = LINE('',#3466,#3467);
#3466 = CARTESIAN_POINT('',(7.068583470577,1.999966483248));
#3467 = VECTOR('',#3468,1.);
#3468 = DIRECTION('',(-1.,0.));
#3469 = ( GEOMETRIC_REPRESENTATION_CONTEXT(2) 
PARAMETRIC_REPRESENTATION_CONTEXT() REPRESENTATION_CONTEXT('2D SPACE',''
  ) );
#3470 = PCURVE('',#615,#3471);
#3471 = DEFINITIONAL_REPRESENTATION('',(#3472),#3498);
#3472 = B_SPLINE_CURVE_WITH_KNOTS('',3,(#3473,#3474,#3475,#3476,#3477,
    #3478,#3479,#3480,#3481,#3482,#3483,#3484,#3485,#3486,#3487,#3488,
    #3489,#3490,#3491,#3492,#3493,#3494,#3495,#3496,#3497),
  .UNSPECIFIED.,.F.,.F.,(4,1,1,1,1,1,1,1,1,1,1,1,1,1,1,1,1,1,1,1,1,1,4),
  (0.,7.139983303613E-02,0.142799666072,0.214199499108,0.285599332145,
    0.356999165181,0.428398998217,0.499798831253,0.571198664289,
    0.642598497325,0.713998330361,0.785398163397,0.856797996434,
    0.92819782947,0.999597662506,1.070997495542,1.142397328578,
    1.213797161614,1.28519699465,1.356596827687,1.427996660723,
    1.499396493759,1.570796326795),.QUASI_UNIFORM_KNOTS.);
#3473 = CARTESIAN_POINT('',(0.,3.14159265359));
#3474 = CARTESIAN_POINT('',(-2.643304852829E-02,3.14159265359));
#3475 = CARTESIAN_POINT('',(-7.852521262873E-02,3.14159265359));
#3476 = CARTESIAN_POINT('',(-0.154606454553,3.14159265359));
#3477 = CARTESIAN_POINT('',(-0.228904158181,3.14159265359));
#3478 = CARTESIAN_POINT('',(-0.301661439934,3.14159265359));
#3479 = CARTESIAN_POINT('',(-0.373106106239,3.14159265359));
#3480 = CARTESIAN_POINT('',(-0.443450603945,3.14159265359));
#3481 = CARTESIAN_POINT('',(-0.512895531033,3.14159265359));
#3482 = CARTESIAN_POINT('',(-0.581631810168,3.14159265359));
#3483 = CARTESIAN_POINT('',(-0.649842920765,3.14159265359));
#3484 = CARTESIAN_POINT('',(-0.717706886775,3.14159265359));
#3485 = CARTESIAN_POINT('',(-0.785398163397,3.14159265359));
#3486 = CARTESIAN_POINT('',(-0.85308944002,3.14159265359));
#3487 = CARTESIAN_POINT('',(-0.92095340603,3.14159265359));
#3488 = CARTESIAN_POINT('',(-0.989164516627,3.14159265359));
#3489 = CARTESIAN_POINT('',(-1.057900795762,3.14159265359));
#3490 = CARTESIAN_POINT('',(-1.12734572285,3.14159265359));
#3491 = CARTESIAN_POINT('',(-1.197690220556,3.14159265359));
#3492 = CARTESIAN_POINT('',(-1.269134886861,3.14159265359));
#3493 = CARTESIAN_POINT('',(-1.341892168614,3.14159265359));
#3494 = CARTESIAN_POINT('',(-1.416189872242,3.14159265359));
#3495 = CARTESIAN_POINT('',(-1.492271114166,3.14159265359));
#3496 = CARTESIAN_POINT('',(-1.544363278267,3.14159265359));
#3497 = CARTESIAN_POINT('',(-1.570796326795,3.14159265359));
#3498 = ( GEOMETRIC_REPRESENTATION_CONTEXT(2) 
PARAMETRIC_REPRESENTATION_CONTEXT() REPRESENTATION_CONTEXT('2D SPACE',''
  ) );
#3499 = ORIENTED_EDGE('',*,*,#1326,.T.);
#3500 = ORIENTED_EDGE('',*,*,#3409,.F.);
#3501 = ORIENTED_EDGE('',*,*,#3280,.T.);
#3502 = ADVANCED_FACE('',(#3503),#615,.F.);
#3503 = FACE_BOUND('',#3504,.F.);
#3504 = EDGE_LOOP('',(#3505,#3506,#3507,#3508));
#3505 = ORIENTED_EDGE('',*,*,#3307,.F.);
#3506 = ORIENTED_EDGE('',*,*,#3456,.T.);
#3507 = ORIENTED_EDGE('',*,*,#1354,.F.);
#3508 = ORIENTED_EDGE('',*,*,#598,.F.);
#3509 = ADVANCED_FACE('',(#3510),#1654,.T.);
#3510 = FACE_BOUND('',#3511,.T.);
#3511 = EDGE_LOOP('',(#3512,#3535,#3558,#3579));
#3512 = ORIENTED_EDGE('',*,*,#3513,.F.);
#3513 = EDGE_CURVE('',#3514,#1613,#3516,.T.);
#3514 = VERTEX_POINT('',#3515);
#3515 = CARTESIAN_POINT('',(115.50000174343,-26.3708728397,
    115.50000172108));
#3516 = SURFACE_CURVE('',#3517,(#3521,#3528),.PCURVE_S1.);
#3517 = LINE('',#3518,#3519);
#3518 = CARTESIAN_POINT('',(108.99999876506,-26.3708728397,
    115.50000172108));
#3519 = VECTOR('',#3520,1.);
#3520 = DIRECTION('',(-1.,0.,0.));
#3521 = PCURVE('',#1654,#3522);
#3522 = DEFINITIONAL_REPRESENTATION('',(#3523),#3527);
#3523 = LINE('',#3524,#3525);
#3524 = CARTESIAN_POINT('',(1.234932994976E-06,0.));
#3525 = VECTOR('',#3526,1.);
#3526 = DIRECTION('',(-1.,0.));
#3527 = ( GEOMETRIC_REPRESENTATION_CONTEXT(2) 
PARAMETRIC_REPRESENTATION_CONTEXT() REPRESENTATION_CONTEXT('2D SPACE',''
  ) );
#3528 = PCURVE('',#1628,#3529);
#3529 = DEFINITIONAL_REPRESENTATION('',(#3530),#3534);
#3530 = LINE('',#3531,#3532);
#3531 = CARTESIAN_POINT('',(58.914279315592,-1.234934003946E-06));
#3532 = VECTOR('',#3533,1.);
#3533 = DIRECTION('',(0.,-1.));
#3534 = ( GEOMETRIC_REPRESENTATION_CONTEXT(2) 
PARAMETRIC_REPRESENTATION_CONTEXT() REPRESENTATION_CONTEXT('2D SPACE',''
  ) );
#3535 = ORIENTED_EDGE('',*,*,#3536,.T.);
#3536 = EDGE_CURVE('',#3514,#3537,#3539,.T.);
#3537 = VERTEX_POINT('',#3538);
#3538 = CARTESIAN_POINT('',(115.50000174343,-14.3708728397,
    115.50000172108));
#3539 = SURFACE_CURVE('',#3540,(#3544,#3551),.PCURVE_S1.);
#3540 = LINE('',#3541,#3542);
#3541 = CARTESIAN_POINT('',(115.50000174343,-26.3708728397,
    115.50000172108));
#3542 = VECTOR('',#3543,1.);
#3543 = DIRECTION('',(0.,1.,0.));
#3544 = PCURVE('',#1654,#3545);
#3545 = DEFINITIONAL_REPRESENTATION('',(#3546),#3550);
#3546 = LINE('',#3547,#3548);
#3547 = CARTESIAN_POINT('',(6.500004213303,0.));
#3548 = VECTOR('',#3549,1.);
#3549 = DIRECTION('',(0.,1.));
#3550 = ( GEOMETRIC_REPRESENTATION_CONTEXT(2) 
PARAMETRIC_REPRESENTATION_CONTEXT() REPRESENTATION_CONTEXT('2D SPACE',''
  ) );
#3551 = PCURVE('',#1990,#3552);
#3552 = DEFINITIONAL_REPRESENTATION('',(#3553),#3557);
#3553 = LINE('',#3554,#3555);
#3554 = CARTESIAN_POINT('',(-6.000067033503,66.914229040026));
#3555 = VECTOR('',#3556,1.);
#3556 = DIRECTION('',(1.,0.));
#3557 = ( GEOMETRIC_REPRESENTATION_CONTEXT(2) 
PARAMETRIC_REPRESENTATION_CONTEXT() REPRESENTATION_CONTEXT('2D SPACE',''
  ) );
#3558 = ORIENTED_EDGE('',*,*,#3559,.F.);
#3559 = EDGE_CURVE('',#1555,#3537,#3560,.T.);
#3560 = SURFACE_CURVE('',#3561,(#3565,#3572),.PCURVE_S1.);
#3561 = LINE('',#3562,#3563);
#3562 = CARTESIAN_POINT('',(108.99999876506,-14.3708728397,
    115.50000172108));
#3563 = VECTOR('',#3564,1.);
#3564 = DIRECTION('',(1.,0.,0.));
#3565 = PCURVE('',#1654,#3566);
#3566 = DEFINITIONAL_REPRESENTATION('',(#3567),#3571);
#3567 = LINE('',#3568,#3569);
#3568 = CARTESIAN_POINT('',(1.234932994976E-06,12.));
#3569 = VECTOR('',#3570,1.);
#3570 = DIRECTION('',(1.,0.));
#3571 = ( GEOMETRIC_REPRESENTATION_CONTEXT(2) 
PARAMETRIC_REPRESENTATION_CONTEXT() REPRESENTATION_CONTEXT('2D SPACE',''
  ) );
#3572 = PCURVE('',#1572,#3573);
#3573 = DEFINITIONAL_REPRESENTATION('',(#3574),#3578);
#3574 = LINE('',#3575,#3576);
#3575 = CARTESIAN_POINT('',(23.122386060347,-1.234934003946E-06));
#3576 = VECTOR('',#3577,1.);
#3577 = DIRECTION('',(0.,1.));
#3578 = ( GEOMETRIC_REPRESENTATION_CONTEXT(2) 
PARAMETRIC_REPRESENTATION_CONTEXT() REPRESENTATION_CONTEXT('2D SPACE',''
  ) );
#3579 = ORIENTED_EDGE('',*,*,#1640,.F.);
#3580 = ADVANCED_FACE('',(#3581),#1418,.T.);
#3581 = FACE_BOUND('',#3582,.T.);
#3582 = EDGE_LOOP('',(#3583,#3606,#3607,#3630));
#3583 = ORIENTED_EDGE('',*,*,#3584,.T.);
#3584 = EDGE_CURVE('',#3585,#1401,#3587,.T.);
#3585 = VERTEX_POINT('',#3586);
#3586 = CARTESIAN_POINT('',(115.50000174343,-25.8708728397,
    110.49999753013));
#3587 = SURFACE_CURVE('',#3588,(#3592,#3599),.PCURVE_S1.);
#3588 = LINE('',#3589,#3590);
#3589 = CARTESIAN_POINT('',(112.25000087171,-25.8708728397,
    110.49999753013));
#3590 = VECTOR('',#3591,1.);
#3591 = DIRECTION('',(-1.,0.,0.));
#3592 = PCURVE('',#1418,#3593);
#3593 = DEFINITIONAL_REPRESENTATION('',(#3594),#3598);
#3594 = LINE('',#3595,#3596);
#3595 = CARTESIAN_POINT('',(3.250000871718,0.5));
#3596 = VECTOR('',#3597,1.);
#3597 = DIRECTION('',(1.,0.));
#3598 = ( GEOMETRIC_REPRESENTATION_CONTEXT(2) 
PARAMETRIC_REPRESENTATION_CONTEXT() REPRESENTATION_CONTEXT('2D SPACE',''
  ) );
#3599 = PCURVE('',#1446,#3600);
#3600 = DEFINITIONAL_REPRESENTATION('',(#3601),#3605);
#3601 = LINE('',#3602,#3603);
#3602 = CARTESIAN_POINT('',(53.914275124641,3.250000871718));
#3603 = VECTOR('',#3604,1.);
#3604 = DIRECTION('',(0.,-1.));
#3605 = ( GEOMETRIC_REPRESENTATION_CONTEXT(2) 
PARAMETRIC_REPRESENTATION_CONTEXT() REPRESENTATION_CONTEXT('2D SPACE',''
  ) );
#3606 = ORIENTED_EDGE('',*,*,#1400,.T.);
#3607 = ORIENTED_EDGE('',*,*,#3608,.T.);
#3608 = EDGE_CURVE('',#1403,#3609,#3611,.T.);
#3609 = VERTEX_POINT('',#3610);
#3610 = CARTESIAN_POINT('',(115.50000174343,-14.8708728397,
    110.49999753013));
#3611 = SURFACE_CURVE('',#3612,(#3616,#3623),.PCURVE_S1.);
#3612 = LINE('',#3613,#3614);
#3613 = CARTESIAN_POINT('',(112.25000087171,-14.8708728397,
    110.49999753013));
#3614 = VECTOR('',#3615,1.);
#3615 = DIRECTION('',(1.,0.,0.));
#3616 = PCURVE('',#1418,#3617);
#3617 = DEFINITIONAL_REPRESENTATION('',(#3618),#3622);
#3618 = LINE('',#3619,#3620);
#3619 = CARTESIAN_POINT('',(3.250000871718,11.5));
#3620 = VECTOR('',#3621,1.);
#3621 = DIRECTION('',(-1.,0.));
#3622 = ( GEOMETRIC_REPRESENTATION_CONTEXT(2) 
PARAMETRIC_REPRESENTATION_CONTEXT() REPRESENTATION_CONTEXT('2D SPACE',''
  ) );
#3623 = PCURVE('',#1505,#3624);
#3624 = DEFINITIONAL_REPRESENTATION('',(#3625),#3629);
#3625 = LINE('',#3626,#3627);
#3626 = CARTESIAN_POINT('',(28.122390251298,3.250000871718));
#3627 = VECTOR('',#3628,1.);
#3628 = DIRECTION('',(0.,1.));
#3629 = ( GEOMETRIC_REPRESENTATION_CONTEXT(2) 
PARAMETRIC_REPRESENTATION_CONTEXT() REPRESENTATION_CONTEXT('2D SPACE',''
  ) );
#3630 = ORIENTED_EDGE('',*,*,#3631,.F.);
#3631 = EDGE_CURVE('',#3585,#3609,#3632,.T.);
#3632 = SURFACE_CURVE('',#3633,(#3637,#3644),.PCURVE_S1.);
#3633 = LINE('',#3634,#3635);
#3634 = CARTESIAN_POINT('',(115.50000174343,-26.3708728397,
    110.49999753013));
#3635 = VECTOR('',#3636,1.);
#3636 = DIRECTION('',(0.,1.,0.));
#3637 = PCURVE('',#1418,#3638);
#3638 = DEFINITIONAL_REPRESENTATION('',(#3639),#3643);
#3639 = LINE('',#3640,#3641);
#3640 = CARTESIAN_POINT('',(0.,0.));
#3641 = VECTOR('',#3642,1.);
#3642 = DIRECTION('',(0.,1.));
#3643 = ( GEOMETRIC_REPRESENTATION_CONTEXT(2) 
PARAMETRIC_REPRESENTATION_CONTEXT() REPRESENTATION_CONTEXT('2D SPACE',''
  ) );
#3644 = PCURVE('',#1990,#3645);
#3645 = DEFINITIONAL_REPRESENTATION('',(#3646),#3650);
#3646 = LINE('',#3647,#3648);
#3647 = CARTESIAN_POINT('',(-6.000067033503,61.914224849075));
#3648 = VECTOR('',#3649,1.);
#3649 = DIRECTION('',(1.,0.));
#3650 = ( GEOMETRIC_REPRESENTATION_CONTEXT(2) 
PARAMETRIC_REPRESENTATION_CONTEXT() REPRESENTATION_CONTEXT('2D SPACE',''
  ) );
#3651 = ADVANCED_FACE('',(#3652),#1505,.T.);
#3652 = FACE_BOUND('',#3653,.T.);
#3653 = EDGE_LOOP('',(#3654,#3655,#3656,#3679));
#3654 = ORIENTED_EDGE('',*,*,#3608,.F.);
#3655 = ORIENTED_EDGE('',*,*,#1491,.F.);
#3656 = ORIENTED_EDGE('',*,*,#3657,.F.);
#3657 = EDGE_CURVE('',#3658,#1459,#3660,.T.);
#3658 = VERTEX_POINT('',#3659);
#3659 = CARTESIAN_POINT('',(115.5,-14.8708728397,56.937463370018));
#3660 = SURFACE_CURVE('',#3661,(#3665,#3672),.PCURVE_S1.);
#3661 = LINE('',#3662,#3663);
#3662 = CARTESIAN_POINT('',(111.5,-14.8708728397,56.937463370017));
#3663 = VECTOR('',#3664,1.);
#3664 = DIRECTION('',(-1.,0.,0.));
#3665 = PCURVE('',#1505,#3666);
#3666 = DEFINITIONAL_REPRESENTATION('',(#3667),#3671);
#3667 = LINE('',#3668,#3669);
#3668 = CARTESIAN_POINT('',(81.684924411414,2.5));
#3669 = VECTOR('',#3670,1.);
#3670 = DIRECTION('',(0.,-1.));
#3671 = ( GEOMETRIC_REPRESENTATION_CONTEXT(2) 
PARAMETRIC_REPRESENTATION_CONTEXT() REPRESENTATION_CONTEXT('2D SPACE',''
  ) );
#3672 = PCURVE('',#1479,#3673);
#3673 = DEFINITIONAL_REPRESENTATION('',(#3674),#3678);
#3674 = LINE('',#3675,#3676);
#3675 = CARTESIAN_POINT('',(0.988440115287,0.));
#3676 = VECTOR('',#3677,1.);
#3677 = DIRECTION('',(0.,-1.));
#3678 = ( GEOMETRIC_REPRESENTATION_CONTEXT(2) 
PARAMETRIC_REPRESENTATION_CONTEXT() REPRESENTATION_CONTEXT('2D SPACE',''
  ) );
#3679 = ORIENTED_EDGE('',*,*,#3680,.T.);
#3680 = EDGE_CURVE('',#3658,#3609,#3681,.T.);
#3681 = SURFACE_CURVE('',#3682,(#3686,#3693),.PCURVE_S1.);
#3682 = LINE('',#3683,#3684);
#3683 = CARTESIAN_POINT('',(115.5,-14.8708728397,93.604080231244));
#3684 = VECTOR('',#3685,1.);
#3685 = DIRECTION('',(0.,0.,1.));
#3686 = PCURVE('',#1505,#3687);
#3687 = DEFINITIONAL_REPRESENTATION('',(#3688),#3692);
#3688 = LINE('',#3689,#3690);
#3689 = CARTESIAN_POINT('',(45.018307550187,6.5));
#3690 = VECTOR('',#3691,1.);
#3691 = DIRECTION('',(-1.,0.));
#3692 = ( GEOMETRIC_REPRESENTATION_CONTEXT(2) 
PARAMETRIC_REPRESENTATION_CONTEXT() REPRESENTATION_CONTEXT('2D SPACE',''
  ) );
#3693 = PCURVE('',#1990,#3694);
#3694 = DEFINITIONAL_REPRESENTATION('',(#3695),#3699);
#3695 = LINE('',#3696,#3697);
#3696 = CARTESIAN_POINT('',(5.499932966497,45.018307550186));
#3697 = VECTOR('',#3698,1.);
#3698 = DIRECTION('',(0.,1.));
#3699 = ( GEOMETRIC_REPRESENTATION_CONTEXT(2) 
PARAMETRIC_REPRESENTATION_CONTEXT() REPRESENTATION_CONTEXT('2D SPACE',''
  ) );
#3700 = ADVANCED_FACE('',(#3701),#1572,.T.);
#3701 = FACE_BOUND('',#3702,.T.);
#3702 = EDGE_LOOP('',(#3703,#3704,#3727,#3748));
#3703 = ORIENTED_EDGE('',*,*,#3559,.T.);
#3704 = ORIENTED_EDGE('',*,*,#3705,.F.);
#3705 = EDGE_CURVE('',#3706,#3537,#3708,.T.);
#3706 = VERTEX_POINT('',#3707);
#3707 = CARTESIAN_POINT('',(115.5,-14.3708728397,138.62238778143));
#3708 = SURFACE_CURVE('',#3709,(#3713,#3720),.PCURVE_S1.);
#3709 = LINE('',#3710,#3711);
#3710 = CARTESIAN_POINT('',(115.5,-14.3708728397,48.622387781431));
#3711 = VECTOR('',#3712,1.);
#3712 = DIRECTION('',(0.,0.,-1.));
#3713 = PCURVE('',#1572,#3714);
#3714 = DEFINITIONAL_REPRESENTATION('',(#3715),#3719);
#3715 = LINE('',#3716,#3717);
#3716 = CARTESIAN_POINT('',(90.,6.5));
#3717 = VECTOR('',#3718,1.);
#3718 = DIRECTION('',(1.,0.));
#3719 = ( GEOMETRIC_REPRESENTATION_CONTEXT(2) 
PARAMETRIC_REPRESENTATION_CONTEXT() REPRESENTATION_CONTEXT('2D SPACE',''
  ) );
#3720 = PCURVE('',#1990,#3721);
#3721 = DEFINITIONAL_REPRESENTATION('',(#3722),#3726);
#3722 = LINE('',#3723,#3724);
#3723 = CARTESIAN_POINT('',(5.999932966497,3.66151003728E-02));
#3724 = VECTOR('',#3725,1.);
#3725 = DIRECTION('',(0.,-1.));
#3726 = ( GEOMETRIC_REPRESENTATION_CONTEXT(2) 
PARAMETRIC_REPRESENTATION_CONTEXT() REPRESENTATION_CONTEXT('2D SPACE',''
  ) );
#3727 = ORIENTED_EDGE('',*,*,#3728,.F.);
#3728 = EDGE_CURVE('',#1557,#3706,#3729,.T.);
#3729 = SURFACE_CURVE('',#3730,(#3734,#3741),.PCURVE_S1.);
#3730 = LINE('',#3731,#3732);
#3731 = CARTESIAN_POINT('',(109.,-14.3708728397,138.62238778143));
#3732 = VECTOR('',#3733,1.);
#3733 = DIRECTION('',(1.,0.,0.));
#3734 = PCURVE('',#1572,#3735);
#3735 = DEFINITIONAL_REPRESENTATION('',(#3736),#3740);
#3736 = LINE('',#3737,#3738);
#3737 = CARTESIAN_POINT('',(0.,0.));
#3738 = VECTOR('',#3739,1.);
#3739 = DIRECTION('',(0.,1.));
#3740 = ( GEOMETRIC_REPRESENTATION_CONTEXT(2) 
PARAMETRIC_REPRESENTATION_CONTEXT() REPRESENTATION_CONTEXT('2D SPACE',''
  ) );
#3741 = PCURVE('',#1600,#3742);
#3742 = DEFINITIONAL_REPRESENTATION('',(#3743),#3747);
#3743 = LINE('',#3744,#3745);
#3744 = CARTESIAN_POINT('',(12.,0.));
#3745 = VECTOR('',#3746,1.);
#3746 = DIRECTION('',(0.,1.));
#3747 = ( GEOMETRIC_REPRESENTATION_CONTEXT(2) 
PARAMETRIC_REPRESENTATION_CONTEXT() REPRESENTATION_CONTEXT('2D SPACE',''
  ) );
#3748 = ORIENTED_EDGE('',*,*,#1554,.F.);
#3749 = ADVANCED_FACE('',(#3750),#1628,.T.);
#3750 = FACE_BOUND('',#3751,.T.);
#3751 = EDGE_LOOP('',(#3752,#3753,#3754,#3777));
#3752 = ORIENTED_EDGE('',*,*,#3513,.T.);
#3753 = ORIENTED_EDGE('',*,*,#1612,.T.);
#3754 = ORIENTED_EDGE('',*,*,#3755,.T.);
#3755 = EDGE_CURVE('',#1585,#3756,#3758,.T.);
#3756 = VERTEX_POINT('',#3757);
#3757 = CARTESIAN_POINT('',(115.5,-26.3708728397,138.62238778143));
#3758 = SURFACE_CURVE('',#3759,(#3763,#3770),.PCURVE_S1.);
#3759 = LINE('',#3760,#3761);
#3760 = CARTESIAN_POINT('',(109.,-26.3708728397,138.62238778143));
#3761 = VECTOR('',#3762,1.);
#3762 = DIRECTION('',(1.,0.,0.));
#3763 = PCURVE('',#1628,#3764);
#3764 = DEFINITIONAL_REPRESENTATION('',(#3765),#3769);
#3765 = LINE('',#3766,#3767);
#3766 = CARTESIAN_POINT('',(82.036665375939,0.));
#3767 = VECTOR('',#3768,1.);
#3768 = DIRECTION('',(0.,1.));
#3769 = ( GEOMETRIC_REPRESENTATION_CONTEXT(2) 
PARAMETRIC_REPRESENTATION_CONTEXT() REPRESENTATION_CONTEXT('2D SPACE',''
  ) );
#3770 = PCURVE('',#1600,#3771);
#3771 = DEFINITIONAL_REPRESENTATION('',(#3772),#3776);
#3772 = LINE('',#3773,#3774);
#3773 = CARTESIAN_POINT('',(0.,0.));
#3774 = VECTOR('',#3775,1.);
#3775 = DIRECTION('',(0.,1.));
#3776 = ( GEOMETRIC_REPRESENTATION_CONTEXT(2) 
PARAMETRIC_REPRESENTATION_CONTEXT() REPRESENTATION_CONTEXT('2D SPACE',''
  ) );
#3777 = ORIENTED_EDGE('',*,*,#3778,.F.);
#3778 = EDGE_CURVE('',#3514,#3756,#3779,.T.);
#3779 = SURFACE_CURVE('',#3780,(#3784,#3791),.PCURVE_S1.);
#3780 = LINE('',#3781,#3782);
#3781 = CARTESIAN_POINT('',(115.5,-26.3708728397,48.622387781431));
#3782 = VECTOR('',#3783,1.);
#3783 = DIRECTION('',(0.,0.,1.));
#3784 = PCURVE('',#1628,#3785);
#3785 = DEFINITIONAL_REPRESENTATION('',(#3786),#3790);
#3786 = LINE('',#3787,#3788);
#3787 = CARTESIAN_POINT('',(-7.963334624061,6.5));
#3788 = VECTOR('',#3789,1.);
#3789 = DIRECTION('',(1.,0.));
#3790 = ( GEOMETRIC_REPRESENTATION_CONTEXT(2) 
PARAMETRIC_REPRESENTATION_CONTEXT() REPRESENTATION_CONTEXT('2D SPACE',''
  ) );
#3791 = PCURVE('',#1990,#3792);
#3792 = DEFINITIONAL_REPRESENTATION('',(#3793),#3797);
#3793 = LINE('',#3794,#3795);
#3794 = CARTESIAN_POINT('',(-6.000067033503,3.66151003728E-02));
#3795 = VECTOR('',#3796,1.);
#3796 = DIRECTION('',(0.,1.));
#3797 = ( GEOMETRIC_REPRESENTATION_CONTEXT(2) 
PARAMETRIC_REPRESENTATION_CONTEXT() REPRESENTATION_CONTEXT('2D SPACE',''
  ) );
#3798 = ADVANCED_FACE('',(#3799),#1446,.T.);
#3799 = FACE_BOUND('',#3800,.T.);
#3800 = EDGE_LOOP('',(#3801,#3802,#3825,#3846));
#3801 = ORIENTED_EDGE('',*,*,#3584,.F.);
#3802 = ORIENTED_EDGE('',*,*,#3803,.T.);
#3803 = EDGE_CURVE('',#3585,#3804,#3806,.T.);
#3804 = VERTEX_POINT('',#3805);
#3805 = CARTESIAN_POINT('',(115.5,-25.8708728397,56.937375079819));
#3806 = SURFACE_CURVE('',#3807,(#3811,#3818),.PCURVE_S1.);
#3807 = LINE('',#3808,#3809);
#3808 = CARTESIAN_POINT('',(115.5,-25.8708728397,52.585747543275));
#3809 = VECTOR('',#3810,1.);
#3810 = DIRECTION('',(0.,0.,-1.));
#3811 = PCURVE('',#1446,#3812);
#3812 = DEFINITIONAL_REPRESENTATION('',(#3813),#3817);
#3813 = LINE('',#3814,#3815);
#3814 = CARTESIAN_POINT('',(-3.999974862217,6.5));
#3815 = VECTOR('',#3816,1.);
#3816 = DIRECTION('',(-1.,0.));
#3817 = ( GEOMETRIC_REPRESENTATION_CONTEXT(2) 
PARAMETRIC_REPRESENTATION_CONTEXT() REPRESENTATION_CONTEXT('2D SPACE',''
  ) );
#3818 = PCURVE('',#1990,#3819);
#3819 = DEFINITIONAL_REPRESENTATION('',(#3820),#3824);
#3820 = LINE('',#3821,#3822);
#3821 = CARTESIAN_POINT('',(-5.500067033503,3.999974862217));
#3822 = VECTOR('',#3823,1.);
#3823 = DIRECTION('',(0.,-1.));
#3824 = ( GEOMETRIC_REPRESENTATION_CONTEXT(2) 
PARAMETRIC_REPRESENTATION_CONTEXT() REPRESENTATION_CONTEXT('2D SPACE',''
  ) );
#3825 = ORIENTED_EDGE('',*,*,#3826,.F.);
#3826 = EDGE_CURVE('',#1431,#3804,#3827,.T.);
#3827 = SURFACE_CURVE('',#3828,(#3832,#3839),.PCURVE_S1.);
#3828 = LINE('',#3829,#3830);
#3829 = CARTESIAN_POINT('',(111.5,-25.8708728397,56.937375079818));
#3830 = VECTOR('',#3831,1.);
#3831 = DIRECTION('',(1.,0.,0.));
#3832 = PCURVE('',#1446,#3833);
#3833 = DEFINITIONAL_REPRESENTATION('',(#3834),#3838);
#3834 = LINE('',#3835,#3836);
#3835 = CARTESIAN_POINT('',(0.351652674326,2.5));
#3836 = VECTOR('',#3837,1.);
#3837 = DIRECTION('',(0.,1.));
#3838 = ( GEOMETRIC_REPRESENTATION_CONTEXT(2) 
PARAMETRIC_REPRESENTATION_CONTEXT() REPRESENTATION_CONTEXT('2D SPACE',''
  ) );
#3839 = PCURVE('',#1479,#3840);
#3840 = DEFINITIONAL_REPRESENTATION('',(#3841),#3845);
#3841 = LINE('',#3842,#3843);
#3842 = CARTESIAN_POINT('',(2.153168591067,0.));
#3843 = VECTOR('',#3844,1.);
#3844 = DIRECTION('',(0.,1.));
#3845 = ( GEOMETRIC_REPRESENTATION_CONTEXT(2) 
PARAMETRIC_REPRESENTATION_CONTEXT() REPRESENTATION_CONTEXT('2D SPACE',''
  ) );
#3846 = ORIENTED_EDGE('',*,*,#1430,.F.);
#3847 = ADVANCED_FACE('',(#3848),#1600,.T.);
#3848 = FACE_BOUND('',#3849,.T.);
#3849 = EDGE_LOOP('',(#3850,#3851,#3852,#3873));
#3850 = ORIENTED_EDGE('',*,*,#1584,.F.);
#3851 = ORIENTED_EDGE('',*,*,#3728,.T.);
#3852 = ORIENTED_EDGE('',*,*,#3853,.F.);
#3853 = EDGE_CURVE('',#3756,#3706,#3854,.T.);
#3854 = SURFACE_CURVE('',#3855,(#3859,#3866),.PCURVE_S1.);
#3855 = LINE('',#3856,#3857);
#3856 = CARTESIAN_POINT('',(115.5,-10.3708728397,138.62238778143));
#3857 = VECTOR('',#3858,1.);
#3858 = DIRECTION('',(0.,1.,0.));
#3859 = PCURVE('',#1600,#3860);
#3860 = DEFINITIONAL_REPRESENTATION('',(#3861),#3865);
#3861 = LINE('',#3862,#3863);
#3862 = CARTESIAN_POINT('',(16.,6.5));
#3863 = VECTOR('',#3864,1.);
#3864 = DIRECTION('',(1.,0.));
#3865 = ( GEOMETRIC_REPRESENTATION_CONTEXT(2) 
PARAMETRIC_REPRESENTATION_CONTEXT() REPRESENTATION_CONTEXT('2D SPACE',''
  ) );
#3866 = PCURVE('',#1990,#3867);
#3867 = DEFINITIONAL_REPRESENTATION('',(#3868),#3872);
#3868 = LINE('',#3869,#3870);
#3869 = CARTESIAN_POINT('',(9.999932966497,90.036615100373));
#3870 = VECTOR('',#3871,1.);
#3871 = DIRECTION('',(1.,0.));
#3872 = ( GEOMETRIC_REPRESENTATION_CONTEXT(2) 
PARAMETRIC_REPRESENTATION_CONTEXT() REPRESENTATION_CONTEXT('2D SPACE',''
  ) );
#3873 = ORIENTED_EDGE('',*,*,#3755,.F.);
#3874 = ADVANCED_FACE('',(#3875),#1479,.T.);
#3875 = FACE_BOUND('',#3876,.T.);
#3876 = EDGE_LOOP('',(#3877,#3878,#3879,#3880));
#3877 = ORIENTED_EDGE('',*,*,#3657,.T.);
#3878 = ORIENTED_EDGE('',*,*,#1458,.F.);
#3879 = ORIENTED_EDGE('',*,*,#3826,.T.);
#3880 = ORIENTED_EDGE('',*,*,#3881,.T.);
#3881 = EDGE_CURVE('',#3804,#3658,#3882,.T.);
#3882 = SURFACE_CURVE('',#3883,(#3888,#3895),.PCURVE_S1.);
#3883 = CIRCLE('',#3884,10.);
#3884 = AXIS2_PLACEMENT_3D('',#3885,#3886,#3887);
#3885 = CARTESIAN_POINT('',(115.5,-20.3708058062,48.585772681058));
#3886 = DIRECTION('',(-1.,0.,0.));
#3887 = DIRECTION('',(0.,1.,0.));
#3888 = PCURVE('',#1479,#3889);
#3889 = DEFINITIONAL_REPRESENTATION('',(#3890),#3894);
#3890 = LINE('',#3891,#3892);
#3891 = CARTESIAN_POINT('',(6.28318530718,4.));
#3892 = VECTOR('',#3893,1.);
#3893 = DIRECTION('',(-1.,0.));
#3894 = ( GEOMETRIC_REPRESENTATION_CONTEXT(2) 
PARAMETRIC_REPRESENTATION_CONTEXT() REPRESENTATION_CONTEXT('2D SPACE',''
  ) );
#3895 = PCURVE('',#1990,#3896);
#3896 = DEFINITIONAL_REPRESENTATION('',(#3897),#3905);
#3897 = ( BOUNDED_CURVE() B_SPLINE_CURVE(2,(#3898,#3899,#3900,#3901,
#3902,#3903,#3904),.UNSPECIFIED.,.T.,.F.) B_SPLINE_CURVE_WITH_KNOTS((1,2
    ,2,2,2,1),(-2.094395102393,0.,2.094395102393,4.188790204786,
6.28318530718,8.377580409573),.UNSPECIFIED.) CURVE() 
GEOMETRIC_REPRESENTATION_ITEM() RATIONAL_B_SPLINE_CURVE((1.,0.5,1.,0.5,
1.,0.5,1.)) REPRESENTATION_ITEM('') );
#3898 = CARTESIAN_POINT('',(10.,0.));
#3899 = CARTESIAN_POINT('',(10.,-17.32050807568));
#3900 = CARTESIAN_POINT('',(-5.,-8.660254037844));
#3901 = CARTESIAN_POINT('',(-20.,-2.449293598295E-15));
#3902 = CARTESIAN_POINT('',(-5.,8.660254037844));
#3903 = CARTESIAN_POINT('',(10.,17.320508075689));
#3904 = CARTESIAN_POINT('',(10.,0.));
#3905 = ( GEOMETRIC_REPRESENTATION_CONTEXT(2) 
PARAMETRIC_REPRESENTATION_CONTEXT() REPRESENTATION_CONTEXT('2D SPACE',''
  ) );
#3906 = ADVANCED_FACE('',(#3907,#3942),#3920,.T.);
#3907 = FACE_BOUND('',#3908,.T.);
#3908 = EDGE_LOOP('',(#3909));
#3909 = ORIENTED_EDGE('',*,*,#3910,.F.);
#3910 = EDGE_CURVE('',#3911,#3911,#3913,.T.);
#3911 = VERTEX_POINT('',#3912);
#3912 = CARTESIAN_POINT('',(99.5,-16.3708058062,48.585772681058));
#3913 = SURFACE_CURVE('',#3914,(#3919,#3935),.PCURVE_S1.);
#3914 = CIRCLE('',#3915,4.);
#3915 = AXIS2_PLACEMENT_3D('',#3916,#3917,#3918);
#3916 = CARTESIAN_POINT('',(99.5,-20.3708058062,48.585772681058));
#3917 = DIRECTION('',(1.,0.,0.));
#3918 = DIRECTION('',(0.,-1.,0.));
#3919 = PCURVE('',#3920,#3925);
#3920 = PLANE('',#3921);
#3921 = AXIS2_PLACEMENT_3D('',#3922,#3923,#3924);
#3922 = CARTESIAN_POINT('',(99.5,-20.3708058062,48.585772681058));
#3923 = DIRECTION('',(-1.,0.,0.));
#3924 = DIRECTION('',(0.,-1.,0.));
#3925 = DEFINITIONAL_REPRESENTATION('',(#3926),#3934);
#3926 = ( BOUNDED_CURVE() B_SPLINE_CURVE(2,(#3927,#3928,#3929,#3930,
#3931,#3932,#3933),.UNSPECIFIED.,.T.,.F.) B_SPLINE_CURVE_WITH_KNOTS((1,2
    ,2,2,2,1),(-2.094395102393,0.,2.094395102393,4.188790204786,
6.28318530718,8.377580409573),.UNSPECIFIED.) CURVE() 
GEOMETRIC_REPRESENTATION_ITEM() RATIONAL_B_SPLINE_CURVE((1.,0.5,1.,0.5,
1.,0.5,1.)) REPRESENTATION_ITEM('') );
#3927 = CARTESIAN_POINT('',(4.,0.));
#3928 = CARTESIAN_POINT('',(4.,-6.928203230276));
#3929 = CARTESIAN_POINT('',(-2.,-3.464101615138));
#3930 = CARTESIAN_POINT('',(-8.,-9.797174393179E-16));
#3931 = CARTESIAN_POINT('',(-2.,3.464101615138));
#3932 = CARTESIAN_POINT('',(4.,6.928203230276));
#3933 = CARTESIAN_POINT('',(4.,0.));
#3934 = ( GEOMETRIC_REPRESENTATION_CONTEXT(2) 
PARAMETRIC_REPRESENTATION_CONTEXT() REPRESENTATION_CONTEXT('2D SPACE',''
  ) );
#3935 = PCURVE('',#1540,#3936);
#3936 = DEFINITIONAL_REPRESENTATION('',(#3937),#3941);
#3937 = LINE('',#3938,#3939);
#3938 = CARTESIAN_POINT('',(6.28318530718,12.));
#3939 = VECTOR('',#3940,1.);
#3940 = DIRECTION('',(-1.,0.));
#3941 = ( GEOMETRIC_REPRESENTATION_CONTEXT(2) 
PARAMETRIC_REPRESENTATION_CONTEXT() REPRESENTATION_CONTEXT('2D SPACE',''
  ) );
#3942 = FACE_BOUND('',#3943,.T.);
#3943 = EDGE_LOOP('',(#3944));
#3944 = ORIENTED_EDGE('',*,*,#3945,.F.);
#3945 = EDGE_CURVE('',#3946,#3946,#3948,.T.);
#3946 = VERTEX_POINT('',#3947);
#3947 = CARTESIAN_POINT('',(99.5,-21.6308058062,48.585772681058));
#3948 = SURFACE_CURVE('',#3949,(#3954,#3961),.PCURVE_S1.);
#3949 = CIRCLE('',#3950,1.26);
#3950 = AXIS2_PLACEMENT_3D('',#3951,#3952,#3953);
#3951 = CARTESIAN_POINT('',(99.5,-20.3708058062,48.585772681058));
#3952 = DIRECTION('',(-1.,0.,0.));
#3953 = DIRECTION('',(0.,1.,0.));
#3954 = PCURVE('',#3920,#3955);
#3955 = DEFINITIONAL_REPRESENTATION('',(#3956),#3960);
#3956 = CIRCLE('',#3957,1.26);
#3957 = AXIS2_PLACEMENT_2D('',#3958,#3959);
#3958 = CARTESIAN_POINT('',(0.,0.));
#3959 = DIRECTION('',(-1.,0.));
#3960 = ( GEOMETRIC_REPRESENTATION_CONTEXT(2) 
PARAMETRIC_REPRESENTATION_CONTEXT() REPRESENTATION_CONTEXT('2D SPACE',''
  ) );
#3961 = PCURVE('',#2297,#3962);
#3962 = DEFINITIONAL_REPRESENTATION('',(#3963),#3967);
#3963 = LINE('',#3964,#3965);
#3964 = CARTESIAN_POINT('',(12.566370614359,-12.));
#3965 = VECTOR('',#3966,1.);
#3966 = DIRECTION('',(-1.,0.));
#3967 = ( GEOMETRIC_REPRESENTATION_CONTEXT(2) 
PARAMETRIC_REPRESENTATION_CONTEXT() REPRESENTATION_CONTEXT('2D SPACE',''
  ) );
#3968 = ADVANCED_FACE('',(#3969),#1540,.T.);
#3969 = FACE_BOUND('',#3970,.T.);
#3970 = EDGE_LOOP('',(#3971,#3972,#3993,#3994));
#3971 = ORIENTED_EDGE('',*,*,#3910,.T.);
#3972 = ORIENTED_EDGE('',*,*,#3973,.T.);
#3973 = EDGE_CURVE('',#3911,#1520,#3974,.T.);
#3974 = SEAM_CURVE('',#3975,(#3979,#3986),.PCURVE_S1.);
#3975 = LINE('',#3976,#3977);
#3976 = CARTESIAN_POINT('',(111.5,-16.3708058062,48.585772681058));
#3977 = VECTOR('',#3978,1.);
#3978 = DIRECTION('',(1.,0.,0.));
#3979 = PCURVE('',#1540,#3980);
#3980 = DEFINITIONAL_REPRESENTATION('',(#3981),#3985);
#3981 = LINE('',#3982,#3983);
#3982 = CARTESIAN_POINT('',(-3.14159265359,0.));
#3983 = VECTOR('',#3984,1.);
#3984 = DIRECTION('',(0.,-1.));
#3985 = ( GEOMETRIC_REPRESENTATION_CONTEXT(2) 
PARAMETRIC_REPRESENTATION_CONTEXT() REPRESENTATION_CONTEXT('2D SPACE',''
  ) );
#3986 = PCURVE('',#1540,#3987);
#3987 = DEFINITIONAL_REPRESENTATION('',(#3988),#3992);
#3988 = LINE('',#3989,#3990);
#3989 = CARTESIAN_POINT('',(3.14159265359,0.));
#3990 = VECTOR('',#3991,1.);
#3991 = DIRECTION('',(0.,-1.));
#3992 = ( GEOMETRIC_REPRESENTATION_CONTEXT(2) 
PARAMETRIC_REPRESENTATION_CONTEXT() REPRESENTATION_CONTEXT('2D SPACE',''
  ) );
#3993 = ORIENTED_EDGE('',*,*,#1519,.T.);
#3994 = ORIENTED_EDGE('',*,*,#3973,.F.);
#3995 = ADVANCED_FACE('',(#3996),#2297,.F.);
#3996 = FACE_BOUND('',#3997,.F.);
#3997 = EDGE_LOOP('',(#3998,#4019,#4020,#4021));
#3998 = ORIENTED_EDGE('',*,*,#3999,.T.);
#3999 = EDGE_CURVE('',#2281,#3946,#4000,.T.);
#4000 = SEAM_CURVE('',#4001,(#4005,#4012),.PCURVE_S1.);
#4001 = LINE('',#4002,#4003);
#4002 = CARTESIAN_POINT('',(111.5,-21.6308058062,48.585772681058));
#4003 = VECTOR('',#4004,1.);
#4004 = DIRECTION('',(-1.,0.,0.));
#4005 = PCURVE('',#2297,#4006);
#4006 = DEFINITIONAL_REPRESENTATION('',(#4007),#4011);
#4007 = LINE('',#4008,#4009);
#4008 = CARTESIAN_POINT('',(3.14159265359,0.));
#4009 = VECTOR('',#4010,1.);
#4010 = DIRECTION('',(0.,-1.));
#4011 = ( GEOMETRIC_REPRESENTATION_CONTEXT(2) 
PARAMETRIC_REPRESENTATION_CONTEXT() REPRESENTATION_CONTEXT('2D SPACE',''
  ) );
#4012 = PCURVE('',#2297,#4013);
#4013 = DEFINITIONAL_REPRESENTATION('',(#4014),#4018);
#4014 = LINE('',#4015,#4016);
#4015 = CARTESIAN_POINT('',(9.424777960769,0.));
#4016 = VECTOR('',#4017,1.);
#4017 = DIRECTION('',(0.,-1.));
#4018 = ( GEOMETRIC_REPRESENTATION_CONTEXT(2) 
PARAMETRIC_REPRESENTATION_CONTEXT() REPRESENTATION_CONTEXT('2D SPACE',''
  ) );
#4019 = ORIENTED_EDGE('',*,*,#3945,.F.);
#4020 = ORIENTED_EDGE('',*,*,#3999,.F.);
#4021 = ORIENTED_EDGE('',*,*,#2280,.F.);
#4022 = ADVANCED_FACE('',(#4023,#4031,#4034,#4040),#1990,.T.);
#4023 = FACE_BOUND('',#4024,.T.);
#4024 = EDGE_LOOP('',(#4025,#4026,#4027,#4028,#4029,#4030));
#4025 = ORIENTED_EDGE('',*,*,#2857,.F.);
#4026 = ORIENTED_EDGE('',*,*,#3110,.T.);
#4027 = ORIENTED_EDGE('',*,*,#1974,.F.);
#4028 = ORIENTED_EDGE('',*,*,#2360,.F.);
#4029 = ORIENTED_EDGE('',*,*,#2520,.F.);
#4030 = ORIENTED_EDGE('',*,*,#2623,.F.);
#4031 = FACE_BOUND('',#4032,.T.);
#4032 = EDGE_LOOP('',(#4033));
#4033 = ORIENTED_EDGE('',*,*,#2248,.T.);
#4034 = FACE_BOUND('',#4035,.T.);
#4035 = EDGE_LOOP('',(#4036,#4037,#4038,#4039));
#4036 = ORIENTED_EDGE('',*,*,#3680,.F.);
#4037 = ORIENTED_EDGE('',*,*,#3881,.F.);
#4038 = ORIENTED_EDGE('',*,*,#3803,.F.);
#4039 = ORIENTED_EDGE('',*,*,#3631,.T.);
#4040 = FACE_BOUND('',#4041,.T.);
#4041 = EDGE_LOOP('',(#4042,#4043,#4044,#4045));
#4042 = ORIENTED_EDGE('',*,*,#3536,.F.);
#4043 = ORIENTED_EDGE('',*,*,#3778,.T.);
#4044 = ORIENTED_EDGE('',*,*,#3853,.T.);
#4045 = ORIENTED_EDGE('',*,*,#3705,.T.);
#4046 = ( GEOMETRIC_REPRESENTATION_CONTEXT(3) 
GLOBAL_UNCERTAINTY_ASSIGNED_CONTEXT((#4050)) 
GLOBAL_UNIT_ASSIGNED_CONTEXT((#4047,#4048,#4049)) REPRESENTATION_CONTEXT
('Context #1','3D Context with UNIT and UNCERTAINTY') );
#4047 = ( LENGTH_UNIT() NAMED_UNIT(*) SI_UNIT(.MILLI.,.METRE.) );
#4048 = ( NAMED_UNIT(*) PLANE_ANGLE_UNIT() SI_UNIT($,.RADIAN.) );
#4049 = ( NAMED_UNIT(*) SI_UNIT($,.STERADIAN.) SOLID_ANGLE_UNIT() );
#4050 = UNCERTAINTY_MEASURE_WITH_UNIT(LENGTH_MEASURE(2.E-05),#4047,
  'distance_accuracy_value','confusion accuracy');
#4051 = PRODUCT_RELATED_PRODUCT_CATEGORY('part',$,(#7));
ENDSEC;
END-ISO-10303-21;
