ISO-10303-21;
HEADER;
FILE_DESCRIPTION(('Open CASCADE Model'),'2;1');
FILE_NAME('Open CASCADE Shape Model','2026-08-07T14:12:50',('Author'),(
    'Open CASCADE'),'Open CASCADE STEP processor 7.9','Open CASCADE 7.9'
  ,'Unknown');
FILE_SCHEMA(('AUTOMOTIVE_DESIGN { 1 0 10303 214 1 1 1 1 }'));
ENDSEC;
DATA;
#1 = APPLICATION_PROTOCOL_DEFINITION('international standard',
  'automotive_design',2000,#2);
#2 = APPLICATION_CONTEXT(
  'core data for automotive mechanical design processes');
#3 = SHAPE_DEFINITION_REPRESENTATION(#4,#10);
#4 = PRODUCT_DEFINITION_SHAPE('','',#5);
#5 = PRODUCT_DEFINITION('design','',#6,#9);
#6 = PRODUCT_DEFINITION_FORMATION('','',#7);
#7 = PRODUCT('Open CASCADE STEP translator 7.9 8',
  'Open CASCADE STEP translator 7.9 8','',(#8));
#8 = PRODUCT_CONTEXT('',#2,'mechanical');
#9 = PRODUCT_DEFINITION_CONTEXT('part definition',#2,'design');
#10 = ADVANCED_BREP_SHAPE_REPRESENTATION('',(#11,#15),#2473);
#11 = AXIS2_PLACEMENT_3D('',#12,#13,#14);
#12 = CARTESIAN_POINT('',(0.,0.,0.));
#13 = DIRECTION('',(0.,0.,1.));
#14 = DIRECTION('',(1.,0.,-0.));
#15 = MANIFOLD_SOLID_BREP('',#16);
#16 = CLOSED_SHELL('',(#17,#109,#148,#268,#344,#435,#545,#645,#694,#724,
    #815,#920,#1020,#1069,#1099,#1190,#1302,#1378,#1449,#1479,#1570,
    #1675,#1775,#1824,#1854,#1925,#1972,#2072,#2196,#2267,#2362,#2403,
    #2453,#2463));
#17 = ADVANCED_FACE('',(#18),#31,.T.);
#18 = FACE_BOUND('',#19,.T.);
#19 = EDGE_LOOP('',(#20,#54,#77,#108));
#20 = ORIENTED_EDGE('',*,*,#21,.F.);
#21 = EDGE_CURVE('',#22,#22,#24,.T.);
#22 = VERTEX_POINT('',#23);
#23 = CARTESIAN_POINT('',(138.58638205854,-34.48171319838,
    28.999999999999));
#24 = SURFACE_CURVE('',#25,(#30,#42),.PCURVE_S1.);
#25 = CIRCLE('',#26,15.);
#26 = AXIS2_PLACEMENT_3D('',#27,#28,#29);
#27 = CARTESIAN_POINT('',(123.58638205854,-34.48171319838,
    28.999999999999));
#28 = DIRECTION('',(0.,0.,1.));
#29 = DIRECTION('',(-1.,0.,0.));
#30 = PCURVE('',#31,#36);
#31 = CYLINDRICAL_SURFACE('',#32,15.);
#32 = AXIS2_PLACEMENT_3D('',#33,#34,#35);
#33 = CARTESIAN_POINT('',(123.58638205854,-34.48171319838,
    25.999999999999));
#34 = DIRECTION('',(0.,0.,1.));
#35 = DIRECTION('',(-1.,0.,0.));
#36 = DEFINITIONAL_REPRESENTATION('',(#37),#41);
#37 = LINE('',#38,#39);
#38 = CARTESIAN_POINT('',(-6.28318530718,3.));
#39 = VECTOR('',#40,1.);
#40 = DIRECTION('',(1.,0.));
#41 = ( GEOMETRIC_REPRESENTATION_CONTEXT(2) 
PARAMETRIC_REPRESENTATION_CONTEXT() REPRESENTATION_CONTEXT('2D SPACE',''
  ) );
#42 = PCURVE('',#43,#48);
#43 = PLANE('',#44);
#44 = AXIS2_PLACEMENT_3D('',#45,#46,#47);
#45 = CARTESIAN_POINT('',(123.58638205854,-34.48171319838,
    28.999999999999));
#46 = DIRECTION('',(0.,0.,1.));
#47 = DIRECTION('',(-1.,0.,0.));
#48 = DEFINITIONAL_REPRESENTATION('',(#49),#53);
#49 = CIRCLE('',#50,15.);
#50 = AXIS2_PLACEMENT_2D('',#51,#52);
#51 = CARTESIAN_POINT('',(0.,0.));
#52 = DIRECTION('',(1.,0.));
#53 = ( GEOMETRIC_REPRESENTATION_CONTEXT(2) 
PARAMETRIC_REPRESENTATION_CONTEXT() REPRESENTATION_CONTEXT('2D SPACE',''
  ) );
#54 = ORIENTED_EDGE('',*,*,#55,.T.);
#55 = EDGE_CURVE('',#22,#56,#58,.T.);
#56 = VERTEX_POINT('',#57);
#57 = CARTESIAN_POINT('',(138.58638205854,-34.48171319838,
    25.999999999999));
#58 = SEAM_CURVE('',#59,(#63,#70),.PCURVE_S1.);
#59 = LINE('',#60,#61);
#60 = CARTESIAN_POINT('',(138.58638205854,-34.48171319838,
    25.999999999999));
#61 = VECTOR('',#62,1.);
#62 = DIRECTION('',(0.,0.,-1.));
#63 = PCURVE('',#31,#64);
#64 = DEFINITIONAL_REPRESENTATION('',(#65),#69);
#65 = LINE('',#66,#67);
#66 = CARTESIAN_POINT('',(-3.14159265359,0.));
#67 = VECTOR('',#68,1.);
#68 = DIRECTION('',(0.,-1.));
#69 = ( GEOMETRIC_REPRESENTATION_CONTEXT(2) 
PARAMETRIC_REPRESENTATION_CONTEXT() REPRESENTATION_CONTEXT('2D SPACE',''
  ) );
#70 = PCURVE('',#31,#71);
#71 = DEFINITIONAL_REPRESENTATION('',(#72),#76);
#72 = LINE('',#73,#74);
#73 = CARTESIAN_POINT('',(3.14159265359,0.));
#74 = VECTOR('',#75,1.);
#75 = DIRECTION('',(0.,-1.));
#76 = ( GEOMETRIC_REPRESENTATION_CONTEXT(2) 
PARAMETRIC_REPRESENTATION_CONTEXT() REPRESENTATION_CONTEXT('2D SPACE',''
  ) );
#77 = ORIENTED_EDGE('',*,*,#78,.F.);
#78 = EDGE_CURVE('',#56,#56,#79,.T.);
#79 = SURFACE_CURVE('',#80,(#85,#92),.PCURVE_S1.);
#80 = CIRCLE('',#81,15.);
#81 = AXIS2_PLACEMENT_3D('',#82,#83,#84);
#82 = CARTESIAN_POINT('',(123.58638205854,-34.48171319838,
    25.999999999999));
#83 = DIRECTION('',(0.,0.,-1.));
#84 = DIRECTION('',(-1.,0.,0.));
#85 = PCURVE('',#31,#86);
#86 = DEFINITIONAL_REPRESENTATION('',(#87),#91);
#87 = LINE('',#88,#89);
#88 = CARTESIAN_POINT('',(6.28318530718,0.));
#89 = VECTOR('',#90,1.);
#90 = DIRECTION('',(-1.,0.));
#91 = ( GEOMETRIC_REPRESENTATION_CONTEXT(2) 
PARAMETRIC_REPRESENTATION_CONTEXT() REPRESENTATION_CONTEXT('2D SPACE',''
  ) );
#92 = PCURVE('',#93,#98);
#93 = PLANE('',#94);
#94 = AXIS2_PLACEMENT_3D('',#95,#96,#97);
#95 = CARTESIAN_POINT('',(123.61105762946,-29.50188451248,
    25.999999999999));
#96 = DIRECTION('',(0.,0.,1.));
#97 = DIRECTION('',(-1.,0.,0.));
#98 = DEFINITIONAL_REPRESENTATION('',(#99),#107);
#99 = ( BOUNDED_CURVE() B_SPLINE_CURVE(2,(#100,#101,#102,#103,#104,#105,
#106),.UNSPECIFIED.,.T.,.F.) B_SPLINE_CURVE_WITH_KNOTS((1,2,2,2,2,1),(
    -2.094395102393,0.,2.094395102393,4.188790204786,6.28318530718,
8.377580409573),.UNSPECIFIED.) CURVE() GEOMETRIC_REPRESENTATION_ITEM() 
RATIONAL_B_SPLINE_CURVE((1.,0.5,1.,0.5,1.,0.5,1.)) REPRESENTATION_ITEM(
  '') );
#100 = CARTESIAN_POINT('',(15.024675570924,4.979828685906));
#101 = CARTESIAN_POINT('',(15.024675570924,-21.00093342762));
#102 = CARTESIAN_POINT('',(-7.475324429076,-8.01055237086));
#103 = CARTESIAN_POINT('',(-29.97532442907,4.979828685906));
#104 = CARTESIAN_POINT('',(-7.475324429076,17.970209742673));
#105 = CARTESIAN_POINT('',(15.024675570924,30.960590799439));
#106 = CARTESIAN_POINT('',(15.024675570924,4.979828685906));
#107 = ( GEOMETRIC_REPRESENTATION_CONTEXT(2) 
PARAMETRIC_REPRESENTATION_CONTEXT() REPRESENTATION_CONTEXT('2D SPACE',''
  ) );
#108 = ORIENTED_EDGE('',*,*,#55,.F.);
#109 = ADVANCED_FACE('',(#110,#113),#43,.T.);
#110 = FACE_BOUND('',#111,.T.);
#111 = EDGE_LOOP('',(#112));
#112 = ORIENTED_EDGE('',*,*,#21,.T.);
#113 = FACE_BOUND('',#114,.T.);
#114 = EDGE_LOOP('',(#115));
#115 = ORIENTED_EDGE('',*,*,#116,.T.);
#116 = EDGE_CURVE('',#117,#117,#119,.T.);
#117 = VERTEX_POINT('',#118);
#118 = CARTESIAN_POINT('',(134.58638205854,-34.48171319838,
    28.999999999999));
#119 = SURFACE_CURVE('',#120,(#125,#136),.PCURVE_S1.);
#120 = CIRCLE('',#121,11.);
#121 = AXIS2_PLACEMENT_3D('',#122,#123,#124);
#122 = CARTESIAN_POINT('',(123.58638205854,-34.48171319838,
    28.999999999999));
#123 = DIRECTION('',(0.,0.,-1.));
#124 = DIRECTION('',(-1.,0.,0.));
#125 = PCURVE('',#43,#126);
#126 = DEFINITIONAL_REPRESENTATION('',(#127),#135);
#127 = ( BOUNDED_CURVE() B_SPLINE_CURVE(2,(#128,#129,#130,#131,#132,#133
,#134),.UNSPECIFIED.,.T.,.F.) B_SPLINE_CURVE_WITH_KNOTS((1,2,2,2,2,1),(
    -2.094395102393,0.,2.094395102393,4.188790204786,6.28318530718,
8.377580409573),.UNSPECIFIED.) CURVE() GEOMETRIC_REPRESENTATION_ITEM() 
RATIONAL_B_SPLINE_CURVE((1.,0.5,1.,0.5,1.,0.5,1.)) REPRESENTATION_ITEM(
  '') );
#128 = CARTESIAN_POINT('',(11.,0.));
#129 = CARTESIAN_POINT('',(11.,-19.05255888325));
#130 = CARTESIAN_POINT('',(-5.5,-9.526279441629));
#131 = CARTESIAN_POINT('',(-22.,-2.694222958124E-15));
#132 = CARTESIAN_POINT('',(-5.5,9.526279441629));
#133 = CARTESIAN_POINT('',(11.,19.052558883258));
#134 = CARTESIAN_POINT('',(11.,0.));
#135 = ( GEOMETRIC_REPRESENTATION_CONTEXT(2) 
PARAMETRIC_REPRESENTATION_CONTEXT() REPRESENTATION_CONTEXT('2D SPACE',''
  ) );
#136 = PCURVE('',#137,#142);
#137 = CYLINDRICAL_SURFACE('',#138,11.);
#138 = AXIS2_PLACEMENT_3D('',#139,#140,#141);
#139 = CARTESIAN_POINT('',(123.58638205854,-34.48171319838,
    25.999999999999));
#140 = DIRECTION('',(0.,0.,-1.));
#141 = DIRECTION('',(-1.,0.,0.));
#142 = DEFINITIONAL_REPRESENTATION('',(#143),#147);
#143 = LINE('',#144,#145);
#144 = CARTESIAN_POINT('',(-6.28318530718,-3.));
#145 = VECTOR('',#146,1.);
#146 = DIRECTION('',(1.,0.));
#147 = ( GEOMETRIC_REPRESENTATION_CONTEXT(2) 
PARAMETRIC_REPRESENTATION_CONTEXT() REPRESENTATION_CONTEXT('2D SPACE',''
  ) );
#148 = ADVANCED_FACE('',(#149),#163,.T.);
#149 = FACE_BOUND('',#150,.T.);
#150 = EDGE_LOOP('',(#151,#186,#214,#242));
#151 = ORIENTED_EDGE('',*,*,#152,.F.);
#152 = EDGE_CURVE('',#153,#155,#157,.T.);
#153 = VERTEX_POINT('',#154);
#154 = CARTESIAN_POINT('',(136.61105762946,-11.50188451248,
    18.999999999999));
#155 = VERTEX_POINT('',#156);
#156 = CARTESIAN_POINT('',(136.61105762946,-47.50188451248,
    18.999999999999));
#157 = SURFACE_CURVE('',#158,(#162,#174),.PCURVE_S1.);
#158 = LINE('',#159,#160);
#159 = CARTESIAN_POINT('',(136.61105762946,-11.50188451248,
    18.999999999999));
#160 = VECTOR('',#161,1.);
#161 = DIRECTION('',(0.,-1.,0.));
#162 = PCURVE('',#163,#168);
#163 = PLANE('',#164);
#164 = AXIS2_PLACEMENT_3D('',#165,#166,#167);
#165 = CARTESIAN_POINT('',(136.61105762946,-11.50188451248,
    4.000000000001));
#166 = DIRECTION('',(-1.,0.,0.));
#167 = DIRECTION('',(-0.,-1.,-5.209512382635E-14));
#168 = DEFINITIONAL_REPRESENTATION('',(#169),#173);
#169 = LINE('',#170,#171);
#170 = CARTESIAN_POINT('',(-7.814268573951E-13,14.999999999998));
#171 = VECTOR('',#172,1.);
#172 = DIRECTION('',(1.,5.209512382635E-14));
#173 = ( GEOMETRIC_REPRESENTATION_CONTEXT(2) 
PARAMETRIC_REPRESENTATION_CONTEXT() REPRESENTATION_CONTEXT('2D SPACE',''
  ) );
#174 = PCURVE('',#175,#180);
#175 = PLANE('',#176);
#176 = AXIS2_PLACEMENT_3D('',#177,#178,#179);
#177 = CARTESIAN_POINT('',(123.61105762946,-29.50188451248,
    18.999999999999));
#178 = DIRECTION('',(0.,0.,1.));
#179 = DIRECTION('',(-1.,0.,0.));
#180 = DEFINITIONAL_REPRESENTATION('',(#181),#185);
#181 = LINE('',#182,#183);
#182 = CARTESIAN_POINT('',(-13.,-18.));
#183 = VECTOR('',#184,1.);
#184 = DIRECTION('',(0.,1.));
#185 = ( GEOMETRIC_REPRESENTATION_CONTEXT(2) 
PARAMETRIC_REPRESENTATION_CONTEXT() REPRESENTATION_CONTEXT('2D SPACE',''
  ) );
#186 = ORIENTED_EDGE('',*,*,#187,.F.);
#187 = EDGE_CURVE('',#188,#153,#190,.T.);
#188 = VERTEX_POINT('',#189);
#189 = CARTESIAN_POINT('',(136.61105762946,-11.50188451248,
    4.000000000001));
#190 = SURFACE_CURVE('',#191,(#195,#202),.PCURVE_S1.);
#191 = LINE('',#192,#193);
#192 = CARTESIAN_POINT('',(136.61105762946,-11.50188451248,
    4.000000000001));
#193 = VECTOR('',#194,1.);
#194 = DIRECTION('',(0.,0.,1.));
#195 = PCURVE('',#163,#196);
#196 = DEFINITIONAL_REPRESENTATION('',(#197),#201);
#197 = LINE('',#198,#199);
#198 = CARTESIAN_POINT('',(-0.,0.));
#199 = VECTOR('',#200,1.);
#200 = DIRECTION('',(-5.209512382635E-14,1.));
#201 = ( GEOMETRIC_REPRESENTATION_CONTEXT(2) 
PARAMETRIC_REPRESENTATION_CONTEXT() REPRESENTATION_CONTEXT('2D SPACE',''
  ) );
#202 = PCURVE('',#203,#208);
#203 = PLANE('',#204);
#204 = AXIS2_PLACEMENT_3D('',#205,#206,#207);
#205 = CARTESIAN_POINT('',(110.61105762946,-11.50188451248,
    3.999999999999));
#206 = DIRECTION('',(0.,-1.,0.));
#207 = DIRECTION('',(1.,0.,7.21317099134E-14));
#208 = DEFINITIONAL_REPRESENTATION('',(#209),#213);
#209 = LINE('',#210,#211);
#210 = CARTESIAN_POINT('',(26.,-5.364795069885E-15));
#211 = VECTOR('',#212,1.);
#212 = DIRECTION('',(7.21317099134E-14,1.));
#213 = ( GEOMETRIC_REPRESENTATION_CONTEXT(2) 
PARAMETRIC_REPRESENTATION_CONTEXT() REPRESENTATION_CONTEXT('2D SPACE',''
  ) );
#214 = ORIENTED_EDGE('',*,*,#215,.T.);
#215 = EDGE_CURVE('',#188,#216,#218,.T.);
#216 = VERTEX_POINT('',#217);
#217 = CARTESIAN_POINT('',(136.61105762946,-47.50188451248,
    3.999999999999));
#218 = SURFACE_CURVE('',#219,(#223,#230),.PCURVE_S1.);
#219 = LINE('',#220,#221);
#220 = CARTESIAN_POINT('',(136.61105762946,-47.50188451248,
    3.999999999999));
#221 = VECTOR('',#222,1.);
#222 = DIRECTION('',(0.,-1.,-5.209512382635E-14));
#223 = PCURVE('',#163,#224);
#224 = DEFINITIONAL_REPRESENTATION('',(#225),#229);
#225 = LINE('',#226,#227);
#226 = CARTESIAN_POINT('',(36.,5.364795069885E-15));
#227 = VECTOR('',#228,1.);
#228 = DIRECTION('',(1.,0.));
#229 = ( GEOMETRIC_REPRESENTATION_CONTEXT(2) 
PARAMETRIC_REPRESENTATION_CONTEXT() REPRESENTATION_CONTEXT('2D SPACE',''
  ) );
#230 = PCURVE('',#231,#236);
#231 = PLANE('',#232);
#232 = AXIS2_PLACEMENT_3D('',#233,#234,#235);
#233 = CARTESIAN_POINT('',(123.61105762946,-29.50188451248,4.));
#234 = DIRECTION('',(0.,0.,1.));
#235 = DIRECTION('',(-1.,0.,0.));
#236 = DEFINITIONAL_REPRESENTATION('',(#237),#241);
#237 = LINE('',#238,#239);
#238 = CARTESIAN_POINT('',(-13.,18.));
#239 = VECTOR('',#240,1.);
#240 = DIRECTION('',(0.,1.));
#241 = ( GEOMETRIC_REPRESENTATION_CONTEXT(2) 
PARAMETRIC_REPRESENTATION_CONTEXT() REPRESENTATION_CONTEXT('2D SPACE',''
  ) );
#242 = ORIENTED_EDGE('',*,*,#243,.T.);
#243 = EDGE_CURVE('',#216,#155,#244,.T.);
#244 = SURFACE_CURVE('',#245,(#249,#256),.PCURVE_S1.);
#245 = LINE('',#246,#247);
#246 = CARTESIAN_POINT('',(136.61105762946,-47.50188451248,
    3.999999999999));
#247 = VECTOR('',#248,1.);
#248 = DIRECTION('',(0.,0.,1.));
#249 = PCURVE('',#163,#250);
#250 = DEFINITIONAL_REPRESENTATION('',(#251),#255);
#251 = LINE('',#252,#253);
#252 = CARTESIAN_POINT('',(36.,5.364795069885E-15));
#253 = VECTOR('',#254,1.);
#254 = DIRECTION('',(-5.209512382635E-14,1.));
#255 = ( GEOMETRIC_REPRESENTATION_CONTEXT(2) 
PARAMETRIC_REPRESENTATION_CONTEXT() REPRESENTATION_CONTEXT('2D SPACE',''
  ) );
#256 = PCURVE('',#257,#262);
#257 = PLANE('',#258);
#258 = AXIS2_PLACEMENT_3D('',#259,#260,#261);
#259 = CARTESIAN_POINT('',(136.61105762946,-47.50188451248,
    3.999999999999));
#260 = DIRECTION('',(0.,1.,0.));
#261 = DIRECTION('',(-1.,0.,0.));
#262 = DEFINITIONAL_REPRESENTATION('',(#263),#267);
#263 = LINE('',#264,#265);
#264 = CARTESIAN_POINT('',(0.,0.));
#265 = VECTOR('',#266,1.);
#266 = DIRECTION('',(0.,1.));
#267 = ( GEOMETRIC_REPRESENTATION_CONTEXT(2) 
PARAMETRIC_REPRESENTATION_CONTEXT() REPRESENTATION_CONTEXT('2D SPACE',''
  ) );
#268 = ADVANCED_FACE('',(#269),#203,.T.);
#269 = FACE_BOUND('',#270,.T.);
#270 = EDGE_LOOP('',(#271,#294,#322,#343));
#271 = ORIENTED_EDGE('',*,*,#272,.F.);
#272 = EDGE_CURVE('',#273,#153,#275,.T.);
#273 = VERTEX_POINT('',#274);
#274 = CARTESIAN_POINT('',(110.61105762946,-11.50188451248,
    18.999999999999));
#275 = SURFACE_CURVE('',#276,(#280,#287),.PCURVE_S1.);
#276 = LINE('',#277,#278);
#277 = CARTESIAN_POINT('',(110.61105762946,-11.50188451248,
    18.999999999999));
#278 = VECTOR('',#279,1.);
#279 = DIRECTION('',(1.,0.,0.));
#280 = PCURVE('',#203,#281);
#281 = DEFINITIONAL_REPRESENTATION('',(#282),#286);
#282 = LINE('',#283,#284);
#283 = CARTESIAN_POINT('',(1.081975648701E-12,15.));
#284 = VECTOR('',#285,1.);
#285 = DIRECTION('',(1.,-7.21317099134E-14));
#286 = ( GEOMETRIC_REPRESENTATION_CONTEXT(2) 
PARAMETRIC_REPRESENTATION_CONTEXT() REPRESENTATION_CONTEXT('2D SPACE',''
  ) );
#287 = PCURVE('',#175,#288);
#288 = DEFINITIONAL_REPRESENTATION('',(#289),#293);
#289 = LINE('',#290,#291);
#290 = CARTESIAN_POINT('',(13.,-18.));
#291 = VECTOR('',#292,1.);
#292 = DIRECTION('',(-1.,0.));
#293 = ( GEOMETRIC_REPRESENTATION_CONTEXT(2) 
PARAMETRIC_REPRESENTATION_CONTEXT() REPRESENTATION_CONTEXT('2D SPACE',''
  ) );
#294 = ORIENTED_EDGE('',*,*,#295,.F.);
#295 = EDGE_CURVE('',#296,#273,#298,.T.);
#296 = VERTEX_POINT('',#297);
#297 = CARTESIAN_POINT('',(110.61105762946,-11.50188451248,
    3.999999999999));
#298 = SURFACE_CURVE('',#299,(#303,#310),.PCURVE_S1.);
#299 = LINE('',#300,#301);
#300 = CARTESIAN_POINT('',(110.61105762946,-11.50188451248,
    3.999999999999));
#301 = VECTOR('',#302,1.);
#302 = DIRECTION('',(0.,0.,1.));
#303 = PCURVE('',#203,#304);
#304 = DEFINITIONAL_REPRESENTATION('',(#305),#309);
#305 = LINE('',#306,#307);
#306 = CARTESIAN_POINT('',(0.,0.));
#307 = VECTOR('',#308,1.);
#308 = DIRECTION('',(7.21317099134E-14,1.));
#309 = ( GEOMETRIC_REPRESENTATION_CONTEXT(2) 
PARAMETRIC_REPRESENTATION_CONTEXT() REPRESENTATION_CONTEXT('2D SPACE',''
  ) );
#310 = PCURVE('',#311,#316);
#311 = PLANE('',#312);
#312 = AXIS2_PLACEMENT_3D('',#313,#314,#315);
#313 = CARTESIAN_POINT('',(110.61105762946,-47.50188451248,
    3.999999999999));
#314 = DIRECTION('',(1.,0.,0.));
#315 = DIRECTION('',(-0.,1.,0.));
#316 = DEFINITIONAL_REPRESENTATION('',(#317),#321);
#317 = LINE('',#318,#319);
#318 = CARTESIAN_POINT('',(36.,0.));
#319 = VECTOR('',#320,1.);
#320 = DIRECTION('',(0.,1.));
#321 = ( GEOMETRIC_REPRESENTATION_CONTEXT(2) 
PARAMETRIC_REPRESENTATION_CONTEXT() REPRESENTATION_CONTEXT('2D SPACE',''
  ) );
#322 = ORIENTED_EDGE('',*,*,#323,.T.);
#323 = EDGE_CURVE('',#296,#188,#324,.T.);
#324 = SURFACE_CURVE('',#325,(#329,#336),.PCURVE_S1.);
#325 = LINE('',#326,#327);
#326 = CARTESIAN_POINT('',(136.61105762946,-11.50188451248,
    4.000000000001));
#327 = VECTOR('',#328,1.);
#328 = DIRECTION('',(1.,0.,7.21317099134E-14));
#329 = PCURVE('',#203,#330);
#330 = DEFINITIONAL_REPRESENTATION('',(#331),#335);
#331 = LINE('',#332,#333);
#332 = CARTESIAN_POINT('',(26.,-5.364795069885E-15));
#333 = VECTOR('',#334,1.);
#334 = DIRECTION('',(1.,0.));
#335 = ( GEOMETRIC_REPRESENTATION_CONTEXT(2) 
PARAMETRIC_REPRESENTATION_CONTEXT() REPRESENTATION_CONTEXT('2D SPACE',''
  ) );
#336 = PCURVE('',#231,#337);
#337 = DEFINITIONAL_REPRESENTATION('',(#338),#342);
#338 = LINE('',#339,#340);
#339 = CARTESIAN_POINT('',(-13.,-18.));
#340 = VECTOR('',#341,1.);
#341 = DIRECTION('',(-1.,0.));
#342 = ( GEOMETRIC_REPRESENTATION_CONTEXT(2) 
PARAMETRIC_REPRESENTATION_CONTEXT() REPRESENTATION_CONTEXT('2D SPACE',''
  ) );
#343 = ORIENTED_EDGE('',*,*,#187,.T.);
#344 = ADVANCED_FACE('',(#345),#359,.F.);
#345 = FACE_BOUND('',#346,.F.);
#346 = EDGE_LOOP('',(#347,#377,#403,#404));
#347 = ORIENTED_EDGE('',*,*,#348,.T.);
#348 = EDGE_CURVE('',#349,#351,#353,.T.);
#349 = VERTEX_POINT('',#350);
#350 = CARTESIAN_POINT('',(147.61105762946,-11.50188451248,7.));
#351 = VERTEX_POINT('',#352);
#352 = CARTESIAN_POINT('',(147.61105762946,-11.50188451248,4.));
#353 = SEAM_CURVE('',#354,(#358,#370),.PCURVE_S1.);
#354 = LINE('',#355,#356);
#355 = CARTESIAN_POINT('',(147.61105762946,-11.50188451248,4.));
#356 = VECTOR('',#357,1.);
#357 = DIRECTION('',(0.,0.,-1.));
#358 = PCURVE('',#359,#364);
#359 = CYLINDRICAL_SURFACE('',#360,1.5);
#360 = AXIS2_PLACEMENT_3D('',#361,#362,#363);
#361 = CARTESIAN_POINT('',(146.11105762946,-11.50188451248,4.));
#362 = DIRECTION('',(0.,0.,1.));
#363 = DIRECTION('',(-1.,0.,0.));
#364 = DEFINITIONAL_REPRESENTATION('',(#365),#369);
#365 = LINE('',#366,#367);
#366 = CARTESIAN_POINT('',(-3.14159265359,0.));
#367 = VECTOR('',#368,1.);
#368 = DIRECTION('',(0.,-1.));
#369 = ( GEOMETRIC_REPRESENTATION_CONTEXT(2) 
PARAMETRIC_REPRESENTATION_CONTEXT() REPRESENTATION_CONTEXT('2D SPACE',''
  ) );
#370 = PCURVE('',#359,#371);
#371 = DEFINITIONAL_REPRESENTATION('',(#372),#376);
#372 = LINE('',#373,#374);
#373 = CARTESIAN_POINT('',(3.14159265359,0.));
#374 = VECTOR('',#375,1.);
#375 = DIRECTION('',(0.,-1.));
#376 = ( GEOMETRIC_REPRESENTATION_CONTEXT(2) 
PARAMETRIC_REPRESENTATION_CONTEXT() REPRESENTATION_CONTEXT('2D SPACE',''
  ) );
#377 = ORIENTED_EDGE('',*,*,#378,.F.);
#378 = EDGE_CURVE('',#351,#351,#379,.T.);
#379 = SURFACE_CURVE('',#380,(#385,#392),.PCURVE_S1.);
#380 = CIRCLE('',#381,1.5);
#381 = AXIS2_PLACEMENT_3D('',#382,#383,#384);
#382 = CARTESIAN_POINT('',(146.11105762946,-11.50188451248,4.));
#383 = DIRECTION('',(0.,0.,-1.));
#384 = DIRECTION('',(-1.,0.,0.));
#385 = PCURVE('',#359,#386);
#386 = DEFINITIONAL_REPRESENTATION('',(#387),#391);
#387 = LINE('',#388,#389);
#388 = CARTESIAN_POINT('',(6.28318530718,0.));
#389 = VECTOR('',#390,1.);
#390 = DIRECTION('',(-1.,0.));
#391 = ( GEOMETRIC_REPRESENTATION_CONTEXT(2) 
PARAMETRIC_REPRESENTATION_CONTEXT() REPRESENTATION_CONTEXT('2D SPACE',''
  ) );
#392 = PCURVE('',#231,#393);
#393 = DEFINITIONAL_REPRESENTATION('',(#394),#402);
#394 = ( BOUNDED_CURVE() B_SPLINE_CURVE(2,(#395,#396,#397,#398,#399,#400
,#401),.UNSPECIFIED.,.T.,.F.) B_SPLINE_CURVE_WITH_KNOTS((1,2,2,2,2,1),(
    -2.094395102393,0.,2.094395102393,4.188790204786,6.28318530718,
8.377580409573),.UNSPECIFIED.) CURVE() GEOMETRIC_REPRESENTATION_ITEM() 
RATIONAL_B_SPLINE_CURVE((1.,0.5,1.,0.5,1.,0.5,1.)) REPRESENTATION_ITEM(
  '') );
#395 = CARTESIAN_POINT('',(-21.,-18.));
#396 = CARTESIAN_POINT('',(-21.,-20.59807621135));
#397 = CARTESIAN_POINT('',(-23.25,-19.29903810567));
#398 = CARTESIAN_POINT('',(-25.5,-18.));
#399 = CARTESIAN_POINT('',(-23.25,-16.70096189432));
#400 = CARTESIAN_POINT('',(-21.,-15.40192378864));
#401 = CARTESIAN_POINT('',(-21.,-18.));
#402 = ( GEOMETRIC_REPRESENTATION_CONTEXT(2) 
PARAMETRIC_REPRESENTATION_CONTEXT() REPRESENTATION_CONTEXT('2D SPACE',''
  ) );
#403 = ORIENTED_EDGE('',*,*,#348,.F.);
#404 = ORIENTED_EDGE('',*,*,#405,.T.);
#405 = EDGE_CURVE('',#349,#349,#406,.T.);
#406 = SURFACE_CURVE('',#407,(#412,#419),.PCURVE_S1.);
#407 = CIRCLE('',#408,1.5);
#408 = AXIS2_PLACEMENT_3D('',#409,#410,#411);
#409 = CARTESIAN_POINT('',(146.11105762946,-11.50188451248,7.));
#410 = DIRECTION('',(0.,0.,-1.));
#411 = DIRECTION('',(-1.,0.,0.));
#412 = PCURVE('',#359,#413);
#413 = DEFINITIONAL_REPRESENTATION('',(#414),#418);
#414 = LINE('',#415,#416);
#415 = CARTESIAN_POINT('',(6.28318530718,3.));
#416 = VECTOR('',#417,1.);
#417 = DIRECTION('',(-1.,0.));
#418 = ( GEOMETRIC_REPRESENTATION_CONTEXT(2) 
PARAMETRIC_REPRESENTATION_CONTEXT() REPRESENTATION_CONTEXT('2D SPACE',''
  ) );
#419 = PCURVE('',#420,#425);
#420 = PLANE('',#421);
#421 = AXIS2_PLACEMENT_3D('',#422,#423,#424);
#422 = CARTESIAN_POINT('',(145.36105762946,-11.50188451248,7.));
#423 = DIRECTION('',(0.,0.,1.));
#424 = DIRECTION('',(-1.,0.,0.));
#425 = DEFINITIONAL_REPRESENTATION('',(#426),#434);
#426 = ( BOUNDED_CURVE() B_SPLINE_CURVE(2,(#427,#428,#429,#430,#431,#432
,#433),.UNSPECIFIED.,.T.,.F.) B_SPLINE_CURVE_WITH_KNOTS((1,2,2,2,2,1),(
    -2.094395102393,0.,2.094395102393,4.188790204786,6.28318530718,
8.377580409573),.UNSPECIFIED.) CURVE() GEOMETRIC_REPRESENTATION_ITEM() 
RATIONAL_B_SPLINE_CURVE((1.,0.5,1.,0.5,1.,0.5,1.)) REPRESENTATION_ITEM(
  '') );
#427 = CARTESIAN_POINT('',(0.75,0.));
#428 = CARTESIAN_POINT('',(0.75,-2.598076211353));
#429 = CARTESIAN_POINT('',(-1.5,-1.299038105677));
#430 = CARTESIAN_POINT('',(-3.75,-3.673940397442E-16));
#431 = CARTESIAN_POINT('',(-1.5,1.299038105677));
#432 = CARTESIAN_POINT('',(0.75,2.598076211353));
#433 = CARTESIAN_POINT('',(0.75,0.));
#434 = ( GEOMETRIC_REPRESENTATION_CONTEXT(2) 
PARAMETRIC_REPRESENTATION_CONTEXT() REPRESENTATION_CONTEXT('2D SPACE',''
  ) );
#435 = ADVANCED_FACE('',(#436),#450,.T.);
#436 = FACE_BOUND('',#437,.T.);
#437 = EDGE_LOOP('',(#438,#468,#496,#519));
#438 = ORIENTED_EDGE('',*,*,#439,.T.);
#439 = EDGE_CURVE('',#440,#442,#444,.T.);
#440 = VERTEX_POINT('',#441);
#441 = CARTESIAN_POINT('',(141.61105762946,-14.50188451248,4.));
#442 = VERTEX_POINT('',#443);
#443 = CARTESIAN_POINT('',(146.11105762946,-14.50188451248,4.));
#444 = SURFACE_CURVE('',#445,(#449,#461),.PCURVE_S1.);
#445 = LINE('',#446,#447);
#446 = CARTESIAN_POINT('',(101.11105762946,-14.50188451248,4.));
#447 = VECTOR('',#448,1.);
#448 = DIRECTION('',(1.,-3.454027187723E-16,0.));
#449 = PCURVE('',#450,#455);
#450 = PLANE('',#451);
#451 = AXIS2_PLACEMENT_3D('',#452,#453,#454);
#452 = CARTESIAN_POINT('',(141.61105762946,-14.50188451248,4.));
#453 = DIRECTION('',(-3.454027187723E-16,-1.,0.));
#454 = DIRECTION('',(1.,-3.454027187723E-16,0.));
#455 = DEFINITIONAL_REPRESENTATION('',(#456),#460);
#456 = LINE('',#457,#458);
#457 = CARTESIAN_POINT('',(-40.5,0.));
#458 = VECTOR('',#459,1.);
#459 = DIRECTION('',(1.,0.));
#460 = ( GEOMETRIC_REPRESENTATION_CONTEXT(2) 
PARAMETRIC_REPRESENTATION_CONTEXT() REPRESENTATION_CONTEXT('2D SPACE',''
  ) );
#461 = PCURVE('',#231,#462);
#462 = DEFINITIONAL_REPRESENTATION('',(#463),#467);
#463 = LINE('',#464,#465);
#464 = CARTESIAN_POINT('',(22.5,-15.));
#465 = VECTOR('',#466,1.);
#466 = DIRECTION('',(-1.,3.454027187723E-16));
#467 = ( GEOMETRIC_REPRESENTATION_CONTEXT(2) 
PARAMETRIC_REPRESENTATION_CONTEXT() REPRESENTATION_CONTEXT('2D SPACE',''
  ) );
#468 = ORIENTED_EDGE('',*,*,#469,.T.);
#469 = EDGE_CURVE('',#442,#470,#472,.T.);
#470 = VERTEX_POINT('',#471);
#471 = CARTESIAN_POINT('',(146.11105762946,-14.50188451248,7.));
#472 = SURFACE_CURVE('',#473,(#477,#484),.PCURVE_S1.);
#473 = LINE('',#474,#475);
#474 = CARTESIAN_POINT('',(146.11105762946,-14.50188451248,4.));
#475 = VECTOR('',#476,1.);
#476 = DIRECTION('',(0.,0.,1.));
#477 = PCURVE('',#450,#478);
#478 = DEFINITIONAL_REPRESENTATION('',(#479),#483);
#479 = LINE('',#480,#481);
#480 = CARTESIAN_POINT('',(4.5,0.));
#481 = VECTOR('',#482,1.);
#482 = DIRECTION('',(0.,1.));
#483 = ( GEOMETRIC_REPRESENTATION_CONTEXT(2) 
PARAMETRIC_REPRESENTATION_CONTEXT() REPRESENTATION_CONTEXT('2D SPACE',''
  ) );
#484 = PCURVE('',#485,#490);
#485 = CYLINDRICAL_SURFACE('',#486,3.);
#486 = AXIS2_PLACEMENT_3D('',#487,#488,#489);
#487 = CARTESIAN_POINT('',(146.11105762946,-11.50188451248,4.));
#488 = DIRECTION('',(0.,0.,1.));
#489 = DIRECTION('',(1.,-1.224646799147E-16,0.));
#490 = DEFINITIONAL_REPRESENTATION('',(#491),#495);
#491 = LINE('',#492,#493);
#492 = CARTESIAN_POINT('',(4.712388980385,0.));
#493 = VECTOR('',#494,1.);
#494 = DIRECTION('',(0.,1.));
#495 = ( GEOMETRIC_REPRESENTATION_CONTEXT(2) 
PARAMETRIC_REPRESENTATION_CONTEXT() REPRESENTATION_CONTEXT('2D SPACE',''
  ) );
#496 = ORIENTED_EDGE('',*,*,#497,.F.);
#497 = EDGE_CURVE('',#498,#470,#500,.T.);
#498 = VERTEX_POINT('',#499);
#499 = CARTESIAN_POINT('',(141.61105762946,-14.50188451248,7.));
#500 = SURFACE_CURVE('',#501,(#505,#512),.PCURVE_S1.);
#501 = LINE('',#502,#503);
#502 = CARTESIAN_POINT('',(101.11105762946,-14.50188451248,7.));
#503 = VECTOR('',#504,1.);
#504 = DIRECTION('',(1.,-3.454027187723E-16,0.));
#505 = PCURVE('',#450,#506);
#506 = DEFINITIONAL_REPRESENTATION('',(#507),#511);
#507 = LINE('',#508,#509);
#508 = CARTESIAN_POINT('',(-40.5,3.));
#509 = VECTOR('',#510,1.);
#510 = DIRECTION('',(1.,0.));
#511 = ( GEOMETRIC_REPRESENTATION_CONTEXT(2) 
PARAMETRIC_REPRESENTATION_CONTEXT() REPRESENTATION_CONTEXT('2D SPACE',''
  ) );
#512 = PCURVE('',#420,#513);
#513 = DEFINITIONAL_REPRESENTATION('',(#514),#518);
#514 = LINE('',#515,#516);
#515 = CARTESIAN_POINT('',(44.25,3.));
#516 = VECTOR('',#517,1.);
#517 = DIRECTION('',(-1.,3.454027187723E-16));
#518 = ( GEOMETRIC_REPRESENTATION_CONTEXT(2) 
PARAMETRIC_REPRESENTATION_CONTEXT() REPRESENTATION_CONTEXT('2D SPACE',''
  ) );
#519 = ORIENTED_EDGE('',*,*,#520,.F.);
#520 = EDGE_CURVE('',#440,#498,#521,.T.);
#521 = SURFACE_CURVE('',#522,(#526,#533),.PCURVE_S1.);
#522 = LINE('',#523,#524);
#523 = CARTESIAN_POINT('',(141.61105762946,-14.50188451248,4.));
#524 = VECTOR('',#525,1.);
#525 = DIRECTION('',(0.,0.,1.));
#526 = PCURVE('',#450,#527);
#527 = DEFINITIONAL_REPRESENTATION('',(#528),#532);
#528 = LINE('',#529,#530);
#529 = CARTESIAN_POINT('',(0.,0.));
#530 = VECTOR('',#531,1.);
#531 = DIRECTION('',(0.,1.));
#532 = ( GEOMETRIC_REPRESENTATION_CONTEXT(2) 
PARAMETRIC_REPRESENTATION_CONTEXT() REPRESENTATION_CONTEXT('2D SPACE',''
  ) );
#533 = PCURVE('',#534,#539);
#534 = PLANE('',#535);
#535 = AXIS2_PLACEMENT_3D('',#536,#537,#538);
#536 = CARTESIAN_POINT('',(141.61105762946,-52.50188451248,4.));
#537 = DIRECTION('',(1.,-9.868649107779E-16,0.));
#538 = DIRECTION('',(9.868649107779E-16,1.,0.));
#539 = DEFINITIONAL_REPRESENTATION('',(#540),#544);
#540 = LINE('',#541,#542);
#541 = CARTESIAN_POINT('',(38.,0.));
#542 = VECTOR('',#543,1.);
#543 = DIRECTION('',(0.,1.));
#544 = ( GEOMETRIC_REPRESENTATION_CONTEXT(2) 
PARAMETRIC_REPRESENTATION_CONTEXT() REPRESENTATION_CONTEXT('2D SPACE',''
  ) );
#545 = ADVANCED_FACE('',(#546),#560,.T.);
#546 = FACE_BOUND('',#547,.T.);
#547 = EDGE_LOOP('',(#548,#578,#601,#624));
#548 = ORIENTED_EDGE('',*,*,#549,.F.);
#549 = EDGE_CURVE('',#550,#552,#554,.T.);
#550 = VERTEX_POINT('',#551);
#551 = CARTESIAN_POINT('',(141.61105762946,-8.501884512483,4.));
#552 = VERTEX_POINT('',#553);
#553 = CARTESIAN_POINT('',(146.11105762946,-8.501884512483,4.));
#554 = SURFACE_CURVE('',#555,(#559,#571),.PCURVE_S1.);
#555 = LINE('',#556,#557);
#556 = CARTESIAN_POINT('',(101.11105762946,-8.501884512483,4.));
#557 = VECTOR('',#558,1.);
#558 = DIRECTION('',(1.,0.,0.));
#559 = PCURVE('',#560,#565);
#560 = PLANE('',#561);
#561 = AXIS2_PLACEMENT_3D('',#562,#563,#564);
#562 = CARTESIAN_POINT('',(146.11105762946,-8.501884512483,4.));
#563 = DIRECTION('',(0.,1.,0.));
#564 = DIRECTION('',(-1.,0.,0.));
#565 = DEFINITIONAL_REPRESENTATION('',(#566),#570);
#566 = LINE('',#567,#568);
#567 = CARTESIAN_POINT('',(45.,0.));
#568 = VECTOR('',#569,1.);
#569 = DIRECTION('',(-1.,0.));
#570 = ( GEOMETRIC_REPRESENTATION_CONTEXT(2) 
PARAMETRIC_REPRESENTATION_CONTEXT() REPRESENTATION_CONTEXT('2D SPACE',''
  ) );
#571 = PCURVE('',#231,#572);
#572 = DEFINITIONAL_REPRESENTATION('',(#573),#577);
#573 = LINE('',#574,#575);
#574 = CARTESIAN_POINT('',(22.5,-21.));
#575 = VECTOR('',#576,1.);
#576 = DIRECTION('',(-1.,0.));
#577 = ( GEOMETRIC_REPRESENTATION_CONTEXT(2) 
PARAMETRIC_REPRESENTATION_CONTEXT() REPRESENTATION_CONTEXT('2D SPACE',''
  ) );
#578 = ORIENTED_EDGE('',*,*,#579,.F.);
#579 = EDGE_CURVE('',#580,#550,#582,.T.);
#580 = VERTEX_POINT('',#581);
#581 = CARTESIAN_POINT('',(141.61105762946,-8.501884512483,7.));
#582 = SURFACE_CURVE('',#583,(#587,#594),.PCURVE_S1.);
#583 = LINE('',#584,#585);
#584 = CARTESIAN_POINT('',(141.61105762946,-8.501884512483,4.));
#585 = VECTOR('',#586,1.);
#586 = DIRECTION('',(0.,0.,-1.));
#587 = PCURVE('',#560,#588);
#588 = DEFINITIONAL_REPRESENTATION('',(#589),#593);
#589 = LINE('',#590,#591);
#590 = CARTESIAN_POINT('',(4.5,0.));
#591 = VECTOR('',#592,1.);
#592 = DIRECTION('',(0.,-1.));
#593 = ( GEOMETRIC_REPRESENTATION_CONTEXT(2) 
PARAMETRIC_REPRESENTATION_CONTEXT() REPRESENTATION_CONTEXT('2D SPACE',''
  ) );
#594 = PCURVE('',#534,#595);
#595 = DEFINITIONAL_REPRESENTATION('',(#596),#600);
#596 = LINE('',#597,#598);
#597 = CARTESIAN_POINT('',(44.,0.));
#598 = VECTOR('',#599,1.);
#599 = DIRECTION('',(0.,-1.));
#600 = ( GEOMETRIC_REPRESENTATION_CONTEXT(2) 
PARAMETRIC_REPRESENTATION_CONTEXT() REPRESENTATION_CONTEXT('2D SPACE',''
  ) );
#601 = ORIENTED_EDGE('',*,*,#602,.F.);
#602 = EDGE_CURVE('',#603,#580,#605,.T.);
#603 = VERTEX_POINT('',#604);
#604 = CARTESIAN_POINT('',(146.11105762946,-8.501884512483,7.));
#605 = SURFACE_CURVE('',#606,(#610,#617),.PCURVE_S1.);
#606 = LINE('',#607,#608);
#607 = CARTESIAN_POINT('',(101.11105762946,-8.501884512483,7.));
#608 = VECTOR('',#609,1.);
#609 = DIRECTION('',(-1.,0.,0.));
#610 = PCURVE('',#560,#611);
#611 = DEFINITIONAL_REPRESENTATION('',(#612),#616);
#612 = LINE('',#613,#614);
#613 = CARTESIAN_POINT('',(45.,3.));
#614 = VECTOR('',#615,1.);
#615 = DIRECTION('',(1.,0.));
#616 = ( GEOMETRIC_REPRESENTATION_CONTEXT(2) 
PARAMETRIC_REPRESENTATION_CONTEXT() REPRESENTATION_CONTEXT('2D SPACE',''
  ) );
#617 = PCURVE('',#420,#618);
#618 = DEFINITIONAL_REPRESENTATION('',(#619),#623);
#619 = LINE('',#620,#621);
#620 = CARTESIAN_POINT('',(44.25,-3.));
#621 = VECTOR('',#622,1.);
#622 = DIRECTION('',(1.,0.));
#623 = ( GEOMETRIC_REPRESENTATION_CONTEXT(2) 
PARAMETRIC_REPRESENTATION_CONTEXT() REPRESENTATION_CONTEXT('2D SPACE',''
  ) );
#624 = ORIENTED_EDGE('',*,*,#625,.F.);
#625 = EDGE_CURVE('',#552,#603,#626,.T.);
#626 = SURFACE_CURVE('',#627,(#631,#638),.PCURVE_S1.);
#627 = LINE('',#628,#629);
#628 = CARTESIAN_POINT('',(146.11105762946,-8.501884512483,4.));
#629 = VECTOR('',#630,1.);
#630 = DIRECTION('',(0.,0.,1.));
#631 = PCURVE('',#560,#632);
#632 = DEFINITIONAL_REPRESENTATION('',(#633),#637);
#633 = LINE('',#634,#635);
#634 = CARTESIAN_POINT('',(0.,0.));
#635 = VECTOR('',#636,1.);
#636 = DIRECTION('',(0.,1.));
#637 = ( GEOMETRIC_REPRESENTATION_CONTEXT(2) 
PARAMETRIC_REPRESENTATION_CONTEXT() REPRESENTATION_CONTEXT('2D SPACE',''
  ) );
#638 = PCURVE('',#485,#639);
#639 = DEFINITIONAL_REPRESENTATION('',(#640),#644);
#640 = LINE('',#641,#642);
#641 = CARTESIAN_POINT('',(7.853981633974,0.));
#642 = VECTOR('',#643,1.);
#643 = DIRECTION('',(0.,1.));
#644 = ( GEOMETRIC_REPRESENTATION_CONTEXT(2) 
PARAMETRIC_REPRESENTATION_CONTEXT() REPRESENTATION_CONTEXT('2D SPACE',''
  ) );
#645 = ADVANCED_FACE('',(#646),#485,.T.);
#646 = FACE_BOUND('',#647,.T.);
#647 = EDGE_LOOP('',(#648,#670,#671,#693));
#648 = ORIENTED_EDGE('',*,*,#649,.T.);
#649 = EDGE_CURVE('',#442,#552,#650,.T.);
#650 = SURFACE_CURVE('',#651,(#656,#663),.PCURVE_S1.);
#651 = CIRCLE('',#652,3.);
#652 = AXIS2_PLACEMENT_3D('',#653,#654,#655);
#653 = CARTESIAN_POINT('',(146.11105762946,-11.50188451248,4.));
#654 = DIRECTION('',(0.,0.,1.));
#655 = DIRECTION('',(-1.,0.,0.));
#656 = PCURVE('',#485,#657);
#657 = DEFINITIONAL_REPRESENTATION('',(#658),#662);
#658 = LINE('',#659,#660);
#659 = CARTESIAN_POINT('',(3.14159265359,0.));
#660 = VECTOR('',#661,1.);
#661 = DIRECTION('',(1.,0.));
#662 = ( GEOMETRIC_REPRESENTATION_CONTEXT(2) 
PARAMETRIC_REPRESENTATION_CONTEXT() REPRESENTATION_CONTEXT('2D SPACE',''
  ) );
#663 = PCURVE('',#231,#664);
#664 = DEFINITIONAL_REPRESENTATION('',(#665),#669);
#665 = CIRCLE('',#666,3.);
#666 = AXIS2_PLACEMENT_2D('',#667,#668);
#667 = CARTESIAN_POINT('',(-22.5,-18.));
#668 = DIRECTION('',(1.,0.));
#669 = ( GEOMETRIC_REPRESENTATION_CONTEXT(2) 
PARAMETRIC_REPRESENTATION_CONTEXT() REPRESENTATION_CONTEXT('2D SPACE',''
  ) );
#670 = ORIENTED_EDGE('',*,*,#625,.T.);
#671 = ORIENTED_EDGE('',*,*,#672,.F.);
#672 = EDGE_CURVE('',#470,#603,#673,.T.);
#673 = SURFACE_CURVE('',#674,(#679,#686),.PCURVE_S1.);
#674 = CIRCLE('',#675,3.);
#675 = AXIS2_PLACEMENT_3D('',#676,#677,#678);
#676 = CARTESIAN_POINT('',(146.11105762946,-11.50188451248,7.));
#677 = DIRECTION('',(0.,0.,1.));
#678 = DIRECTION('',(-1.,0.,0.));
#679 = PCURVE('',#485,#680);
#680 = DEFINITIONAL_REPRESENTATION('',(#681),#685);
#681 = LINE('',#682,#683);
#682 = CARTESIAN_POINT('',(3.14159265359,3.));
#683 = VECTOR('',#684,1.);
#684 = DIRECTION('',(1.,0.));
#685 = ( GEOMETRIC_REPRESENTATION_CONTEXT(2) 
PARAMETRIC_REPRESENTATION_CONTEXT() REPRESENTATION_CONTEXT('2D SPACE',''
  ) );
#686 = PCURVE('',#420,#687);
#687 = DEFINITIONAL_REPRESENTATION('',(#688),#692);
#688 = CIRCLE('',#689,3.);
#689 = AXIS2_PLACEMENT_2D('',#690,#691);
#690 = CARTESIAN_POINT('',(-0.75,0.));
#691 = DIRECTION('',(1.,0.));
#692 = ( GEOMETRIC_REPRESENTATION_CONTEXT(2) 
PARAMETRIC_REPRESENTATION_CONTEXT() REPRESENTATION_CONTEXT('2D SPACE',''
  ) );
#693 = ORIENTED_EDGE('',*,*,#469,.F.);
#694 = ADVANCED_FACE('',(#695,#721),#420,.T.);
#695 = FACE_BOUND('',#696,.T.);
#696 = EDGE_LOOP('',(#697,#698,#699,#720));
#697 = ORIENTED_EDGE('',*,*,#672,.T.);
#698 = ORIENTED_EDGE('',*,*,#602,.T.);
#699 = ORIENTED_EDGE('',*,*,#700,.F.);
#700 = EDGE_CURVE('',#498,#580,#701,.T.);
#701 = SURFACE_CURVE('',#702,(#706,#713),.PCURVE_S1.);
#702 = LINE('',#703,#704);
#703 = CARTESIAN_POINT('',(141.61105762946,-32.00188451248,7.));
#704 = VECTOR('',#705,1.);
#705 = DIRECTION('',(9.868649107779E-16,1.,0.));
#706 = PCURVE('',#420,#707);
#707 = DEFINITIONAL_REPRESENTATION('',(#708),#712);
#708 = LINE('',#709,#710);
#709 = CARTESIAN_POINT('',(3.75,20.5));
#710 = VECTOR('',#711,1.);
#711 = DIRECTION('',(-9.868649107779E-16,-1.));
#712 = ( GEOMETRIC_REPRESENTATION_CONTEXT(2) 
PARAMETRIC_REPRESENTATION_CONTEXT() REPRESENTATION_CONTEXT('2D SPACE',''
  ) );
#713 = PCURVE('',#534,#714);
#714 = DEFINITIONAL_REPRESENTATION('',(#715),#719);
#715 = LINE('',#716,#717);
#716 = CARTESIAN_POINT('',(20.5,3.));
#717 = VECTOR('',#718,1.);
#718 = DIRECTION('',(1.,0.));
#719 = ( GEOMETRIC_REPRESENTATION_CONTEXT(2) 
PARAMETRIC_REPRESENTATION_CONTEXT() REPRESENTATION_CONTEXT('2D SPACE',''
  ) );
#720 = ORIENTED_EDGE('',*,*,#497,.T.);
#721 = FACE_BOUND('',#722,.T.);
#722 = EDGE_LOOP('',(#723));
#723 = ORIENTED_EDGE('',*,*,#405,.T.);
#724 = ADVANCED_FACE('',(#725),#739,.F.);
#725 = FACE_BOUND('',#726,.F.);
#726 = EDGE_LOOP('',(#727,#757,#783,#784));
#727 = ORIENTED_EDGE('',*,*,#728,.T.);
#728 = EDGE_CURVE('',#729,#731,#733,.T.);
#729 = VERTEX_POINT('',#730);
#730 = CARTESIAN_POINT('',(147.61105762946,-47.50188451248,7.));
#731 = VERTEX_POINT('',#732);
#732 = CARTESIAN_POINT('',(147.61105762946,-47.50188451248,4.));
#733 = SEAM_CURVE('',#734,(#738,#750),.PCURVE_S1.);
#734 = LINE('',#735,#736);
#735 = CARTESIAN_POINT('',(147.61105762946,-47.50188451248,4.));
#736 = VECTOR('',#737,1.);
#737 = DIRECTION('',(0.,0.,-1.));
#738 = PCURVE('',#739,#744);
#739 = CYLINDRICAL_SURFACE('',#740,1.5);
#740 = AXIS2_PLACEMENT_3D('',#741,#742,#743);
#741 = CARTESIAN_POINT('',(146.11105762946,-47.50188451248,4.));
#742 = DIRECTION('',(0.,0.,1.));
#743 = DIRECTION('',(-1.,0.,0.));
#744 = DEFINITIONAL_REPRESENTATION('',(#745),#749);
#745 = LINE('',#746,#747);
#746 = CARTESIAN_POINT('',(-3.14159265359,0.));
#747 = VECTOR('',#748,1.);
#748 = DIRECTION('',(0.,-1.));
#749 = ( GEOMETRIC_REPRESENTATION_CONTEXT(2) 
PARAMETRIC_REPRESENTATION_CONTEXT() REPRESENTATION_CONTEXT('2D SPACE',''
  ) );
#750 = PCURVE('',#739,#751);
#751 = DEFINITIONAL_REPRESENTATION('',(#752),#756);
#752 = LINE('',#753,#754);
#753 = CARTESIAN_POINT('',(3.14159265359,0.));
#754 = VECTOR('',#755,1.);
#755 = DIRECTION('',(0.,-1.));
#756 = ( GEOMETRIC_REPRESENTATION_CONTEXT(2) 
PARAMETRIC_REPRESENTATION_CONTEXT() REPRESENTATION_CONTEXT('2D SPACE',''
  ) );
#757 = ORIENTED_EDGE('',*,*,#758,.F.);
#758 = EDGE_CURVE('',#731,#731,#759,.T.);
#759 = SURFACE_CURVE('',#760,(#765,#772),.PCURVE_S1.);
#760 = CIRCLE('',#761,1.5);
#761 = AXIS2_PLACEMENT_3D('',#762,#763,#764);
#762 = CARTESIAN_POINT('',(146.11105762946,-47.50188451248,4.));
#763 = DIRECTION('',(0.,0.,-1.));
#764 = DIRECTION('',(-1.,0.,0.));
#765 = PCURVE('',#739,#766);
#766 = DEFINITIONAL_REPRESENTATION('',(#767),#771);
#767 = LINE('',#768,#769);
#768 = CARTESIAN_POINT('',(6.28318530718,0.));
#769 = VECTOR('',#770,1.);
#770 = DIRECTION('',(-1.,0.));
#771 = ( GEOMETRIC_REPRESENTATION_CONTEXT(2) 
PARAMETRIC_REPRESENTATION_CONTEXT() REPRESENTATION_CONTEXT('2D SPACE',''
  ) );
#772 = PCURVE('',#231,#773);
#773 = DEFINITIONAL_REPRESENTATION('',(#774),#782);
#774 = ( BOUNDED_CURVE() B_SPLINE_CURVE(2,(#775,#776,#777,#778,#779,#780
,#781),.UNSPECIFIED.,.T.,.F.) B_SPLINE_CURVE_WITH_KNOTS((1,2,2,2,2,1),(
    -2.094395102393,0.,2.094395102393,4.188790204786,6.28318530718,
8.377580409573),.UNSPECIFIED.) CURVE() GEOMETRIC_REPRESENTATION_ITEM() 
RATIONAL_B_SPLINE_CURVE((1.,0.5,1.,0.5,1.,0.5,1.)) REPRESENTATION_ITEM(
  '') );
#775 = CARTESIAN_POINT('',(-21.,18.));
#776 = CARTESIAN_POINT('',(-21.,15.401923788647));
#777 = CARTESIAN_POINT('',(-23.25,16.700961894323));
#778 = CARTESIAN_POINT('',(-25.5,18.));
#779 = CARTESIAN_POINT('',(-23.25,19.299038105677));
#780 = CARTESIAN_POINT('',(-21.,20.598076211353));
#781 = CARTESIAN_POINT('',(-21.,18.));
#782 = ( GEOMETRIC_REPRESENTATION_CONTEXT(2) 
PARAMETRIC_REPRESENTATION_CONTEXT() REPRESENTATION_CONTEXT('2D SPACE',''
  ) );
#783 = ORIENTED_EDGE('',*,*,#728,.F.);
#784 = ORIENTED_EDGE('',*,*,#785,.T.);
#785 = EDGE_CURVE('',#729,#729,#786,.T.);
#786 = SURFACE_CURVE('',#787,(#792,#799),.PCURVE_S1.);
#787 = CIRCLE('',#788,1.5);
#788 = AXIS2_PLACEMENT_3D('',#789,#790,#791);
#789 = CARTESIAN_POINT('',(146.11105762946,-47.50188451248,7.));
#790 = DIRECTION('',(0.,0.,-1.));
#791 = DIRECTION('',(-1.,0.,0.));
#792 = PCURVE('',#739,#793);
#793 = DEFINITIONAL_REPRESENTATION('',(#794),#798);
#794 = LINE('',#795,#796);
#795 = CARTESIAN_POINT('',(6.28318530718,3.));
#796 = VECTOR('',#797,1.);
#797 = DIRECTION('',(-1.,0.));
#798 = ( GEOMETRIC_REPRESENTATION_CONTEXT(2) 
PARAMETRIC_REPRESENTATION_CONTEXT() REPRESENTATION_CONTEXT('2D SPACE',''
  ) );
#799 = PCURVE('',#800,#805);
#800 = PLANE('',#801);
#801 = AXIS2_PLACEMENT_3D('',#802,#803,#804);
#802 = CARTESIAN_POINT('',(145.36105762946,-47.50188451248,7.));
#803 = DIRECTION('',(0.,0.,1.));
#804 = DIRECTION('',(-1.,0.,0.));
#805 = DEFINITIONAL_REPRESENTATION('',(#806),#814);
#806 = ( BOUNDED_CURVE() B_SPLINE_CURVE(2,(#807,#808,#809,#810,#811,#812
,#813),.UNSPECIFIED.,.T.,.F.) B_SPLINE_CURVE_WITH_KNOTS((1,2,2,2,2,1),(
    -2.094395102393,0.,2.094395102393,4.188790204786,6.28318530718,
8.377580409573),.UNSPECIFIED.) CURVE() GEOMETRIC_REPRESENTATION_ITEM() 
RATIONAL_B_SPLINE_CURVE((1.,0.5,1.,0.5,1.,0.5,1.)) REPRESENTATION_ITEM(
  '') );
#807 = CARTESIAN_POINT('',(0.75,0.));
#808 = CARTESIAN_POINT('',(0.75,-2.598076211353));
#809 = CARTESIAN_POINT('',(-1.5,-1.299038105677));
#810 = CARTESIAN_POINT('',(-3.75,-3.673940397442E-16));
#811 = CARTESIAN_POINT('',(-1.5,1.299038105677));
#812 = CARTESIAN_POINT('',(0.75,2.598076211353));
#813 = CARTESIAN_POINT('',(0.75,0.));
#814 = ( GEOMETRIC_REPRESENTATION_CONTEXT(2) 
PARAMETRIC_REPRESENTATION_CONTEXT() REPRESENTATION_CONTEXT('2D SPACE',''
  ) );
#815 = ADVANCED_FACE('',(#816),#830,.T.);
#816 = FACE_BOUND('',#817,.T.);
#817 = EDGE_LOOP('',(#818,#848,#876,#899));
#818 = ORIENTED_EDGE('',*,*,#819,.F.);
#819 = EDGE_CURVE('',#820,#822,#824,.T.);
#820 = VERTEX_POINT('',#821);
#821 = CARTESIAN_POINT('',(146.11105762946,-50.50188451248,4.));
#822 = VERTEX_POINT('',#823);
#823 = CARTESIAN_POINT('',(141.61105762946,-50.50188451248,4.));
#824 = SURFACE_CURVE('',#825,(#829,#841),.PCURVE_S1.);
#825 = LINE('',#826,#827);
#826 = CARTESIAN_POINT('',(146.11105762946,-50.50188451248,4.));
#827 = VECTOR('',#828,1.);
#828 = DIRECTION('',(-1.,1.184802695796E-15,7.947237328471E-17));
#829 = PCURVE('',#830,#835);
#830 = PLANE('',#831);
#831 = AXIS2_PLACEMENT_3D('',#832,#833,#834);
#832 = CARTESIAN_POINT('',(141.61105762946,-50.50188451248,4.));
#833 = DIRECTION('',(-1.184802695796E-15,-1.,0.));
#834 = DIRECTION('',(1.,-1.184802695796E-15,-7.947237328471E-17));
#835 = DEFINITIONAL_REPRESENTATION('',(#836),#840);
#836 = LINE('',#837,#838);
#837 = CARTESIAN_POINT('',(4.5,3.576256797812E-16));
#838 = VECTOR('',#839,1.);
#839 = DIRECTION('',(-1.,0.));
#840 = ( GEOMETRIC_REPRESENTATION_CONTEXT(2) 
PARAMETRIC_REPRESENTATION_CONTEXT() REPRESENTATION_CONTEXT('2D SPACE',''
  ) );
#841 = PCURVE('',#231,#842);
#842 = DEFINITIONAL_REPRESENTATION('',(#843),#847);
#843 = LINE('',#844,#845);
#844 = CARTESIAN_POINT('',(-22.5,21.));
#845 = VECTOR('',#846,1.);
#846 = DIRECTION('',(1.,-1.184802695796E-15));
#847 = ( GEOMETRIC_REPRESENTATION_CONTEXT(2) 
PARAMETRIC_REPRESENTATION_CONTEXT() REPRESENTATION_CONTEXT('2D SPACE',''
  ) );
#848 = ORIENTED_EDGE('',*,*,#849,.T.);
#849 = EDGE_CURVE('',#820,#850,#852,.T.);
#850 = VERTEX_POINT('',#851);
#851 = CARTESIAN_POINT('',(146.11105762946,-50.50188451248,7.));
#852 = SURFACE_CURVE('',#853,(#857,#864),.PCURVE_S1.);
#853 = LINE('',#854,#855);
#854 = CARTESIAN_POINT('',(146.11105762946,-50.50188451248,4.));
#855 = VECTOR('',#856,1.);
#856 = DIRECTION('',(0.,0.,1.));
#857 = PCURVE('',#830,#858);
#858 = DEFINITIONAL_REPRESENTATION('',(#859),#863);
#859 = LINE('',#860,#861);
#860 = CARTESIAN_POINT('',(4.5,3.576256797812E-16));
#861 = VECTOR('',#862,1.);
#862 = DIRECTION('',(-7.947237328471E-17,1.));
#863 = ( GEOMETRIC_REPRESENTATION_CONTEXT(2) 
PARAMETRIC_REPRESENTATION_CONTEXT() REPRESENTATION_CONTEXT('2D SPACE',''
  ) );
#864 = PCURVE('',#865,#870);
#865 = CYLINDRICAL_SURFACE('',#866,3.);
#866 = AXIS2_PLACEMENT_3D('',#867,#868,#869);
#867 = CARTESIAN_POINT('',(146.11105762946,-47.50188451248,4.));
#868 = DIRECTION('',(0.,0.,1.));
#869 = DIRECTION('',(1.,2.542070579186E-15,-0.));
#870 = DEFINITIONAL_REPRESENTATION('',(#871),#875);
#871 = LINE('',#872,#873);
#872 = CARTESIAN_POINT('',(4.712388980385,0.));
#873 = VECTOR('',#874,1.);
#874 = DIRECTION('',(0.,1.));
#875 = ( GEOMETRIC_REPRESENTATION_CONTEXT(2) 
PARAMETRIC_REPRESENTATION_CONTEXT() REPRESENTATION_CONTEXT('2D SPACE',''
  ) );
#876 = ORIENTED_EDGE('',*,*,#877,.F.);
#877 = EDGE_CURVE('',#878,#850,#880,.T.);
#878 = VERTEX_POINT('',#879);
#879 = CARTESIAN_POINT('',(141.61105762946,-50.50188451248,7.));
#880 = SURFACE_CURVE('',#881,(#885,#892),.PCURVE_S1.);
#881 = LINE('',#882,#883);
#882 = CARTESIAN_POINT('',(146.11105762946,-50.50188451248,7.));
#883 = VECTOR('',#884,1.);
#884 = DIRECTION('',(1.,-1.184802695796E-15,-7.947237328471E-17));
#885 = PCURVE('',#830,#886);
#886 = DEFINITIONAL_REPRESENTATION('',(#887),#891);
#887 = LINE('',#888,#889);
#888 = CARTESIAN_POINT('',(4.5,3.));
#889 = VECTOR('',#890,1.);
#890 = DIRECTION('',(1.,0.));
#891 = ( GEOMETRIC_REPRESENTATION_CONTEXT(2) 
PARAMETRIC_REPRESENTATION_CONTEXT() REPRESENTATION_CONTEXT('2D SPACE',''
  ) );
#892 = PCURVE('',#800,#893);
#893 = DEFINITIONAL_REPRESENTATION('',(#894),#898);
#894 = LINE('',#895,#896);
#895 = CARTESIAN_POINT('',(-0.75,3.));
#896 = VECTOR('',#897,1.);
#897 = DIRECTION('',(-1.,1.184802695796E-15));
#898 = ( GEOMETRIC_REPRESENTATION_CONTEXT(2) 
PARAMETRIC_REPRESENTATION_CONTEXT() REPRESENTATION_CONTEXT('2D SPACE',''
  ) );
#899 = ORIENTED_EDGE('',*,*,#900,.F.);
#900 = EDGE_CURVE('',#822,#878,#901,.T.);
#901 = SURFACE_CURVE('',#902,(#906,#913),.PCURVE_S1.);
#902 = LINE('',#903,#904);
#903 = CARTESIAN_POINT('',(141.61105762946,-50.50188451248,4.));
#904 = VECTOR('',#905,1.);
#905 = DIRECTION('',(0.,0.,1.));
#906 = PCURVE('',#830,#907);
#907 = DEFINITIONAL_REPRESENTATION('',(#908),#912);
#908 = LINE('',#909,#910);
#909 = CARTESIAN_POINT('',(0.,0.));
#910 = VECTOR('',#911,1.);
#911 = DIRECTION('',(-7.947237328471E-17,1.));
#912 = ( GEOMETRIC_REPRESENTATION_CONTEXT(2) 
PARAMETRIC_REPRESENTATION_CONTEXT() REPRESENTATION_CONTEXT('2D SPACE',''
  ) );
#913 = PCURVE('',#534,#914);
#914 = DEFINITIONAL_REPRESENTATION('',(#915),#919);
#915 = LINE('',#916,#917);
#916 = CARTESIAN_POINT('',(2.,0.));
#917 = VECTOR('',#918,1.);
#918 = DIRECTION('',(0.,1.));
#919 = ( GEOMETRIC_REPRESENTATION_CONTEXT(2) 
PARAMETRIC_REPRESENTATION_CONTEXT() REPRESENTATION_CONTEXT('2D SPACE',''
  ) );
#920 = ADVANCED_FACE('',(#921),#935,.T.);
#921 = FACE_BOUND('',#922,.T.);
#922 = EDGE_LOOP('',(#923,#953,#976,#999));
#923 = ORIENTED_EDGE('',*,*,#924,.F.);
#924 = EDGE_CURVE('',#925,#927,#929,.T.);
#925 = VERTEX_POINT('',#926);
#926 = CARTESIAN_POINT('',(141.61105762946,-44.50188451248,4.));
#927 = VERTEX_POINT('',#928);
#928 = CARTESIAN_POINT('',(146.11105762946,-44.50188451248,4.));
#929 = SURFACE_CURVE('',#930,(#934,#946),.PCURVE_S1.);
#930 = LINE('',#931,#932);
#931 = CARTESIAN_POINT('',(138.61463292641,-44.50188451248,4.));
#932 = VECTOR('',#933,1.);
#933 = DIRECTION('',(1.,1.184802695796E-15,-5.932461440122E-17));
#934 = PCURVE('',#935,#940);
#935 = PLANE('',#936);
#936 = AXIS2_PLACEMENT_3D('',#937,#938,#939);
#937 = CARTESIAN_POINT('',(146.11105762946,-44.50188451248,4.));
#938 = DIRECTION('',(-1.184802695796E-15,1.,0.));
#939 = DIRECTION('',(-1.,-1.184802695796E-15,5.932461440122E-17));
#940 = DEFINITIONAL_REPRESENTATION('',(#941),#945);
#941 = LINE('',#942,#943);
#942 = CARTESIAN_POINT('',(7.496424703046,-4.44722504896E-16));
#943 = VECTOR('',#944,1.);
#944 = DIRECTION('',(-1.,0.));
#945 = ( GEOMETRIC_REPRESENTATION_CONTEXT(2) 
PARAMETRIC_REPRESENTATION_CONTEXT() REPRESENTATION_CONTEXT('2D SPACE',''
  ) );
#946 = PCURVE('',#231,#947);
#947 = DEFINITIONAL_REPRESENTATION('',(#948),#952);
#948 = LINE('',#949,#950);
#949 = CARTESIAN_POINT('',(-15.00357529695,15.));
#950 = VECTOR('',#951,1.);
#951 = DIRECTION('',(-1.,-1.184802695796E-15));
#952 = ( GEOMETRIC_REPRESENTATION_CONTEXT(2) 
PARAMETRIC_REPRESENTATION_CONTEXT() REPRESENTATION_CONTEXT('2D SPACE',''
  ) );
#953 = ORIENTED_EDGE('',*,*,#954,.F.);
#954 = EDGE_CURVE('',#955,#925,#957,.T.);
#955 = VERTEX_POINT('',#956);
#956 = CARTESIAN_POINT('',(141.61105762946,-44.50188451248,7.));
#957 = SURFACE_CURVE('',#958,(#962,#969),.PCURVE_S1.);
#958 = LINE('',#959,#960);
#959 = CARTESIAN_POINT('',(141.61105762946,-44.50188451248,4.));
#960 = VECTOR('',#961,1.);
#961 = DIRECTION('',(0.,0.,-1.));
#962 = PCURVE('',#935,#963);
#963 = DEFINITIONAL_REPRESENTATION('',(#964),#968);
#964 = LINE('',#965,#966);
#965 = CARTESIAN_POINT('',(4.5,-2.669607648055E-16));
#966 = VECTOR('',#967,1.);
#967 = DIRECTION('',(-5.932461440122E-17,-1.));
#968 = ( GEOMETRIC_REPRESENTATION_CONTEXT(2) 
PARAMETRIC_REPRESENTATION_CONTEXT() REPRESENTATION_CONTEXT('2D SPACE',''
  ) );
#969 = PCURVE('',#534,#970);
#970 = DEFINITIONAL_REPRESENTATION('',(#971),#975);
#971 = LINE('',#972,#973);
#972 = CARTESIAN_POINT('',(8.,0.));
#973 = VECTOR('',#974,1.);
#974 = DIRECTION('',(0.,-1.));
#975 = ( GEOMETRIC_REPRESENTATION_CONTEXT(2) 
PARAMETRIC_REPRESENTATION_CONTEXT() REPRESENTATION_CONTEXT('2D SPACE',''
  ) );
#976 = ORIENTED_EDGE('',*,*,#977,.F.);
#977 = EDGE_CURVE('',#978,#955,#980,.T.);
#978 = VERTEX_POINT('',#979);
#979 = CARTESIAN_POINT('',(146.11105762946,-44.50188451248,7.));
#980 = SURFACE_CURVE('',#981,(#985,#992),.PCURVE_S1.);
#981 = LINE('',#982,#983);
#982 = CARTESIAN_POINT('',(138.61463292641,-44.50188451248,7.));
#983 = VECTOR('',#984,1.);
#984 = DIRECTION('',(-1.,-1.184802695796E-15,5.932461440122E-17));
#985 = PCURVE('',#935,#986);
#986 = DEFINITIONAL_REPRESENTATION('',(#987),#991);
#987 = LINE('',#988,#989);
#988 = CARTESIAN_POINT('',(7.496424703046,3.));
#989 = VECTOR('',#990,1.);
#990 = DIRECTION('',(1.,0.));
#991 = ( GEOMETRIC_REPRESENTATION_CONTEXT(2) 
PARAMETRIC_REPRESENTATION_CONTEXT() REPRESENTATION_CONTEXT('2D SPACE',''
  ) );
#992 = PCURVE('',#800,#993);
#993 = DEFINITIONAL_REPRESENTATION('',(#994),#998);
#994 = LINE('',#995,#996);
#995 = CARTESIAN_POINT('',(6.746424703046,-3.));
#996 = VECTOR('',#997,1.);
#997 = DIRECTION('',(1.,1.184802695796E-15));
#998 = ( GEOMETRIC_REPRESENTATION_CONTEXT(2) 
PARAMETRIC_REPRESENTATION_CONTEXT() REPRESENTATION_CONTEXT('2D SPACE',''
  ) );
#999 = ORIENTED_EDGE('',*,*,#1000,.F.);
#1000 = EDGE_CURVE('',#927,#978,#1001,.T.);
#1001 = SURFACE_CURVE('',#1002,(#1006,#1013),.PCURVE_S1.);
#1002 = LINE('',#1003,#1004);
#1003 = CARTESIAN_POINT('',(146.11105762946,-44.50188451248,4.));
#1004 = VECTOR('',#1005,1.);
#1005 = DIRECTION('',(0.,0.,1.));
#1006 = PCURVE('',#935,#1007);
#1007 = DEFINITIONAL_REPRESENTATION('',(#1008),#1012);
#1008 = LINE('',#1009,#1010);
#1009 = CARTESIAN_POINT('',(0.,0.));
#1010 = VECTOR('',#1011,1.);
#1011 = DIRECTION('',(5.932461440122E-17,1.));
#1012 = ( GEOMETRIC_REPRESENTATION_CONTEXT(2) 
PARAMETRIC_REPRESENTATION_CONTEXT() REPRESENTATION_CONTEXT('2D SPACE',''
  ) );
#1013 = PCURVE('',#865,#1014);
#1014 = DEFINITIONAL_REPRESENTATION('',(#1015),#1019);
#1015 = LINE('',#1016,#1017);
#1016 = CARTESIAN_POINT('',(7.853981633974,0.));
#1017 = VECTOR('',#1018,1.);
#1018 = DIRECTION('',(0.,1.));
#1019 = ( GEOMETRIC_REPRESENTATION_CONTEXT(2) 
PARAMETRIC_REPRESENTATION_CONTEXT() REPRESENTATION_CONTEXT('2D SPACE',''
  ) );
#1020 = ADVANCED_FACE('',(#1021),#865,.T.);
#1021 = FACE_BOUND('',#1022,.T.);
#1022 = EDGE_LOOP('',(#1023,#1045,#1046,#1068));
#1023 = ORIENTED_EDGE('',*,*,#1024,.T.);
#1024 = EDGE_CURVE('',#820,#927,#1025,.T.);
#1025 = SURFACE_CURVE('',#1026,(#1031,#1038),.PCURVE_S1.);
#1026 = CIRCLE('',#1027,3.);
#1027 = AXIS2_PLACEMENT_3D('',#1028,#1029,#1030);
#1028 = CARTESIAN_POINT('',(146.11105762946,-47.50188451248,4.));
#1029 = DIRECTION('',(0.,0.,1.));
#1030 = DIRECTION('',(-1.,0.,0.));
#1031 = PCURVE('',#865,#1032);
#1032 = DEFINITIONAL_REPRESENTATION('',(#1033),#1037);
#1033 = LINE('',#1034,#1035);
#1034 = CARTESIAN_POINT('',(3.14159265359,0.));
#1035 = VECTOR('',#1036,1.);
#1036 = DIRECTION('',(1.,0.));
#1037 = ( GEOMETRIC_REPRESENTATION_CONTEXT(2) 
PARAMETRIC_REPRESENTATION_CONTEXT() REPRESENTATION_CONTEXT('2D SPACE',''
  ) );
#1038 = PCURVE('',#231,#1039);
#1039 = DEFINITIONAL_REPRESENTATION('',(#1040),#1044);
#1040 = CIRCLE('',#1041,3.);
#1041 = AXIS2_PLACEMENT_2D('',#1042,#1043);
#1042 = CARTESIAN_POINT('',(-22.5,18.));
#1043 = DIRECTION('',(1.,0.));
#1044 = ( GEOMETRIC_REPRESENTATION_CONTEXT(2) 
PARAMETRIC_REPRESENTATION_CONTEXT() REPRESENTATION_CONTEXT('2D SPACE',''
  ) );
#1045 = ORIENTED_EDGE('',*,*,#1000,.T.);
#1046 = ORIENTED_EDGE('',*,*,#1047,.F.);
#1047 = EDGE_CURVE('',#850,#978,#1048,.T.);
#1048 = SURFACE_CURVE('',#1049,(#1054,#1061),.PCURVE_S1.);
#1049 = CIRCLE('',#1050,3.);
#1050 = AXIS2_PLACEMENT_3D('',#1051,#1052,#1053);
#1051 = CARTESIAN_POINT('',(146.11105762946,-47.50188451248,7.));
#1052 = DIRECTION('',(0.,0.,1.));
#1053 = DIRECTION('',(-1.,0.,0.));
#1054 = PCURVE('',#865,#1055);
#1055 = DEFINITIONAL_REPRESENTATION('',(#1056),#1060);
#1056 = LINE('',#1057,#1058);
#1057 = CARTESIAN_POINT('',(3.14159265359,3.));
#1058 = VECTOR('',#1059,1.);
#1059 = DIRECTION('',(1.,0.));
#1060 = ( GEOMETRIC_REPRESENTATION_CONTEXT(2) 
PARAMETRIC_REPRESENTATION_CONTEXT() REPRESENTATION_CONTEXT('2D SPACE',''
  ) );
#1061 = PCURVE('',#800,#1062);
#1062 = DEFINITIONAL_REPRESENTATION('',(#1063),#1067);
#1063 = CIRCLE('',#1064,3.);
#1064 = AXIS2_PLACEMENT_2D('',#1065,#1066);
#1065 = CARTESIAN_POINT('',(-0.75,0.));
#1066 = DIRECTION('',(1.,0.));
#1067 = ( GEOMETRIC_REPRESENTATION_CONTEXT(2) 
PARAMETRIC_REPRESENTATION_CONTEXT() REPRESENTATION_CONTEXT('2D SPACE',''
  ) );
#1068 = ORIENTED_EDGE('',*,*,#849,.F.);
#1069 = ADVANCED_FACE('',(#1070,#1096),#800,.T.);
#1070 = FACE_BOUND('',#1071,.T.);
#1071 = EDGE_LOOP('',(#1072,#1073,#1074,#1095));
#1072 = ORIENTED_EDGE('',*,*,#1047,.T.);
#1073 = ORIENTED_EDGE('',*,*,#977,.T.);
#1074 = ORIENTED_EDGE('',*,*,#1075,.F.);
#1075 = EDGE_CURVE('',#878,#955,#1076,.T.);
#1076 = SURFACE_CURVE('',#1077,(#1081,#1088),.PCURVE_S1.);
#1077 = LINE('',#1078,#1079);
#1078 = CARTESIAN_POINT('',(141.61105762946,-50.00188451248,7.));
#1079 = VECTOR('',#1080,1.);
#1080 = DIRECTION('',(9.868649107779E-16,1.,0.));
#1081 = PCURVE('',#800,#1082);
#1082 = DEFINITIONAL_REPRESENTATION('',(#1083),#1087);
#1083 = LINE('',#1084,#1085);
#1084 = CARTESIAN_POINT('',(3.75,2.5));
#1085 = VECTOR('',#1086,1.);
#1086 = DIRECTION('',(-9.868649107779E-16,-1.));
#1087 = ( GEOMETRIC_REPRESENTATION_CONTEXT(2) 
PARAMETRIC_REPRESENTATION_CONTEXT() REPRESENTATION_CONTEXT('2D SPACE',''
  ) );
#1088 = PCURVE('',#534,#1089);
#1089 = DEFINITIONAL_REPRESENTATION('',(#1090),#1094);
#1090 = LINE('',#1091,#1092);
#1091 = CARTESIAN_POINT('',(2.5,3.));
#1092 = VECTOR('',#1093,1.);
#1093 = DIRECTION('',(1.,0.));
#1094 = ( GEOMETRIC_REPRESENTATION_CONTEXT(2) 
PARAMETRIC_REPRESENTATION_CONTEXT() REPRESENTATION_CONTEXT('2D SPACE',''
  ) );
#1095 = ORIENTED_EDGE('',*,*,#877,.T.);
#1096 = FACE_BOUND('',#1097,.T.);
#1097 = EDGE_LOOP('',(#1098));
#1098 = ORIENTED_EDGE('',*,*,#785,.T.);
#1099 = ADVANCED_FACE('',(#1100),#1114,.F.);
#1100 = FACE_BOUND('',#1101,.F.);
#1101 = EDGE_LOOP('',(#1102,#1132,#1158,#1159));
#1102 = ORIENTED_EDGE('',*,*,#1103,.T.);
#1103 = EDGE_CURVE('',#1104,#1106,#1108,.T.);
#1104 = VERTEX_POINT('',#1105);
#1105 = CARTESIAN_POINT('',(102.61105762946,-11.50188451248,7.));
#1106 = VERTEX_POINT('',#1107);
#1107 = CARTESIAN_POINT('',(102.61105762946,-11.50188451248,4.));
#1108 = SEAM_CURVE('',#1109,(#1113,#1125),.PCURVE_S1.);
#1109 = LINE('',#1110,#1111);
#1110 = CARTESIAN_POINT('',(102.61105762946,-11.50188451248,4.));
#1111 = VECTOR('',#1112,1.);
#1112 = DIRECTION('',(0.,0.,-1.));
#1113 = PCURVE('',#1114,#1119);
#1114 = CYLINDRICAL_SURFACE('',#1115,1.5);
#1115 = AXIS2_PLACEMENT_3D('',#1116,#1117,#1118);
#1116 = CARTESIAN_POINT('',(101.11105762946,-11.50188451248,4.));
#1117 = DIRECTION('',(0.,0.,1.));
#1118 = DIRECTION('',(-1.,0.,0.));
#1119 = DEFINITIONAL_REPRESENTATION('',(#1120),#1124);
#1120 = LINE('',#1121,#1122);
#1121 = CARTESIAN_POINT('',(-3.14159265359,0.));
#1122 = VECTOR('',#1123,1.);
#1123 = DIRECTION('',(0.,-1.));
#1124 = ( GEOMETRIC_REPRESENTATION_CONTEXT(2) 
PARAMETRIC_REPRESENTATION_CONTEXT() REPRESENTATION_CONTEXT('2D SPACE',''
  ) );
#1125 = PCURVE('',#1114,#1126);
#1126 = DEFINITIONAL_REPRESENTATION('',(#1127),#1131);
#1127 = LINE('',#1128,#1129);
#1128 = CARTESIAN_POINT('',(3.14159265359,0.));
#1129 = VECTOR('',#1130,1.);
#1130 = DIRECTION('',(0.,-1.));
#1131 = ( GEOMETRIC_REPRESENTATION_CONTEXT(2) 
PARAMETRIC_REPRESENTATION_CONTEXT() REPRESENTATION_CONTEXT('2D SPACE',''
  ) );
#1132 = ORIENTED_EDGE('',*,*,#1133,.F.);
#1133 = EDGE_CURVE('',#1106,#1106,#1134,.T.);
#1134 = SURFACE_CURVE('',#1135,(#1140,#1147),.PCURVE_S1.);
#1135 = CIRCLE('',#1136,1.5);
#1136 = AXIS2_PLACEMENT_3D('',#1137,#1138,#1139);
#1137 = CARTESIAN_POINT('',(101.11105762946,-11.50188451248,4.));
#1138 = DIRECTION('',(0.,0.,-1.));
#1139 = DIRECTION('',(-1.,0.,0.));
#1140 = PCURVE('',#1114,#1141);
#1141 = DEFINITIONAL_REPRESENTATION('',(#1142),#1146);
#1142 = LINE('',#1143,#1144);
#1143 = CARTESIAN_POINT('',(6.28318530718,0.));
#1144 = VECTOR('',#1145,1.);
#1145 = DIRECTION('',(-1.,0.));
#1146 = ( GEOMETRIC_REPRESENTATION_CONTEXT(2) 
PARAMETRIC_REPRESENTATION_CONTEXT() REPRESENTATION_CONTEXT('2D SPACE',''
  ) );
#1147 = PCURVE('',#231,#1148);
#1148 = DEFINITIONAL_REPRESENTATION('',(#1149),#1157);
#1149 = ( BOUNDED_CURVE() B_SPLINE_CURVE(2,(#1150,#1151,#1152,#1153,
#1154,#1155,#1156),.UNSPECIFIED.,.T.,.F.) B_SPLINE_CURVE_WITH_KNOTS((1,2
    ,2,2,2,1),(-2.094395102393,0.,2.094395102393,4.188790204786,
6.28318530718,8.377580409573),.UNSPECIFIED.) CURVE() 
GEOMETRIC_REPRESENTATION_ITEM() RATIONAL_B_SPLINE_CURVE((1.,0.5,1.,0.5,
1.,0.5,1.)) REPRESENTATION_ITEM('') );
#1150 = CARTESIAN_POINT('',(24.,-18.));
#1151 = CARTESIAN_POINT('',(24.,-20.59807621135));
#1152 = CARTESIAN_POINT('',(21.75,-19.29903810567));
#1153 = CARTESIAN_POINT('',(19.5,-18.));
#1154 = CARTESIAN_POINT('',(21.75,-16.70096189432));
#1155 = CARTESIAN_POINT('',(24.,-15.40192378864));
#1156 = CARTESIAN_POINT('',(24.,-18.));
#1157 = ( GEOMETRIC_REPRESENTATION_CONTEXT(2) 
PARAMETRIC_REPRESENTATION_CONTEXT() REPRESENTATION_CONTEXT('2D SPACE',''
  ) );
#1158 = ORIENTED_EDGE('',*,*,#1103,.F.);
#1159 = ORIENTED_EDGE('',*,*,#1160,.T.);
#1160 = EDGE_CURVE('',#1104,#1104,#1161,.T.);
#1161 = SURFACE_CURVE('',#1162,(#1167,#1174),.PCURVE_S1.);
#1162 = CIRCLE('',#1163,1.5);
#1163 = AXIS2_PLACEMENT_3D('',#1164,#1165,#1166);
#1164 = CARTESIAN_POINT('',(101.11105762946,-11.50188451248,7.));
#1165 = DIRECTION('',(0.,0.,-1.));
#1166 = DIRECTION('',(-1.,0.,0.));
#1167 = PCURVE('',#1114,#1168);
#1168 = DEFINITIONAL_REPRESENTATION('',(#1169),#1173);
#1169 = LINE('',#1170,#1171);
#1170 = CARTESIAN_POINT('',(6.28318530718,3.));
#1171 = VECTOR('',#1172,1.);
#1172 = DIRECTION('',(-1.,0.));
#1173 = ( GEOMETRIC_REPRESENTATION_CONTEXT(2) 
PARAMETRIC_REPRESENTATION_CONTEXT() REPRESENTATION_CONTEXT('2D SPACE',''
  ) );
#1174 = PCURVE('',#1175,#1180);
#1175 = PLANE('',#1176);
#1176 = AXIS2_PLACEMENT_3D('',#1177,#1178,#1179);
#1177 = CARTESIAN_POINT('',(101.86105762946,-11.50188451248,7.));
#1178 = DIRECTION('',(0.,0.,1.));
#1179 = DIRECTION('',(-1.,0.,0.));
#1180 = DEFINITIONAL_REPRESENTATION('',(#1181),#1189);
#1181 = ( BOUNDED_CURVE() B_SPLINE_CURVE(2,(#1182,#1183,#1184,#1185,
#1186,#1187,#1188),.UNSPECIFIED.,.T.,.F.) B_SPLINE_CURVE_WITH_KNOTS((1,2
    ,2,2,2,1),(-2.094395102393,0.,2.094395102393,4.188790204786,
6.28318530718,8.377580409573),.UNSPECIFIED.) CURVE() 
GEOMETRIC_REPRESENTATION_ITEM() RATIONAL_B_SPLINE_CURVE((1.,0.5,1.,0.5,
1.,0.5,1.)) REPRESENTATION_ITEM('') );
#1182 = CARTESIAN_POINT('',(2.25,0.));
#1183 = CARTESIAN_POINT('',(2.25,-2.598076211353));
#1184 = CARTESIAN_POINT('',(3.330669073875E-16,-1.299038105677));
#1185 = CARTESIAN_POINT('',(-2.25,-3.673940397442E-16));
#1186 = CARTESIAN_POINT('',(-6.661338147751E-16,1.299038105677));
#1187 = CARTESIAN_POINT('',(2.25,2.598076211353));
#1188 = CARTESIAN_POINT('',(2.25,0.));
#1189 = ( GEOMETRIC_REPRESENTATION_CONTEXT(2) 
PARAMETRIC_REPRESENTATION_CONTEXT() REPRESENTATION_CONTEXT('2D SPACE',''
  ) );
#1190 = ADVANCED_FACE('',(#1191),#1206,.T.);
#1191 = FACE_BOUND('',#1192,.T.);
#1192 = EDGE_LOOP('',(#1193,#1224,#1252,#1276));
#1193 = ORIENTED_EDGE('',*,*,#1194,.T.);
#1194 = EDGE_CURVE('',#1195,#1197,#1199,.T.);
#1195 = VERTEX_POINT('',#1196);
#1196 = CARTESIAN_POINT('',(101.11105762946,-8.501884512483,4.));
#1197 = VERTEX_POINT('',#1198);
#1198 = CARTESIAN_POINT('',(101.11105762946,-14.50188451248,4.));
#1199 = SURFACE_CURVE('',#1200,(#1205,#1217),.PCURVE_S1.);
#1200 = CIRCLE('',#1201,3.);
#1201 = AXIS2_PLACEMENT_3D('',#1202,#1203,#1204);
#1202 = CARTESIAN_POINT('',(101.11105762946,-11.50188451248,4.));
#1203 = DIRECTION('',(0.,0.,1.));
#1204 = DIRECTION('',(-1.,0.,0.));
#1205 = PCURVE('',#1206,#1211);
#1206 = CYLINDRICAL_SURFACE('',#1207,3.);
#1207 = AXIS2_PLACEMENT_3D('',#1208,#1209,#1210);
#1208 = CARTESIAN_POINT('',(101.11105762946,-11.50188451248,4.));
#1209 = DIRECTION('',(0.,0.,1.));
#1210 = DIRECTION('',(-1.,0.,0.));
#1211 = DEFINITIONAL_REPRESENTATION('',(#1212),#1216);
#1212 = LINE('',#1213,#1214);
#1213 = CARTESIAN_POINT('',(0.,0.));
#1214 = VECTOR('',#1215,1.);
#1215 = DIRECTION('',(1.,0.));
#1216 = ( GEOMETRIC_REPRESENTATION_CONTEXT(2) 
PARAMETRIC_REPRESENTATION_CONTEXT() REPRESENTATION_CONTEXT('2D SPACE',''
  ) );
#1217 = PCURVE('',#231,#1218);
#1218 = DEFINITIONAL_REPRESENTATION('',(#1219),#1223);
#1219 = CIRCLE('',#1220,3.);
#1220 = AXIS2_PLACEMENT_2D('',#1221,#1222);
#1221 = CARTESIAN_POINT('',(22.5,-18.));
#1222 = DIRECTION('',(1.,0.));
#1223 = ( GEOMETRIC_REPRESENTATION_CONTEXT(2) 
PARAMETRIC_REPRESENTATION_CONTEXT() REPRESENTATION_CONTEXT('2D SPACE',''
  ) );
#1224 = ORIENTED_EDGE('',*,*,#1225,.T.);
#1225 = EDGE_CURVE('',#1197,#1226,#1228,.T.);
#1226 = VERTEX_POINT('',#1227);
#1227 = CARTESIAN_POINT('',(101.11105762946,-14.50188451248,7.));
#1228 = SURFACE_CURVE('',#1229,(#1233,#1240),.PCURVE_S1.);
#1229 = LINE('',#1230,#1231);
#1230 = CARTESIAN_POINT('',(101.11105762946,-14.50188451248,4.));
#1231 = VECTOR('',#1232,1.);
#1232 = DIRECTION('',(0.,0.,1.));
#1233 = PCURVE('',#1206,#1234);
#1234 = DEFINITIONAL_REPRESENTATION('',(#1235),#1239);
#1235 = LINE('',#1236,#1237);
#1236 = CARTESIAN_POINT('',(7.853981633974,0.));
#1237 = VECTOR('',#1238,1.);
#1238 = DIRECTION('',(0.,1.));
#1239 = ( GEOMETRIC_REPRESENTATION_CONTEXT(2) 
PARAMETRIC_REPRESENTATION_CONTEXT() REPRESENTATION_CONTEXT('2D SPACE',''
  ) );
#1240 = PCURVE('',#1241,#1246);
#1241 = PLANE('',#1242);
#1242 = AXIS2_PLACEMENT_3D('',#1243,#1244,#1245);
#1243 = CARTESIAN_POINT('',(101.11105762946,-14.50188451248,4.));
#1244 = DIRECTION('',(-3.454027187723E-16,-1.,0.));
#1245 = DIRECTION('',(1.,-3.454027187723E-16,0.));
#1246 = DEFINITIONAL_REPRESENTATION('',(#1247),#1251);
#1247 = LINE('',#1248,#1249);
#1248 = CARTESIAN_POINT('',(0.,0.));
#1249 = VECTOR('',#1250,1.);
#1250 = DIRECTION('',(0.,1.));
#1251 = ( GEOMETRIC_REPRESENTATION_CONTEXT(2) 
PARAMETRIC_REPRESENTATION_CONTEXT() REPRESENTATION_CONTEXT('2D SPACE',''
  ) );
#1252 = ORIENTED_EDGE('',*,*,#1253,.F.);
#1253 = EDGE_CURVE('',#1254,#1226,#1256,.T.);
#1254 = VERTEX_POINT('',#1255);
#1255 = CARTESIAN_POINT('',(101.11105762946,-8.501884512483,7.));
#1256 = SURFACE_CURVE('',#1257,(#1262,#1269),.PCURVE_S1.);
#1257 = CIRCLE('',#1258,3.);
#1258 = AXIS2_PLACEMENT_3D('',#1259,#1260,#1261);
#1259 = CARTESIAN_POINT('',(101.11105762946,-11.50188451248,7.));
#1260 = DIRECTION('',(0.,0.,1.));
#1261 = DIRECTION('',(-1.,0.,0.));
#1262 = PCURVE('',#1206,#1263);
#1263 = DEFINITIONAL_REPRESENTATION('',(#1264),#1268);
#1264 = LINE('',#1265,#1266);
#1265 = CARTESIAN_POINT('',(0.,3.));
#1266 = VECTOR('',#1267,1.);
#1267 = DIRECTION('',(1.,0.));
#1268 = ( GEOMETRIC_REPRESENTATION_CONTEXT(2) 
PARAMETRIC_REPRESENTATION_CONTEXT() REPRESENTATION_CONTEXT('2D SPACE',''
  ) );
#1269 = PCURVE('',#1175,#1270);
#1270 = DEFINITIONAL_REPRESENTATION('',(#1271),#1275);
#1271 = CIRCLE('',#1272,3.);
#1272 = AXIS2_PLACEMENT_2D('',#1273,#1274);
#1273 = CARTESIAN_POINT('',(0.75,0.));
#1274 = DIRECTION('',(1.,0.));
#1275 = ( GEOMETRIC_REPRESENTATION_CONTEXT(2) 
PARAMETRIC_REPRESENTATION_CONTEXT() REPRESENTATION_CONTEXT('2D SPACE',''
  ) );
#1276 = ORIENTED_EDGE('',*,*,#1277,.F.);
#1277 = EDGE_CURVE('',#1195,#1254,#1278,.T.);
#1278 = SURFACE_CURVE('',#1279,(#1283,#1290),.PCURVE_S1.);
#1279 = LINE('',#1280,#1281);
#1280 = CARTESIAN_POINT('',(101.11105762946,-8.501884512483,4.));
#1281 = VECTOR('',#1282,1.);
#1282 = DIRECTION('',(0.,0.,1.));
#1283 = PCURVE('',#1206,#1284);
#1284 = DEFINITIONAL_REPRESENTATION('',(#1285),#1289);
#1285 = LINE('',#1286,#1287);
#1286 = CARTESIAN_POINT('',(4.712388980385,0.));
#1287 = VECTOR('',#1288,1.);
#1288 = DIRECTION('',(0.,1.));
#1289 = ( GEOMETRIC_REPRESENTATION_CONTEXT(2) 
PARAMETRIC_REPRESENTATION_CONTEXT() REPRESENTATION_CONTEXT('2D SPACE',''
  ) );
#1290 = PCURVE('',#1291,#1296);
#1291 = PLANE('',#1292);
#1292 = AXIS2_PLACEMENT_3D('',#1293,#1294,#1295);
#1293 = CARTESIAN_POINT('',(105.61105762946,-8.501884512483,4.));
#1294 = DIRECTION('',(0.,1.,0.));
#1295 = DIRECTION('',(-1.,0.,0.));
#1296 = DEFINITIONAL_REPRESENTATION('',(#1297),#1301);
#1297 = LINE('',#1298,#1299);
#1298 = CARTESIAN_POINT('',(4.5,0.));
#1299 = VECTOR('',#1300,1.);
#1300 = DIRECTION('',(0.,1.));
#1301 = ( GEOMETRIC_REPRESENTATION_CONTEXT(2) 
PARAMETRIC_REPRESENTATION_CONTEXT() REPRESENTATION_CONTEXT('2D SPACE',''
  ) );
#1302 = ADVANCED_FACE('',(#1303),#1291,.T.);
#1303 = FACE_BOUND('',#1304,.T.);
#1304 = EDGE_LOOP('',(#1305,#1328,#1329,#1352));
#1305 = ORIENTED_EDGE('',*,*,#1306,.F.);
#1306 = EDGE_CURVE('',#1195,#1307,#1309,.T.);
#1307 = VERTEX_POINT('',#1308);
#1308 = CARTESIAN_POINT('',(105.61105762946,-8.501884512483,4.));
#1309 = SURFACE_CURVE('',#1310,(#1314,#1321),.PCURVE_S1.);
#1310 = LINE('',#1311,#1312);
#1311 = CARTESIAN_POINT('',(101.11105762946,-8.501884512483,4.));
#1312 = VECTOR('',#1313,1.);
#1313 = DIRECTION('',(1.,0.,0.));
#1314 = PCURVE('',#1291,#1315);
#1315 = DEFINITIONAL_REPRESENTATION('',(#1316),#1320);
#1316 = LINE('',#1317,#1318);
#1317 = CARTESIAN_POINT('',(4.5,0.));
#1318 = VECTOR('',#1319,1.);
#1319 = DIRECTION('',(-1.,0.));
#1320 = ( GEOMETRIC_REPRESENTATION_CONTEXT(2) 
PARAMETRIC_REPRESENTATION_CONTEXT() REPRESENTATION_CONTEXT('2D SPACE',''
  ) );
#1321 = PCURVE('',#231,#1322);
#1322 = DEFINITIONAL_REPRESENTATION('',(#1323),#1327);
#1323 = LINE('',#1324,#1325);
#1324 = CARTESIAN_POINT('',(22.5,-21.));
#1325 = VECTOR('',#1326,1.);
#1326 = DIRECTION('',(-1.,0.));
#1327 = ( GEOMETRIC_REPRESENTATION_CONTEXT(2) 
PARAMETRIC_REPRESENTATION_CONTEXT() REPRESENTATION_CONTEXT('2D SPACE',''
  ) );
#1328 = ORIENTED_EDGE('',*,*,#1277,.T.);
#1329 = ORIENTED_EDGE('',*,*,#1330,.F.);
#1330 = EDGE_CURVE('',#1331,#1254,#1333,.T.);
#1331 = VERTEX_POINT('',#1332);
#1332 = CARTESIAN_POINT('',(105.61105762946,-8.501884512483,7.));
#1333 = SURFACE_CURVE('',#1334,(#1338,#1345),.PCURVE_S1.);
#1334 = LINE('',#1335,#1336);
#1335 = CARTESIAN_POINT('',(101.11105762946,-8.501884512483,7.));
#1336 = VECTOR('',#1337,1.);
#1337 = DIRECTION('',(-1.,0.,0.));
#1338 = PCURVE('',#1291,#1339);
#1339 = DEFINITIONAL_REPRESENTATION('',(#1340),#1344);
#1340 = LINE('',#1341,#1342);
#1341 = CARTESIAN_POINT('',(4.5,3.));
#1342 = VECTOR('',#1343,1.);
#1343 = DIRECTION('',(1.,0.));
#1344 = ( GEOMETRIC_REPRESENTATION_CONTEXT(2) 
PARAMETRIC_REPRESENTATION_CONTEXT() REPRESENTATION_CONTEXT('2D SPACE',''
  ) );
#1345 = PCURVE('',#1175,#1346);
#1346 = DEFINITIONAL_REPRESENTATION('',(#1347),#1351);
#1347 = LINE('',#1348,#1349);
#1348 = CARTESIAN_POINT('',(0.75,-3.));
#1349 = VECTOR('',#1350,1.);
#1350 = DIRECTION('',(1.,0.));
#1351 = ( GEOMETRIC_REPRESENTATION_CONTEXT(2) 
PARAMETRIC_REPRESENTATION_CONTEXT() REPRESENTATION_CONTEXT('2D SPACE',''
  ) );
#1352 = ORIENTED_EDGE('',*,*,#1353,.F.);
#1353 = EDGE_CURVE('',#1307,#1331,#1354,.T.);
#1354 = SURFACE_CURVE('',#1355,(#1359,#1366),.PCURVE_S1.);
#1355 = LINE('',#1356,#1357);
#1356 = CARTESIAN_POINT('',(105.61105762946,-8.501884512483,4.));
#1357 = VECTOR('',#1358,1.);
#1358 = DIRECTION('',(0.,0.,1.));
#1359 = PCURVE('',#1291,#1360);
#1360 = DEFINITIONAL_REPRESENTATION('',(#1361),#1365);
#1361 = LINE('',#1362,#1363);
#1362 = CARTESIAN_POINT('',(0.,3.002043058586E-13));
#1363 = VECTOR('',#1364,1.);
#1364 = DIRECTION('',(0.,1.));
#1365 = ( GEOMETRIC_REPRESENTATION_CONTEXT(2) 
PARAMETRIC_REPRESENTATION_CONTEXT() REPRESENTATION_CONTEXT('2D SPACE',''
  ) );
#1366 = PCURVE('',#1367,#1372);
#1367 = PLANE('',#1368);
#1368 = AXIS2_PLACEMENT_3D('',#1369,#1370,#1371);
#1369 = CARTESIAN_POINT('',(105.61105762946,-6.501884512483,
    4.000000000001));
#1370 = DIRECTION('',(-1.,3.552713678801E-15,0.));
#1371 = DIRECTION('',(-3.552713678801E-15,-1.,-6.10877832815E-14));
#1372 = DEFINITIONAL_REPRESENTATION('',(#1373),#1377);
#1373 = LINE('',#1374,#1375);
#1374 = CARTESIAN_POINT('',(2.,-1.877987019123E-13));
#1375 = VECTOR('',#1376,1.);
#1376 = DIRECTION('',(-6.10877832815E-14,1.));
#1377 = ( GEOMETRIC_REPRESENTATION_CONTEXT(2) 
PARAMETRIC_REPRESENTATION_CONTEXT() REPRESENTATION_CONTEXT('2D SPACE',''
  ) );
#1378 = ADVANCED_FACE('',(#1379),#1241,.T.);
#1379 = FACE_BOUND('',#1380,.T.);
#1380 = EDGE_LOOP('',(#1381,#1404,#1427,#1448));
#1381 = ORIENTED_EDGE('',*,*,#1382,.T.);
#1382 = EDGE_CURVE('',#1197,#1383,#1385,.T.);
#1383 = VERTEX_POINT('',#1384);
#1384 = CARTESIAN_POINT('',(105.61105762946,-14.50188451248,4.));
#1385 = SURFACE_CURVE('',#1386,(#1390,#1397),.PCURVE_S1.);
#1386 = LINE('',#1387,#1388);
#1387 = CARTESIAN_POINT('',(101.11105762946,-14.50188451248,4.));
#1388 = VECTOR('',#1389,1.);
#1389 = DIRECTION('',(1.,-3.454027187723E-16,0.));
#1390 = PCURVE('',#1241,#1391);
#1391 = DEFINITIONAL_REPRESENTATION('',(#1392),#1396);
#1392 = LINE('',#1393,#1394);
#1393 = CARTESIAN_POINT('',(0.,0.));
#1394 = VECTOR('',#1395,1.);
#1395 = DIRECTION('',(1.,0.));
#1396 = ( GEOMETRIC_REPRESENTATION_CONTEXT(2) 
PARAMETRIC_REPRESENTATION_CONTEXT() REPRESENTATION_CONTEXT('2D SPACE',''
  ) );
#1397 = PCURVE('',#231,#1398);
#1398 = DEFINITIONAL_REPRESENTATION('',(#1399),#1403);
#1399 = LINE('',#1400,#1401);
#1400 = CARTESIAN_POINT('',(22.5,-15.));
#1401 = VECTOR('',#1402,1.);
#1402 = DIRECTION('',(-1.,3.454027187723E-16));
#1403 = ( GEOMETRIC_REPRESENTATION_CONTEXT(2) 
PARAMETRIC_REPRESENTATION_CONTEXT() REPRESENTATION_CONTEXT('2D SPACE',''
  ) );
#1404 = ORIENTED_EDGE('',*,*,#1405,.F.);
#1405 = EDGE_CURVE('',#1406,#1383,#1408,.T.);
#1406 = VERTEX_POINT('',#1407);
#1407 = CARTESIAN_POINT('',(105.61105762946,-14.50188451248,7.));
#1408 = SURFACE_CURVE('',#1409,(#1413,#1420),.PCURVE_S1.);
#1409 = LINE('',#1410,#1411);
#1410 = CARTESIAN_POINT('',(105.61105762946,-14.50188451248,4.));
#1411 = VECTOR('',#1412,1.);
#1412 = DIRECTION('',(0.,0.,-1.));
#1413 = PCURVE('',#1241,#1414);
#1414 = DEFINITIONAL_REPRESENTATION('',(#1415),#1419);
#1415 = LINE('',#1416,#1417);
#1416 = CARTESIAN_POINT('',(4.5,3.002043058586E-13));
#1417 = VECTOR('',#1418,1.);
#1418 = DIRECTION('',(0.,-1.));
#1419 = ( GEOMETRIC_REPRESENTATION_CONTEXT(2) 
PARAMETRIC_REPRESENTATION_CONTEXT() REPRESENTATION_CONTEXT('2D SPACE',''
  ) );
#1420 = PCURVE('',#1367,#1421);
#1421 = DEFINITIONAL_REPRESENTATION('',(#1422),#1426);
#1422 = LINE('',#1423,#1424);
#1423 = CARTESIAN_POINT('',(8.,1.787279977767E-13));
#1424 = VECTOR('',#1425,1.);
#1425 = DIRECTION('',(6.10877832815E-14,-1.));
#1426 = ( GEOMETRIC_REPRESENTATION_CONTEXT(2) 
PARAMETRIC_REPRESENTATION_CONTEXT() REPRESENTATION_CONTEXT('2D SPACE',''
  ) );
#1427 = ORIENTED_EDGE('',*,*,#1428,.F.);
#1428 = EDGE_CURVE('',#1226,#1406,#1429,.T.);
#1429 = SURFACE_CURVE('',#1430,(#1434,#1441),.PCURVE_S1.);
#1430 = LINE('',#1431,#1432);
#1431 = CARTESIAN_POINT('',(101.11105762946,-14.50188451248,7.));
#1432 = VECTOR('',#1433,1.);
#1433 = DIRECTION('',(1.,-3.454027187723E-16,0.));
#1434 = PCURVE('',#1241,#1435);
#1435 = DEFINITIONAL_REPRESENTATION('',(#1436),#1440);
#1436 = LINE('',#1437,#1438);
#1437 = CARTESIAN_POINT('',(0.,3.));
#1438 = VECTOR('',#1439,1.);
#1439 = DIRECTION('',(1.,0.));
#1440 = ( GEOMETRIC_REPRESENTATION_CONTEXT(2) 
PARAMETRIC_REPRESENTATION_CONTEXT() REPRESENTATION_CONTEXT('2D SPACE',''
  ) );
#1441 = PCURVE('',#1175,#1442);
#1442 = DEFINITIONAL_REPRESENTATION('',(#1443),#1447);
#1443 = LINE('',#1444,#1445);
#1444 = CARTESIAN_POINT('',(0.75,3.));
#1445 = VECTOR('',#1446,1.);
#1446 = DIRECTION('',(-1.,3.454027187723E-16));
#1447 = ( GEOMETRIC_REPRESENTATION_CONTEXT(2) 
PARAMETRIC_REPRESENTATION_CONTEXT() REPRESENTATION_CONTEXT('2D SPACE',''
  ) );
#1448 = ORIENTED_EDGE('',*,*,#1225,.F.);
#1449 = ADVANCED_FACE('',(#1450,#1476),#1175,.T.);
#1450 = FACE_BOUND('',#1451,.T.);
#1451 = EDGE_LOOP('',(#1452,#1453,#1474,#1475));
#1452 = ORIENTED_EDGE('',*,*,#1428,.T.);
#1453 = ORIENTED_EDGE('',*,*,#1454,.F.);
#1454 = EDGE_CURVE('',#1331,#1406,#1455,.T.);
#1455 = SURFACE_CURVE('',#1456,(#1460,#1467),.PCURVE_S1.);
#1456 = LINE('',#1457,#1458);
#1457 = CARTESIAN_POINT('',(105.61105762946,-9.001884512483,7.));
#1458 = VECTOR('',#1459,1.);
#1459 = DIRECTION('',(-3.552713678801E-15,-1.,0.));
#1460 = PCURVE('',#1175,#1461);
#1461 = DEFINITIONAL_REPRESENTATION('',(#1462),#1466);
#1462 = LINE('',#1463,#1464);
#1463 = CARTESIAN_POINT('',(-3.75,-2.5));
#1464 = VECTOR('',#1465,1.);
#1465 = DIRECTION('',(3.552713678801E-15,1.));
#1466 = ( GEOMETRIC_REPRESENTATION_CONTEXT(2) 
PARAMETRIC_REPRESENTATION_CONTEXT() REPRESENTATION_CONTEXT('2D SPACE',''
  ) );
#1467 = PCURVE('',#1367,#1468);
#1468 = DEFINITIONAL_REPRESENTATION('',(#1469),#1473);
#1469 = LINE('',#1470,#1471);
#1470 = CARTESIAN_POINT('',(2.5,3.));
#1471 = VECTOR('',#1472,1.);
#1472 = DIRECTION('',(1.,6.10877832815E-14));
#1473 = ( GEOMETRIC_REPRESENTATION_CONTEXT(2) 
PARAMETRIC_REPRESENTATION_CONTEXT() REPRESENTATION_CONTEXT('2D SPACE',''
  ) );
#1474 = ORIENTED_EDGE('',*,*,#1330,.T.);
#1475 = ORIENTED_EDGE('',*,*,#1253,.T.);
#1476 = FACE_BOUND('',#1477,.T.);
#1477 = EDGE_LOOP('',(#1478));
#1478 = ORIENTED_EDGE('',*,*,#1160,.T.);
#1479 = ADVANCED_FACE('',(#1480),#1494,.F.);
#1480 = FACE_BOUND('',#1481,.F.);
#1481 = EDGE_LOOP('',(#1482,#1512,#1538,#1539));
#1482 = ORIENTED_EDGE('',*,*,#1483,.T.);
#1483 = EDGE_CURVE('',#1484,#1486,#1488,.T.);
#1484 = VERTEX_POINT('',#1485);
#1485 = CARTESIAN_POINT('',(102.61105762946,-47.50188451248,7.));
#1486 = VERTEX_POINT('',#1487);
#1487 = CARTESIAN_POINT('',(102.61105762946,-47.50188451248,4.));
#1488 = SEAM_CURVE('',#1489,(#1493,#1505),.PCURVE_S1.);
#1489 = LINE('',#1490,#1491);
#1490 = CARTESIAN_POINT('',(102.61105762946,-47.50188451248,4.));
#1491 = VECTOR('',#1492,1.);
#1492 = DIRECTION('',(0.,0.,-1.));
#1493 = PCURVE('',#1494,#1499);
#1494 = CYLINDRICAL_SURFACE('',#1495,1.5);
#1495 = AXIS2_PLACEMENT_3D('',#1496,#1497,#1498);
#1496 = CARTESIAN_POINT('',(101.11105762946,-47.50188451248,4.));
#1497 = DIRECTION('',(0.,0.,1.));
#1498 = DIRECTION('',(-1.,0.,0.));
#1499 = DEFINITIONAL_REPRESENTATION('',(#1500),#1504);
#1500 = LINE('',#1501,#1502);
#1501 = CARTESIAN_POINT('',(-3.14159265359,0.));
#1502 = VECTOR('',#1503,1.);
#1503 = DIRECTION('',(0.,-1.));
#1504 = ( GEOMETRIC_REPRESENTATION_CONTEXT(2) 
PARAMETRIC_REPRESENTATION_CONTEXT() REPRESENTATION_CONTEXT('2D SPACE',''
  ) );
#1505 = PCURVE('',#1494,#1506);
#1506 = DEFINITIONAL_REPRESENTATION('',(#1507),#1511);
#1507 = LINE('',#1508,#1509);
#1508 = CARTESIAN_POINT('',(3.14159265359,0.));
#1509 = VECTOR('',#1510,1.);
#1510 = DIRECTION('',(0.,-1.));
#1511 = ( GEOMETRIC_REPRESENTATION_CONTEXT(2) 
PARAMETRIC_REPRESENTATION_CONTEXT() REPRESENTATION_CONTEXT('2D SPACE',''
  ) );
#1512 = ORIENTED_EDGE('',*,*,#1513,.F.);
#1513 = EDGE_CURVE('',#1486,#1486,#1514,.T.);
#1514 = SURFACE_CURVE('',#1515,(#1520,#1527),.PCURVE_S1.);
#1515 = CIRCLE('',#1516,1.5);
#1516 = AXIS2_PLACEMENT_3D('',#1517,#1518,#1519);
#1517 = CARTESIAN_POINT('',(101.11105762946,-47.50188451248,4.));
#1518 = DIRECTION('',(0.,0.,-1.));
#1519 = DIRECTION('',(-1.,0.,0.));
#1520 = PCURVE('',#1494,#1521);
#1521 = DEFINITIONAL_REPRESENTATION('',(#1522),#1526);
#1522 = LINE('',#1523,#1524);
#1523 = CARTESIAN_POINT('',(6.28318530718,0.));
#1524 = VECTOR('',#1525,1.);
#1525 = DIRECTION('',(-1.,0.));
#1526 = ( GEOMETRIC_REPRESENTATION_CONTEXT(2) 
PARAMETRIC_REPRESENTATION_CONTEXT() REPRESENTATION_CONTEXT('2D SPACE',''
  ) );
#1527 = PCURVE('',#231,#1528);
#1528 = DEFINITIONAL_REPRESENTATION('',(#1529),#1537);
#1529 = ( BOUNDED_CURVE() B_SPLINE_CURVE(2,(#1530,#1531,#1532,#1533,
#1534,#1535,#1536),.UNSPECIFIED.,.T.,.F.) B_SPLINE_CURVE_WITH_KNOTS((1,2
    ,2,2,2,1),(-2.094395102393,0.,2.094395102393,4.188790204786,
6.28318530718,8.377580409573),.UNSPECIFIED.) CURVE() 
GEOMETRIC_REPRESENTATION_ITEM() RATIONAL_B_SPLINE_CURVE((1.,0.5,1.,0.5,
1.,0.5,1.)) REPRESENTATION_ITEM('') );
#1530 = CARTESIAN_POINT('',(24.,18.));
#1531 = CARTESIAN_POINT('',(24.,15.401923788647));
#1532 = CARTESIAN_POINT('',(21.75,16.700961894323));
#1533 = CARTESIAN_POINT('',(19.5,18.));
#1534 = CARTESIAN_POINT('',(21.75,19.299038105677));
#1535 = CARTESIAN_POINT('',(24.,20.598076211353));
#1536 = CARTESIAN_POINT('',(24.,18.));
#1537 = ( GEOMETRIC_REPRESENTATION_CONTEXT(2) 
PARAMETRIC_REPRESENTATION_CONTEXT() REPRESENTATION_CONTEXT('2D SPACE',''
  ) );
#1538 = ORIENTED_EDGE('',*,*,#1483,.F.);
#1539 = ORIENTED_EDGE('',*,*,#1540,.T.);
#1540 = EDGE_CURVE('',#1484,#1484,#1541,.T.);
#1541 = SURFACE_CURVE('',#1542,(#1547,#1554),.PCURVE_S1.);
#1542 = CIRCLE('',#1543,1.5);
#1543 = AXIS2_PLACEMENT_3D('',#1544,#1545,#1546);
#1544 = CARTESIAN_POINT('',(101.11105762946,-47.50188451248,7.));
#1545 = DIRECTION('',(0.,0.,-1.));
#1546 = DIRECTION('',(-1.,0.,0.));
#1547 = PCURVE('',#1494,#1548);
#1548 = DEFINITIONAL_REPRESENTATION('',(#1549),#1553);
#1549 = LINE('',#1550,#1551);
#1550 = CARTESIAN_POINT('',(6.28318530718,3.));
#1551 = VECTOR('',#1552,1.);
#1552 = DIRECTION('',(-1.,0.));
#1553 = ( GEOMETRIC_REPRESENTATION_CONTEXT(2) 
PARAMETRIC_REPRESENTATION_CONTEXT() REPRESENTATION_CONTEXT('2D SPACE',''
  ) );
#1554 = PCURVE('',#1555,#1560);
#1555 = PLANE('',#1556);
#1556 = AXIS2_PLACEMENT_3D('',#1557,#1558,#1559);
#1557 = CARTESIAN_POINT('',(101.86105762946,-47.50188451248,7.));
#1558 = DIRECTION('',(0.,0.,1.));
#1559 = DIRECTION('',(-1.,0.,0.));
#1560 = DEFINITIONAL_REPRESENTATION('',(#1561),#1569);
#1561 = ( BOUNDED_CURVE() B_SPLINE_CURVE(2,(#1562,#1563,#1564,#1565,
#1566,#1567,#1568),.UNSPECIFIED.,.T.,.F.) B_SPLINE_CURVE_WITH_KNOTS((1,2
    ,2,2,2,1),(-2.094395102393,0.,2.094395102393,4.188790204786,
6.28318530718,8.377580409573),.UNSPECIFIED.) CURVE() 
GEOMETRIC_REPRESENTATION_ITEM() RATIONAL_B_SPLINE_CURVE((1.,0.5,1.,0.5,
1.,0.5,1.)) REPRESENTATION_ITEM('') );
#1562 = CARTESIAN_POINT('',(2.25,0.));
#1563 = CARTESIAN_POINT('',(2.25,-2.598076211353));
#1564 = CARTESIAN_POINT('',(3.330669073875E-16,-1.299038105677));
#1565 = CARTESIAN_POINT('',(-2.25,-3.673940397442E-16));
#1566 = CARTESIAN_POINT('',(-6.661338147751E-16,1.299038105677));
#1567 = CARTESIAN_POINT('',(2.25,2.598076211353));
#1568 = CARTESIAN_POINT('',(2.25,0.));
#1569 = ( GEOMETRIC_REPRESENTATION_CONTEXT(2) 
PARAMETRIC_REPRESENTATION_CONTEXT() REPRESENTATION_CONTEXT('2D SPACE',''
  ) );
#1570 = ADVANCED_FACE('',(#1571),#1585,.T.);
#1571 = FACE_BOUND('',#1572,.T.);
#1572 = EDGE_LOOP('',(#1573,#1603,#1631,#1654));
#1573 = ORIENTED_EDGE('',*,*,#1574,.T.);
#1574 = EDGE_CURVE('',#1575,#1577,#1579,.T.);
#1575 = VERTEX_POINT('',#1576);
#1576 = CARTESIAN_POINT('',(105.61105762946,-44.50188451248,4.));
#1577 = VERTEX_POINT('',#1578);
#1578 = CARTESIAN_POINT('',(101.11105699923,-44.50188451248,4.));
#1579 = SURFACE_CURVE('',#1580,(#1584,#1596),.PCURVE_S1.);
#1580 = LINE('',#1581,#1582);
#1581 = CARTESIAN_POINT('',(138.61463292641,-44.50188451248,4.));
#1582 = VECTOR('',#1583,1.);
#1583 = DIRECTION('',(-1.,-3.68017359913E-15,0.));
#1584 = PCURVE('',#1585,#1590);
#1585 = PLANE('',#1586);
#1586 = AXIS2_PLACEMENT_3D('',#1587,#1588,#1589);
#1587 = CARTESIAN_POINT('',(105.61105762946,-44.50188451248,4.));
#1588 = DIRECTION('',(-3.68017359913E-15,1.,0.));
#1589 = DIRECTION('',(-1.,-3.68017359913E-15,0.));
#1590 = DEFINITIONAL_REPRESENTATION('',(#1591),#1595);
#1591 = LINE('',#1592,#1593);
#1592 = CARTESIAN_POINT('',(-33.00357529695,0.));
#1593 = VECTOR('',#1594,1.);
#1594 = DIRECTION('',(1.,0.));
#1595 = ( GEOMETRIC_REPRESENTATION_CONTEXT(2) 
PARAMETRIC_REPRESENTATION_CONTEXT() REPRESENTATION_CONTEXT('2D SPACE',''
  ) );
#1596 = PCURVE('',#231,#1597);
#1597 = DEFINITIONAL_REPRESENTATION('',(#1598),#1602);
#1598 = LINE('',#1599,#1600);
#1599 = CARTESIAN_POINT('',(-15.00357529695,15.));
#1600 = VECTOR('',#1601,1.);
#1601 = DIRECTION('',(1.,3.68017359913E-15));
#1602 = ( GEOMETRIC_REPRESENTATION_CONTEXT(2) 
PARAMETRIC_REPRESENTATION_CONTEXT() REPRESENTATION_CONTEXT('2D SPACE',''
  ) );
#1603 = ORIENTED_EDGE('',*,*,#1604,.T.);
#1604 = EDGE_CURVE('',#1577,#1605,#1607,.T.);
#1605 = VERTEX_POINT('',#1606);
#1606 = CARTESIAN_POINT('',(101.11105699923,-44.50188451248,7.));
#1607 = SURFACE_CURVE('',#1608,(#1612,#1619),.PCURVE_S1.);
#1608 = LINE('',#1609,#1610);
#1609 = CARTESIAN_POINT('',(101.11105699923,-44.50188451248,4.));
#1610 = VECTOR('',#1611,1.);
#1611 = DIRECTION('',(0.,0.,1.));
#1612 = PCURVE('',#1585,#1613);
#1613 = DEFINITIONAL_REPRESENTATION('',(#1614),#1618);
#1614 = LINE('',#1615,#1616);
#1615 = CARTESIAN_POINT('',(4.500000630228,0.));
#1616 = VECTOR('',#1617,1.);
#1617 = DIRECTION('',(0.,1.));
#1618 = ( GEOMETRIC_REPRESENTATION_CONTEXT(2) 
PARAMETRIC_REPRESENTATION_CONTEXT() REPRESENTATION_CONTEXT('2D SPACE',''
  ) );
#1619 = PCURVE('',#1620,#1625);
#1620 = CYLINDRICAL_SURFACE('',#1621,3.);
#1621 = AXIS2_PLACEMENT_3D('',#1622,#1623,#1624);
#1622 = CARTESIAN_POINT('',(101.11105762946,-47.50188451248,4.));
#1623 = DIRECTION('',(0.,0.,1.));
#1624 = DIRECTION('',(-1.,0.,0.));
#1625 = DEFINITIONAL_REPRESENTATION('',(#1626),#1630);
#1626 = LINE('',#1627,#1628);
#1627 = CARTESIAN_POINT('',(-1.570796116719,0.));
#1628 = VECTOR('',#1629,1.);
#1629 = DIRECTION('',(0.,1.));
#1630 = ( GEOMETRIC_REPRESENTATION_CONTEXT(2) 
PARAMETRIC_REPRESENTATION_CONTEXT() REPRESENTATION_CONTEXT('2D SPACE',''
  ) );
#1631 = ORIENTED_EDGE('',*,*,#1632,.F.);
#1632 = EDGE_CURVE('',#1633,#1605,#1635,.T.);
#1633 = VERTEX_POINT('',#1634);
#1634 = CARTESIAN_POINT('',(105.61105762946,-44.50188451248,7.));
#1635 = SURFACE_CURVE('',#1636,(#1640,#1647),.PCURVE_S1.);
#1636 = LINE('',#1637,#1638);
#1637 = CARTESIAN_POINT('',(138.61463292641,-44.50188451248,7.));
#1638 = VECTOR('',#1639,1.);
#1639 = DIRECTION('',(-1.,-3.68017359913E-15,0.));
#1640 = PCURVE('',#1585,#1641);
#1641 = DEFINITIONAL_REPRESENTATION('',(#1642),#1646);
#1642 = LINE('',#1643,#1644);
#1643 = CARTESIAN_POINT('',(-33.00357529695,3.));
#1644 = VECTOR('',#1645,1.);
#1645 = DIRECTION('',(1.,0.));
#1646 = ( GEOMETRIC_REPRESENTATION_CONTEXT(2) 
PARAMETRIC_REPRESENTATION_CONTEXT() REPRESENTATION_CONTEXT('2D SPACE',''
  ) );
#1647 = PCURVE('',#1555,#1648);
#1648 = DEFINITIONAL_REPRESENTATION('',(#1649),#1653);
#1649 = LINE('',#1650,#1651);
#1650 = CARTESIAN_POINT('',(-36.75357529695,-3.));
#1651 = VECTOR('',#1652,1.);
#1652 = DIRECTION('',(1.,3.68017359913E-15));
#1653 = ( GEOMETRIC_REPRESENTATION_CONTEXT(2) 
PARAMETRIC_REPRESENTATION_CONTEXT() REPRESENTATION_CONTEXT('2D SPACE',''
  ) );
#1654 = ORIENTED_EDGE('',*,*,#1655,.F.);
#1655 = EDGE_CURVE('',#1575,#1633,#1656,.T.);
#1656 = SURFACE_CURVE('',#1657,(#1661,#1668),.PCURVE_S1.);
#1657 = LINE('',#1658,#1659);
#1658 = CARTESIAN_POINT('',(105.61105762946,-44.50188451248,4.));
#1659 = VECTOR('',#1660,1.);
#1660 = DIRECTION('',(0.,0.,1.));
#1661 = PCURVE('',#1585,#1662);
#1662 = DEFINITIONAL_REPRESENTATION('',(#1663),#1667);
#1663 = LINE('',#1664,#1665);
#1664 = CARTESIAN_POINT('',(0.,3.002043058586E-13));
#1665 = VECTOR('',#1666,1.);
#1666 = DIRECTION('',(0.,1.));
#1667 = ( GEOMETRIC_REPRESENTATION_CONTEXT(2) 
PARAMETRIC_REPRESENTATION_CONTEXT() REPRESENTATION_CONTEXT('2D SPACE',''
  ) );
#1668 = PCURVE('',#1367,#1669);
#1669 = DEFINITIONAL_REPRESENTATION('',(#1670),#1674);
#1670 = LINE('',#1671,#1672);
#1671 = CARTESIAN_POINT('',(38.,2.011361496222E-12));
#1672 = VECTOR('',#1673,1.);
#1673 = DIRECTION('',(-6.10877832815E-14,1.));
#1674 = ( GEOMETRIC_REPRESENTATION_CONTEXT(2) 
PARAMETRIC_REPRESENTATION_CONTEXT() REPRESENTATION_CONTEXT('2D SPACE',''
  ) );
#1675 = ADVANCED_FACE('',(#1676),#1690,.T.);
#1676 = FACE_BOUND('',#1677,.T.);
#1677 = EDGE_LOOP('',(#1678,#1708,#1731,#1754));
#1678 = ORIENTED_EDGE('',*,*,#1679,.F.);
#1679 = EDGE_CURVE('',#1680,#1682,#1684,.T.);
#1680 = VERTEX_POINT('',#1681);
#1681 = CARTESIAN_POINT('',(105.61105762946,-50.50188451248,4.));
#1682 = VERTEX_POINT('',#1683);
#1683 = CARTESIAN_POINT('',(101.11105762946,-50.50188451248,4.));
#1684 = SURFACE_CURVE('',#1685,(#1689,#1701),.PCURVE_S1.);
#1685 = LINE('',#1686,#1687);
#1686 = CARTESIAN_POINT('',(138.61463292641,-50.50188451248,4.));
#1687 = VECTOR('',#1688,1.);
#1688 = DIRECTION('',(-1.,0.,0.));
#1689 = PCURVE('',#1690,#1695);
#1690 = PLANE('',#1691);
#1691 = AXIS2_PLACEMENT_3D('',#1692,#1693,#1694);
#1692 = CARTESIAN_POINT('',(101.11105762946,-50.50188451248,4.));
#1693 = DIRECTION('',(0.,-1.,0.));
#1694 = DIRECTION('',(1.,0.,0.));
#1695 = DEFINITIONAL_REPRESENTATION('',(#1696),#1700);
#1696 = LINE('',#1697,#1698);
#1697 = CARTESIAN_POINT('',(37.503575296954,0.));
#1698 = VECTOR('',#1699,1.);
#1699 = DIRECTION('',(-1.,0.));
#1700 = ( GEOMETRIC_REPRESENTATION_CONTEXT(2) 
PARAMETRIC_REPRESENTATION_CONTEXT() REPRESENTATION_CONTEXT('2D SPACE',''
  ) );
#1701 = PCURVE('',#231,#1702);
#1702 = DEFINITIONAL_REPRESENTATION('',(#1703),#1707);
#1703 = LINE('',#1704,#1705);
#1704 = CARTESIAN_POINT('',(-15.00357529695,21.));
#1705 = VECTOR('',#1706,1.);
#1706 = DIRECTION('',(1.,0.));
#1707 = ( GEOMETRIC_REPRESENTATION_CONTEXT(2) 
PARAMETRIC_REPRESENTATION_CONTEXT() REPRESENTATION_CONTEXT('2D SPACE',''
  ) );
#1708 = ORIENTED_EDGE('',*,*,#1709,.F.);
#1709 = EDGE_CURVE('',#1710,#1680,#1712,.T.);
#1710 = VERTEX_POINT('',#1711);
#1711 = CARTESIAN_POINT('',(105.61105762946,-50.50188451248,7.));
#1712 = SURFACE_CURVE('',#1713,(#1717,#1724),.PCURVE_S1.);
#1713 = LINE('',#1714,#1715);
#1714 = CARTESIAN_POINT('',(105.61105762946,-50.50188451248,4.));
#1715 = VECTOR('',#1716,1.);
#1716 = DIRECTION('',(0.,0.,-1.));
#1717 = PCURVE('',#1690,#1718);
#1718 = DEFINITIONAL_REPRESENTATION('',(#1719),#1723);
#1719 = LINE('',#1720,#1721);
#1720 = CARTESIAN_POINT('',(4.5,3.002043058586E-13));
#1721 = VECTOR('',#1722,1.);
#1722 = DIRECTION('',(0.,-1.));
#1723 = ( GEOMETRIC_REPRESENTATION_CONTEXT(2) 
PARAMETRIC_REPRESENTATION_CONTEXT() REPRESENTATION_CONTEXT('2D SPACE',''
  ) );
#1724 = PCURVE('',#1367,#1725);
#1725 = DEFINITIONAL_REPRESENTATION('',(#1726),#1730);
#1726 = LINE('',#1727,#1728);
#1727 = CARTESIAN_POINT('',(44.,2.377888195911E-12));
#1728 = VECTOR('',#1729,1.);
#1729 = DIRECTION('',(6.10877832815E-14,-1.));
#1730 = ( GEOMETRIC_REPRESENTATION_CONTEXT(2) 
PARAMETRIC_REPRESENTATION_CONTEXT() REPRESENTATION_CONTEXT('2D SPACE',''
  ) );
#1731 = ORIENTED_EDGE('',*,*,#1732,.F.);
#1732 = EDGE_CURVE('',#1733,#1710,#1735,.T.);
#1733 = VERTEX_POINT('',#1734);
#1734 = CARTESIAN_POINT('',(101.11105762946,-50.50188451248,7.));
#1735 = SURFACE_CURVE('',#1736,(#1740,#1747),.PCURVE_S1.);
#1736 = LINE('',#1737,#1738);
#1737 = CARTESIAN_POINT('',(138.61463292641,-50.50188451248,7.));
#1738 = VECTOR('',#1739,1.);
#1739 = DIRECTION('',(1.,0.,0.));
#1740 = PCURVE('',#1690,#1741);
#1741 = DEFINITIONAL_REPRESENTATION('',(#1742),#1746);
#1742 = LINE('',#1743,#1744);
#1743 = CARTESIAN_POINT('',(37.503575296954,3.));
#1744 = VECTOR('',#1745,1.);
#1745 = DIRECTION('',(1.,0.));
#1746 = ( GEOMETRIC_REPRESENTATION_CONTEXT(2) 
PARAMETRIC_REPRESENTATION_CONTEXT() REPRESENTATION_CONTEXT('2D SPACE',''
  ) );
#1747 = PCURVE('',#1555,#1748);
#1748 = DEFINITIONAL_REPRESENTATION('',(#1749),#1753);
#1749 = LINE('',#1750,#1751);
#1750 = CARTESIAN_POINT('',(-36.75357529695,3.));
#1751 = VECTOR('',#1752,1.);
#1752 = DIRECTION('',(-1.,0.));
#1753 = ( GEOMETRIC_REPRESENTATION_CONTEXT(2) 
PARAMETRIC_REPRESENTATION_CONTEXT() REPRESENTATION_CONTEXT('2D SPACE',''
  ) );
#1754 = ORIENTED_EDGE('',*,*,#1755,.F.);
#1755 = EDGE_CURVE('',#1682,#1733,#1756,.T.);
#1756 = SURFACE_CURVE('',#1757,(#1761,#1768),.PCURVE_S1.);
#1757 = LINE('',#1758,#1759);
#1758 = CARTESIAN_POINT('',(101.11105762946,-50.50188451248,4.));
#1759 = VECTOR('',#1760,1.);
#1760 = DIRECTION('',(0.,0.,1.));
#1761 = PCURVE('',#1690,#1762);
#1762 = DEFINITIONAL_REPRESENTATION('',(#1763),#1767);
#1763 = LINE('',#1764,#1765);
#1764 = CARTESIAN_POINT('',(0.,0.));
#1765 = VECTOR('',#1766,1.);
#1766 = DIRECTION('',(0.,1.));
#1767 = ( GEOMETRIC_REPRESENTATION_CONTEXT(2) 
PARAMETRIC_REPRESENTATION_CONTEXT() REPRESENTATION_CONTEXT('2D SPACE',''
  ) );
#1768 = PCURVE('',#1620,#1769);
#1769 = DEFINITIONAL_REPRESENTATION('',(#1770),#1774);
#1770 = LINE('',#1771,#1772);
#1771 = CARTESIAN_POINT('',(1.570796326795,0.));
#1772 = VECTOR('',#1773,1.);
#1773 = DIRECTION('',(0.,1.));
#1774 = ( GEOMETRIC_REPRESENTATION_CONTEXT(2) 
PARAMETRIC_REPRESENTATION_CONTEXT() REPRESENTATION_CONTEXT('2D SPACE',''
  ) );
#1775 = ADVANCED_FACE('',(#1776),#1620,.T.);
#1776 = FACE_BOUND('',#1777,.T.);
#1777 = EDGE_LOOP('',(#1778,#1800,#1801,#1823));
#1778 = ORIENTED_EDGE('',*,*,#1779,.T.);
#1779 = EDGE_CURVE('',#1577,#1682,#1780,.T.);
#1780 = SURFACE_CURVE('',#1781,(#1786,#1793),.PCURVE_S1.);
#1781 = CIRCLE('',#1782,3.);
#1782 = AXIS2_PLACEMENT_3D('',#1783,#1784,#1785);
#1783 = CARTESIAN_POINT('',(101.11105762946,-47.50188451248,4.));
#1784 = DIRECTION('',(0.,0.,1.));
#1785 = DIRECTION('',(-1.,0.,0.));
#1786 = PCURVE('',#1620,#1787);
#1787 = DEFINITIONAL_REPRESENTATION('',(#1788),#1792);
#1788 = LINE('',#1789,#1790);
#1789 = CARTESIAN_POINT('',(-6.28318530718,0.));
#1790 = VECTOR('',#1791,1.);
#1791 = DIRECTION('',(1.,0.));
#1792 = ( GEOMETRIC_REPRESENTATION_CONTEXT(2) 
PARAMETRIC_REPRESENTATION_CONTEXT() REPRESENTATION_CONTEXT('2D SPACE',''
  ) );
#1793 = PCURVE('',#231,#1794);
#1794 = DEFINITIONAL_REPRESENTATION('',(#1795),#1799);
#1795 = CIRCLE('',#1796,3.);
#1796 = AXIS2_PLACEMENT_2D('',#1797,#1798);
#1797 = CARTESIAN_POINT('',(22.5,18.));
#1798 = DIRECTION('',(1.,0.));
#1799 = ( GEOMETRIC_REPRESENTATION_CONTEXT(2) 
PARAMETRIC_REPRESENTATION_CONTEXT() REPRESENTATION_CONTEXT('2D SPACE',''
  ) );
#1800 = ORIENTED_EDGE('',*,*,#1755,.T.);
#1801 = ORIENTED_EDGE('',*,*,#1802,.F.);
#1802 = EDGE_CURVE('',#1605,#1733,#1803,.T.);
#1803 = SURFACE_CURVE('',#1804,(#1809,#1816),.PCURVE_S1.);
#1804 = CIRCLE('',#1805,3.);
#1805 = AXIS2_PLACEMENT_3D('',#1806,#1807,#1808);
#1806 = CARTESIAN_POINT('',(101.11105762946,-47.50188451248,7.));
#1807 = DIRECTION('',(0.,0.,1.));
#1808 = DIRECTION('',(-1.,0.,0.));
#1809 = PCURVE('',#1620,#1810);
#1810 = DEFINITIONAL_REPRESENTATION('',(#1811),#1815);
#1811 = LINE('',#1812,#1813);
#1812 = CARTESIAN_POINT('',(-6.28318530718,3.));
#1813 = VECTOR('',#1814,1.);
#1814 = DIRECTION('',(1.,0.));
#1815 = ( GEOMETRIC_REPRESENTATION_CONTEXT(2) 
PARAMETRIC_REPRESENTATION_CONTEXT() REPRESENTATION_CONTEXT('2D SPACE',''
  ) );
#1816 = PCURVE('',#1555,#1817);
#1817 = DEFINITIONAL_REPRESENTATION('',(#1818),#1822);
#1818 = CIRCLE('',#1819,3.);
#1819 = AXIS2_PLACEMENT_2D('',#1820,#1821);
#1820 = CARTESIAN_POINT('',(0.75,0.));
#1821 = DIRECTION('',(1.,0.));
#1822 = ( GEOMETRIC_REPRESENTATION_CONTEXT(2) 
PARAMETRIC_REPRESENTATION_CONTEXT() REPRESENTATION_CONTEXT('2D SPACE',''
  ) );
#1823 = ORIENTED_EDGE('',*,*,#1604,.F.);
#1824 = ADVANCED_FACE('',(#1825,#1851),#1555,.T.);
#1825 = FACE_BOUND('',#1826,.T.);
#1826 = EDGE_LOOP('',(#1827,#1828,#1829,#1850));
#1827 = ORIENTED_EDGE('',*,*,#1802,.T.);
#1828 = ORIENTED_EDGE('',*,*,#1732,.T.);
#1829 = ORIENTED_EDGE('',*,*,#1830,.F.);
#1830 = EDGE_CURVE('',#1633,#1710,#1831,.T.);
#1831 = SURFACE_CURVE('',#1832,(#1836,#1843),.PCURVE_S1.);
#1832 = LINE('',#1833,#1834);
#1833 = CARTESIAN_POINT('',(105.61105762946,-27.00188451248,7.));
#1834 = VECTOR('',#1835,1.);
#1835 = DIRECTION('',(-3.552713678801E-15,-1.,0.));
#1836 = PCURVE('',#1555,#1837);
#1837 = DEFINITIONAL_REPRESENTATION('',(#1838),#1842);
#1838 = LINE('',#1839,#1840);
#1839 = CARTESIAN_POINT('',(-3.75,-20.5));
#1840 = VECTOR('',#1841,1.);
#1841 = DIRECTION('',(3.552713678801E-15,1.));
#1842 = ( GEOMETRIC_REPRESENTATION_CONTEXT(2) 
PARAMETRIC_REPRESENTATION_CONTEXT() REPRESENTATION_CONTEXT('2D SPACE',''
  ) );
#1843 = PCURVE('',#1367,#1844);
#1844 = DEFINITIONAL_REPRESENTATION('',(#1845),#1849);
#1845 = LINE('',#1846,#1847);
#1846 = CARTESIAN_POINT('',(20.5,3.000000000001));
#1847 = VECTOR('',#1848,1.);
#1848 = DIRECTION('',(1.,6.10877832815E-14));
#1849 = ( GEOMETRIC_REPRESENTATION_CONTEXT(2) 
PARAMETRIC_REPRESENTATION_CONTEXT() REPRESENTATION_CONTEXT('2D SPACE',''
  ) );
#1850 = ORIENTED_EDGE('',*,*,#1632,.T.);
#1851 = FACE_BOUND('',#1852,.T.);
#1852 = EDGE_LOOP('',(#1853));
#1853 = ORIENTED_EDGE('',*,*,#1540,.T.);
#1854 = ADVANCED_FACE('',(#1855),#257,.T.);
#1855 = FACE_BOUND('',#1856,.T.);
#1856 = EDGE_LOOP('',(#1857,#1880,#1881,#1904));
#1857 = ORIENTED_EDGE('',*,*,#1858,.F.);
#1858 = EDGE_CURVE('',#155,#1859,#1861,.T.);
#1859 = VERTEX_POINT('',#1860);
#1860 = CARTESIAN_POINT('',(110.61105762946,-47.50188451248,
    18.999999999999));
#1861 = SURFACE_CURVE('',#1862,(#1866,#1873),.PCURVE_S1.);
#1862 = LINE('',#1863,#1864);
#1863 = CARTESIAN_POINT('',(136.61105762946,-47.50188451248,
    18.999999999999));
#1864 = VECTOR('',#1865,1.);
#1865 = DIRECTION('',(-1.,0.,0.));
#1866 = PCURVE('',#257,#1867);
#1867 = DEFINITIONAL_REPRESENTATION('',(#1868),#1872);
#1868 = LINE('',#1869,#1870);
#1869 = CARTESIAN_POINT('',(0.,15.));
#1870 = VECTOR('',#1871,1.);
#1871 = DIRECTION('',(1.,0.));
#1872 = ( GEOMETRIC_REPRESENTATION_CONTEXT(2) 
PARAMETRIC_REPRESENTATION_CONTEXT() REPRESENTATION_CONTEXT('2D SPACE',''
  ) );
#1873 = PCURVE('',#175,#1874);
#1874 = DEFINITIONAL_REPRESENTATION('',(#1875),#1879);
#1875 = LINE('',#1876,#1877);
#1876 = CARTESIAN_POINT('',(-13.,18.));
#1877 = VECTOR('',#1878,1.);
#1878 = DIRECTION('',(1.,0.));
#1879 = ( GEOMETRIC_REPRESENTATION_CONTEXT(2) 
PARAMETRIC_REPRESENTATION_CONTEXT() REPRESENTATION_CONTEXT('2D SPACE',''
  ) );
#1880 = ORIENTED_EDGE('',*,*,#243,.F.);
#1881 = ORIENTED_EDGE('',*,*,#1882,.T.);
#1882 = EDGE_CURVE('',#216,#1883,#1885,.T.);
#1883 = VERTEX_POINT('',#1884);
#1884 = CARTESIAN_POINT('',(110.61105762946,-47.50188451248,
    3.999999999999));
#1885 = SURFACE_CURVE('',#1886,(#1890,#1897),.PCURVE_S1.);
#1886 = LINE('',#1887,#1888);
#1887 = CARTESIAN_POINT('',(110.61105762946,-47.50188451248,
    3.999999999999));
#1888 = VECTOR('',#1889,1.);
#1889 = DIRECTION('',(-1.,0.,0.));
#1890 = PCURVE('',#257,#1891);
#1891 = DEFINITIONAL_REPRESENTATION('',(#1892),#1896);
#1892 = LINE('',#1893,#1894);
#1893 = CARTESIAN_POINT('',(26.,0.));
#1894 = VECTOR('',#1895,1.);
#1895 = DIRECTION('',(1.,0.));
#1896 = ( GEOMETRIC_REPRESENTATION_CONTEXT(2) 
PARAMETRIC_REPRESENTATION_CONTEXT() REPRESENTATION_CONTEXT('2D SPACE',''
  ) );
#1897 = PCURVE('',#231,#1898);
#1898 = DEFINITIONAL_REPRESENTATION('',(#1899),#1903);
#1899 = LINE('',#1900,#1901);
#1900 = CARTESIAN_POINT('',(13.,18.));
#1901 = VECTOR('',#1902,1.);
#1902 = DIRECTION('',(1.,0.));
#1903 = ( GEOMETRIC_REPRESENTATION_CONTEXT(2) 
PARAMETRIC_REPRESENTATION_CONTEXT() REPRESENTATION_CONTEXT('2D SPACE',''
  ) );
#1904 = ORIENTED_EDGE('',*,*,#1905,.T.);
#1905 = EDGE_CURVE('',#1883,#1859,#1906,.T.);
#1906 = SURFACE_CURVE('',#1907,(#1911,#1918),.PCURVE_S1.);
#1907 = LINE('',#1908,#1909);
#1908 = CARTESIAN_POINT('',(110.61105762946,-47.50188451248,
    3.999999999999));
#1909 = VECTOR('',#1910,1.);
#1910 = DIRECTION('',(0.,0.,1.));
#1911 = PCURVE('',#257,#1912);
#1912 = DEFINITIONAL_REPRESENTATION('',(#1913),#1917);
#1913 = LINE('',#1914,#1915);
#1914 = CARTESIAN_POINT('',(26.,0.));
#1915 = VECTOR('',#1916,1.);
#1916 = DIRECTION('',(0.,1.));
#1917 = ( GEOMETRIC_REPRESENTATION_CONTEXT(2) 
PARAMETRIC_REPRESENTATION_CONTEXT() REPRESENTATION_CONTEXT('2D SPACE',''
  ) );
#1918 = PCURVE('',#311,#1919);
#1919 = DEFINITIONAL_REPRESENTATION('',(#1920),#1924);
#1920 = LINE('',#1921,#1922);
#1921 = CARTESIAN_POINT('',(0.,0.));
#1922 = VECTOR('',#1923,1.);
#1923 = DIRECTION('',(0.,1.));
#1924 = ( GEOMETRIC_REPRESENTATION_CONTEXT(2) 
PARAMETRIC_REPRESENTATION_CONTEXT() REPRESENTATION_CONTEXT('2D SPACE',''
  ) );
#1925 = ADVANCED_FACE('',(#1926),#311,.T.);
#1926 = FACE_BOUND('',#1927,.T.);
#1927 = EDGE_LOOP('',(#1928,#1949,#1950,#1971));
#1928 = ORIENTED_EDGE('',*,*,#1929,.F.);
#1929 = EDGE_CURVE('',#1859,#273,#1930,.T.);
#1930 = SURFACE_CURVE('',#1931,(#1935,#1942),.PCURVE_S1.);
#1931 = LINE('',#1932,#1933);
#1932 = CARTESIAN_POINT('',(110.61105762946,-47.50188451248,
    18.999999999999));
#1933 = VECTOR('',#1934,1.);
#1934 = DIRECTION('',(0.,1.,0.));
#1935 = PCURVE('',#311,#1936);
#1936 = DEFINITIONAL_REPRESENTATION('',(#1937),#1941);
#1937 = LINE('',#1938,#1939);
#1938 = CARTESIAN_POINT('',(0.,15.));
#1939 = VECTOR('',#1940,1.);
#1940 = DIRECTION('',(1.,0.));
#1941 = ( GEOMETRIC_REPRESENTATION_CONTEXT(2) 
PARAMETRIC_REPRESENTATION_CONTEXT() REPRESENTATION_CONTEXT('2D SPACE',''
  ) );
#1942 = PCURVE('',#175,#1943);
#1943 = DEFINITIONAL_REPRESENTATION('',(#1944),#1948);
#1944 = LINE('',#1945,#1946);
#1945 = CARTESIAN_POINT('',(13.,18.));
#1946 = VECTOR('',#1947,1.);
#1947 = DIRECTION('',(0.,-1.));
#1948 = ( GEOMETRIC_REPRESENTATION_CONTEXT(2) 
PARAMETRIC_REPRESENTATION_CONTEXT() REPRESENTATION_CONTEXT('2D SPACE',''
  ) );
#1949 = ORIENTED_EDGE('',*,*,#1905,.F.);
#1950 = ORIENTED_EDGE('',*,*,#1951,.T.);
#1951 = EDGE_CURVE('',#1883,#296,#1952,.T.);
#1952 = SURFACE_CURVE('',#1953,(#1957,#1964),.PCURVE_S1.);
#1953 = LINE('',#1954,#1955);
#1954 = CARTESIAN_POINT('',(110.61105762946,-11.50188451248,
    3.999999999999));
#1955 = VECTOR('',#1956,1.);
#1956 = DIRECTION('',(0.,1.,0.));
#1957 = PCURVE('',#311,#1958);
#1958 = DEFINITIONAL_REPRESENTATION('',(#1959),#1963);
#1959 = LINE('',#1960,#1961);
#1960 = CARTESIAN_POINT('',(36.,0.));
#1961 = VECTOR('',#1962,1.);
#1962 = DIRECTION('',(1.,0.));
#1963 = ( GEOMETRIC_REPRESENTATION_CONTEXT(2) 
PARAMETRIC_REPRESENTATION_CONTEXT() REPRESENTATION_CONTEXT('2D SPACE',''
  ) );
#1964 = PCURVE('',#231,#1965);
#1965 = DEFINITIONAL_REPRESENTATION('',(#1966),#1970);
#1966 = LINE('',#1967,#1968);
#1967 = CARTESIAN_POINT('',(13.,-18.));
#1968 = VECTOR('',#1969,1.);
#1969 = DIRECTION('',(0.,-1.));
#1970 = ( GEOMETRIC_REPRESENTATION_CONTEXT(2) 
PARAMETRIC_REPRESENTATION_CONTEXT() REPRESENTATION_CONTEXT('2D SPACE',''
  ) );
#1971 = ORIENTED_EDGE('',*,*,#295,.T.);
#1972 = ADVANCED_FACE('',(#1973),#1987,.T.);
#1973 = FACE_BOUND('',#1974,.T.);
#1974 = EDGE_LOOP('',(#1975,#2005,#2028,#2051));
#1975 = ORIENTED_EDGE('',*,*,#1976,.T.);
#1976 = EDGE_CURVE('',#1977,#1979,#1981,.T.);
#1977 = VERTEX_POINT('',#1978);
#1978 = CARTESIAN_POINT('',(141.61105762946,-6.501884512483,
    4.000000000001));
#1979 = VERTEX_POINT('',#1980);
#1980 = CARTESIAN_POINT('',(105.61105762946,-6.501884512483,
    4.000000000001));
#1981 = SURFACE_CURVE('',#1982,(#1986,#1998),.PCURVE_S1.);
#1982 = LINE('',#1983,#1984);
#1983 = CARTESIAN_POINT('',(141.61105762946,-6.501884512483,
    4.000000000001));
#1984 = VECTOR('',#1985,1.);
#1985 = DIRECTION('',(-1.,0.,0.));
#1986 = PCURVE('',#1987,#1992);
#1987 = PLANE('',#1988);
#1988 = AXIS2_PLACEMENT_3D('',#1989,#1990,#1991);
#1989 = CARTESIAN_POINT('',(141.61105762946,-6.501884512483,
    4.000000000001));
#1990 = DIRECTION('',(0.,1.,0.));
#1991 = DIRECTION('',(-1.,0.,0.));
#1992 = DEFINITIONAL_REPRESENTATION('',(#1993),#1997);
#1993 = LINE('',#1994,#1995);
#1994 = CARTESIAN_POINT('',(0.,0.));
#1995 = VECTOR('',#1996,1.);
#1996 = DIRECTION('',(1.,0.));
#1997 = ( GEOMETRIC_REPRESENTATION_CONTEXT(2) 
PARAMETRIC_REPRESENTATION_CONTEXT() REPRESENTATION_CONTEXT('2D SPACE',''
  ) );
#1998 = PCURVE('',#231,#1999);
#1999 = DEFINITIONAL_REPRESENTATION('',(#2000),#2004);
#2000 = LINE('',#2001,#2002);
#2001 = CARTESIAN_POINT('',(-18.,-23.));
#2002 = VECTOR('',#2003,1.);
#2003 = DIRECTION('',(1.,0.));
#2004 = ( GEOMETRIC_REPRESENTATION_CONTEXT(2) 
PARAMETRIC_REPRESENTATION_CONTEXT() REPRESENTATION_CONTEXT('2D SPACE',''
  ) );
#2005 = ORIENTED_EDGE('',*,*,#2006,.T.);
#2006 = EDGE_CURVE('',#1979,#2007,#2009,.T.);
#2007 = VERTEX_POINT('',#2008);
#2008 = CARTESIAN_POINT('',(105.61105762946,-6.501884512483,
    26.000000000001));
#2009 = SURFACE_CURVE('',#2010,(#2014,#2021),.PCURVE_S1.);
#2010 = LINE('',#2011,#2012);
#2011 = CARTESIAN_POINT('',(105.61105762946,-6.501884512483,
    4.000000000001));
#2012 = VECTOR('',#2013,1.);
#2013 = DIRECTION('',(0.,0.,1.));
#2014 = PCURVE('',#1987,#2015);
#2015 = DEFINITIONAL_REPRESENTATION('',(#2016),#2020);
#2016 = LINE('',#2017,#2018);
#2017 = CARTESIAN_POINT('',(36.,0.));
#2018 = VECTOR('',#2019,1.);
#2019 = DIRECTION('',(0.,1.));
#2020 = ( GEOMETRIC_REPRESENTATION_CONTEXT(2) 
PARAMETRIC_REPRESENTATION_CONTEXT() REPRESENTATION_CONTEXT('2D SPACE',''
  ) );
#2021 = PCURVE('',#1367,#2022);
#2022 = DEFINITIONAL_REPRESENTATION('',(#2023),#2027);
#2023 = LINE('',#2024,#2025);
#2024 = CARTESIAN_POINT('',(-0.,0.));
#2025 = VECTOR('',#2026,1.);
#2026 = DIRECTION('',(-6.10877832815E-14,1.));
#2027 = ( GEOMETRIC_REPRESENTATION_CONTEXT(2) 
PARAMETRIC_REPRESENTATION_CONTEXT() REPRESENTATION_CONTEXT('2D SPACE',''
  ) );
#2028 = ORIENTED_EDGE('',*,*,#2029,.F.);
#2029 = EDGE_CURVE('',#2030,#2007,#2032,.T.);
#2030 = VERTEX_POINT('',#2031);
#2031 = CARTESIAN_POINT('',(141.61105762946,-6.501884512483,
    26.000000000001));
#2032 = SURFACE_CURVE('',#2033,(#2037,#2044),.PCURVE_S1.);
#2033 = LINE('',#2034,#2035);
#2034 = CARTESIAN_POINT('',(141.61105762946,-6.501884512483,
    26.000000000001));
#2035 = VECTOR('',#2036,1.);
#2036 = DIRECTION('',(-1.,0.,0.));
#2037 = PCURVE('',#1987,#2038);
#2038 = DEFINITIONAL_REPRESENTATION('',(#2039),#2043);
#2039 = LINE('',#2040,#2041);
#2040 = CARTESIAN_POINT('',(0.,22.));
#2041 = VECTOR('',#2042,1.);
#2042 = DIRECTION('',(1.,0.));
#2043 = ( GEOMETRIC_REPRESENTATION_CONTEXT(2) 
PARAMETRIC_REPRESENTATION_CONTEXT() REPRESENTATION_CONTEXT('2D SPACE',''
  ) );
#2044 = PCURVE('',#93,#2045);
#2045 = DEFINITIONAL_REPRESENTATION('',(#2046),#2050);
#2046 = LINE('',#2047,#2048);
#2047 = CARTESIAN_POINT('',(-18.,-23.));
#2048 = VECTOR('',#2049,1.);
#2049 = DIRECTION('',(1.,0.));
#2050 = ( GEOMETRIC_REPRESENTATION_CONTEXT(2) 
PARAMETRIC_REPRESENTATION_CONTEXT() REPRESENTATION_CONTEXT('2D SPACE',''
  ) );
#2051 = ORIENTED_EDGE('',*,*,#2052,.F.);
#2052 = EDGE_CURVE('',#1977,#2030,#2053,.T.);
#2053 = SURFACE_CURVE('',#2054,(#2058,#2065),.PCURVE_S1.);
#2054 = LINE('',#2055,#2056);
#2055 = CARTESIAN_POINT('',(141.61105762946,-6.501884512483,
    4.000000000001));
#2056 = VECTOR('',#2057,1.);
#2057 = DIRECTION('',(0.,0.,1.));
#2058 = PCURVE('',#1987,#2059);
#2059 = DEFINITIONAL_REPRESENTATION('',(#2060),#2064);
#2060 = LINE('',#2061,#2062);
#2061 = CARTESIAN_POINT('',(0.,0.));
#2062 = VECTOR('',#2063,1.);
#2063 = DIRECTION('',(0.,1.));
#2064 = ( GEOMETRIC_REPRESENTATION_CONTEXT(2) 
PARAMETRIC_REPRESENTATION_CONTEXT() REPRESENTATION_CONTEXT('2D SPACE',''
  ) );
#2065 = PCURVE('',#534,#2066);
#2066 = DEFINITIONAL_REPRESENTATION('',(#2067),#2071);
#2067 = LINE('',#2068,#2069);
#2068 = CARTESIAN_POINT('',(46.,6.10178574334E-13));
#2069 = VECTOR('',#2070,1.);
#2070 = DIRECTION('',(0.,1.));
#2071 = ( GEOMETRIC_REPRESENTATION_CONTEXT(2) 
PARAMETRIC_REPRESENTATION_CONTEXT() REPRESENTATION_CONTEXT('2D SPACE',''
  ) );
#2072 = ADVANCED_FACE('',(#2073),#534,.T.);
#2073 = FACE_BOUND('',#2074,.T.);
#2074 = EDGE_LOOP('',(#2075,#2076,#2097,#2098,#2121,#2149,#2170,#2171,
    #2172,#2173,#2194,#2195));
#2075 = ORIENTED_EDGE('',*,*,#579,.T.);
#2076 = ORIENTED_EDGE('',*,*,#2077,.T.);
#2077 = EDGE_CURVE('',#550,#1977,#2078,.T.);
#2078 = SURFACE_CURVE('',#2079,(#2083,#2090),.PCURVE_S1.);
#2079 = LINE('',#2080,#2081);
#2080 = CARTESIAN_POINT('',(141.61105762946,-52.50188451248,4.));
#2081 = VECTOR('',#2082,1.);
#2082 = DIRECTION('',(9.868649107779E-16,1.,0.));
#2083 = PCURVE('',#534,#2084);
#2084 = DEFINITIONAL_REPRESENTATION('',(#2085),#2089);
#2085 = LINE('',#2086,#2087);
#2086 = CARTESIAN_POINT('',(0.,0.));
#2087 = VECTOR('',#2088,1.);
#2088 = DIRECTION('',(1.,0.));
#2089 = ( GEOMETRIC_REPRESENTATION_CONTEXT(2) 
PARAMETRIC_REPRESENTATION_CONTEXT() REPRESENTATION_CONTEXT('2D SPACE',''
  ) );
#2090 = PCURVE('',#231,#2091);
#2091 = DEFINITIONAL_REPRESENTATION('',(#2092),#2096);
#2092 = LINE('',#2093,#2094);
#2093 = CARTESIAN_POINT('',(-18.,23.));
#2094 = VECTOR('',#2095,1.);
#2095 = DIRECTION('',(-9.868649107779E-16,-1.));
#2096 = ( GEOMETRIC_REPRESENTATION_CONTEXT(2) 
PARAMETRIC_REPRESENTATION_CONTEXT() REPRESENTATION_CONTEXT('2D SPACE',''
  ) );
#2097 = ORIENTED_EDGE('',*,*,#2052,.T.);
#2098 = ORIENTED_EDGE('',*,*,#2099,.F.);
#2099 = EDGE_CURVE('',#2100,#2030,#2102,.T.);
#2100 = VERTEX_POINT('',#2101);
#2101 = CARTESIAN_POINT('',(141.61105762946,-52.50188451248,26.));
#2102 = SURFACE_CURVE('',#2103,(#2107,#2114),.PCURVE_S1.);
#2103 = LINE('',#2104,#2105);
#2104 = CARTESIAN_POINT('',(141.61105762946,-52.50188451248,26.));
#2105 = VECTOR('',#2106,1.);
#2106 = DIRECTION('',(9.868649107779E-16,1.,0.));
#2107 = PCURVE('',#534,#2108);
#2108 = DEFINITIONAL_REPRESENTATION('',(#2109),#2113);
#2109 = LINE('',#2110,#2111);
#2110 = CARTESIAN_POINT('',(0.,22.));
#2111 = VECTOR('',#2112,1.);
#2112 = DIRECTION('',(1.,0.));
#2113 = ( GEOMETRIC_REPRESENTATION_CONTEXT(2) 
PARAMETRIC_REPRESENTATION_CONTEXT() REPRESENTATION_CONTEXT('2D SPACE',''
  ) );
#2114 = PCURVE('',#93,#2115);
#2115 = DEFINITIONAL_REPRESENTATION('',(#2116),#2120);
#2116 = LINE('',#2117,#2118);
#2117 = CARTESIAN_POINT('',(-18.,23.));
#2118 = VECTOR('',#2119,1.);
#2119 = DIRECTION('',(-9.868649107779E-16,-1.));
#2120 = ( GEOMETRIC_REPRESENTATION_CONTEXT(2) 
PARAMETRIC_REPRESENTATION_CONTEXT() REPRESENTATION_CONTEXT('2D SPACE',''
  ) );
#2121 = ORIENTED_EDGE('',*,*,#2122,.F.);
#2122 = EDGE_CURVE('',#2123,#2100,#2125,.T.);
#2123 = VERTEX_POINT('',#2124);
#2124 = CARTESIAN_POINT('',(141.61105762946,-52.50188451248,4.));
#2125 = SURFACE_CURVE('',#2126,(#2130,#2137),.PCURVE_S1.);
#2126 = LINE('',#2127,#2128);
#2127 = CARTESIAN_POINT('',(141.61105762946,-52.50188451248,4.));
#2128 = VECTOR('',#2129,1.);
#2129 = DIRECTION('',(0.,0.,1.));
#2130 = PCURVE('',#534,#2131);
#2131 = DEFINITIONAL_REPRESENTATION('',(#2132),#2136);
#2132 = LINE('',#2133,#2134);
#2133 = CARTESIAN_POINT('',(0.,0.));
#2134 = VECTOR('',#2135,1.);
#2135 = DIRECTION('',(0.,1.));
#2136 = ( GEOMETRIC_REPRESENTATION_CONTEXT(2) 
PARAMETRIC_REPRESENTATION_CONTEXT() REPRESENTATION_CONTEXT('2D SPACE',''
  ) );
#2137 = PCURVE('',#2138,#2143);
#2138 = PLANE('',#2139);
#2139 = AXIS2_PLACEMENT_3D('',#2140,#2141,#2142);
#2140 = CARTESIAN_POINT('',(105.61105762946,-52.50188451248,4.));
#2141 = DIRECTION('',(-2.467162276945E-16,-1.,0.));
#2142 = DIRECTION('',(1.,-2.467162276945E-16,0.));
#2143 = DEFINITIONAL_REPRESENTATION('',(#2144),#2148);
#2144 = LINE('',#2145,#2146);
#2145 = CARTESIAN_POINT('',(36.,0.));
#2146 = VECTOR('',#2147,1.);
#2147 = DIRECTION('',(0.,1.));
#2148 = ( GEOMETRIC_REPRESENTATION_CONTEXT(2) 
PARAMETRIC_REPRESENTATION_CONTEXT() REPRESENTATION_CONTEXT('2D SPACE',''
  ) );
#2149 = ORIENTED_EDGE('',*,*,#2150,.T.);
#2150 = EDGE_CURVE('',#2123,#822,#2151,.T.);
#2151 = SURFACE_CURVE('',#2152,(#2156,#2163),.PCURVE_S1.);
#2152 = LINE('',#2153,#2154);
#2153 = CARTESIAN_POINT('',(141.61105762946,-52.50188451248,4.));
#2154 = VECTOR('',#2155,1.);
#2155 = DIRECTION('',(9.868649107779E-16,1.,0.));
#2156 = PCURVE('',#534,#2157);
#2157 = DEFINITIONAL_REPRESENTATION('',(#2158),#2162);
#2158 = LINE('',#2159,#2160);
#2159 = CARTESIAN_POINT('',(0.,0.));
#2160 = VECTOR('',#2161,1.);
#2161 = DIRECTION('',(1.,0.));
#2162 = ( GEOMETRIC_REPRESENTATION_CONTEXT(2) 
PARAMETRIC_REPRESENTATION_CONTEXT() REPRESENTATION_CONTEXT('2D SPACE',''
  ) );
#2163 = PCURVE('',#231,#2164);
#2164 = DEFINITIONAL_REPRESENTATION('',(#2165),#2169);
#2165 = LINE('',#2166,#2167);
#2166 = CARTESIAN_POINT('',(-18.,23.));
#2167 = VECTOR('',#2168,1.);
#2168 = DIRECTION('',(-9.868649107779E-16,-1.));
#2169 = ( GEOMETRIC_REPRESENTATION_CONTEXT(2) 
PARAMETRIC_REPRESENTATION_CONTEXT() REPRESENTATION_CONTEXT('2D SPACE',''
  ) );
#2170 = ORIENTED_EDGE('',*,*,#900,.T.);
#2171 = ORIENTED_EDGE('',*,*,#1075,.T.);
#2172 = ORIENTED_EDGE('',*,*,#954,.T.);
#2173 = ORIENTED_EDGE('',*,*,#2174,.T.);
#2174 = EDGE_CURVE('',#925,#440,#2175,.T.);
#2175 = SURFACE_CURVE('',#2176,(#2180,#2187),.PCURVE_S1.);
#2176 = LINE('',#2177,#2178);
#2177 = CARTESIAN_POINT('',(141.61105762946,-52.50188451248,4.));
#2178 = VECTOR('',#2179,1.);
#2179 = DIRECTION('',(9.868649107779E-16,1.,0.));
#2180 = PCURVE('',#534,#2181);
#2181 = DEFINITIONAL_REPRESENTATION('',(#2182),#2186);
#2182 = LINE('',#2183,#2184);
#2183 = CARTESIAN_POINT('',(0.,0.));
#2184 = VECTOR('',#2185,1.);
#2185 = DIRECTION('',(1.,0.));
#2186 = ( GEOMETRIC_REPRESENTATION_CONTEXT(2) 
PARAMETRIC_REPRESENTATION_CONTEXT() REPRESENTATION_CONTEXT('2D SPACE',''
  ) );
#2187 = PCURVE('',#231,#2188);
#2188 = DEFINITIONAL_REPRESENTATION('',(#2189),#2193);
#2189 = LINE('',#2190,#2191);
#2190 = CARTESIAN_POINT('',(-18.,23.));
#2191 = VECTOR('',#2192,1.);
#2192 = DIRECTION('',(-9.868649107779E-16,-1.));
#2193 = ( GEOMETRIC_REPRESENTATION_CONTEXT(2) 
PARAMETRIC_REPRESENTATION_CONTEXT() REPRESENTATION_CONTEXT('2D SPACE',''
  ) );
#2194 = ORIENTED_EDGE('',*,*,#520,.T.);
#2195 = ORIENTED_EDGE('',*,*,#700,.T.);
#2196 = ADVANCED_FACE('',(#2197),#2138,.T.);
#2197 = FACE_BOUND('',#2198,.T.);
#2198 = EDGE_LOOP('',(#2199,#2222,#2223,#2246));
#2199 = ORIENTED_EDGE('',*,*,#2200,.T.);
#2200 = EDGE_CURVE('',#2201,#2123,#2203,.T.);
#2201 = VERTEX_POINT('',#2202);
#2202 = CARTESIAN_POINT('',(105.61105762946,-52.50188451248,4.));
#2203 = SURFACE_CURVE('',#2204,(#2208,#2215),.PCURVE_S1.);
#2204 = LINE('',#2205,#2206);
#2205 = CARTESIAN_POINT('',(105.61105762946,-52.50188451248,4.));
#2206 = VECTOR('',#2207,1.);
#2207 = DIRECTION('',(1.,-2.467162276945E-16,0.));
#2208 = PCURVE('',#2138,#2209);
#2209 = DEFINITIONAL_REPRESENTATION('',(#2210),#2214);
#2210 = LINE('',#2211,#2212);
#2211 = CARTESIAN_POINT('',(0.,0.));
#2212 = VECTOR('',#2213,1.);
#2213 = DIRECTION('',(1.,0.));
#2214 = ( GEOMETRIC_REPRESENTATION_CONTEXT(2) 
PARAMETRIC_REPRESENTATION_CONTEXT() REPRESENTATION_CONTEXT('2D SPACE',''
  ) );
#2215 = PCURVE('',#231,#2216);
#2216 = DEFINITIONAL_REPRESENTATION('',(#2217),#2221);
#2217 = LINE('',#2218,#2219);
#2218 = CARTESIAN_POINT('',(18.,23.));
#2219 = VECTOR('',#2220,1.);
#2220 = DIRECTION('',(-1.,2.467162276945E-16));
#2221 = ( GEOMETRIC_REPRESENTATION_CONTEXT(2) 
PARAMETRIC_REPRESENTATION_CONTEXT() REPRESENTATION_CONTEXT('2D SPACE',''
  ) );
#2222 = ORIENTED_EDGE('',*,*,#2122,.T.);
#2223 = ORIENTED_EDGE('',*,*,#2224,.F.);
#2224 = EDGE_CURVE('',#2225,#2100,#2227,.T.);
#2225 = VERTEX_POINT('',#2226);
#2226 = CARTESIAN_POINT('',(105.61105762946,-52.50188451248,26.));
#2227 = SURFACE_CURVE('',#2228,(#2232,#2239),.PCURVE_S1.);
#2228 = LINE('',#2229,#2230);
#2229 = CARTESIAN_POINT('',(105.61105762946,-52.50188451248,26.));
#2230 = VECTOR('',#2231,1.);
#2231 = DIRECTION('',(1.,-2.467162276945E-16,0.));
#2232 = PCURVE('',#2138,#2233);
#2233 = DEFINITIONAL_REPRESENTATION('',(#2234),#2238);
#2234 = LINE('',#2235,#2236);
#2235 = CARTESIAN_POINT('',(0.,22.));
#2236 = VECTOR('',#2237,1.);
#2237 = DIRECTION('',(1.,0.));
#2238 = ( GEOMETRIC_REPRESENTATION_CONTEXT(2) 
PARAMETRIC_REPRESENTATION_CONTEXT() REPRESENTATION_CONTEXT('2D SPACE',''
  ) );
#2239 = PCURVE('',#93,#2240);
#2240 = DEFINITIONAL_REPRESENTATION('',(#2241),#2245);
#2241 = LINE('',#2242,#2243);
#2242 = CARTESIAN_POINT('',(18.,23.));
#2243 = VECTOR('',#2244,1.);
#2244 = DIRECTION('',(-1.,2.467162276945E-16));
#2245 = ( GEOMETRIC_REPRESENTATION_CONTEXT(2) 
PARAMETRIC_REPRESENTATION_CONTEXT() REPRESENTATION_CONTEXT('2D SPACE',''
  ) );
#2246 = ORIENTED_EDGE('',*,*,#2247,.F.);
#2247 = EDGE_CURVE('',#2201,#2225,#2248,.T.);
#2248 = SURFACE_CURVE('',#2249,(#2253,#2260),.PCURVE_S1.);
#2249 = LINE('',#2250,#2251);
#2250 = CARTESIAN_POINT('',(105.61105762946,-52.50188451248,4.));
#2251 = VECTOR('',#2252,1.);
#2252 = DIRECTION('',(0.,0.,1.));
#2253 = PCURVE('',#2138,#2254);
#2254 = DEFINITIONAL_REPRESENTATION('',(#2255),#2259);
#2255 = LINE('',#2256,#2257);
#2256 = CARTESIAN_POINT('',(0.,0.));
#2257 = VECTOR('',#2258,1.);
#2258 = DIRECTION('',(0.,1.));
#2259 = ( GEOMETRIC_REPRESENTATION_CONTEXT(2) 
PARAMETRIC_REPRESENTATION_CONTEXT() REPRESENTATION_CONTEXT('2D SPACE',''
  ) );
#2260 = PCURVE('',#1367,#2261);
#2261 = DEFINITIONAL_REPRESENTATION('',(#2262),#2266);
#2262 = LINE('',#2263,#2264);
#2263 = CARTESIAN_POINT('',(46.,2.199859456615E-12));
#2264 = VECTOR('',#2265,1.);
#2265 = DIRECTION('',(-6.10877832815E-14,1.));
#2266 = ( GEOMETRIC_REPRESENTATION_CONTEXT(2) 
PARAMETRIC_REPRESENTATION_CONTEXT() REPRESENTATION_CONTEXT('2D SPACE',''
  ) );
#2267 = ADVANCED_FACE('',(#2268),#1367,.T.);
#2268 = FACE_BOUND('',#2269,.T.);
#2269 = EDGE_LOOP('',(#2270,#2271,#2292,#2293,#2294,#2295,#2316,#2317,
    #2338,#2339,#2360,#2361));
#2270 = ORIENTED_EDGE('',*,*,#1405,.T.);
#2271 = ORIENTED_EDGE('',*,*,#2272,.T.);
#2272 = EDGE_CURVE('',#1383,#1575,#2273,.T.);
#2273 = SURFACE_CURVE('',#2274,(#2278,#2285),.PCURVE_S1.);
#2274 = LINE('',#2275,#2276);
#2275 = CARTESIAN_POINT('',(105.61105762946,-6.501884512483,
    4.000000000001));
#2276 = VECTOR('',#2277,1.);
#2277 = DIRECTION('',(-3.552713678801E-15,-1.,-6.10877832815E-14));
#2278 = PCURVE('',#1367,#2279);
#2279 = DEFINITIONAL_REPRESENTATION('',(#2280),#2284);
#2280 = LINE('',#2281,#2282);
#2281 = CARTESIAN_POINT('',(-0.,0.));
#2282 = VECTOR('',#2283,1.);
#2283 = DIRECTION('',(1.,0.));
#2284 = ( GEOMETRIC_REPRESENTATION_CONTEXT(2) 
PARAMETRIC_REPRESENTATION_CONTEXT() REPRESENTATION_CONTEXT('2D SPACE',''
  ) );
#2285 = PCURVE('',#231,#2286);
#2286 = DEFINITIONAL_REPRESENTATION('',(#2287),#2291);
#2287 = LINE('',#2288,#2289);
#2288 = CARTESIAN_POINT('',(18.,-23.));
#2289 = VECTOR('',#2290,1.);
#2290 = DIRECTION('',(3.552713678801E-15,1.));
#2291 = ( GEOMETRIC_REPRESENTATION_CONTEXT(2) 
PARAMETRIC_REPRESENTATION_CONTEXT() REPRESENTATION_CONTEXT('2D SPACE',''
  ) );
#2292 = ORIENTED_EDGE('',*,*,#1655,.T.);
#2293 = ORIENTED_EDGE('',*,*,#1830,.T.);
#2294 = ORIENTED_EDGE('',*,*,#1709,.T.);
#2295 = ORIENTED_EDGE('',*,*,#2296,.T.);
#2296 = EDGE_CURVE('',#1680,#2201,#2297,.T.);
#2297 = SURFACE_CURVE('',#2298,(#2302,#2309),.PCURVE_S1.);
#2298 = LINE('',#2299,#2300);
#2299 = CARTESIAN_POINT('',(105.61105762946,-6.501884512483,
    4.000000000001));
#2300 = VECTOR('',#2301,1.);
#2301 = DIRECTION('',(-3.552713678801E-15,-1.,-6.10877832815E-14));
#2302 = PCURVE('',#1367,#2303);
#2303 = DEFINITIONAL_REPRESENTATION('',(#2304),#2308);
#2304 = LINE('',#2305,#2306);
#2305 = CARTESIAN_POINT('',(-0.,0.));
#2306 = VECTOR('',#2307,1.);
#2307 = DIRECTION('',(1.,0.));
#2308 = ( GEOMETRIC_REPRESENTATION_CONTEXT(2) 
PARAMETRIC_REPRESENTATION_CONTEXT() REPRESENTATION_CONTEXT('2D SPACE',''
  ) );
#2309 = PCURVE('',#231,#2310);
#2310 = DEFINITIONAL_REPRESENTATION('',(#2311),#2315);
#2311 = LINE('',#2312,#2313);
#2312 = CARTESIAN_POINT('',(18.,-23.));
#2313 = VECTOR('',#2314,1.);
#2314 = DIRECTION('',(3.552713678801E-15,1.));
#2315 = ( GEOMETRIC_REPRESENTATION_CONTEXT(2) 
PARAMETRIC_REPRESENTATION_CONTEXT() REPRESENTATION_CONTEXT('2D SPACE',''
  ) );
#2316 = ORIENTED_EDGE('',*,*,#2247,.T.);
#2317 = ORIENTED_EDGE('',*,*,#2318,.F.);
#2318 = EDGE_CURVE('',#2007,#2225,#2319,.T.);
#2319 = SURFACE_CURVE('',#2320,(#2324,#2331),.PCURVE_S1.);
#2320 = LINE('',#2321,#2322);
#2321 = CARTESIAN_POINT('',(105.61105762946,-6.501884512483,
    26.000000000001));
#2322 = VECTOR('',#2323,1.);
#2323 = DIRECTION('',(-3.552713678801E-15,-1.,-6.10877832815E-14));
#2324 = PCURVE('',#1367,#2325);
#2325 = DEFINITIONAL_REPRESENTATION('',(#2326),#2330);
#2326 = LINE('',#2327,#2328);
#2327 = CARTESIAN_POINT('',(-1.343931232193E-12,22.));
#2328 = VECTOR('',#2329,1.);
#2329 = DIRECTION('',(1.,0.));
#2330 = ( GEOMETRIC_REPRESENTATION_CONTEXT(2) 
PARAMETRIC_REPRESENTATION_CONTEXT() REPRESENTATION_CONTEXT('2D SPACE',''
  ) );
#2331 = PCURVE('',#93,#2332);
#2332 = DEFINITIONAL_REPRESENTATION('',(#2333),#2337);
#2333 = LINE('',#2334,#2335);
#2334 = CARTESIAN_POINT('',(18.,-23.));
#2335 = VECTOR('',#2336,1.);
#2336 = DIRECTION('',(3.552713678801E-15,1.));
#2337 = ( GEOMETRIC_REPRESENTATION_CONTEXT(2) 
PARAMETRIC_REPRESENTATION_CONTEXT() REPRESENTATION_CONTEXT('2D SPACE',''
  ) );
#2338 = ORIENTED_EDGE('',*,*,#2006,.F.);
#2339 = ORIENTED_EDGE('',*,*,#2340,.T.);
#2340 = EDGE_CURVE('',#1979,#1307,#2341,.T.);
#2341 = SURFACE_CURVE('',#2342,(#2346,#2353),.PCURVE_S1.);
#2342 = LINE('',#2343,#2344);
#2343 = CARTESIAN_POINT('',(105.61105762946,-6.501884512483,
    4.000000000001));
#2344 = VECTOR('',#2345,1.);
#2345 = DIRECTION('',(-3.552713678801E-15,-1.,-6.10877832815E-14));
#2346 = PCURVE('',#1367,#2347);
#2347 = DEFINITIONAL_REPRESENTATION('',(#2348),#2352);
#2348 = LINE('',#2349,#2350);
#2349 = CARTESIAN_POINT('',(-0.,0.));
#2350 = VECTOR('',#2351,1.);
#2351 = DIRECTION('',(1.,0.));
#2352 = ( GEOMETRIC_REPRESENTATION_CONTEXT(2) 
PARAMETRIC_REPRESENTATION_CONTEXT() REPRESENTATION_CONTEXT('2D SPACE',''
  ) );
#2353 = PCURVE('',#231,#2354);
#2354 = DEFINITIONAL_REPRESENTATION('',(#2355),#2359);
#2355 = LINE('',#2356,#2357);
#2356 = CARTESIAN_POINT('',(18.,-23.));
#2357 = VECTOR('',#2358,1.);
#2358 = DIRECTION('',(3.552713678801E-15,1.));
#2359 = ( GEOMETRIC_REPRESENTATION_CONTEXT(2) 
PARAMETRIC_REPRESENTATION_CONTEXT() REPRESENTATION_CONTEXT('2D SPACE',''
  ) );
#2360 = ORIENTED_EDGE('',*,*,#1353,.T.);
#2361 = ORIENTED_EDGE('',*,*,#1454,.T.);
#2362 = ADVANCED_FACE('',(#2363,#2385,#2388,#2391,#2394,#2397),#231,.F.
  );
#2363 = FACE_BOUND('',#2364,.T.);
#2364 = EDGE_LOOP('',(#2365,#2366,#2367,#2368,#2369,#2370,#2371,#2372,
    #2373,#2374,#2375,#2376,#2377,#2378,#2379,#2380,#2381,#2382,#2383,
    #2384));
#2365 = ORIENTED_EDGE('',*,*,#2340,.F.);
#2366 = ORIENTED_EDGE('',*,*,#1976,.F.);
#2367 = ORIENTED_EDGE('',*,*,#2077,.F.);
#2368 = ORIENTED_EDGE('',*,*,#549,.T.);
#2369 = ORIENTED_EDGE('',*,*,#649,.F.);
#2370 = ORIENTED_EDGE('',*,*,#439,.F.);
#2371 = ORIENTED_EDGE('',*,*,#2174,.F.);
#2372 = ORIENTED_EDGE('',*,*,#924,.T.);
#2373 = ORIENTED_EDGE('',*,*,#1024,.F.);
#2374 = ORIENTED_EDGE('',*,*,#819,.T.);
#2375 = ORIENTED_EDGE('',*,*,#2150,.F.);
#2376 = ORIENTED_EDGE('',*,*,#2200,.F.);
#2377 = ORIENTED_EDGE('',*,*,#2296,.F.);
#2378 = ORIENTED_EDGE('',*,*,#1679,.T.);
#2379 = ORIENTED_EDGE('',*,*,#1779,.F.);
#2380 = ORIENTED_EDGE('',*,*,#1574,.F.);
#2381 = ORIENTED_EDGE('',*,*,#2272,.F.);
#2382 = ORIENTED_EDGE('',*,*,#1382,.F.);
#2383 = ORIENTED_EDGE('',*,*,#1194,.F.);
#2384 = ORIENTED_EDGE('',*,*,#1306,.T.);
#2385 = FACE_BOUND('',#2386,.T.);
#2386 = EDGE_LOOP('',(#2387));
#2387 = ORIENTED_EDGE('',*,*,#378,.F.);
#2388 = FACE_BOUND('',#2389,.T.);
#2389 = EDGE_LOOP('',(#2390));
#2390 = ORIENTED_EDGE('',*,*,#758,.F.);
#2391 = FACE_BOUND('',#2392,.T.);
#2392 = EDGE_LOOP('',(#2393));
#2393 = ORIENTED_EDGE('',*,*,#1133,.F.);
#2394 = FACE_BOUND('',#2395,.T.);
#2395 = EDGE_LOOP('',(#2396));
#2396 = ORIENTED_EDGE('',*,*,#1513,.F.);
#2397 = FACE_BOUND('',#2398,.T.);
#2398 = EDGE_LOOP('',(#2399,#2400,#2401,#2402));
#2399 = ORIENTED_EDGE('',*,*,#1951,.F.);
#2400 = ORIENTED_EDGE('',*,*,#1882,.F.);
#2401 = ORIENTED_EDGE('',*,*,#215,.F.);
#2402 = ORIENTED_EDGE('',*,*,#323,.F.);
#2403 = ADVANCED_FACE('',(#2404),#137,.F.);
#2404 = FACE_BOUND('',#2405,.F.);
#2405 = EDGE_LOOP('',(#2406,#2429,#2430,#2431));
#2406 = ORIENTED_EDGE('',*,*,#2407,.T.);
#2407 = EDGE_CURVE('',#2408,#117,#2410,.T.);
#2408 = VERTEX_POINT('',#2409);
#2409 = CARTESIAN_POINT('',(134.58638205854,-34.48171319838,
    18.999999999999));
#2410 = SEAM_CURVE('',#2411,(#2415,#2422),.PCURVE_S1.);
#2411 = LINE('',#2412,#2413);
#2412 = CARTESIAN_POINT('',(134.58638205854,-34.48171319838,
    25.999999999999));
#2413 = VECTOR('',#2414,1.);
#2414 = DIRECTION('',(0.,0.,1.));
#2415 = PCURVE('',#137,#2416);
#2416 = DEFINITIONAL_REPRESENTATION('',(#2417),#2421);
#2417 = LINE('',#2418,#2419);
#2418 = CARTESIAN_POINT('',(-3.14159265359,0.));
#2419 = VECTOR('',#2420,1.);
#2420 = DIRECTION('',(0.,-1.));
#2421 = ( GEOMETRIC_REPRESENTATION_CONTEXT(2) 
PARAMETRIC_REPRESENTATION_CONTEXT() REPRESENTATION_CONTEXT('2D SPACE',''
  ) );
#2422 = PCURVE('',#137,#2423);
#2423 = DEFINITIONAL_REPRESENTATION('',(#2424),#2428);
#2424 = LINE('',#2425,#2426);
#2425 = CARTESIAN_POINT('',(3.14159265359,0.));
#2426 = VECTOR('',#2427,1.);
#2427 = DIRECTION('',(0.,-1.));
#2428 = ( GEOMETRIC_REPRESENTATION_CONTEXT(2) 
PARAMETRIC_REPRESENTATION_CONTEXT() REPRESENTATION_CONTEXT('2D SPACE',''
  ) );
#2429 = ORIENTED_EDGE('',*,*,#116,.T.);
#2430 = ORIENTED_EDGE('',*,*,#2407,.F.);
#2431 = ORIENTED_EDGE('',*,*,#2432,.T.);
#2432 = EDGE_CURVE('',#2408,#2408,#2433,.T.);
#2433 = SURFACE_CURVE('',#2434,(#2439,#2446),.PCURVE_S1.);
#2434 = CIRCLE('',#2435,11.);
#2435 = AXIS2_PLACEMENT_3D('',#2436,#2437,#2438);
#2436 = CARTESIAN_POINT('',(123.58638205854,-34.48171319838,
    18.999999999999));
#2437 = DIRECTION('',(0.,0.,1.));
#2438 = DIRECTION('',(-1.,0.,0.));
#2439 = PCURVE('',#137,#2440);
#2440 = DEFINITIONAL_REPRESENTATION('',(#2441),#2445);
#2441 = LINE('',#2442,#2443);
#2442 = CARTESIAN_POINT('',(6.28318530718,7.));
#2443 = VECTOR('',#2444,1.);
#2444 = DIRECTION('',(-1.,0.));
#2445 = ( GEOMETRIC_REPRESENTATION_CONTEXT(2) 
PARAMETRIC_REPRESENTATION_CONTEXT() REPRESENTATION_CONTEXT('2D SPACE',''
  ) );
#2446 = PCURVE('',#175,#2447);
#2447 = DEFINITIONAL_REPRESENTATION('',(#2448),#2452);
#2448 = CIRCLE('',#2449,11.);
#2449 = AXIS2_PLACEMENT_2D('',#2450,#2451);
#2450 = CARTESIAN_POINT('',(2.4675570924E-02,4.979828685906));
#2451 = DIRECTION('',(1.,0.));
#2452 = ( GEOMETRIC_REPRESENTATION_CONTEXT(2) 
PARAMETRIC_REPRESENTATION_CONTEXT() REPRESENTATION_CONTEXT('2D SPACE',''
  ) );
#2453 = ADVANCED_FACE('',(#2454,#2460),#93,.T.);
#2454 = FACE_BOUND('',#2455,.T.);
#2455 = EDGE_LOOP('',(#2456,#2457,#2458,#2459));
#2456 = ORIENTED_EDGE('',*,*,#2318,.T.);
#2457 = ORIENTED_EDGE('',*,*,#2224,.T.);
#2458 = ORIENTED_EDGE('',*,*,#2099,.T.);
#2459 = ORIENTED_EDGE('',*,*,#2029,.T.);
#2460 = FACE_BOUND('',#2461,.T.);
#2461 = EDGE_LOOP('',(#2462));
#2462 = ORIENTED_EDGE('',*,*,#78,.T.);
#2463 = ADVANCED_FACE('',(#2464,#2470),#175,.F.);
#2464 = FACE_BOUND('',#2465,.T.);
#2465 = EDGE_LOOP('',(#2466,#2467,#2468,#2469));
#2466 = ORIENTED_EDGE('',*,*,#152,.T.);
#2467 = ORIENTED_EDGE('',*,*,#1858,.T.);
#2468 = ORIENTED_EDGE('',*,*,#1929,.T.);
#2469 = ORIENTED_EDGE('',*,*,#272,.T.);
#2470 = FACE_BOUND('',#2471,.T.);
#2471 = EDGE_LOOP('',(#2472));
#2472 = ORIENTED_EDGE('',*,*,#2432,.T.);
#2473 = ( GEOMETRIC_REPRESENTATION_CONTEXT(3) 
GLOBAL_UNCERTAINTY_ASSIGNED_CONTEXT((#2477)) 
GLOBAL_UNIT_ASSIGNED_CONTEXT((#2474,#2475,#2476)) REPRESENTATION_CONTEXT
('Context #1','3D Context with UNIT and UNCERTAINTY') );
#2474 = ( LENGTH_UNIT() NAMED_UNIT(*) SI_UNIT(.MILLI.,.METRE.) );
#2475 = ( NAMED_UNIT(*) PLANE_ANGLE_UNIT() SI_UNIT($,.RADIAN.) );
#2476 = ( NAMED_UNIT(*) SI_UNIT($,.STERADIAN.) SOLID_ANGLE_UNIT() );
#2477 = UNCERTAINTY_MEASURE_WITH_UNIT(LENGTH_MEASURE(1.E-07),#2474,
  'distance_accuracy_value','confusion accuracy');
#2478 = PRODUCT_RELATED_PRODUCT_CATEGORY('part',$,(#7));
ENDSEC;
END-ISO-10303-21;
