ISO-10303-21;
HEADER;
FILE_DESCRIPTION(('Open CASCADE Model'),'2;1');
FILE_NAME('Open CASCADE Shape Model','2026-08-07T14:12:49',('Author'),(
    'Open CASCADE'),'Open CASCADE STEP processor 7.9','Open CASCADE 7.9'
  ,'Unknown');
FILE_SCHEMA(('AUTOMOTIVE_DESIGN { 1 0 10303 214 1 1 1 1 }'));
ENDSEC;
DATA;
#1 = APPLICATION_PROTOCOL_DEFINITION('international standard',
  'automotive_design',2000,#2);
#2 = APPLICATION_CONTEXT(
  'core data for automotive mechanical design processes');
#3 = SHAPE_DEFINITION_REPRESENTATION(#4,#10);
#4 = PRODUCT_DEFINITION_SHAPE('','',#5);
#5 = PRODUCT_DEFINITION('design','',#6,#9);
#6 = PRODUCT_DEFINITION_FORMATION('','',#7);
#7 = PRODUCT('Open CASCADE STEP translator 7.9 2',
  'Open CASCADE STEP translator 7.9 2','',(#8));
#8 = PRODUCT_CONTEXT('',#2,'mechanical');
#9 = PRODUCT_DEFINITION_CONTEXT('part definition',#2,'design');
#10 = ADVANCED_BREP_SHAPE_REPRESENTATION('',(#11,#15),#5139);
#11 = AXIS2_PLACEMENT_3D('',#12,#13,#14);
#12 = CARTESIAN_POINT('',(0.,0.,0.));
#13 = DIRECTION('',(0.,0.,1.));
#14 = DIRECTION('',(1.,0.,-0.));
#15 = MANIFOLD_SOLID_BREP('',#16);
#16 = CLOSED_SHELL('',(#17,#137,#306,#471,#596,#669,#824,#998,#1002,
    #1088,#1174,#1307,#1844,#1987,#2056,#2128,#2277,#2402,#2503,#2552,
    #3066,#3113,#3213,#3317,#3387,#3436,#3487,#3541,#3569,#3651,#3707,
    #3762,#3939,#3994,#4022,#4093,#4143,#4192,#4226,#4334,#4385,#4435,
    #4486,#4514,#4542,#4549,#4556,#4583,#4610,#4637,#4664,#4671,#4718,
    #4745,#4752,#4779,#4808,#4882,#4918,#4945,#4972,#4999,#5006,#5053,
    #5066,#5076,#5102,#5134));
#17 = ADVANCED_FACE('',(#18),#32,.T.);
#18 = FACE_BOUND('',#19,.T.);
#19 = EDGE_LOOP('',(#20,#55,#83,#111));
#20 = ORIENTED_EDGE('',*,*,#21,.F.);
#21 = EDGE_CURVE('',#22,#24,#26,.T.);
#22 = VERTEX_POINT('',#23);
#23 = CARTESIAN_POINT('',(132.49375403883,-58.86342648618,
    120.88525389364));
#24 = VERTEX_POINT('',#25);
#25 = CARTESIAN_POINT('',(132.49375403883,-58.86342648618,117.9426280197
    ));
#26 = SURFACE_CURVE('',#27,(#31,#43),.PCURVE_S1.);
#27 = LINE('',#28,#29);
#28 = CARTESIAN_POINT('',(132.49375403883,-58.86342648618,
    119.05869944827));
#29 = VECTOR('',#30,1.);
#30 = DIRECTION('',(8.881784197001E-15,-1.66533453694E-16,-1.));
#31 = PCURVE('',#32,#37);
#32 = PLANE('',#33);
#33 = AXIS2_PLACEMENT_3D('',#34,#35,#36);
#34 = CARTESIAN_POINT('',(132.49375403883,-56.96342690341,117.9426280197
    ));
#35 = DIRECTION('',(1.,-2.6645352591E-14,8.881784197001E-15));
#36 = DIRECTION('',(-8.881784197001E-15,1.66533453694E-16,1.));
#37 = DEFINITIONAL_REPRESENTATION('',(#38),#42);
#38 = LINE('',#39,#40);
#39 = CARTESIAN_POINT('',(1.116071428572,1.899999582765));
#40 = VECTOR('',#41,1.);
#41 = DIRECTION('',(-1.,0.));
#42 = ( GEOMETRIC_REPRESENTATION_CONTEXT(2) 
PARAMETRIC_REPRESENTATION_CONTEXT() REPRESENTATION_CONTEXT('2D SPACE',''
  ) );
#43 = PCURVE('',#44,#49);
#44 = PLANE('',#45);
#45 = AXIS2_PLACEMENT_3D('',#46,#47,#48);
#46 = CARTESIAN_POINT('',(132.5000019446,-58.86342648618,115.9426280197)
  );
#47 = DIRECTION('',(-3.10862446895E-14,-1.,1.665334536937E-16));
#48 = DIRECTION('',(8.881784197001E-15,-1.66533453694E-16,-1.));
#49 = DEFINITIONAL_REPRESENTATION('',(#50),#54);
#50 = LINE('',#51,#52);
#51 = CARTESIAN_POINT('',(-3.116071428572,-6.24790576697E-03));
#52 = VECTOR('',#53,1.);
#53 = DIRECTION('',(1.,0.));
#54 = ( GEOMETRIC_REPRESENTATION_CONTEXT(2) 
PARAMETRIC_REPRESENTATION_CONTEXT() REPRESENTATION_CONTEXT('2D SPACE',''
  ) );
#55 = ORIENTED_EDGE('',*,*,#56,.T.);
#56 = EDGE_CURVE('',#22,#57,#59,.T.);
#57 = VERTEX_POINT('',#58);
#58 = CARTESIAN_POINT('',(132.49375403883,-58.96342690341,
    120.88525389364));
#59 = SURFACE_CURVE('',#60,(#64,#71),.PCURVE_S1.);
#60 = LINE('',#61,#62);
#61 = CARTESIAN_POINT('',(132.49375403883,-56.96342690341,
    120.88525389364));
#62 = VECTOR('',#63,1.);
#63 = DIRECTION('',(-2.6645352591E-14,-1.,0.));
#64 = PCURVE('',#32,#65);
#65 = DEFINITIONAL_REPRESENTATION('',(#66),#70);
#66 = LINE('',#67,#68);
#67 = CARTESIAN_POINT('',(2.942625873939,4.900456497164E-16));
#68 = VECTOR('',#69,1.);
#69 = DIRECTION('',(-1.665334536937E-16,1.));
#70 = ( GEOMETRIC_REPRESENTATION_CONTEXT(2) 
PARAMETRIC_REPRESENTATION_CONTEXT() REPRESENTATION_CONTEXT('2D SPACE',''
  ) );
#71 = PCURVE('',#72,#77);
#72 = PLANE('',#73);
#73 = AXIS2_PLACEMENT_3D('',#74,#75,#76);
#74 = CARTESIAN_POINT('',(129.99375403883,-56.96342690341,
    120.88525389364));
#75 = DIRECTION('',(-8.881784197001E-15,1.66533453694E-16,1.));
#76 = DIRECTION('',(3.10862446895E-14,1.,-1.665334536937E-16));
#77 = DEFINITIONAL_REPRESENTATION('',(#78),#82);
#78 = LINE('',#79,#80);
#79 = CARTESIAN_POINT('',(-2.025490886126E-12,-2.5));
#80 = VECTOR('',#81,1.);
#81 = DIRECTION('',(-1.,-4.440892098501E-15));
#82 = ( GEOMETRIC_REPRESENTATION_CONTEXT(2) 
PARAMETRIC_REPRESENTATION_CONTEXT() REPRESENTATION_CONTEXT('2D SPACE',''
  ) );
#83 = ORIENTED_EDGE('',*,*,#84,.F.);
#84 = EDGE_CURVE('',#85,#57,#87,.T.);
#85 = VERTEX_POINT('',#86);
#86 = CARTESIAN_POINT('',(132.49375403883,-58.96342690341,117.9426280197
    ));
#87 = SURFACE_CURVE('',#88,(#92,#99),.PCURVE_S1.);
#88 = LINE('',#89,#90);
#89 = CARTESIAN_POINT('',(132.49375403883,-58.96342690341,
    120.88525389364));
#90 = VECTOR('',#91,1.);
#91 = DIRECTION('',(-8.881784197001E-15,1.66533453694E-16,1.));
#92 = PCURVE('',#32,#93);
#93 = DEFINITIONAL_REPRESENTATION('',(#94),#98);
#94 = LINE('',#95,#96);
#95 = CARTESIAN_POINT('',(2.942625873939,2.));
#96 = VECTOR('',#97,1.);
#97 = DIRECTION('',(1.,0.));
#98 = ( GEOMETRIC_REPRESENTATION_CONTEXT(2) 
PARAMETRIC_REPRESENTATION_CONTEXT() REPRESENTATION_CONTEXT('2D SPACE',''
  ) );
#99 = PCURVE('',#100,#105);
#100 = PLANE('',#101);
#101 = AXIS2_PLACEMENT_3D('',#102,#103,#104);
#102 = CARTESIAN_POINT('',(129.99375403883,-58.96342690341,
    115.9426280197));
#103 = DIRECTION('',(-3.10862446895E-14,-1.,1.665334536937E-16));
#104 = DIRECTION('',(-8.881784197001E-15,1.66533453694E-16,1.));
#105 = DEFINITIONAL_REPRESENTATION('',(#106),#110);
#106 = LINE('',#107,#108);
#107 = CARTESIAN_POINT('',(4.942625873939,-2.5));
#108 = VECTOR('',#109,1.);
#109 = DIRECTION('',(1.,0.));
#110 = ( GEOMETRIC_REPRESENTATION_CONTEXT(2) 
PARAMETRIC_REPRESENTATION_CONTEXT() REPRESENTATION_CONTEXT('2D SPACE',''
  ) );
#111 = ORIENTED_EDGE('',*,*,#112,.F.);
#112 = EDGE_CURVE('',#24,#85,#113,.T.);
#113 = SURFACE_CURVE('',#114,(#118,#125),.PCURVE_S1.);
#114 = LINE('',#115,#116);
#115 = CARTESIAN_POINT('',(132.49375403883,-56.96342690341,
    117.9426280197));
#116 = VECTOR('',#117,1.);
#117 = DIRECTION('',(-2.6645352591E-14,-1.,0.));
#118 = PCURVE('',#32,#119);
#119 = DEFINITIONAL_REPRESENTATION('',(#120),#124);
#120 = LINE('',#121,#122);
#121 = CARTESIAN_POINT('',(0.,0.));
#122 = VECTOR('',#123,1.);
#123 = DIRECTION('',(-1.665334536937E-16,1.));
#124 = ( GEOMETRIC_REPRESENTATION_CONTEXT(2) 
PARAMETRIC_REPRESENTATION_CONTEXT() REPRESENTATION_CONTEXT('2D SPACE',''
  ) );
#125 = PCURVE('',#126,#131);
#126 = CYLINDRICAL_SURFACE('',#127,2.);
#127 = AXIS2_PLACEMENT_3D('',#128,#129,#130);
#128 = CARTESIAN_POINT('',(130.49375403883,-41.60214162464,
    117.9426280197));
#129 = DIRECTION('',(3.10862446895E-14,1.,7.007557121364E-16));
#130 = DIRECTION('',(0.707106781187,-2.148578530557E-14,-0.707106781187)
  );
#131 = DEFINITIONAL_REPRESENTATION('',(#132),#136);
#132 = LINE('',#133,#134);
#133 = CARTESIAN_POINT('',(-0.785398163397,-15.36128527877));
#134 = VECTOR('',#135,1.);
#135 = DIRECTION('',(0.,-1.));
#136 = ( GEOMETRIC_REPRESENTATION_CONTEXT(2) 
PARAMETRIC_REPRESENTATION_CONTEXT() REPRESENTATION_CONTEXT('2D SPACE',''
  ) );
#137 = ADVANCED_FACE('',(#138,#271),#100,.T.);
#138 = FACE_BOUND('',#139,.T.);
#139 = EDGE_LOOP('',(#140,#171,#199,#221,#222,#245));
#140 = ORIENTED_EDGE('',*,*,#141,.T.);
#141 = EDGE_CURVE('',#142,#144,#146,.T.);
#142 = VERTEX_POINT('',#143);
#143 = CARTESIAN_POINT('',(123.49375403883,-58.96342690341,
    117.9426280197));
#144 = VERTEX_POINT('',#145);
#145 = CARTESIAN_POINT('',(125.49375403883,-58.96342690341,
    115.9426280197));
#146 = SURFACE_CURVE('',#147,(#152,#159),.PCURVE_S1.);
#147 = CIRCLE('',#148,2.);
#148 = AXIS2_PLACEMENT_3D('',#149,#150,#151);
#149 = CARTESIAN_POINT('',(125.49375403883,-58.96342690341,
    117.9426280197));
#150 = DIRECTION('',(-3.10862446895E-14,-1.,1.665334536937E-16));
#151 = DIRECTION('',(-0.707106781187,2.186353748717E-14,-0.707106781187)
  );
#152 = PCURVE('',#100,#153);
#153 = DEFINITIONAL_REPRESENTATION('',(#154),#158);
#154 = CIRCLE('',#155,2.);
#155 = AXIS2_PLACEMENT_2D('',#156,#157);
#156 = CARTESIAN_POINT('',(2.,4.5));
#157 = DIRECTION('',(-0.707106781187,0.707106781187));
#158 = ( GEOMETRIC_REPRESENTATION_CONTEXT(2) 
PARAMETRIC_REPRESENTATION_CONTEXT() REPRESENTATION_CONTEXT('2D SPACE',''
  ) );
#159 = PCURVE('',#160,#165);
#160 = CYLINDRICAL_SURFACE('',#161,2.);
#161 = AXIS2_PLACEMENT_3D('',#162,#163,#164);
#162 = CARTESIAN_POINT('',(125.49375403883,-41.60214162464,
    117.9426280197));
#163 = DIRECTION('',(-3.059281223412E-14,-1.,-7.007557121364E-16));
#164 = DIRECTION('',(-0.707106781187,2.212789410232E-14,-0.707106781187)
  );
#165 = DEFINITIONAL_REPRESENTATION('',(#166),#170);
#166 = LINE('',#167,#168);
#167 = CARTESIAN_POINT('',(-6.217248937901E-15,17.361285278769));
#168 = VECTOR('',#169,1.);
#169 = DIRECTION('',(1.,9.046911093939E-15));
#170 = ( GEOMETRIC_REPRESENTATION_CONTEXT(2) 
PARAMETRIC_REPRESENTATION_CONTEXT() REPRESENTATION_CONTEXT('2D SPACE',''
  ) );
#171 = ORIENTED_EDGE('',*,*,#172,.T.);
#172 = EDGE_CURVE('',#144,#173,#175,.T.);
#173 = VERTEX_POINT('',#174);
#174 = CARTESIAN_POINT('',(130.49375403883,-58.96342690341,
    115.9426280197));
#175 = SURFACE_CURVE('',#176,(#180,#187),.PCURVE_S1.);
#176 = LINE('',#177,#178);
#177 = CARTESIAN_POINT('',(129.99375403883,-58.96342690341,
    115.9426280197));
#178 = VECTOR('',#179,1.);
#179 = DIRECTION('',(1.,-3.10862446895E-14,8.881784197001E-15));
#180 = PCURVE('',#100,#181);
#181 = DEFINITIONAL_REPRESENTATION('',(#182),#186);
#182 = LINE('',#183,#184);
#183 = CARTESIAN_POINT('',(0.,0.));
#184 = VECTOR('',#185,1.);
#185 = DIRECTION('',(6.310887241768E-30,-1.));
#186 = ( GEOMETRIC_REPRESENTATION_CONTEXT(2) 
PARAMETRIC_REPRESENTATION_CONTEXT() REPRESENTATION_CONTEXT('2D SPACE',''
  ) );
#187 = PCURVE('',#188,#193);
#188 = PLANE('',#189);
#189 = AXIS2_PLACEMENT_3D('',#190,#191,#192);
#190 = CARTESIAN_POINT('',(129.99375403883,-36.48171319839,
    115.9426280197));
#191 = DIRECTION('',(8.881784197001E-15,7.007557121361E-16,-1.));
#192 = DIRECTION('',(-3.10862446895E-14,-1.,-7.007557121364E-16));
#193 = DEFINITIONAL_REPRESENTATION('',(#194),#198);
#194 = LINE('',#195,#196);
#195 = CARTESIAN_POINT('',(22.481713705028,-6.988720532739E-13));
#196 = VECTOR('',#197,1.);
#197 = DIRECTION('',(-6.223961010011E-30,-1.));
#198 = ( GEOMETRIC_REPRESENTATION_CONTEXT(2) 
PARAMETRIC_REPRESENTATION_CONTEXT() REPRESENTATION_CONTEXT('2D SPACE',''
  ) );
#199 = ORIENTED_EDGE('',*,*,#200,.T.);
#200 = EDGE_CURVE('',#173,#85,#201,.T.);
#201 = SURFACE_CURVE('',#202,(#207,#214),.PCURVE_S1.);
#202 = CIRCLE('',#203,2.);
#203 = AXIS2_PLACEMENT_3D('',#204,#205,#206);
#204 = CARTESIAN_POINT('',(130.49375403883,-58.96342690341,
    117.9426280197));
#205 = DIRECTION('',(-3.10862446895E-14,-1.,1.665334536937E-16));
#206 = DIRECTION('',(0.707106781187,-2.209905135597E-14,-0.707106781187)
  );
#207 = PCURVE('',#100,#208);
#208 = DEFINITIONAL_REPRESENTATION('',(#209),#213);
#209 = CIRCLE('',#210,2.);
#210 = AXIS2_PLACEMENT_2D('',#211,#212);
#211 = CARTESIAN_POINT('',(2.,-0.5));
#212 = DIRECTION('',(-0.707106781187,-0.707106781187));
#213 = ( GEOMETRIC_REPRESENTATION_CONTEXT(2) 
PARAMETRIC_REPRESENTATION_CONTEXT() REPRESENTATION_CONTEXT('2D SPACE',''
  ) );
#214 = PCURVE('',#126,#215);
#215 = DEFINITIONAL_REPRESENTATION('',(#216),#220);
#216 = LINE('',#217,#218);
#217 = CARTESIAN_POINT('',(6.283185307179,-17.36128527876));
#218 = VECTOR('',#219,1.);
#219 = DIRECTION('',(-1.,4.523455546971E-15));
#220 = ( GEOMETRIC_REPRESENTATION_CONTEXT(2) 
PARAMETRIC_REPRESENTATION_CONTEXT() REPRESENTATION_CONTEXT('2D SPACE',''
  ) );
#221 = ORIENTED_EDGE('',*,*,#84,.T.);
#222 = ORIENTED_EDGE('',*,*,#223,.T.);
#223 = EDGE_CURVE('',#57,#224,#226,.T.);
#224 = VERTEX_POINT('',#225);
#225 = CARTESIAN_POINT('',(123.49375403883,-58.96342690341,
    120.88525389364));
#226 = SURFACE_CURVE('',#227,(#231,#238),.PCURVE_S1.);
#227 = LINE('',#228,#229);
#228 = CARTESIAN_POINT('',(129.99375403883,-58.96342690341,
    120.88525389364));
#229 = VECTOR('',#230,1.);
#230 = DIRECTION('',(-1.,3.10862446895E-14,-8.881784197001E-15));
#231 = PCURVE('',#100,#232);
#232 = DEFINITIONAL_REPRESENTATION('',(#233),#237);
#233 = LINE('',#234,#235);
#234 = CARTESIAN_POINT('',(4.942625873939,-4.389933637884E-14));
#235 = VECTOR('',#236,1.);
#236 = DIRECTION('',(-6.310887241768E-30,1.));
#237 = ( GEOMETRIC_REPRESENTATION_CONTEXT(2) 
PARAMETRIC_REPRESENTATION_CONTEXT() REPRESENTATION_CONTEXT('2D SPACE',''
  ) );
#238 = PCURVE('',#72,#239);
#239 = DEFINITIONAL_REPRESENTATION('',(#240),#244);
#240 = LINE('',#241,#242);
#241 = CARTESIAN_POINT('',(-2.000000000002,-6.217248937907E-14));
#242 = VECTOR('',#243,1.);
#243 = DIRECTION('',(1.479114197289E-30,1.));
#244 = ( GEOMETRIC_REPRESENTATION_CONTEXT(2) 
PARAMETRIC_REPRESENTATION_CONTEXT() REPRESENTATION_CONTEXT('2D SPACE',''
  ) );
#245 = ORIENTED_EDGE('',*,*,#246,.T.);
#246 = EDGE_CURVE('',#224,#142,#247,.T.);
#247 = SURFACE_CURVE('',#248,(#252,#259),.PCURVE_S1.);
#248 = LINE('',#249,#250);
#249 = CARTESIAN_POINT('',(123.49375403883,-58.96342690341,
    120.88525389364));
#250 = VECTOR('',#251,1.);
#251 = DIRECTION('',(8.881784197001E-15,-1.66533453694E-16,-1.));
#252 = PCURVE('',#100,#253);
#253 = DEFINITIONAL_REPRESENTATION('',(#254),#258);
#254 = LINE('',#255,#256);
#255 = CARTESIAN_POINT('',(4.942625873939,6.5));
#256 = VECTOR('',#257,1.);
#257 = DIRECTION('',(-1.,0.));
#258 = ( GEOMETRIC_REPRESENTATION_CONTEXT(2) 
PARAMETRIC_REPRESENTATION_CONTEXT() REPRESENTATION_CONTEXT('2D SPACE',''
  ) );
#259 = PCURVE('',#260,#265);
#260 = PLANE('',#261);
#261 = AXIS2_PLACEMENT_3D('',#262,#263,#264);
#262 = CARTESIAN_POINT('',(123.49375403883,-46.7225700509,
    122.17477087684));
#263 = DIRECTION('',(-1.,3.059281223412E-14,-4.93432455389E-15));
#264 = DIRECTION('',(4.93432455389E-15,-1.665334536939E-16,-1.));
#265 = DEFINITIONAL_REPRESENTATION('',(#266),#270);
#266 = LINE('',#267,#268);
#267 = CARTESIAN_POINT('',(1.289516983204,12.240856852513));
#268 = VECTOR('',#269,1.);
#269 = DIRECTION('',(1.,2.243323199222E-30));
#270 = ( GEOMETRIC_REPRESENTATION_CONTEXT(2) 
PARAMETRIC_REPRESENTATION_CONTEXT() REPRESENTATION_CONTEXT('2D SPACE',''
  ) );
#271 = FACE_BOUND('',#272,.T.);
#272 = EDGE_LOOP('',(#273));
#273 = ORIENTED_EDGE('',*,*,#274,.T.);
#274 = EDGE_CURVE('',#275,#275,#277,.T.);
#275 = VERTEX_POINT('',#276);
#276 = CARTESIAN_POINT('',(128.98638205853,-58.96342690341,
    118.4097010496));
#277 = SURFACE_CURVE('',#278,(#283,#294),.PCURVE_S1.);
#278 = CIRCLE('',#279,0.9);
#279 = AXIS2_PLACEMENT_3D('',#280,#281,#282);
#280 = CARTESIAN_POINT('',(128.08638205853,-58.96342690341,
    118.4097010496));
#281 = DIRECTION('',(3.10862446895E-14,1.,-1.665334536937E-16));
#282 = DIRECTION('',(-1.,3.10862446895E-14,-8.881784197001E-15));
#283 = PCURVE('',#100,#284);
#284 = DEFINITIONAL_REPRESENTATION('',(#285),#293);
#285 = ( BOUNDED_CURVE() B_SPLINE_CURVE(2,(#286,#287,#288,#289,#290,#291
,#292),.UNSPECIFIED.,.T.,.F.) B_SPLINE_CURVE_WITH_KNOTS((1,2,2,2,2,1),(
    -2.094395102393,0.,2.094395102393,4.188790204786,6.28318530718,
8.377580409573),.UNSPECIFIED.) CURVE() GEOMETRIC_REPRESENTATION_ITEM() 
RATIONAL_B_SPLINE_CURVE((1.,0.5,1.,0.5,1.,0.5,1.)) REPRESENTATION_ITEM(
  '') );
#286 = CARTESIAN_POINT('',(2.467073029899,2.807371980295));
#287 = CARTESIAN_POINT('',(4.025918756711,2.807371980295));
#288 = CARTESIAN_POINT('',(3.246495893305,1.457371980295));
#289 = CARTESIAN_POINT('',(2.467073029899,0.107371980295));
#290 = CARTESIAN_POINT('',(1.687650166493,1.457371980295));
#291 = CARTESIAN_POINT('',(0.908227303087,2.807371980295));
#292 = CARTESIAN_POINT('',(2.467073029899,2.807371980295));
#293 = ( GEOMETRIC_REPRESENTATION_CONTEXT(2) 
PARAMETRIC_REPRESENTATION_CONTEXT() REPRESENTATION_CONTEXT('2D SPACE',''
  ) );
#294 = PCURVE('',#295,#300);
#295 = CYLINDRICAL_SURFACE('',#296,0.9);
#296 = AXIS2_PLACEMENT_3D('',#297,#298,#299);
#297 = CARTESIAN_POINT('',(128.08638205853,-56.96342690341,
    118.4097010496));
#298 = DIRECTION('',(3.10862446895E-14,1.,-1.665334536937E-16));
#299 = DIRECTION('',(-1.,3.10862446895E-14,-8.881784197001E-15));
#300 = DEFINITIONAL_REPRESENTATION('',(#301),#305);
#301 = LINE('',#302,#303);
#302 = CARTESIAN_POINT('',(-1.554312234475E-14,-2.));
#303 = VECTOR('',#304,1.);
#304 = DIRECTION('',(1.,0.));
#305 = ( GEOMETRIC_REPRESENTATION_CONTEXT(2) 
PARAMETRIC_REPRESENTATION_CONTEXT() REPRESENTATION_CONTEXT('2D SPACE',''
  ) );
#306 = ADVANCED_FACE('',(#307),#44,.T.);
#307 = FACE_BOUND('',#308,.T.);
#308 = EDGE_LOOP('',(#309,#339,#367,#395,#423,#444,#445));
#309 = ORIENTED_EDGE('',*,*,#310,.T.);
#310 = EDGE_CURVE('',#311,#313,#315,.T.);
#311 = VERTEX_POINT('',#312);
#312 = CARTESIAN_POINT('',(130.5000019446,-58.86342648618,115.9426280197
    ));
#313 = VERTEX_POINT('',#314);
#314 = CARTESIAN_POINT('',(134.5000019446,-58.86342648618,115.9426280197
    ));
#315 = SURFACE_CURVE('',#316,(#320,#327),.PCURVE_S1.);
#316 = LINE('',#317,#318);
#317 = CARTESIAN_POINT('',(132.5000019446,-58.86342648618,115.9426280197
    ));
#318 = VECTOR('',#319,1.);
#319 = DIRECTION('',(1.,-3.10862446895E-14,8.881784197001E-15));
#320 = PCURVE('',#44,#321);
#321 = DEFINITIONAL_REPRESENTATION('',(#322),#326);
#322 = LINE('',#323,#324);
#323 = CARTESIAN_POINT('',(0.,0.));
#324 = VECTOR('',#325,1.);
#325 = DIRECTION('',(-6.310887241768E-30,1.));
#326 = ( GEOMETRIC_REPRESENTATION_CONTEXT(2) 
PARAMETRIC_REPRESENTATION_CONTEXT() REPRESENTATION_CONTEXT('2D SPACE',''
  ) );
#327 = PCURVE('',#328,#333);
#328 = PLANE('',#329);
#329 = AXIS2_PLACEMENT_3D('',#330,#331,#332);
#330 = CARTESIAN_POINT('',(133.5000019446,-43.2134264303,115.9426280197)
  );
#331 = DIRECTION('',(8.881784197001E-15,-1.66533453694E-16,-1.));
#332 = DIRECTION('',(-1.,3.10862446895E-14,-8.881784197001E-15));
#333 = DEFINITIONAL_REPRESENTATION('',(#334),#338);
#334 = LINE('',#335,#336);
#335 = CARTESIAN_POINT('',(1.,-15.65000005587));
#336 = VECTOR('',#337,1.);
#337 = DIRECTION('',(-1.,-1.479114197289E-30));
#338 = ( GEOMETRIC_REPRESENTATION_CONTEXT(2) 
PARAMETRIC_REPRESENTATION_CONTEXT() REPRESENTATION_CONTEXT('2D SPACE',''
  ) );
#339 = ORIENTED_EDGE('',*,*,#340,.T.);
#340 = EDGE_CURVE('',#313,#341,#343,.T.);
#341 = VERTEX_POINT('',#342);
#342 = CARTESIAN_POINT('',(134.5000019446,-58.86342648618,120.9426280197
    ));
#343 = SURFACE_CURVE('',#344,(#348,#355),.PCURVE_S1.);
#344 = LINE('',#345,#346);
#345 = CARTESIAN_POINT('',(134.5000019446,-58.86342648618,115.9426280197
    ));
#346 = VECTOR('',#347,1.);
#347 = DIRECTION('',(-8.881784197001E-15,1.66533453694E-16,1.));
#348 = PCURVE('',#44,#349);
#349 = DEFINITIONAL_REPRESENTATION('',(#350),#354);
#350 = LINE('',#351,#352);
#351 = CARTESIAN_POINT('',(1.776356839399E-14,1.999999999999));
#352 = VECTOR('',#353,1.);
#353 = DIRECTION('',(-1.,0.));
#354 = ( GEOMETRIC_REPRESENTATION_CONTEXT(2) 
PARAMETRIC_REPRESENTATION_CONTEXT() REPRESENTATION_CONTEXT('2D SPACE',''
  ) );
#355 = PCURVE('',#356,#361);
#356 = PLANE('',#357);
#357 = AXIS2_PLACEMENT_3D('',#358,#359,#360);
#358 = CARTESIAN_POINT('',(134.5000019446,-46.96342648618,115.9426280197
    ));
#359 = DIRECTION('',(1.,-3.10862446895E-14,8.881784197001E-15));
#360 = DIRECTION('',(3.10862446895E-14,1.,-1.665334536937E-16));
#361 = DEFINITIONAL_REPRESENTATION('',(#362),#366);
#362 = LINE('',#363,#364);
#363 = CARTESIAN_POINT('',(-11.9,-1.981748098955E-15));
#364 = VECTOR('',#365,1.);
#365 = DIRECTION('',(8.874685183736E-31,1.));
#366 = ( GEOMETRIC_REPRESENTATION_CONTEXT(2) 
PARAMETRIC_REPRESENTATION_CONTEXT() REPRESENTATION_CONTEXT('2D SPACE',''
  ) );
#367 = ORIENTED_EDGE('',*,*,#368,.T.);
#368 = EDGE_CURVE('',#341,#369,#371,.T.);
#369 = VERTEX_POINT('',#370);
#370 = CARTESIAN_POINT('',(130.5000019446,-58.86342648618,120.9426280197
    ));
#371 = SURFACE_CURVE('',#372,(#376,#383),.PCURVE_S1.);
#372 = LINE('',#373,#374);
#373 = CARTESIAN_POINT('',(132.5000019446,-58.86342648618,120.9426280197
    ));
#374 = VECTOR('',#375,1.);
#375 = DIRECTION('',(-1.,3.10862446895E-14,-8.881784197001E-15));
#376 = PCURVE('',#44,#377);
#377 = DEFINITIONAL_REPRESENTATION('',(#378),#382);
#378 = LINE('',#379,#380);
#379 = CARTESIAN_POINT('',(-5.,-9.503509090791E-13));
#380 = VECTOR('',#381,1.);
#381 = DIRECTION('',(6.310887241768E-30,-1.));
#382 = ( GEOMETRIC_REPRESENTATION_CONTEXT(2) 
PARAMETRIC_REPRESENTATION_CONTEXT() REPRESENTATION_CONTEXT('2D SPACE',''
  ) );
#383 = PCURVE('',#384,#389);
#384 = PLANE('',#385);
#385 = AXIS2_PLACEMENT_3D('',#386,#387,#388);
#386 = CARTESIAN_POINT('',(133.5000019446,-43.2134264303,120.9426280197)
  );
#387 = DIRECTION('',(-8.881784197001E-15,1.66533453694E-16,1.));
#388 = DIRECTION('',(-1.,3.10862446895E-14,-8.881784197001E-15));
#389 = DEFINITIONAL_REPRESENTATION('',(#390),#394);
#390 = LINE('',#391,#392);
#391 = CARTESIAN_POINT('',(1.000000000001,15.650000055879));
#392 = VECTOR('',#393,1.);
#393 = DIRECTION('',(1.,-1.479114197289E-30));
#394 = ( GEOMETRIC_REPRESENTATION_CONTEXT(2) 
PARAMETRIC_REPRESENTATION_CONTEXT() REPRESENTATION_CONTEXT('2D SPACE',''
  ) );
#395 = ORIENTED_EDGE('',*,*,#396,.T.);
#396 = EDGE_CURVE('',#369,#397,#399,.T.);
#397 = VERTEX_POINT('',#398);
#398 = CARTESIAN_POINT('',(130.5000019446,-58.86342648618,
    120.88525389364));
#399 = SURFACE_CURVE('',#400,(#404,#411),.PCURVE_S1.);
#400 = LINE('',#401,#402);
#401 = CARTESIAN_POINT('',(130.5000019446,-58.86342648618,115.9426280197
    ));
#402 = VECTOR('',#403,1.);
#403 = DIRECTION('',(8.881784197001E-15,-1.66533453694E-16,-1.));
#404 = PCURVE('',#44,#405);
#405 = DEFINITIONAL_REPRESENTATION('',(#406),#410);
#406 = LINE('',#407,#408);
#407 = CARTESIAN_POINT('',(-1.7763568394E-14,-2.));
#408 = VECTOR('',#409,1.);
#409 = DIRECTION('',(1.,0.));
#410 = ( GEOMETRIC_REPRESENTATION_CONTEXT(2) 
PARAMETRIC_REPRESENTATION_CONTEXT() REPRESENTATION_CONTEXT('2D SPACE',''
  ) );
#411 = PCURVE('',#412,#417);
#412 = PLANE('',#413);
#413 = AXIS2_PLACEMENT_3D('',#414,#415,#416);
#414 = CARTESIAN_POINT('',(130.5000019446,-39.46342637442,115.9426280197
    ));
#415 = DIRECTION('',(-1.,3.10862446895E-14,-8.881784197001E-15));
#416 = DIRECTION('',(8.881784197001E-15,-1.66533453694E-16,-1.));
#417 = DEFINITIONAL_REPRESENTATION('',(#418),#422);
#418 = LINE('',#419,#420);
#419 = CARTESIAN_POINT('',(3.230749020269E-15,19.400000111759));
#420 = VECTOR('',#421,1.);
#421 = DIRECTION('',(1.,0.));
#422 = ( GEOMETRIC_REPRESENTATION_CONTEXT(2) 
PARAMETRIC_REPRESENTATION_CONTEXT() REPRESENTATION_CONTEXT('2D SPACE',''
  ) );
#423 = ORIENTED_EDGE('',*,*,#424,.T.);
#424 = EDGE_CURVE('',#397,#22,#425,.T.);
#425 = SURFACE_CURVE('',#426,(#430,#437),.PCURVE_S1.);
#426 = LINE('',#427,#428);
#427 = CARTESIAN_POINT('',(131.24687799171,-58.86342648618,
    120.88525389364));
#428 = VECTOR('',#429,1.);
#429 = DIRECTION('',(1.,-3.10862446895E-14,8.881784197001E-15));
#430 = PCURVE('',#44,#431);
#431 = DEFINITIONAL_REPRESENTATION('',(#432),#436);
#432 = LINE('',#433,#434);
#433 = CARTESIAN_POINT('',(-4.942625873938,-1.253123952884));
#434 = VECTOR('',#435,1.);
#435 = DIRECTION('',(-6.310887241768E-30,1.));
#436 = ( GEOMETRIC_REPRESENTATION_CONTEXT(2) 
PARAMETRIC_REPRESENTATION_CONTEXT() REPRESENTATION_CONTEXT('2D SPACE',''
  ) );
#437 = PCURVE('',#72,#438);
#438 = DEFINITIONAL_REPRESENTATION('',(#439),#443);
#439 = LINE('',#440,#441);
#440 = CARTESIAN_POINT('',(-1.899999582767,-1.253123952883));
#441 = VECTOR('',#442,1.);
#442 = DIRECTION('',(-1.479114197289E-30,-1.));
#443 = ( GEOMETRIC_REPRESENTATION_CONTEXT(2) 
PARAMETRIC_REPRESENTATION_CONTEXT() REPRESENTATION_CONTEXT('2D SPACE',''
  ) );
#444 = ORIENTED_EDGE('',*,*,#21,.T.);
#445 = ORIENTED_EDGE('',*,*,#446,.T.);
#446 = EDGE_CURVE('',#24,#311,#447,.T.);
#447 = SURFACE_CURVE('',#448,(#453,#464),.PCURVE_S1.);
#448 = CIRCLE('',#449,2.);
#449 = AXIS2_PLACEMENT_3D('',#450,#451,#452);
#450 = CARTESIAN_POINT('',(130.49375403883,-58.86342648618,
    117.9426280197));
#451 = DIRECTION('',(3.10862446895E-14,1.,-1.665334536937E-16));
#452 = DIRECTION('',(0.707106781187,-2.209905135597E-14,-0.707106781187)
  );
#453 = PCURVE('',#44,#454);
#454 = DEFINITIONAL_REPRESENTATION('',(#455),#463);
#455 = ( BOUNDED_CURVE() B_SPLINE_CURVE(2,(#456,#457,#458,#459,#460,#461
,#462),.UNSPECIFIED.,.T.,.F.) B_SPLINE_CURVE_WITH_KNOTS((1,2,2,2,2,1),(
    -2.094395102393,0.,2.094395102393,4.188790204786,6.28318530718,
8.377580409573),.UNSPECIFIED.) CURVE() GEOMETRIC_REPRESENTATION_ITEM() 
RATIONAL_B_SPLINE_CURVE((1.,0.5,1.,0.5,1.,0.5,1.)) REPRESENTATION_ITEM(
  '') );
#456 = CARTESIAN_POINT('',(-0.585786437627,-0.592034343394));
#457 = CARTESIAN_POINT('',(1.863703305156,-3.041524086177));
#458 = CARTESIAN_POINT('',(-1.482361909795,-3.938099558345));
#459 = CARTESIAN_POINT('',(-4.828427124746,-4.834675030513));
#460 = CARTESIAN_POINT('',(-3.931851652578,-1.488609815562));
#461 = CARTESIAN_POINT('',(-3.03527618041,1.857455399389));
#462 = CARTESIAN_POINT('',(-0.585786437627,-0.592034343394));
#463 = ( GEOMETRIC_REPRESENTATION_CONTEXT(2) 
PARAMETRIC_REPRESENTATION_CONTEXT() REPRESENTATION_CONTEXT('2D SPACE',''
  ) );
#464 = PCURVE('',#126,#465);
#465 = DEFINITIONAL_REPRESENTATION('',(#466),#470);
#466 = LINE('',#467,#468);
#467 = CARTESIAN_POINT('',(-6.28318530718,-17.26128486153));
#468 = VECTOR('',#469,1.);
#469 = DIRECTION('',(1.,-4.532469557918E-15));
#470 = ( GEOMETRIC_REPRESENTATION_CONTEXT(2) 
PARAMETRIC_REPRESENTATION_CONTEXT() REPRESENTATION_CONTEXT('2D SPACE',''
  ) );
#471 = ADVANCED_FACE('',(#472),#126,.T.);
#472 = FACE_BOUND('',#473,.T.);
#473 = EDGE_LOOP('',(#474,#499,#520,#521,#522,#523,#546,#575));
#474 = ORIENTED_EDGE('',*,*,#475,.T.);
#475 = EDGE_CURVE('',#476,#478,#480,.T.);
#476 = VERTEX_POINT('',#477);
#477 = CARTESIAN_POINT('',(130.5000019446,-56.86342648618,115.9426280197
    ));
#478 = VERTEX_POINT('',#479);
#479 = CARTESIAN_POINT('',(130.5000019446,-56.96342690341,115.9426280197
    ));
#480 = SURFACE_CURVE('',#481,(#485,#492),.PCURVE_S1.);
#481 = LINE('',#482,#483);
#482 = CARTESIAN_POINT('',(130.5000019446,-56.86342648618,115.9426280197
    ));
#483 = VECTOR('',#484,1.);
#484 = DIRECTION('',(-2.6645352591E-14,-1.,0.));
#485 = PCURVE('',#126,#486);
#486 = DEFINITIONAL_REPRESENTATION('',(#487),#491);
#487 = LINE('',#488,#489);
#488 = CARTESIAN_POINT('',(0.782274220676,-15.26128486153));
#489 = VECTOR('',#490,1.);
#490 = DIRECTION('',(0.,-1.));
#491 = ( GEOMETRIC_REPRESENTATION_CONTEXT(2) 
PARAMETRIC_REPRESENTATION_CONTEXT() REPRESENTATION_CONTEXT('2D SPACE',''
  ) );
#492 = PCURVE('',#328,#493);
#493 = DEFINITIONAL_REPRESENTATION('',(#494),#498);
#494 = LINE('',#495,#496);
#495 = CARTESIAN_POINT('',(3.,-13.65000005587));
#496 = VECTOR('',#497,1.);
#497 = DIRECTION('',(-4.440892098501E-15,-1.));
#498 = ( GEOMETRIC_REPRESENTATION_CONTEXT(2) 
PARAMETRIC_REPRESENTATION_CONTEXT() REPRESENTATION_CONTEXT('2D SPACE',''
  ) );
#499 = ORIENTED_EDGE('',*,*,#500,.T.);
#500 = EDGE_CURVE('',#478,#311,#501,.T.);
#501 = SURFACE_CURVE('',#502,(#506,#513),.PCURVE_S1.);
#502 = LINE('',#503,#504);
#503 = CARTESIAN_POINT('',(130.5000019446,-56.86342648618,115.9426280197
    ));
#504 = VECTOR('',#505,1.);
#505 = DIRECTION('',(-2.6645352591E-14,-1.,0.));
#506 = PCURVE('',#126,#507);
#507 = DEFINITIONAL_REPRESENTATION('',(#508),#512);
#508 = LINE('',#509,#510);
#509 = CARTESIAN_POINT('',(0.782274220676,-15.26128486153));
#510 = VECTOR('',#511,1.);
#511 = DIRECTION('',(0.,-1.));
#512 = ( GEOMETRIC_REPRESENTATION_CONTEXT(2) 
PARAMETRIC_REPRESENTATION_CONTEXT() REPRESENTATION_CONTEXT('2D SPACE',''
  ) );
#513 = PCURVE('',#328,#514);
#514 = DEFINITIONAL_REPRESENTATION('',(#515),#519);
#515 = LINE('',#516,#517);
#516 = CARTESIAN_POINT('',(3.,-13.65000005587));
#517 = VECTOR('',#518,1.);
#518 = DIRECTION('',(-4.440892098501E-15,-1.));
#519 = ( GEOMETRIC_REPRESENTATION_CONTEXT(2) 
PARAMETRIC_REPRESENTATION_CONTEXT() REPRESENTATION_CONTEXT('2D SPACE',''
  ) );
#520 = ORIENTED_EDGE('',*,*,#446,.F.);
#521 = ORIENTED_EDGE('',*,*,#112,.T.);
#522 = ORIENTED_EDGE('',*,*,#200,.F.);
#523 = ORIENTED_EDGE('',*,*,#524,.T.);
#524 = EDGE_CURVE('',#173,#525,#527,.T.);
#525 = VERTEX_POINT('',#526);
#526 = CARTESIAN_POINT('',(130.49375403883,-45.96342647128,
    115.9426280197));
#527 = SURFACE_CURVE('',#528,(#532,#539),.PCURVE_S1.);
#528 = LINE('',#529,#530);
#529 = CARTESIAN_POINT('',(130.49375403883,-41.60214162464,
    115.9426280197));
#530 = VECTOR('',#531,1.);
#531 = DIRECTION('',(3.10862446895E-14,1.,7.007557121364E-16));
#532 = PCURVE('',#126,#533);
#533 = DEFINITIONAL_REPRESENTATION('',(#534),#538);
#534 = LINE('',#535,#536);
#535 = CARTESIAN_POINT('',(0.785398163397,-7.105427357601E-15));
#536 = VECTOR('',#537,1.);
#537 = DIRECTION('',(3.843079572877E-16,1.));
#538 = ( GEOMETRIC_REPRESENTATION_CONTEXT(2) 
PARAMETRIC_REPRESENTATION_CONTEXT() REPRESENTATION_CONTEXT('2D SPACE',''
  ) );
#539 = PCURVE('',#188,#540);
#540 = DEFINITIONAL_REPRESENTATION('',(#541),#545);
#541 = LINE('',#542,#543);
#542 = CARTESIAN_POINT('',(5.120428426258,-0.5));
#543 = VECTOR('',#544,1.);
#544 = DIRECTION('',(-1.,8.692623175702E-32));
#545 = ( GEOMETRIC_REPRESENTATION_CONTEXT(2) 
PARAMETRIC_REPRESENTATION_CONTEXT() REPRESENTATION_CONTEXT('2D SPACE',''
  ) );
#546 = ORIENTED_EDGE('',*,*,#547,.T.);
#547 = EDGE_CURVE('',#525,#548,#550,.T.);
#548 = VERTEX_POINT('',#549);
#549 = CARTESIAN_POINT('',(130.5000019446,-45.96342647128,115.9426280197
    ));
#550 = SURFACE_CURVE('',#551,(#556,#563),.PCURVE_S1.);
#551 = CIRCLE('',#552,2.);
#552 = AXIS2_PLACEMENT_3D('',#553,#554,#555);
#553 = CARTESIAN_POINT('',(130.49375403883,-45.96342647128,
    117.9426280197));
#554 = DIRECTION('',(-3.10862446895E-14,-1.,1.665334536937E-16));
#555 = DIRECTION('',(0.707106781187,-2.209905135597E-14,-0.707106781187)
  );
#556 = PCURVE('',#126,#557);
#557 = DEFINITIONAL_REPRESENTATION('',(#558),#562);
#558 = LINE('',#559,#560);
#559 = CARTESIAN_POINT('',(6.28318530718,-4.361284846635));
#560 = VECTOR('',#561,1.);
#561 = DIRECTION('',(-1.,0.));
#562 = ( GEOMETRIC_REPRESENTATION_CONTEXT(2) 
PARAMETRIC_REPRESENTATION_CONTEXT() REPRESENTATION_CONTEXT('2D SPACE',''
  ) );
#563 = PCURVE('',#564,#569);
#564 = PLANE('',#565);
#565 = AXIS2_PLACEMENT_3D('',#566,#567,#568);
#566 = CARTESIAN_POINT('',(132.49375403883,-45.96342647128,
    112.38525376698));
#567 = DIRECTION('',(-3.10862446895E-14,-1.,1.665334536937E-16));
#568 = DIRECTION('',(-8.881784197001E-15,1.66533453694E-16,1.));
#569 = DEFINITIONAL_REPRESENTATION('',(#570),#574);
#570 = CIRCLE('',#571,2.);
#571 = AXIS2_PLACEMENT_2D('',#572,#573);
#572 = CARTESIAN_POINT('',(5.557374252722,2.));
#573 = DIRECTION('',(-0.707106781187,-0.707106781187));
#574 = ( GEOMETRIC_REPRESENTATION_CONTEXT(2) 
PARAMETRIC_REPRESENTATION_CONTEXT() REPRESENTATION_CONTEXT('2D SPACE',''
  ) );
#575 = ORIENTED_EDGE('',*,*,#576,.T.);
#576 = EDGE_CURVE('',#548,#476,#577,.T.);
#577 = SURFACE_CURVE('',#578,(#582,#589),.PCURVE_S1.);
#578 = LINE('',#579,#580);
#579 = CARTESIAN_POINT('',(130.5000019446,-41.60214162464,
    115.94263777881));
#580 = VECTOR('',#581,1.);
#581 = DIRECTION('',(-3.10862446895E-14,-1.,-7.007557121364E-16));
#582 = PCURVE('',#126,#583);
#583 = DEFINITIONAL_REPRESENTATION('',(#584),#588);
#584 = LINE('',#585,#586);
#585 = CARTESIAN_POINT('',(0.782274205433,-7.105427357601E-15));
#586 = VECTOR('',#587,1.);
#587 = DIRECTION('',(4.68534486816E-16,-1.));
#588 = ( GEOMETRIC_REPRESENTATION_CONTEXT(2) 
PARAMETRIC_REPRESENTATION_CONTEXT() REPRESENTATION_CONTEXT('2D SPACE',''
  ) );
#589 = PCURVE('',#328,#590);
#590 = DEFINITIONAL_REPRESENTATION('',(#591),#595);
#591 = LINE('',#592,#593);
#592 = CARTESIAN_POINT('',(3.,1.611284805657));
#593 = VECTOR('',#594,1.);
#594 = DIRECTION('',(4.831773044479E-30,-1.));
#595 = ( GEOMETRIC_REPRESENTATION_CONTEXT(2) 
PARAMETRIC_REPRESENTATION_CONTEXT() REPRESENTATION_CONTEXT('2D SPACE',''
  ) );
#596 = ADVANCED_FACE('',(#597),#72,.T.);
#597 = FACE_BOUND('',#598,.T.);
#598 = EDGE_LOOP('',(#599,#622,#645,#666,#667,#668));
#599 = ORIENTED_EDGE('',*,*,#600,.T.);
#600 = EDGE_CURVE('',#397,#601,#603,.T.);
#601 = VERTEX_POINT('',#602);
#602 = CARTESIAN_POINT('',(130.5000019446,-45.96342647128,
    120.88525389364));
#603 = SURFACE_CURVE('',#604,(#608,#615),.PCURVE_S1.);
#604 = LINE('',#605,#606);
#605 = CARTESIAN_POINT('',(130.5000019446,-56.9134266948,120.88525389364
    ));
#606 = VECTOR('',#607,1.);
#607 = DIRECTION('',(2.6645352591E-14,1.,-1.665334536937E-16));
#608 = PCURVE('',#72,#609);
#609 = DEFINITIONAL_REPRESENTATION('',(#610),#614);
#610 = LINE('',#611,#612);
#611 = CARTESIAN_POINT('',(5.000020861632E-02,-0.506247905767));
#612 = VECTOR('',#613,1.);
#613 = DIRECTION('',(1.,4.440892098501E-15));
#614 = ( GEOMETRIC_REPRESENTATION_CONTEXT(2) 
PARAMETRIC_REPRESENTATION_CONTEXT() REPRESENTATION_CONTEXT('2D SPACE',''
  ) );
#615 = PCURVE('',#412,#616);
#616 = DEFINITIONAL_REPRESENTATION('',(#617),#621);
#617 = LINE('',#618,#619);
#618 = CARTESIAN_POINT('',(-4.942625873938,17.450000320375));
#619 = VECTOR('',#620,1.);
#620 = DIRECTION('',(-3.451266460342E-31,-1.));
#621 = ( GEOMETRIC_REPRESENTATION_CONTEXT(2) 
PARAMETRIC_REPRESENTATION_CONTEXT() REPRESENTATION_CONTEXT('2D SPACE',''
  ) );
#622 = ORIENTED_EDGE('',*,*,#623,.T.);
#623 = EDGE_CURVE('',#601,#624,#626,.T.);
#624 = VERTEX_POINT('',#625);
#625 = CARTESIAN_POINT('',(123.49375403883,-45.96342647128,
    120.88525389364));
#626 = SURFACE_CURVE('',#627,(#631,#638),.PCURVE_S1.);
#627 = LINE('',#628,#629);
#628 = CARTESIAN_POINT('',(131.24375403883,-45.96342647128,
    120.88525389364));
#629 = VECTOR('',#630,1.);
#630 = DIRECTION('',(-1.,3.10862446895E-14,-8.881784197001E-15));
#631 = PCURVE('',#72,#632);
#632 = DEFINITIONAL_REPRESENTATION('',(#633),#637);
#633 = LINE('',#634,#635);
#634 = CARTESIAN_POINT('',(11.000000432134,-1.25));
#635 = VECTOR('',#636,1.);
#636 = DIRECTION('',(1.479114197289E-30,1.));
#637 = ( GEOMETRIC_REPRESENTATION_CONTEXT(2) 
PARAMETRIC_REPRESENTATION_CONTEXT() REPRESENTATION_CONTEXT('2D SPACE',''
  ) );
#638 = PCURVE('',#564,#639);
#639 = DEFINITIONAL_REPRESENTATION('',(#640),#644);
#640 = LINE('',#641,#642);
#641 = CARTESIAN_POINT('',(8.50000012666,1.25));
#642 = VECTOR('',#643,1.);
#643 = DIRECTION('',(-6.310887241768E-30,1.));
#644 = ( GEOMETRIC_REPRESENTATION_CONTEXT(2) 
PARAMETRIC_REPRESENTATION_CONTEXT() REPRESENTATION_CONTEXT('2D SPACE',''
  ) );
#645 = ORIENTED_EDGE('',*,*,#646,.T.);
#646 = EDGE_CURVE('',#624,#224,#647,.T.);
#647 = SURFACE_CURVE('',#648,(#652,#659),.PCURVE_S1.);
#648 = LINE('',#649,#650);
#649 = CARTESIAN_POINT('',(123.49375403883,-56.96342690341,
    120.88525389364));
#650 = VECTOR('',#651,1.);
#651 = DIRECTION('',(-2.6645352591E-14,-1.,0.));
#652 = PCURVE('',#72,#653);
#653 = DEFINITIONAL_REPRESENTATION('',(#654),#658);
#654 = LINE('',#655,#656);
#655 = CARTESIAN_POINT('',(-1.999733711955E-12,6.5));
#656 = VECTOR('',#657,1.);
#657 = DIRECTION('',(-1.,-4.440892098501E-15));
#658 = ( GEOMETRIC_REPRESENTATION_CONTEXT(2) 
PARAMETRIC_REPRESENTATION_CONTEXT() REPRESENTATION_CONTEXT('2D SPACE',''
  ) );
#659 = PCURVE('',#260,#660);
#660 = DEFINITIONAL_REPRESENTATION('',(#661),#665);
#661 = LINE('',#662,#663);
#662 = CARTESIAN_POINT('',(1.289516983204,10.240856852513));
#663 = VECTOR('',#664,1.);
#664 = DIRECTION('',(1.665334536937E-16,1.));
#665 = ( GEOMETRIC_REPRESENTATION_CONTEXT(2) 
PARAMETRIC_REPRESENTATION_CONTEXT() REPRESENTATION_CONTEXT('2D SPACE',''
  ) );
#666 = ORIENTED_EDGE('',*,*,#223,.F.);
#667 = ORIENTED_EDGE('',*,*,#56,.F.);
#668 = ORIENTED_EDGE('',*,*,#424,.F.);
#669 = ADVANCED_FACE('',(#670,#789),#684,.T.);
#670 = FACE_BOUND('',#671,.T.);
#671 = EDGE_LOOP('',(#672,#707,#735,#763));
#672 = ORIENTED_EDGE('',*,*,#673,.T.);
#673 = EDGE_CURVE('',#674,#676,#678,.T.);
#674 = VERTEX_POINT('',#675);
#675 = CARTESIAN_POINT('',(132.49375403883,-58.96371319839,
    148.9426280197));
#676 = VERTEX_POINT('',#677);
#677 = CARTESIAN_POINT('',(123.49375403883,-58.96371319839,
    148.9426280197));
#678 = SURFACE_CURVE('',#679,(#683,#695),.PCURVE_S1.);
#679 = LINE('',#680,#681);
#680 = CARTESIAN_POINT('',(129.99375403883,-58.96371319839,
    148.9426280197));
#681 = VECTOR('',#682,1.);
#682 = DIRECTION('',(-1.,3.10862446895E-14,-8.881784197001E-15));
#683 = PCURVE('',#684,#689);
#684 = PLANE('',#685);
#685 = AXIS2_PLACEMENT_3D('',#686,#687,#688);
#686 = CARTESIAN_POINT('',(129.99375403883,-58.96371319839,
    143.88525423637));
#687 = DIRECTION('',(-3.10862446895E-14,-1.,1.665334536937E-16));
#688 = DIRECTION('',(-8.881784197001E-15,1.66533453694E-16,1.));
#689 = DEFINITIONAL_REPRESENTATION('',(#690),#694);
#690 = LINE('',#691,#692);
#691 = CARTESIAN_POINT('',(5.057373783335,-4.491850254715E-14));
#692 = VECTOR('',#693,1.);
#693 = DIRECTION('',(-6.310887241768E-30,1.));
#694 = ( GEOMETRIC_REPRESENTATION_CONTEXT(2) 
PARAMETRIC_REPRESENTATION_CONTEXT() REPRESENTATION_CONTEXT('2D SPACE',''
  ) );
#695 = PCURVE('',#696,#701);
#696 = PLANE('',#697);
#697 = AXIS2_PLACEMENT_3D('',#698,#699,#700);
#698 = CARTESIAN_POINT('',(129.99375403883,-56.96371319839,
    148.9426280197));
#699 = DIRECTION('',(-8.881784197001E-15,1.66533453694E-16,1.));
#700 = DIRECTION('',(3.10862446895E-14,1.,-1.665334536937E-16));
#701 = DEFINITIONAL_REPRESENTATION('',(#702),#706);
#702 = LINE('',#703,#704);
#703 = CARTESIAN_POINT('',(-2.000000000002,-6.217248937907E-14));
#704 = VECTOR('',#705,1.);
#705 = DIRECTION('',(1.479114197289E-30,1.));
#706 = ( GEOMETRIC_REPRESENTATION_CONTEXT(2) 
PARAMETRIC_REPRESENTATION_CONTEXT() REPRESENTATION_CONTEXT('2D SPACE',''
  ) );
#707 = ORIENTED_EDGE('',*,*,#708,.T.);
#708 = EDGE_CURVE('',#676,#709,#711,.T.);
#709 = VERTEX_POINT('',#710);
#710 = CARTESIAN_POINT('',(123.49375403883,-58.96371319839,
    143.88525423637));
#711 = SURFACE_CURVE('',#712,(#716,#723),.PCURVE_S1.);
#712 = LINE('',#713,#714);
#713 = CARTESIAN_POINT('',(123.49375403883,-58.96371319839,
    148.9426280197));
#714 = VECTOR('',#715,1.);
#715 = DIRECTION('',(8.881784197001E-15,-1.66533453694E-16,-1.));
#716 = PCURVE('',#684,#717);
#717 = DEFINITIONAL_REPRESENTATION('',(#718),#722);
#718 = LINE('',#719,#720);
#719 = CARTESIAN_POINT('',(5.057373783335,6.5));
#720 = VECTOR('',#721,1.);
#721 = DIRECTION('',(-1.,0.));
#722 = ( GEOMETRIC_REPRESENTATION_CONTEXT(2) 
PARAMETRIC_REPRESENTATION_CONTEXT() REPRESENTATION_CONTEXT('2D SPACE',''
  ) );
#723 = PCURVE('',#724,#729);
#724 = PLANE('',#725);
#725 = AXIS2_PLACEMENT_3D('',#726,#727,#728);
#726 = CARTESIAN_POINT('',(123.49375403883,-46.7225700509,
    122.17477087684));
#727 = DIRECTION('',(-1.,3.059281223412E-14,-4.93432455389E-15));
#728 = DIRECTION('',(4.93432455389E-15,-1.665334536939E-16,-1.));
#729 = DEFINITIONAL_REPRESENTATION('',(#730),#734);
#730 = LINE('',#731,#732);
#731 = CARTESIAN_POINT('',(-26.76785714285,12.241143147487));
#732 = VECTOR('',#733,1.);
#733 = DIRECTION('',(1.,2.243323199222E-30));
#734 = ( GEOMETRIC_REPRESENTATION_CONTEXT(2) 
PARAMETRIC_REPRESENTATION_CONTEXT() REPRESENTATION_CONTEXT('2D SPACE',''
  ) );
#735 = ORIENTED_EDGE('',*,*,#736,.T.);
#736 = EDGE_CURVE('',#709,#737,#739,.T.);
#737 = VERTEX_POINT('',#738);
#738 = CARTESIAN_POINT('',(132.49375403883,-58.96371319839,
    143.88525423637));
#739 = SURFACE_CURVE('',#740,(#744,#751),.PCURVE_S1.);
#740 = LINE('',#741,#742);
#741 = CARTESIAN_POINT('',(129.99375403883,-58.96371319839,
    143.88525423637));
#742 = VECTOR('',#743,1.);
#743 = DIRECTION('',(1.,-3.10862446895E-14,8.881784197001E-15));
#744 = PCURVE('',#684,#745);
#745 = DEFINITIONAL_REPRESENTATION('',(#746),#750);
#746 = LINE('',#747,#748);
#747 = CARTESIAN_POINT('',(0.,0.));
#748 = VECTOR('',#749,1.);
#749 = DIRECTION('',(6.310887241768E-30,-1.));
#750 = ( GEOMETRIC_REPRESENTATION_CONTEXT(2) 
PARAMETRIC_REPRESENTATION_CONTEXT() REPRESENTATION_CONTEXT('2D SPACE',''
  ) );
#751 = PCURVE('',#752,#757);
#752 = PLANE('',#753);
#753 = AXIS2_PLACEMENT_3D('',#754,#755,#756);
#754 = CARTESIAN_POINT('',(129.99375403883,-40.48171319839,
    143.88525423637));
#755 = DIRECTION('',(8.881784197001E-15,-1.66533453694E-16,-1.));
#756 = DIRECTION('',(-3.10862446895E-14,-1.,1.665334536937E-16));
#757 = DEFINITIONAL_REPRESENTATION('',(#758),#762);
#758 = LINE('',#759,#760);
#759 = CARTESIAN_POINT('',(18.482000000002,-5.745359743515E-13));
#760 = VECTOR('',#761,1.);
#761 = DIRECTION('',(1.479114197289E-30,-1.));
#762 = ( GEOMETRIC_REPRESENTATION_CONTEXT(2) 
PARAMETRIC_REPRESENTATION_CONTEXT() REPRESENTATION_CONTEXT('2D SPACE',''
  ) );
#763 = ORIENTED_EDGE('',*,*,#764,.T.);
#764 = EDGE_CURVE('',#737,#674,#765,.T.);
#765 = SURFACE_CURVE('',#766,(#770,#777),.PCURVE_S1.);
#766 = LINE('',#767,#768);
#767 = CARTESIAN_POINT('',(132.49375403883,-58.96371319839,
    148.9426280197));
#768 = VECTOR('',#769,1.);
#769 = DIRECTION('',(-8.881784197001E-15,1.66533453694E-16,1.));
#770 = PCURVE('',#684,#771);
#771 = DEFINITIONAL_REPRESENTATION('',(#772),#776);
#772 = LINE('',#773,#774);
#773 = CARTESIAN_POINT('',(5.057373783336,-2.5));
#774 = VECTOR('',#775,1.);
#775 = DIRECTION('',(1.,0.));
#776 = ( GEOMETRIC_REPRESENTATION_CONTEXT(2) 
PARAMETRIC_REPRESENTATION_CONTEXT() REPRESENTATION_CONTEXT('2D SPACE',''
  ) );
#777 = PCURVE('',#778,#783);
#778 = PLANE('',#779);
#779 = AXIS2_PLACEMENT_3D('',#780,#781,#782);
#780 = CARTESIAN_POINT('',(132.49375403883,-46.7225700509,
    122.17477087684));
#781 = DIRECTION('',(1.,-3.10862446895E-14,8.881784197001E-15));
#782 = DIRECTION('',(-8.881784197001E-15,1.66533453694E-16,1.));
#783 = DEFINITIONAL_REPRESENTATION('',(#784),#788);
#784 = LINE('',#785,#786);
#785 = CARTESIAN_POINT('',(26.767857142858,12.241143147487));
#786 = VECTOR('',#787,1.);
#787 = DIRECTION('',(1.,0.));
#788 = ( GEOMETRIC_REPRESENTATION_CONTEXT(2) 
PARAMETRIC_REPRESENTATION_CONTEXT() REPRESENTATION_CONTEXT('2D SPACE',''
  ) );
#789 = FACE_BOUND('',#790,.T.);
#790 = EDGE_LOOP('',(#791));
#791 = ORIENTED_EDGE('',*,*,#792,.T.);
#792 = EDGE_CURVE('',#793,#793,#795,.T.);
#793 = VERTEX_POINT('',#794);
#794 = CARTESIAN_POINT('',(127.18638205854,-58.96371319839,
    145.9755549898));
#795 = SURFACE_CURVE('',#796,(#801,#812),.PCURVE_S1.);
#796 = CIRCLE('',#797,0.9);
#797 = AXIS2_PLACEMENT_3D('',#798,#799,#800);
#798 = CARTESIAN_POINT('',(128.08638205854,-58.96371319839,
    145.9755549898));
#799 = DIRECTION('',(3.10862446895E-14,1.,-1.665334536937E-16));
#800 = DIRECTION('',(1.,-3.10862446895E-14,5.176899690511E-30));
#801 = PCURVE('',#684,#802);
#802 = DEFINITIONAL_REPRESENTATION('',(#803),#811);
#803 = ( BOUNDED_CURVE() B_SPLINE_CURVE(2,(#804,#805,#806,#807,#808,#809
,#810),.UNSPECIFIED.,.T.,.F.) B_SPLINE_CURVE_WITH_KNOTS((1,2,2,2,2,1),(
    -2.094395102393,0.,2.094395102393,4.188790204786,6.28318530718,
8.377580409573),.UNSPECIFIED.) CURVE() GEOMETRIC_REPRESENTATION_ITEM() 
RATIONAL_B_SPLINE_CURVE((1.,0.5,1.,0.5,1.,0.5,1.)) REPRESENTATION_ITEM(
  '') );
#804 = CARTESIAN_POINT('',(2.090300753435,1.007371980294));
#805 = CARTESIAN_POINT('',(0.531455026623,1.007371980294));
#806 = CARTESIAN_POINT('',(1.310877890029,2.357371980294));
#807 = CARTESIAN_POINT('',(2.090300753435,3.707371980294));
#808 = CARTESIAN_POINT('',(2.869723616841,2.357371980294));
#809 = CARTESIAN_POINT('',(3.649146480247,1.007371980294));
#810 = CARTESIAN_POINT('',(2.090300753435,1.007371980294));
#811 = ( GEOMETRIC_REPRESENTATION_CONTEXT(2) 
PARAMETRIC_REPRESENTATION_CONTEXT() REPRESENTATION_CONTEXT('2D SPACE',''
  ) );
#812 = PCURVE('',#813,#818);
#813 = CYLINDRICAL_SURFACE('',#814,0.9);
#814 = AXIS2_PLACEMENT_3D('',#815,#816,#817);
#815 = CARTESIAN_POINT('',(128.08638205854,-56.96371319839,
    145.9755549898));
#816 = DIRECTION('',(0.,1.,0.));
#817 = DIRECTION('',(1.,0.,0.));
#818 = DEFINITIONAL_REPRESENTATION('',(#819),#823);
#819 = LINE('',#820,#821);
#820 = CARTESIAN_POINT('',(0.,-2.));
#821 = VECTOR('',#822,1.);
#822 = DIRECTION('',(1.,0.));
#823 = ( GEOMETRIC_REPRESENTATION_CONTEXT(2) 
PARAMETRIC_REPRESENTATION_CONTEXT() REPRESENTATION_CONTEXT('2D SPACE',''
  ) );
#824 = ADVANCED_FACE('',(#825,#883),#813,.F.);
#825 = FACE_BOUND('',#826,.F.);
#826 = EDGE_LOOP('',(#827,#850,#881,#882));
#827 = ORIENTED_EDGE('',*,*,#828,.T.);
#828 = EDGE_CURVE('',#793,#829,#831,.T.);
#829 = VERTEX_POINT('',#830);
#830 = CARTESIAN_POINT('',(127.18638205854,-50.96371319839,
    145.9755549898));
#831 = SEAM_CURVE('',#832,(#836,#843),.PCURVE_S1.);
#832 = LINE('',#833,#834);
#833 = CARTESIAN_POINT('',(127.18638205854,-56.96371319839,
    145.9755549898));
#834 = VECTOR('',#835,1.);
#835 = DIRECTION('',(0.,1.,0.));
#836 = PCURVE('',#813,#837);
#837 = DEFINITIONAL_REPRESENTATION('',(#838),#842);
#838 = LINE('',#839,#840);
#839 = CARTESIAN_POINT('',(9.424777960769,0.));
#840 = VECTOR('',#841,1.);
#841 = DIRECTION('',(0.,1.));
#842 = ( GEOMETRIC_REPRESENTATION_CONTEXT(2) 
PARAMETRIC_REPRESENTATION_CONTEXT() REPRESENTATION_CONTEXT('2D SPACE',''
  ) );
#843 = PCURVE('',#813,#844);
#844 = DEFINITIONAL_REPRESENTATION('',(#845),#849);
#845 = LINE('',#846,#847);
#846 = CARTESIAN_POINT('',(3.14159265359,0.));
#847 = VECTOR('',#848,1.);
#848 = DIRECTION('',(0.,1.));
#849 = ( GEOMETRIC_REPRESENTATION_CONTEXT(2) 
PARAMETRIC_REPRESENTATION_CONTEXT() REPRESENTATION_CONTEXT('2D SPACE',''
  ) );
#850 = ORIENTED_EDGE('',*,*,#851,.F.);
#851 = EDGE_CURVE('',#829,#829,#852,.T.);
#852 = SURFACE_CURVE('',#853,(#858,#865),.PCURVE_S1.);
#853 = CIRCLE('',#854,0.9);
#854 = AXIS2_PLACEMENT_3D('',#855,#856,#857);
#855 = CARTESIAN_POINT('',(128.08638205854,-50.96371319839,
    145.9755549898));
#856 = DIRECTION('',(-0.,1.,0.));
#857 = DIRECTION('',(1.,0.,0.));
#858 = PCURVE('',#813,#859);
#859 = DEFINITIONAL_REPRESENTATION('',(#860),#864);
#860 = LINE('',#861,#862);
#861 = CARTESIAN_POINT('',(0.,6.));
#862 = VECTOR('',#863,1.);
#863 = DIRECTION('',(1.,0.));
#864 = ( GEOMETRIC_REPRESENTATION_CONTEXT(2) 
PARAMETRIC_REPRESENTATION_CONTEXT() REPRESENTATION_CONTEXT('2D SPACE',''
  ) );
#865 = PCURVE('',#866,#871);
#866 = PLANE('',#867);
#867 = AXIS2_PLACEMENT_3D('',#868,#869,#870);
#868 = CARTESIAN_POINT('',(128.08638205854,-50.96371319839,
    145.9755549898));
#869 = DIRECTION('',(0.,-1.,0.));
#870 = DIRECTION('',(1.,0.,0.));
#871 = DEFINITIONAL_REPRESENTATION('',(#872),#880);
#872 = ( BOUNDED_CURVE() B_SPLINE_CURVE(2,(#873,#874,#875,#876,#877,#878
,#879),.UNSPECIFIED.,.T.,.F.) B_SPLINE_CURVE_WITH_KNOTS((1,2,2,2,2,1),(
    -2.094395102393,0.,2.094395102393,4.188790204786,6.28318530718,
8.377580409573),.UNSPECIFIED.) CURVE() GEOMETRIC_REPRESENTATION_ITEM() 
RATIONAL_B_SPLINE_CURVE((1.,0.5,1.,0.5,1.,0.5,1.)) REPRESENTATION_ITEM(
  '') );
#873 = CARTESIAN_POINT('',(0.9,0.));
#874 = CARTESIAN_POINT('',(0.9,-1.558845726812));
#875 = CARTESIAN_POINT('',(-0.45,-0.779422863406));
#876 = CARTESIAN_POINT('',(-1.8,-2.204364238465E-16));
#877 = CARTESIAN_POINT('',(-0.45,0.779422863406));
#878 = CARTESIAN_POINT('',(0.9,1.558845726812));
#879 = CARTESIAN_POINT('',(0.9,0.));
#880 = ( GEOMETRIC_REPRESENTATION_CONTEXT(2) 
PARAMETRIC_REPRESENTATION_CONTEXT() REPRESENTATION_CONTEXT('2D SPACE',''
  ) );
#881 = ORIENTED_EDGE('',*,*,#828,.F.);
#882 = ORIENTED_EDGE('',*,*,#792,.T.);
#883 = FACE_BOUND('',#884,.F.);
#884 = EDGE_LOOP('',(#885,#920,#948,#977));
#885 = ORIENTED_EDGE('',*,*,#886,.T.);
#886 = EDGE_CURVE('',#887,#889,#891,.T.);
#887 = VERTEX_POINT('',#888);
#888 = CARTESIAN_POINT('',(127.18654401108,-53.96342690341,
    145.99262801968));
#889 = VERTEX_POINT('',#890);
#890 = CARTESIAN_POINT('',(128.98622010599,-53.96342690341,
    145.99262801972));
#891 = SURFACE_CURVE('',#892,(#897,#904),.PCURVE_S1.);
#892 = CIRCLE('',#893,0.9);
#893 = AXIS2_PLACEMENT_3D('',#894,#895,#896);
#894 = CARTESIAN_POINT('',(128.08638205854,-53.96342690341,
    145.9755549898));
#895 = DIRECTION('',(3.10862446895E-14,1.,-1.665334536937E-16));
#896 = DIRECTION('',(1.,-3.10862446895E-14,5.176899690511E-30));
#897 = PCURVE('',#813,#898);
#898 = DEFINITIONAL_REPRESENTATION('',(#899),#903);
#899 = LINE('',#900,#901);
#900 = CARTESIAN_POINT('',(-1.50990331349E-14,3.000286294974));
#901 = VECTOR('',#902,1.);
#902 = DIRECTION('',(1.,-1.831502043089E-14));
#903 = ( GEOMETRIC_REPRESENTATION_CONTEXT(2) 
PARAMETRIC_REPRESENTATION_CONTEXT() REPRESENTATION_CONTEXT('2D SPACE',''
  ) );
#904 = PCURVE('',#905,#910);
#905 = PLANE('',#906);
#906 = AXIS2_PLACEMENT_3D('',#907,#908,#909);
#907 = CARTESIAN_POINT('',(128.08638205854,-53.96342690341,
    146.0097010496));
#908 = DIRECTION('',(-3.10862446895E-14,-1.,1.665334536937E-16));
#909 = DIRECTION('',(-1.,3.10862446895E-14,-8.881784197001E-15));
#910 = DEFINITIONAL_REPRESENTATION('',(#911),#919);
#911 = ( BOUNDED_CURVE() B_SPLINE_CURVE(2,(#912,#913,#914,#915,#916,#917
,#918),.UNSPECIFIED.,.T.,.F.) B_SPLINE_CURVE_WITH_KNOTS((1,2,2,2,2,1),(
    -2.094395102393,0.,2.094395102393,4.188790204786,6.28318530718,
8.377580409573),.UNSPECIFIED.) CURVE() GEOMETRIC_REPRESENTATION_ITEM() 
RATIONAL_B_SPLINE_CURVE((1.,0.5,1.,0.5,1.,0.5,1.)) REPRESENTATION_ITEM(
  '') );
#912 = CARTESIAN_POINT('',(-0.9,3.414605979902E-02));
#913 = CARTESIAN_POINT('',(-0.9,1.592991786611));
#914 = CARTESIAN_POINT('',(0.45,0.813568923205));
#915 = CARTESIAN_POINT('',(1.8,3.4146059799E-02));
#916 = CARTESIAN_POINT('',(0.45,-0.745276803607));
#917 = CARTESIAN_POINT('',(-0.9,-1.524699667013));
#918 = CARTESIAN_POINT('',(-0.9,3.414605979902E-02));
#919 = ( GEOMETRIC_REPRESENTATION_CONTEXT(2) 
PARAMETRIC_REPRESENTATION_CONTEXT() REPRESENTATION_CONTEXT('2D SPACE',''
  ) );
#920 = ORIENTED_EDGE('',*,*,#921,.T.);
#921 = EDGE_CURVE('',#889,#922,#924,.T.);
#922 = VERTEX_POINT('',#923);
#923 = CARTESIAN_POINT('',(128.98622010599,-56.96342690341,
    145.99262801972));
#924 = SURFACE_CURVE('',#925,(#929,#936),.PCURVE_S1.);
#925 = LINE('',#926,#927);
#926 = CARTESIAN_POINT('',(128.98622010599,-56.96371319839,
    145.99262801972));
#927 = VECTOR('',#928,1.);
#928 = DIRECTION('',(0.,-1.,0.));
#929 = PCURVE('',#813,#930);
#930 = DEFINITIONAL_REPRESENTATION('',(#931),#935);
#931 = LINE('',#932,#933);
#932 = CARTESIAN_POINT('',(6.264214135981,0.));
#933 = VECTOR('',#934,1.);
#934 = DIRECTION('',(0.,-1.));
#935 = ( GEOMETRIC_REPRESENTATION_CONTEXT(2) 
PARAMETRIC_REPRESENTATION_CONTEXT() REPRESENTATION_CONTEXT('2D SPACE',''
  ) );
#936 = PCURVE('',#937,#942);
#937 = CYLINDRICAL_SURFACE('',#938,0.9);
#938 = AXIS2_PLACEMENT_3D('',#939,#940,#941);
#939 = CARTESIAN_POINT('',(128.08638205853,-56.96342690341,
    146.0097010496));
#940 = DIRECTION('',(3.10862446895E-14,1.,-1.665334536937E-16));
#941 = DIRECTION('',(-2.419202009877E-11,1.665334544457E-16,1.));
#942 = DEFINITIONAL_REPRESENTATION('',(#943),#947);
#943 = LINE('',#944,#945);
#944 = CARTESIAN_POINT('',(7.872952805145,-2.862949736695E-04));
#945 = VECTOR('',#946,1.);
#946 = DIRECTION('',(-5.921189464668E-16,-1.));
#947 = ( GEOMETRIC_REPRESENTATION_CONTEXT(2) 
PARAMETRIC_REPRESENTATION_CONTEXT() REPRESENTATION_CONTEXT('2D SPACE',''
  ) );
#948 = ORIENTED_EDGE('',*,*,#949,.T.);
#949 = EDGE_CURVE('',#922,#950,#952,.T.);
#950 = VERTEX_POINT('',#951);
#951 = CARTESIAN_POINT('',(127.18654401108,-56.96342690341,
    145.99262801968));
#952 = SURFACE_CURVE('',#953,(#958,#965),.PCURVE_S1.);
#953 = CIRCLE('',#954,0.9);
#954 = AXIS2_PLACEMENT_3D('',#955,#956,#957);
#955 = CARTESIAN_POINT('',(128.08638205854,-56.96342690341,
    145.9755549898));
#956 = DIRECTION('',(-3.10862446895E-14,-1.,1.665334536937E-16));
#957 = DIRECTION('',(1.,-3.10862446895E-14,5.176899690511E-30));
#958 = PCURVE('',#813,#959);
#959 = DEFINITIONAL_REPRESENTATION('',(#960),#964);
#960 = LINE('',#961,#962);
#961 = CARTESIAN_POINT('',(6.28318530718,2.862949736692E-04));
#962 = VECTOR('',#963,1.);
#963 = DIRECTION('',(-1.,1.83150204309E-14));
#964 = ( GEOMETRIC_REPRESENTATION_CONTEXT(2) 
PARAMETRIC_REPRESENTATION_CONTEXT() REPRESENTATION_CONTEXT('2D SPACE',''
  ) );
#965 = PCURVE('',#966,#971);
#966 = PLANE('',#967);
#967 = AXIS2_PLACEMENT_3D('',#968,#969,#970);
#968 = CARTESIAN_POINT('',(128.08638205853,-56.96342690341,
    146.0097010496));
#969 = DIRECTION('',(-3.10862446895E-14,-1.,1.665334536937E-16));
#970 = DIRECTION('',(-1.,3.10862446895E-14,-8.881784197001E-15));
#971 = DEFINITIONAL_REPRESENTATION('',(#972),#976);
#972 = CIRCLE('',#973,0.9);
#973 = AXIS2_PLACEMENT_2D('',#974,#975);
#974 = CARTESIAN_POINT('',(-1.02287826156E-12,3.414605979901E-02));
#975 = DIRECTION('',(-1.,8.881784197001E-15));
#976 = ( GEOMETRIC_REPRESENTATION_CONTEXT(2) 
PARAMETRIC_REPRESENTATION_CONTEXT() REPRESENTATION_CONTEXT('2D SPACE',''
  ) );
#977 = ORIENTED_EDGE('',*,*,#978,.T.);
#978 = EDGE_CURVE('',#950,#887,#979,.T.);
#979 = SURFACE_CURVE('',#980,(#984,#991),.PCURVE_S1.);
#980 = LINE('',#981,#982);
#981 = CARTESIAN_POINT('',(127.18654401108,-56.96371319839,
    145.99262801968));
#982 = VECTOR('',#983,1.);
#983 = DIRECTION('',(0.,1.,0.));
#984 = PCURVE('',#813,#985);
#985 = DEFINITIONAL_REPRESENTATION('',(#986),#990);
#986 = LINE('',#987,#988);
#987 = CARTESIAN_POINT('',(3.160563824737,0.));
#988 = VECTOR('',#989,1.);
#989 = DIRECTION('',(0.,1.));
#990 = ( GEOMETRIC_REPRESENTATION_CONTEXT(2) 
PARAMETRIC_REPRESENTATION_CONTEXT() REPRESENTATION_CONTEXT('2D SPACE',''
  ) );
#991 = PCURVE('',#937,#992);
#992 = DEFINITIONAL_REPRESENTATION('',(#993),#997);
#993 = LINE('',#994,#995);
#994 = CARTESIAN_POINT('',(4.693417809212,-2.862949737263E-04));
#995 = VECTOR('',#996,1.);
#996 = DIRECTION('',(8.881784197001E-16,1.));
#997 = ( GEOMETRIC_REPRESENTATION_CONTEXT(2) 
PARAMETRIC_REPRESENTATION_CONTEXT() REPRESENTATION_CONTEXT('2D SPACE',''
  ) );
#998 = ADVANCED_FACE('',(#999),#866,.T.);
#999 = FACE_BOUND('',#1000,.T.);
#1000 = EDGE_LOOP('',(#1001));
#1001 = ORIENTED_EDGE('',*,*,#851,.F.);
#1002 = ADVANCED_FACE('',(#1003),#1017,.F.);
#1003 = FACE_BOUND('',#1004,.F.);
#1004 = EDGE_LOOP('',(#1005,#1035,#1061,#1062));
#1005 = ORIENTED_EDGE('',*,*,#1006,.T.);
#1006 = EDGE_CURVE('',#1007,#1009,#1011,.T.);
#1007 = VERTEX_POINT('',#1008);
#1008 = CARTESIAN_POINT('',(123.49375403883,-33.44357918959,
    132.41012394604));
#1009 = VERTEX_POINT('',#1010);
#1010 = CARTESIAN_POINT('',(132.49375403883,-33.44357918959,
    132.41012394604));
#1011 = SEAM_CURVE('',#1012,(#1016,#1028),.PCURVE_S1.);
#1012 = LINE('',#1013,#1014);
#1013 = CARTESIAN_POINT('',(123.49375403883,-33.44357918959,
    132.41012394604));
#1014 = VECTOR('',#1015,1.);
#1015 = DIRECTION('',(1.,0.,0.));
#1016 = PCURVE('',#1017,#1022);
#1017 = CYLINDRICAL_SURFACE('',#1018,0.5);
#1018 = AXIS2_PLACEMENT_3D('',#1019,#1020,#1021);
#1019 = CARTESIAN_POINT('',(123.49375403883,-33.94357918959,
    132.41012394604));
#1020 = DIRECTION('',(1.,0.,0.));
#1021 = DIRECTION('',(0.,-1.,0.));
#1022 = DEFINITIONAL_REPRESENTATION('',(#1023),#1027);
#1023 = LINE('',#1024,#1025);
#1024 = CARTESIAN_POINT('',(9.424777960769,0.));
#1025 = VECTOR('',#1026,1.);
#1026 = DIRECTION('',(0.,1.));
#1027 = ( GEOMETRIC_REPRESENTATION_CONTEXT(2) 
PARAMETRIC_REPRESENTATION_CONTEXT() REPRESENTATION_CONTEXT('2D SPACE',''
  ) );
#1028 = PCURVE('',#1017,#1029);
#1029 = DEFINITIONAL_REPRESENTATION('',(#1030),#1034);
#1030 = LINE('',#1031,#1032);
#1031 = CARTESIAN_POINT('',(3.14159265359,0.));
#1032 = VECTOR('',#1033,1.);
#1033 = DIRECTION('',(0.,1.));
#1034 = ( GEOMETRIC_REPRESENTATION_CONTEXT(2) 
PARAMETRIC_REPRESENTATION_CONTEXT() REPRESENTATION_CONTEXT('2D SPACE',''
  ) );
#1035 = ORIENTED_EDGE('',*,*,#1036,.T.);
#1036 = EDGE_CURVE('',#1009,#1009,#1037,.T.);
#1037 = SURFACE_CURVE('',#1038,(#1043,#1050),.PCURVE_S1.);
#1038 = CIRCLE('',#1039,0.5);
#1039 = AXIS2_PLACEMENT_3D('',#1040,#1041,#1042);
#1040 = CARTESIAN_POINT('',(132.49375403883,-33.94357918959,
    132.41012394604));
#1041 = DIRECTION('',(-1.,3.10862446895E-14,-8.881784197001E-15));
#1042 = DIRECTION('',(-3.10862446895E-14,-1.,-2.761013168274E-28));
#1043 = PCURVE('',#1017,#1044);
#1044 = DEFINITIONAL_REPRESENTATION('',(#1045),#1049);
#1045 = LINE('',#1046,#1047);
#1046 = CARTESIAN_POINT('',(12.566370614359,9.));
#1047 = VECTOR('',#1048,1.);
#1048 = DIRECTION('',(-1.,0.));
#1049 = ( GEOMETRIC_REPRESENTATION_CONTEXT(2) 
PARAMETRIC_REPRESENTATION_CONTEXT() REPRESENTATION_CONTEXT('2D SPACE',''
  ) );
#1050 = PCURVE('',#778,#1051);
#1051 = DEFINITIONAL_REPRESENTATION('',(#1052),#1060);
#1052 = ( BOUNDED_CURVE() B_SPLINE_CURVE(2,(#1053,#1054,#1055,#1056,
#1057,#1058,#1059),.UNSPECIFIED.,.T.,.F.) B_SPLINE_CURVE_WITH_KNOTS((1,2
    ,2,2,2,1),(-2.094395102393,0.,2.094395102393,4.188790204786,
6.28318530718,8.377580409573),.UNSPECIFIED.) CURVE() 
GEOMETRIC_REPRESENTATION_ITEM() RATIONAL_B_SPLINE_CURVE((1.,0.5,1.,0.5,
1.,0.5,1.)) REPRESENTATION_ITEM('') );
#1053 = CARTESIAN_POINT('',(10.235353069199,-12.27899086131));
#1054 = CARTESIAN_POINT('',(11.101378472983,-12.27899086131));
#1055 = CARTESIAN_POINT('',(10.668365771091,-13.02899086131));
#1056 = CARTESIAN_POINT('',(10.235353069199,-13.77899086131));
#1057 = CARTESIAN_POINT('',(9.802340367307,-13.02899086131));
#1058 = CARTESIAN_POINT('',(9.369327665415,-12.27899086131));
#1059 = CARTESIAN_POINT('',(10.235353069199,-12.27899086131));
#1060 = ( GEOMETRIC_REPRESENTATION_CONTEXT(2) 
PARAMETRIC_REPRESENTATION_CONTEXT() REPRESENTATION_CONTEXT('2D SPACE',''
  ) );
#1061 = ORIENTED_EDGE('',*,*,#1006,.F.);
#1062 = ORIENTED_EDGE('',*,*,#1063,.T.);
#1063 = EDGE_CURVE('',#1007,#1007,#1064,.T.);
#1064 = SURFACE_CURVE('',#1065,(#1070,#1077),.PCURVE_S1.);
#1065 = CIRCLE('',#1066,0.5);
#1066 = AXIS2_PLACEMENT_3D('',#1067,#1068,#1069);
#1067 = CARTESIAN_POINT('',(123.49375403883,-33.94357918959,
    132.41012394604));
#1068 = DIRECTION('',(1.,-3.059281223412E-14,4.93432455389E-15));
#1069 = DIRECTION('',(-3.059281223412E-14,-1.,-1.509548645793E-28));
#1070 = PCURVE('',#1017,#1071);
#1071 = DEFINITIONAL_REPRESENTATION('',(#1072),#1076);
#1072 = LINE('',#1073,#1074);
#1073 = CARTESIAN_POINT('',(0.,1.42108547152E-14));
#1074 = VECTOR('',#1075,1.);
#1075 = DIRECTION('',(1.,0.));
#1076 = ( GEOMETRIC_REPRESENTATION_CONTEXT(2) 
PARAMETRIC_REPRESENTATION_CONTEXT() REPRESENTATION_CONTEXT('2D SPACE',''
  ) );
#1077 = PCURVE('',#724,#1078);
#1078 = DEFINITIONAL_REPRESENTATION('',(#1079),#1087);
#1079 = ( BOUNDED_CURVE() B_SPLINE_CURVE(2,(#1080,#1081,#1082,#1083,
#1084,#1085,#1086),.UNSPECIFIED.,.T.,.F.) B_SPLINE_CURVE_WITH_KNOTS((1,2
    ,2,2,2,1),(-2.094395102393,0.,2.094395102393,4.188790204786,
6.28318530718,8.377580409573),.UNSPECIFIED.) CURVE() 
GEOMETRIC_REPRESENTATION_ITEM() RATIONAL_B_SPLINE_CURVE((1.,0.5,1.,0.5,
1.,0.5,1.)) REPRESENTATION_ITEM('') );
#1080 = CARTESIAN_POINT('',(-10.23535306919,-12.27899086131));
#1081 = CARTESIAN_POINT('',(-9.369327665415,-12.27899086131));
#1082 = CARTESIAN_POINT('',(-9.802340367307,-13.02899086131));
#1083 = CARTESIAN_POINT('',(-10.23535306919,-13.77899086131));
#1084 = CARTESIAN_POINT('',(-10.66836577109,-13.02899086131));
#1085 = CARTESIAN_POINT('',(-11.10137847298,-12.27899086131));
#1086 = CARTESIAN_POINT('',(-10.23535306919,-12.27899086131));
#1087 = ( GEOMETRIC_REPRESENTATION_CONTEXT(2) 
PARAMETRIC_REPRESENTATION_CONTEXT() REPRESENTATION_CONTEXT('2D SPACE',''
  ) );
#1088 = ADVANCED_FACE('',(#1089),#1103,.F.);
#1089 = FACE_BOUND('',#1090,.F.);
#1090 = EDGE_LOOP('',(#1091,#1121,#1147,#1148));
#1091 = ORIENTED_EDGE('',*,*,#1092,.T.);
#1092 = EDGE_CURVE('',#1093,#1095,#1097,.T.);
#1093 = VERTEX_POINT('',#1094);
#1094 = CARTESIAN_POINT('',(123.49375403883,-27.44357918959,
    132.41012394604));
#1095 = VERTEX_POINT('',#1096);
#1096 = CARTESIAN_POINT('',(132.49375403883,-27.44357918959,
    132.41012394604));
#1097 = SEAM_CURVE('',#1098,(#1102,#1114),.PCURVE_S1.);
#1098 = LINE('',#1099,#1100);
#1099 = CARTESIAN_POINT('',(123.49375403883,-27.44357918959,
    132.41012394604));
#1100 = VECTOR('',#1101,1.);
#1101 = DIRECTION('',(1.,0.,0.));
#1102 = PCURVE('',#1103,#1108);
#1103 = CYLINDRICAL_SURFACE('',#1104,0.5);
#1104 = AXIS2_PLACEMENT_3D('',#1105,#1106,#1107);
#1105 = CARTESIAN_POINT('',(123.49375403883,-27.94357918959,
    132.41012394604));
#1106 = DIRECTION('',(1.,0.,0.));
#1107 = DIRECTION('',(0.,-1.,0.));
#1108 = DEFINITIONAL_REPRESENTATION('',(#1109),#1113);
#1109 = LINE('',#1110,#1111);
#1110 = CARTESIAN_POINT('',(9.424777960769,0.));
#1111 = VECTOR('',#1112,1.);
#1112 = DIRECTION('',(0.,1.));
#1113 = ( GEOMETRIC_REPRESENTATION_CONTEXT(2) 
PARAMETRIC_REPRESENTATION_CONTEXT() REPRESENTATION_CONTEXT('2D SPACE',''
  ) );
#1114 = PCURVE('',#1103,#1115);
#1115 = DEFINITIONAL_REPRESENTATION('',(#1116),#1120);
#1116 = LINE('',#1117,#1118);
#1117 = CARTESIAN_POINT('',(3.14159265359,0.));
#1118 = VECTOR('',#1119,1.);
#1119 = DIRECTION('',(0.,1.));
#1120 = ( GEOMETRIC_REPRESENTATION_CONTEXT(2) 
PARAMETRIC_REPRESENTATION_CONTEXT() REPRESENTATION_CONTEXT('2D SPACE',''
  ) );
#1121 = ORIENTED_EDGE('',*,*,#1122,.T.);
#1122 = EDGE_CURVE('',#1095,#1095,#1123,.T.);
#1123 = SURFACE_CURVE('',#1124,(#1129,#1136),.PCURVE_S1.);
#1124 = CIRCLE('',#1125,0.5);
#1125 = AXIS2_PLACEMENT_3D('',#1126,#1127,#1128);
#1126 = CARTESIAN_POINT('',(132.49375403883,-27.94357918959,
    132.41012394604));
#1127 = DIRECTION('',(-1.,3.10862446895E-14,-8.881784197001E-15));
#1128 = DIRECTION('',(-3.10862446895E-14,-1.,-2.761013168274E-28));
#1129 = PCURVE('',#1103,#1130);
#1130 = DEFINITIONAL_REPRESENTATION('',(#1131),#1135);
#1131 = LINE('',#1132,#1133);
#1132 = CARTESIAN_POINT('',(12.566370614359,9.));
#1133 = VECTOR('',#1134,1.);
#1134 = DIRECTION('',(-1.,0.));
#1135 = ( GEOMETRIC_REPRESENTATION_CONTEXT(2) 
PARAMETRIC_REPRESENTATION_CONTEXT() REPRESENTATION_CONTEXT('2D SPACE',''
  ) );
#1136 = PCURVE('',#778,#1137);
#1137 = DEFINITIONAL_REPRESENTATION('',(#1138),#1146);
#1138 = ( BOUNDED_CURVE() B_SPLINE_CURVE(2,(#1139,#1140,#1141,#1142,
#1143,#1144,#1145),.UNSPECIFIED.,.T.,.F.) B_SPLINE_CURVE_WITH_KNOTS((1,2
    ,2,2,2,1),(-2.094395102393,0.,2.094395102393,4.188790204786,
6.28318530718,8.377580409573),.UNSPECIFIED.) CURVE() 
GEOMETRIC_REPRESENTATION_ITEM() RATIONAL_B_SPLINE_CURVE((1.,0.5,1.,0.5,
1.,0.5,1.)) REPRESENTATION_ITEM('') );
#1139 = CARTESIAN_POINT('',(10.235353069199,-18.27899086131));
#1140 = CARTESIAN_POINT('',(11.101378472983,-18.27899086131));
#1141 = CARTESIAN_POINT('',(10.668365771091,-19.02899086131));
#1142 = CARTESIAN_POINT('',(10.235353069199,-19.77899086131));
#1143 = CARTESIAN_POINT('',(9.802340367307,-19.02899086131));
#1144 = CARTESIAN_POINT('',(9.369327665415,-18.27899086131));
#1145 = CARTESIAN_POINT('',(10.235353069199,-18.27899086131));
#1146 = ( GEOMETRIC_REPRESENTATION_CONTEXT(2) 
PARAMETRIC_REPRESENTATION_CONTEXT() REPRESENTATION_CONTEXT('2D SPACE',''
  ) );
#1147 = ORIENTED_EDGE('',*,*,#1092,.F.);
#1148 = ORIENTED_EDGE('',*,*,#1149,.T.);
#1149 = EDGE_CURVE('',#1093,#1093,#1150,.T.);
#1150 = SURFACE_CURVE('',#1151,(#1156,#1163),.PCURVE_S1.);
#1151 = CIRCLE('',#1152,0.5);
#1152 = AXIS2_PLACEMENT_3D('',#1153,#1154,#1155);
#1153 = CARTESIAN_POINT('',(123.49375403883,-27.94357918959,
    132.41012394604));
#1154 = DIRECTION('',(1.,-3.059281223412E-14,4.93432455389E-15));
#1155 = DIRECTION('',(-3.059281223412E-14,-1.,-1.509548645793E-28));
#1156 = PCURVE('',#1103,#1157);
#1157 = DEFINITIONAL_REPRESENTATION('',(#1158),#1162);
#1158 = LINE('',#1159,#1160);
#1159 = CARTESIAN_POINT('',(0.,1.42108547152E-14));
#1160 = VECTOR('',#1161,1.);
#1161 = DIRECTION('',(1.,0.));
#1162 = ( GEOMETRIC_REPRESENTATION_CONTEXT(2) 
PARAMETRIC_REPRESENTATION_CONTEXT() REPRESENTATION_CONTEXT('2D SPACE',''
  ) );
#1163 = PCURVE('',#724,#1164);
#1164 = DEFINITIONAL_REPRESENTATION('',(#1165),#1173);
#1165 = ( BOUNDED_CURVE() B_SPLINE_CURVE(2,(#1166,#1167,#1168,#1169,
#1170,#1171,#1172),.UNSPECIFIED.,.T.,.F.) B_SPLINE_CURVE_WITH_KNOTS((1,2
    ,2,2,2,1),(-2.094395102393,0.,2.094395102393,4.188790204786,
6.28318530718,8.377580409573),.UNSPECIFIED.) CURVE() 
GEOMETRIC_REPRESENTATION_ITEM() RATIONAL_B_SPLINE_CURVE((1.,0.5,1.,0.5,
1.,0.5,1.)) REPRESENTATION_ITEM('') );
#1166 = CARTESIAN_POINT('',(-10.23535306919,-18.27899086131));
#1167 = CARTESIAN_POINT('',(-9.369327665415,-18.27899086131));
#1168 = CARTESIAN_POINT('',(-9.802340367307,-19.02899086131));
#1169 = CARTESIAN_POINT('',(-10.23535306919,-19.77899086131));
#1170 = CARTESIAN_POINT('',(-10.66836577109,-19.02899086131));
#1171 = CARTESIAN_POINT('',(-11.10137847298,-18.27899086131));
#1172 = CARTESIAN_POINT('',(-10.23535306919,-18.27899086131));
#1173 = ( GEOMETRIC_REPRESENTATION_CONTEXT(2) 
PARAMETRIC_REPRESENTATION_CONTEXT() REPRESENTATION_CONTEXT('2D SPACE',''
  ) );
#1174 = ADVANCED_FACE('',(#1175,#1272),#1190,.T.);
#1175 = FACE_BOUND('',#1176,.T.);
#1176 = EDGE_LOOP('',(#1177,#1213,#1246));
#1177 = ORIENTED_EDGE('',*,*,#1178,.T.);
#1178 = EDGE_CURVE('',#1179,#1181,#1183,.T.);
#1179 = VERTEX_POINT('',#1180);
#1180 = CARTESIAN_POINT('',(142.49375403883,-16.49073381694,
    132.71111186818));
#1181 = VERTEX_POINT('',#1182);
#1182 = CARTESIAN_POINT('',(142.49375403883,-16.49073381694,
    132.17414417122));
#1183 = SURFACE_CURVE('',#1184,(#1189,#1201),.PCURVE_S1.);
#1184 = CIRCLE('',#1185,4.);
#1185 = AXIS2_PLACEMENT_3D('',#1186,#1187,#1188);
#1186 = CARTESIAN_POINT('',(142.49375403883,-20.48171319838,
    132.4426280197));
#1187 = DIRECTION('',(1.,-3.10862446895E-14,8.881784197001E-15));
#1188 = DIRECTION('',(-3.10862446895E-14,-1.,1.665334536937E-16));
#1189 = PCURVE('',#1190,#1195);
#1190 = PLANE('',#1191);
#1191 = AXIS2_PLACEMENT_3D('',#1192,#1193,#1194);
#1192 = CARTESIAN_POINT('',(142.49375403883,-20.45209429418,
    132.4426280197));
#1193 = DIRECTION('',(1.,-3.10862446895E-14,8.881784197001E-15));
#1194 = DIRECTION('',(-3.10862446895E-14,-1.,1.665334536937E-16));
#1195 = DEFINITIONAL_REPRESENTATION('',(#1196),#1200);
#1196 = CIRCLE('',#1197,4.);
#1197 = AXIS2_PLACEMENT_2D('',#1198,#1199);
#1198 = CARTESIAN_POINT('',(2.96189042047E-02,4.93253841184E-18));
#1199 = DIRECTION('',(1.,0.));
#1200 = ( GEOMETRIC_REPRESENTATION_CONTEXT(2) 
PARAMETRIC_REPRESENTATION_CONTEXT() REPRESENTATION_CONTEXT('2D SPACE',''
  ) );
#1201 = PCURVE('',#1202,#1207);
#1202 = CYLINDRICAL_SURFACE('',#1203,4.);
#1203 = AXIS2_PLACEMENT_3D('',#1204,#1205,#1206);
#1204 = CARTESIAN_POINT('',(132.49375403883,-20.48171319838,
    132.4426280197));
#1205 = DIRECTION('',(1.,-3.10862446895E-14,8.881784197001E-15));
#1206 = DIRECTION('',(-3.10862446895E-14,-1.,1.665334536937E-16));
#1207 = DEFINITIONAL_REPRESENTATION('',(#1208),#1212);
#1208 = LINE('',#1209,#1210);
#1209 = CARTESIAN_POINT('',(-6.28318530718,10.));
#1210 = VECTOR('',#1211,1.);
#1211 = DIRECTION('',(1.,0.));
#1212 = ( GEOMETRIC_REPRESENTATION_CONTEXT(2) 
PARAMETRIC_REPRESENTATION_CONTEXT() REPRESENTATION_CONTEXT('2D SPACE',''
  ) );
#1213 = ORIENTED_EDGE('',*,*,#1214,.T.);
#1214 = EDGE_CURVE('',#1181,#1215,#1217,.T.);
#1215 = VERTEX_POINT('',#1216);
#1216 = CARTESIAN_POINT('',(142.49375403883,-16.53171319839,
    132.4426280197));
#1217 = SURFACE_CURVE('',#1218,(#1223,#1234),.PCURVE_S1.);
#1218 = CIRCLE('',#1219,0.9);
#1219 = AXIS2_PLACEMENT_3D('',#1220,#1221,#1222);
#1220 = CARTESIAN_POINT('',(142.49375403883,-15.63171319839,
    132.4426280197));
#1221 = DIRECTION('',(-1.,3.10862446895E-14,-8.881784197001E-15));
#1222 = DIRECTION('',(1.454133408161E-14,0.677835051547,0.735214011628)
  );
#1223 = PCURVE('',#1190,#1224);
#1224 = DEFINITIONAL_REPRESENTATION('',(#1225),#1233);
#1225 = ( BOUNDED_CURVE() B_SPLINE_CURVE(2,(#1226,#1227,#1228,#1229,
#1230,#1231,#1232),.UNSPECIFIED.,.T.,.F.) B_SPLINE_CURVE_WITH_KNOTS((1,2
    ,2,2,2,1),(-2.094395102393,0.,2.094395102393,4.188790204786,
6.28318530718,8.377580409573),.UNSPECIFIED.) CURVE() 
GEOMETRIC_REPRESENTATION_ITEM() RATIONAL_B_SPLINE_CURVE((1.,0.5,1.,0.5,
1.,0.5,1.)) REPRESENTATION_ITEM('') );
#1226 = CARTESIAN_POINT('',(-5.430432642187,-0.661692610465));
#1227 = CARTESIAN_POINT('',(-6.576517862506,0.394947663122));
#1228 = CARTESIAN_POINT('',(-5.088397932759,0.859166442026));
#1229 = CARTESIAN_POINT('',(-3.600278003011,1.323385220931));
#1230 = CARTESIAN_POINT('',(-3.942312712439,-0.197473831561));
#1231 = CARTESIAN_POINT('',(-4.284347421868,-1.718332884053));
#1232 = CARTESIAN_POINT('',(-5.430432642187,-0.661692610465));
#1233 = ( GEOMETRIC_REPRESENTATION_CONTEXT(2) 
PARAMETRIC_REPRESENTATION_CONTEXT() REPRESENTATION_CONTEXT('2D SPACE',''
  ) );
#1234 = PCURVE('',#1235,#1240);
#1235 = CYLINDRICAL_SURFACE('',#1236,0.9);
#1236 = AXIS2_PLACEMENT_3D('',#1237,#1238,#1239);
#1237 = CARTESIAN_POINT('',(125.49375403883,-15.63171319838,
    132.4426280197));
#1238 = DIRECTION('',(1.,-3.10862446895E-14,8.881784197001E-15));
#1239 = DIRECTION('',(3.10862446895E-14,1.,-1.665334536937E-16));
#1240 = DEFINITIONAL_REPRESENTATION('',(#1241),#1245);
#1241 = LINE('',#1242,#1243);
#1242 = CARTESIAN_POINT('',(0.82598235513,17.));
#1243 = VECTOR('',#1244,1.);
#1244 = DIRECTION('',(-1.,0.));
#1245 = ( GEOMETRIC_REPRESENTATION_CONTEXT(2) 
PARAMETRIC_REPRESENTATION_CONTEXT() REPRESENTATION_CONTEXT('2D SPACE',''
  ) );
#1246 = ORIENTED_EDGE('',*,*,#1247,.T.);
#1247 = EDGE_CURVE('',#1215,#1179,#1248,.T.);
#1248 = SURFACE_CURVE('',#1249,(#1254,#1265),.PCURVE_S1.);
#1249 = CIRCLE('',#1250,0.9);
#1250 = AXIS2_PLACEMENT_3D('',#1251,#1252,#1253);
#1251 = CARTESIAN_POINT('',(142.49375403883,-15.63171319839,
    132.4426280197));
#1252 = DIRECTION('',(-1.,3.10862446895E-14,-8.881784197001E-15));
#1253 = DIRECTION('',(1.454133408161E-14,0.677835051547,0.735214011628)
  );
#1254 = PCURVE('',#1190,#1255);
#1255 = DEFINITIONAL_REPRESENTATION('',(#1256),#1264);
#1256 = ( BOUNDED_CURVE() B_SPLINE_CURVE(2,(#1257,#1258,#1259,#1260,
#1261,#1262,#1263),.UNSPECIFIED.,.T.,.F.) B_SPLINE_CURVE_WITH_KNOTS((1,2
    ,2,2,2,1),(-2.094395102393,0.,2.094395102393,4.188790204786,
6.28318530718,8.377580409573),.UNSPECIFIED.) CURVE() 
GEOMETRIC_REPRESENTATION_ITEM() RATIONAL_B_SPLINE_CURVE((1.,0.5,1.,0.5,
1.,0.5,1.)) REPRESENTATION_ITEM('') );
#1257 = CARTESIAN_POINT('',(-5.430432642187,-0.661692610465));
#1258 = CARTESIAN_POINT('',(-6.576517862506,0.394947663122));
#1259 = CARTESIAN_POINT('',(-5.088397932759,0.859166442026));
#1260 = CARTESIAN_POINT('',(-3.600278003011,1.323385220931));
#1261 = CARTESIAN_POINT('',(-3.942312712439,-0.197473831561));
#1262 = CARTESIAN_POINT('',(-4.284347421868,-1.718332884053));
#1263 = CARTESIAN_POINT('',(-5.430432642187,-0.661692610465));
#1264 = ( GEOMETRIC_REPRESENTATION_CONTEXT(2) 
PARAMETRIC_REPRESENTATION_CONTEXT() REPRESENTATION_CONTEXT('2D SPACE',''
  ) );
#1265 = PCURVE('',#1235,#1266);
#1266 = DEFINITIONAL_REPRESENTATION('',(#1267),#1271);
#1267 = LINE('',#1268,#1269);
#1268 = CARTESIAN_POINT('',(7.10916766231,17.));
#1269 = VECTOR('',#1270,1.);
#1270 = DIRECTION('',(-1.,0.));
#1271 = ( GEOMETRIC_REPRESENTATION_CONTEXT(2) 
PARAMETRIC_REPRESENTATION_CONTEXT() REPRESENTATION_CONTEXT('2D SPACE',''
  ) );
#1272 = FACE_BOUND('',#1273,.T.);
#1273 = EDGE_LOOP('',(#1274));
#1274 = ORIENTED_EDGE('',*,*,#1275,.T.);
#1275 = EDGE_CURVE('',#1276,#1276,#1278,.T.);
#1276 = VERTEX_POINT('',#1277);
#1277 = CARTESIAN_POINT('',(142.49375403883,-18.48171319838,
    132.4426280197));
#1278 = SURFACE_CURVE('',#1279,(#1284,#1295),.PCURVE_S1.);
#1279 = CIRCLE('',#1280,2.);
#1280 = AXIS2_PLACEMENT_3D('',#1281,#1282,#1283);
#1281 = CARTESIAN_POINT('',(142.49375403883,-20.48171319838,
    132.4426280197));
#1282 = DIRECTION('',(-1.,3.10862446895E-14,-8.881784197001E-15));
#1283 = DIRECTION('',(-3.10862446895E-14,-1.,1.665334536937E-16));
#1284 = PCURVE('',#1190,#1285);
#1285 = DEFINITIONAL_REPRESENTATION('',(#1286),#1294);
#1286 = ( BOUNDED_CURVE() B_SPLINE_CURVE(2,(#1287,#1288,#1289,#1290,
#1291,#1292,#1293),.UNSPECIFIED.,.T.,.F.) B_SPLINE_CURVE_WITH_KNOTS((1,2
    ,2,2,2,1),(-2.094395102393,0.,2.094395102393,4.188790204786,
6.28318530718,8.377580409573),.UNSPECIFIED.) CURVE() 
GEOMETRIC_REPRESENTATION_ITEM() RATIONAL_B_SPLINE_CURVE((1.,0.5,1.,0.5,
1.,0.5,1.)) REPRESENTATION_ITEM('') );
#1287 = CARTESIAN_POINT('',(2.029618904205,4.93253841184E-18));
#1288 = CARTESIAN_POINT('',(2.029618904205,-3.464101615138));
#1289 = CARTESIAN_POINT('',(-0.970381095795,-1.732050807569));
#1290 = CARTESIAN_POINT('',(-3.970381095795,-4.849261812471E-16));
#1291 = CARTESIAN_POINT('',(-0.970381095795,1.732050807569));
#1292 = CARTESIAN_POINT('',(2.029618904205,3.464101615138));
#1293 = CARTESIAN_POINT('',(2.029618904205,4.93253841184E-18));
#1294 = ( GEOMETRIC_REPRESENTATION_CONTEXT(2) 
PARAMETRIC_REPRESENTATION_CONTEXT() REPRESENTATION_CONTEXT('2D SPACE',''
  ) );
#1295 = PCURVE('',#1296,#1301);
#1296 = CYLINDRICAL_SURFACE('',#1297,2.);
#1297 = AXIS2_PLACEMENT_3D('',#1298,#1299,#1300);
#1298 = CARTESIAN_POINT('',(125.99375403883,-20.48171319838,
    132.4426280197));
#1299 = DIRECTION('',(1.,-1.554312234475E-14,4.440892098501E-15));
#1300 = DIRECTION('',(-1.554312234475E-14,-1.,1.665334536938E-16));
#1301 = DEFINITIONAL_REPRESENTATION('',(#1302),#1306);
#1302 = LINE('',#1303,#1304);
#1303 = CARTESIAN_POINT('',(6.28318530718,16.5));
#1304 = VECTOR('',#1305,1.);
#1305 = DIRECTION('',(-1.,0.));
#1306 = ( GEOMETRIC_REPRESENTATION_CONTEXT(2) 
PARAMETRIC_REPRESENTATION_CONTEXT() REPRESENTATION_CONTEXT('2D SPACE',''
  ) );
#1307 = ADVANCED_FACE('',(#1308,#1838,#1841),#778,.T.);
#1308 = FACE_BOUND('',#1309,.T.);
#1309 = EDGE_LOOP('',(#1310,#1340,#1368,#1401,#1429,#1458,#1486,#1507,
    #1508,#1531,#1559,#1587,#1620,#1648,#1676,#1699,#1727,#1756,#1784,
    #1812));
#1310 = ORIENTED_EDGE('',*,*,#1311,.T.);
#1311 = EDGE_CURVE('',#1312,#1314,#1316,.T.);
#1312 = VERTEX_POINT('',#1313);
#1313 = CARTESIAN_POINT('',(132.49375403883,-16.49073381694,
    132.17414417122));
#1314 = VERTEX_POINT('',#1315);
#1315 = CARTESIAN_POINT('',(132.49375403883,-16.49073381694,
    132.71111186818));
#1316 = SURFACE_CURVE('',#1317,(#1322,#1333),.PCURVE_S1.);
#1317 = CIRCLE('',#1318,4.);
#1318 = AXIS2_PLACEMENT_3D('',#1319,#1320,#1321);
#1319 = CARTESIAN_POINT('',(132.49375403883,-20.48171319838,
    132.4426280197));
#1320 = DIRECTION('',(-1.,3.10862446895E-14,-8.881784197001E-15));
#1321 = DIRECTION('',(-3.10862446895E-14,-1.,1.665334536937E-16));
#1322 = PCURVE('',#778,#1323);
#1323 = DEFINITIONAL_REPRESENTATION('',(#1324),#1332);
#1324 = ( BOUNDED_CURVE() B_SPLINE_CURVE(2,(#1325,#1326,#1327,#1328,
#1329,#1330,#1331),.UNSPECIFIED.,.T.,.F.) B_SPLINE_CURVE_WITH_KNOTS((1,2
    ,2,2,2,1),(-2.094395102393,0.,2.094395102393,4.188790204786,
6.28318530718,8.377580409573),.UNSPECIFIED.) CURVE() 
GEOMETRIC_REPRESENTATION_ITEM() RATIONAL_B_SPLINE_CURVE((1.,0.5,1.,0.5,
1.,0.5,1.)) REPRESENTATION_ITEM('') );
#1325 = CARTESIAN_POINT('',(10.267857142857,-22.24085685251));
#1326 = CARTESIAN_POINT('',(17.196060373133,-22.24085685251));
#1327 = CARTESIAN_POINT('',(13.731958757995,-28.24085685251));
#1328 = CARTESIAN_POINT('',(10.267857142857,-34.24085685251));
#1329 = CARTESIAN_POINT('',(6.803755527719,-28.24085685251));
#1330 = CARTESIAN_POINT('',(3.339653912582,-22.24085685251));
#1331 = CARTESIAN_POINT('',(10.267857142857,-22.24085685251));
#1332 = ( GEOMETRIC_REPRESENTATION_CONTEXT(2) 
PARAMETRIC_REPRESENTATION_CONTEXT() REPRESENTATION_CONTEXT('2D SPACE',''
  ) );
#1333 = PCURVE('',#1202,#1334);
#1334 = DEFINITIONAL_REPRESENTATION('',(#1335),#1339);
#1335 = LINE('',#1336,#1337);
#1336 = CARTESIAN_POINT('',(6.28318530718,0.));
#1337 = VECTOR('',#1338,1.);
#1338 = DIRECTION('',(-1.,0.));
#1339 = ( GEOMETRIC_REPRESENTATION_CONTEXT(2) 
PARAMETRIC_REPRESENTATION_CONTEXT() REPRESENTATION_CONTEXT('2D SPACE',''
  ) );
#1340 = ORIENTED_EDGE('',*,*,#1341,.T.);
#1341 = EDGE_CURVE('',#1314,#1342,#1344,.T.);
#1342 = VERTEX_POINT('',#1343);
#1343 = CARTESIAN_POINT('',(132.49375403883,-15.02166165199,
    133.10432063017));
#1344 = SURFACE_CURVE('',#1345,(#1350,#1361),.PCURVE_S1.);
#1345 = CIRCLE('',#1346,0.9);
#1346 = AXIS2_PLACEMENT_3D('',#1347,#1348,#1349);
#1347 = CARTESIAN_POINT('',(132.49375403883,-15.63171319838,
    132.4426280197));
#1348 = DIRECTION('',(-1.,3.10862446895E-14,-8.881784197001E-15));
#1349 = DIRECTION('',(3.10862446895E-14,1.,-1.665334536937E-16));
#1350 = PCURVE('',#778,#1351);
#1351 = DEFINITIONAL_REPRESENTATION('',(#1352),#1360);
#1352 = ( BOUNDED_CURVE() B_SPLINE_CURVE(2,(#1353,#1354,#1355,#1356,
#1357,#1358,#1359),.UNSPECIFIED.,.T.,.F.) B_SPLINE_CURVE_WITH_KNOTS((1,2
    ,2,2,2,1),(-2.094395102393,0.,2.094395102393,4.188790204786,
6.28318530718,8.377580409573),.UNSPECIFIED.) CURVE() 
GEOMETRIC_REPRESENTATION_ITEM() RATIONAL_B_SPLINE_CURVE((1.,0.5,1.,0.5,
1.,0.5,1.)) REPRESENTATION_ITEM('') );
#1353 = CARTESIAN_POINT('',(10.267857142857,-31.99085685251));
#1354 = CARTESIAN_POINT('',(8.709011416045,-31.99085685251));
#1355 = CARTESIAN_POINT('',(9.488434279451,-30.64085685251));
#1356 = CARTESIAN_POINT('',(10.267857142857,-29.29085685251));
#1357 = CARTESIAN_POINT('',(11.047280006263,-30.64085685251));
#1358 = CARTESIAN_POINT('',(11.826702869669,-31.99085685251));
#1359 = CARTESIAN_POINT('',(10.267857142857,-31.99085685251));
#1360 = ( GEOMETRIC_REPRESENTATION_CONTEXT(2) 
PARAMETRIC_REPRESENTATION_CONTEXT() REPRESENTATION_CONTEXT('2D SPACE',''
  ) );
#1361 = PCURVE('',#1235,#1362);
#1362 = DEFINITIONAL_REPRESENTATION('',(#1363),#1367);
#1363 = LINE('',#1364,#1365);
#1364 = CARTESIAN_POINT('',(6.28318530718,7.));
#1365 = VECTOR('',#1366,1.);
#1366 = DIRECTION('',(-1.,0.));
#1367 = ( GEOMETRIC_REPRESENTATION_CONTEXT(2) 
PARAMETRIC_REPRESENTATION_CONTEXT() REPRESENTATION_CONTEXT('2D SPACE',''
  ) );
#1368 = ORIENTED_EDGE('',*,*,#1369,.F.);
#1369 = EDGE_CURVE('',#1370,#1342,#1372,.T.);
#1370 = VERTEX_POINT('',#1371);
#1371 = CARTESIAN_POINT('',(132.49375403883,-20.48171319838,
    137.9426280197));
#1372 = SURFACE_CURVE('',#1373,(#1378,#1389),.PCURVE_S1.);
#1373 = CIRCLE('',#1374,5.5);
#1374 = AXIS2_PLACEMENT_3D('',#1375,#1376,#1377);
#1375 = CARTESIAN_POINT('',(132.49375403883,-20.48171319838,
    132.4426280197));
#1376 = DIRECTION('',(-1.,3.10862446895E-14,-8.881784197001E-15));
#1377 = DIRECTION('',(3.10862446895E-14,1.,-1.665334536937E-16));
#1378 = PCURVE('',#778,#1379);
#1379 = DEFINITIONAL_REPRESENTATION('',(#1380),#1388);
#1380 = ( BOUNDED_CURVE() B_SPLINE_CURVE(2,(#1381,#1382,#1383,#1384,
#1385,#1386,#1387),.UNSPECIFIED.,.T.,.F.) B_SPLINE_CURVE_WITH_KNOTS((1,2
    ,2,2,2,1),(-2.094395102393,0.,2.094395102393,4.188790204786,
6.28318530718,8.377580409573),.UNSPECIFIED.) CURVE() 
GEOMETRIC_REPRESENTATION_ITEM() RATIONAL_B_SPLINE_CURVE((1.,0.5,1.,0.5,
1.,0.5,1.)) REPRESENTATION_ITEM('') );
#1381 = CARTESIAN_POINT('',(10.267857142857,-31.74085685251));
#1382 = CARTESIAN_POINT('',(0.741577701228,-31.74085685251));
#1383 = CARTESIAN_POINT('',(5.504717422043,-23.49085685251));
#1384 = CARTESIAN_POINT('',(10.267857142857,-15.24085685251));
#1385 = CARTESIAN_POINT('',(15.030996863671,-23.49085685251));
#1386 = CARTESIAN_POINT('',(19.794136584486,-31.74085685251));
#1387 = CARTESIAN_POINT('',(10.267857142857,-31.74085685251));
#1388 = ( GEOMETRIC_REPRESENTATION_CONTEXT(2) 
PARAMETRIC_REPRESENTATION_CONTEXT() REPRESENTATION_CONTEXT('2D SPACE',''
  ) );
#1389 = PCURVE('',#1390,#1395);
#1390 = TOROIDAL_SURFACE('',#1391,5.5,2.);
#1391 = AXIS2_PLACEMENT_3D('',#1392,#1393,#1394);
#1392 = CARTESIAN_POINT('',(130.49375403883,-20.48171319838,
    132.4426280197));
#1393 = DIRECTION('',(1.,-3.10862446895E-14,8.881784197001E-15));
#1394 = DIRECTION('',(-8.881784197001E-15,-7.730836871166E-29,1.));
#1395 = DEFINITIONAL_REPRESENTATION('',(#1396),#1400);
#1396 = LINE('',#1397,#1398);
#1397 = CARTESIAN_POINT('',(10.995574287564,1.570796326795));
#1398 = VECTOR('',#1399,1.);
#1399 = DIRECTION('',(-1.,1.286153113801E-14));
#1400 = ( GEOMETRIC_REPRESENTATION_CONTEXT(2) 
PARAMETRIC_REPRESENTATION_CONTEXT() REPRESENTATION_CONTEXT('2D SPACE',''
  ) );
#1401 = ORIENTED_EDGE('',*,*,#1402,.F.);
#1402 = EDGE_CURVE('',#1403,#1370,#1405,.T.);
#1403 = VERTEX_POINT('',#1404);
#1404 = CARTESIAN_POINT('',(132.49375403883,-33.48171319839,
    137.9426280197));
#1405 = SURFACE_CURVE('',#1406,(#1410,#1417),.PCURVE_S1.);
#1406 = LINE('',#1407,#1408);
#1407 = CARTESIAN_POINT('',(132.49375403883,-33.60214162464,
    137.9426280197));
#1408 = VECTOR('',#1409,1.);
#1409 = DIRECTION('',(3.10862446895E-14,1.,-1.665334536938E-16));
#1410 = PCURVE('',#778,#1411);
#1411 = DEFINITIONAL_REPRESENTATION('',(#1412),#1416);
#1412 = LINE('',#1413,#1414);
#1413 = CARTESIAN_POINT('',(15.767857142857,-13.12042842625));
#1414 = VECTOR('',#1415,1.);
#1415 = DIRECTION('',(-7.011001295152E-29,-1.));
#1416 = ( GEOMETRIC_REPRESENTATION_CONTEXT(2) 
PARAMETRIC_REPRESENTATION_CONTEXT() REPRESENTATION_CONTEXT('2D SPACE',''
  ) );
#1417 = PCURVE('',#1418,#1423);
#1418 = CYLINDRICAL_SURFACE('',#1419,2.);
#1419 = AXIS2_PLACEMENT_3D('',#1420,#1421,#1422);
#1420 = CARTESIAN_POINT('',(130.49375403883,-33.60214162464,
    137.9426280197));
#1421 = DIRECTION('',(-3.10862446895E-14,-1.,1.665334536938E-16));
#1422 = DIRECTION('',(0.707106781187,-2.186353748717E-14,0.707106781187)
  );
#1423 = DEFINITIONAL_REPRESENTATION('',(#1424),#1428);
#1424 = LINE('',#1425,#1426);
#1425 = CARTESIAN_POINT('',(-0.785398163397,-6.394884621841E-14));
#1426 = VECTOR('',#1427,1.);
#1427 = DIRECTION('',(0.,-1.));
#1428 = ( GEOMETRIC_REPRESENTATION_CONTEXT(2) 
PARAMETRIC_REPRESENTATION_CONTEXT() REPRESENTATION_CONTEXT('2D SPACE',''
  ) );
#1429 = ORIENTED_EDGE('',*,*,#1430,.F.);
#1430 = EDGE_CURVE('',#1431,#1403,#1433,.T.);
#1431 = VERTEX_POINT('',#1432);
#1432 = CARTESIAN_POINT('',(132.49375403883,-38.48171319839,
    142.9426280197));
#1433 = SURFACE_CURVE('',#1434,(#1439,#1446),.PCURVE_S1.);
#1434 = CIRCLE('',#1435,5.);
#1435 = AXIS2_PLACEMENT_3D('',#1436,#1437,#1438);
#1436 = CARTESIAN_POINT('',(132.49375403883,-33.48171319839,
    142.9426280197));
#1437 = DIRECTION('',(1.,-3.10862446895E-14,8.881784197001E-15));
#1438 = DIRECTION('',(-1.570092458684E-14,-0.707106781187,
    -0.707106781187));
#1439 = PCURVE('',#778,#1440);
#1440 = DEFINITIONAL_REPRESENTATION('',(#1441),#1445);
#1441 = CIRCLE('',#1442,5.);
#1442 = AXIS2_PLACEMENT_2D('',#1443,#1444);
#1443 = CARTESIAN_POINT('',(20.767857142857,-13.24085685251));
#1444 = DIRECTION('',(-0.707106781187,0.707106781187));
#1445 = ( GEOMETRIC_REPRESENTATION_CONTEXT(2) 
PARAMETRIC_REPRESENTATION_CONTEXT() REPRESENTATION_CONTEXT('2D SPACE',''
  ) );
#1446 = PCURVE('',#1447,#1452);
#1447 = TOROIDAL_SURFACE('',#1448,5.,2.);
#1448 = AXIS2_PLACEMENT_3D('',#1449,#1450,#1451);
#1449 = CARTESIAN_POINT('',(130.49375403883,-33.48171319839,
    142.9426280197));
#1450 = DIRECTION('',(-1.,3.10862446895E-14,-8.881784197001E-15));
#1451 = DIRECTION('',(8.881784197001E-15,1.025519176787E-28,-1.));
#1452 = DEFINITIONAL_REPRESENTATION('',(#1453),#1457);
#1453 = LINE('',#1454,#1455);
#1454 = CARTESIAN_POINT('',(7.068583470577,4.712388980385));
#1455 = VECTOR('',#1456,1.);
#1456 = DIRECTION('',(-1.,-1.130863886743E-14));
#1457 = ( GEOMETRIC_REPRESENTATION_CONTEXT(2) 
PARAMETRIC_REPRESENTATION_CONTEXT() REPRESENTATION_CONTEXT('2D SPACE',''
  ) );
#1458 = ORIENTED_EDGE('',*,*,#1459,.F.);
#1459 = EDGE_CURVE('',#1460,#1431,#1462,.T.);
#1460 = VERTEX_POINT('',#1461);
#1461 = CARTESIAN_POINT('',(132.49375403883,-38.48171319839,
    148.9426280197));
#1462 = SURFACE_CURVE('',#1463,(#1467,#1474),.PCURVE_S1.);
#1463 = LINE('',#1464,#1465);
#1464 = CARTESIAN_POINT('',(132.49375403883,-38.48171319839,
    135.55869944827));
#1465 = VECTOR('',#1466,1.);
#1466 = DIRECTION('',(8.881784197001E-15,-1.66533453694E-16,-1.));
#1467 = PCURVE('',#778,#1468);
#1468 = DEFINITIONAL_REPRESENTATION('',(#1469),#1473);
#1469 = LINE('',#1470,#1471);
#1470 = CARTESIAN_POINT('',(13.383928571429,-8.240856852515));
#1471 = VECTOR('',#1472,1.);
#1472 = DIRECTION('',(-1.,0.));
#1473 = ( GEOMETRIC_REPRESENTATION_CONTEXT(2) 
PARAMETRIC_REPRESENTATION_CONTEXT() REPRESENTATION_CONTEXT('2D SPACE',''
  ) );
#1474 = PCURVE('',#1475,#1480);
#1475 = CYLINDRICAL_SURFACE('',#1476,2.);
#1476 = AXIS2_PLACEMENT_3D('',#1477,#1478,#1479);
#1477 = CARTESIAN_POINT('',(130.49375403883,-38.48171319839,
    135.55869944827));
#1478 = DIRECTION('',(-8.881784197001E-15,1.66533453694E-16,1.));
#1479 = DIRECTION('',(0.707106781187,0.707106781187,6.162612900334E-15)
  );
#1480 = DEFINITIONAL_REPRESENTATION('',(#1481),#1485);
#1481 = LINE('',#1482,#1483);
#1482 = CARTESIAN_POINT('',(5.497787143782,-2.84217094304E-14));
#1483 = VECTOR('',#1484,1.);
#1484 = DIRECTION('',(0.,-1.));
#1485 = ( GEOMETRIC_REPRESENTATION_CONTEXT(2) 
PARAMETRIC_REPRESENTATION_CONTEXT() REPRESENTATION_CONTEXT('2D SPACE',''
  ) );
#1486 = ORIENTED_EDGE('',*,*,#1487,.T.);
#1487 = EDGE_CURVE('',#1460,#674,#1488,.T.);
#1488 = SURFACE_CURVE('',#1489,(#1493,#1500),.PCURVE_S1.);
#1489 = LINE('',#1490,#1491);
#1490 = CARTESIAN_POINT('',(132.49375403883,-36.48171319839,
    148.9426280197));
#1491 = VECTOR('',#1492,1.);
#1492 = DIRECTION('',(-3.10862446895E-14,-1.,1.665334536937E-16));
#1493 = PCURVE('',#778,#1494);
#1494 = DEFINITIONAL_REPRESENTATION('',(#1495),#1499);
#1495 = LINE('',#1496,#1497);
#1496 = CARTESIAN_POINT('',(26.767857142858,-10.24085685251));
#1497 = VECTOR('',#1498,1.);
#1498 = DIRECTION('',(-8.874685183736E-31,1.));
#1499 = ( GEOMETRIC_REPRESENTATION_CONTEXT(2) 
PARAMETRIC_REPRESENTATION_CONTEXT() REPRESENTATION_CONTEXT('2D SPACE',''
  ) );
#1500 = PCURVE('',#696,#1501);
#1501 = DEFINITIONAL_REPRESENTATION('',(#1502),#1506);
#1502 = LINE('',#1503,#1504);
#1503 = CARTESIAN_POINT('',(20.481999999998,-2.499999999999));
#1504 = VECTOR('',#1505,1.);
#1505 = DIRECTION('',(-1.,-1.479114197289E-30));
#1506 = ( GEOMETRIC_REPRESENTATION_CONTEXT(2) 
PARAMETRIC_REPRESENTATION_CONTEXT() REPRESENTATION_CONTEXT('2D SPACE',''
  ) );
#1507 = ORIENTED_EDGE('',*,*,#764,.F.);
#1508 = ORIENTED_EDGE('',*,*,#1509,.F.);
#1509 = EDGE_CURVE('',#1510,#737,#1512,.T.);
#1510 = VERTEX_POINT('',#1511);
#1511 = CARTESIAN_POINT('',(132.49375403883,-40.48171319839,
    143.88525423637));
#1512 = SURFACE_CURVE('',#1513,(#1517,#1524),.PCURVE_S1.);
#1513 = LINE('',#1514,#1515);
#1514 = CARTESIAN_POINT('',(132.49375403883,-56.96371319839,
    143.88525423637));
#1515 = VECTOR('',#1516,1.);
#1516 = DIRECTION('',(-2.6645352591E-14,-1.,0.));
#1517 = PCURVE('',#778,#1518);
#1518 = DEFINITIONAL_REPRESENTATION('',(#1519),#1523);
#1519 = LINE('',#1520,#1521);
#1520 = CARTESIAN_POINT('',(21.710483359522,10.241143147487));
#1521 = VECTOR('',#1522,1.);
#1522 = DIRECTION('',(-1.665334536937E-16,1.));
#1523 = ( GEOMETRIC_REPRESENTATION_CONTEXT(2) 
PARAMETRIC_REPRESENTATION_CONTEXT() REPRESENTATION_CONTEXT('2D SPACE',''
  ) );
#1524 = PCURVE('',#752,#1525);
#1525 = DEFINITIONAL_REPRESENTATION('',(#1526),#1530);
#1526 = LINE('',#1527,#1528);
#1527 = CARTESIAN_POINT('',(16.482000000002,-2.500000000001));
#1528 = VECTOR('',#1529,1.);
#1529 = DIRECTION('',(1.,-4.440892098501E-15));
#1530 = ( GEOMETRIC_REPRESENTATION_CONTEXT(2) 
PARAMETRIC_REPRESENTATION_CONTEXT() REPRESENTATION_CONTEXT('2D SPACE',''
  ) );
#1531 = ORIENTED_EDGE('',*,*,#1532,.T.);
#1532 = EDGE_CURVE('',#1510,#1533,#1535,.T.);
#1533 = VERTEX_POINT('',#1534);
#1534 = CARTESIAN_POINT('',(132.49375403883,-40.48171319839,
    135.9426280197));
#1535 = SURFACE_CURVE('',#1536,(#1540,#1547),.PCURVE_S1.);
#1536 = LINE('',#1537,#1538);
#1537 = CARTESIAN_POINT('',(132.49375403883,-40.48171319839,
    143.88525423637));
#1538 = VECTOR('',#1539,1.);
#1539 = DIRECTION('',(8.881784197009E-15,2.531154498278E-13,-1.));
#1540 = PCURVE('',#778,#1541);
#1541 = DEFINITIONAL_REPRESENTATION('',(#1542),#1546);
#1542 = LINE('',#1543,#1544);
#1543 = CARTESIAN_POINT('',(21.710483359522,-6.240856852513));
#1544 = VECTOR('',#1545,1.);
#1545 = DIRECTION('',(-1.,-2.532819832815E-13));
#1546 = ( GEOMETRIC_REPRESENTATION_CONTEXT(2) 
PARAMETRIC_REPRESENTATION_CONTEXT() REPRESENTATION_CONTEXT('2D SPACE',''
  ) );
#1547 = PCURVE('',#1548,#1553);
#1548 = PLANE('',#1549);
#1549 = AXIS2_PLACEMENT_3D('',#1550,#1551,#1552);
#1550 = CARTESIAN_POINT('',(125.99375403883,-40.48171319838,
    139.9426280197));
#1551 = DIRECTION('',(1.33226762955E-14,1.,-1.665334536939E-16));
#1552 = DIRECTION('',(-8.881784197001E-15,1.66533453694E-16,1.));
#1553 = DEFINITIONAL_REPRESENTATION('',(#1554),#1558);
#1554 = LINE('',#1555,#1556);
#1555 = CARTESIAN_POINT('',(3.942626216665,6.499999999999));
#1556 = VECTOR('',#1557,1.);
#1557 = DIRECTION('',(-1.,4.505973490622E-27));
#1558 = ( GEOMETRIC_REPRESENTATION_CONTEXT(2) 
PARAMETRIC_REPRESENTATION_CONTEXT() REPRESENTATION_CONTEXT('2D SPACE',''
  ) );
#1559 = ORIENTED_EDGE('',*,*,#1560,.T.);
#1560 = EDGE_CURVE('',#1533,#1561,#1563,.T.);
#1561 = VERTEX_POINT('',#1562);
#1562 = CARTESIAN_POINT('',(132.49375403883,-35.58138206893,
    135.9426280197));
#1563 = SURFACE_CURVE('',#1564,(#1568,#1575),.PCURVE_S1.);
#1564 = LINE('',#1565,#1566);
#1565 = CARTESIAN_POINT('',(132.49375403883,-40.48171319839,
    135.9426280197));
#1566 = VECTOR('',#1567,1.);
#1567 = DIRECTION('',(3.10862446895E-14,1.,-1.665334536937E-16));
#1568 = PCURVE('',#778,#1569);
#1569 = DEFINITIONAL_REPRESENTATION('',(#1570),#1574);
#1570 = LINE('',#1571,#1572);
#1571 = CARTESIAN_POINT('',(13.767857142857,-6.240856852515));
#1572 = VECTOR('',#1573,1.);
#1573 = DIRECTION('',(8.874685183736E-31,-1.));
#1574 = ( GEOMETRIC_REPRESENTATION_CONTEXT(2) 
PARAMETRIC_REPRESENTATION_CONTEXT() REPRESENTATION_CONTEXT('2D SPACE',''
  ) );
#1575 = PCURVE('',#1576,#1581);
#1576 = PLANE('',#1577);
#1577 = AXIS2_PLACEMENT_3D('',#1578,#1579,#1580);
#1578 = CARTESIAN_POINT('',(125.99375403883,-80.48171319838,
    135.9426280197));
#1579 = DIRECTION('',(4.440892098501E-15,-1.665334536939E-16,-1.));
#1580 = DIRECTION('',(1.536271110325E-14,1.,-1.665334536938E-16));
#1581 = DEFINITIONAL_REPRESENTATION('',(#1582),#1586);
#1582 = LINE('',#1583,#1584);
#1583 = CARTESIAN_POINT('',(39.999999999998,6.499999999999));
#1584 = VECTOR('',#1585,1.);
#1585 = DIRECTION('',(1.,1.572353358625E-14));
#1586 = ( GEOMETRIC_REPRESENTATION_CONTEXT(2) 
PARAMETRIC_REPRESENTATION_CONTEXT() REPRESENTATION_CONTEXT('2D SPACE',''
  ) );
#1587 = ORIENTED_EDGE('',*,*,#1588,.F.);
#1588 = EDGE_CURVE('',#1589,#1561,#1591,.T.);
#1589 = VERTEX_POINT('',#1590);
#1590 = CARTESIAN_POINT('',(132.49375403883,-35.44710695211,
    128.40691373399));
#1591 = SURFACE_CURVE('',#1592,(#1597,#1608),.PCURVE_S1.);
#1592 = CIRCLE('',#1593,15.5);
#1593 = AXIS2_PLACEMENT_3D('',#1594,#1595,#1596);
#1594 = CARTESIAN_POINT('',(132.49375403883,-20.48171319838,
    132.4426280197));
#1595 = DIRECTION('',(-1.,3.10862446895E-14,-8.881784197001E-15));
#1596 = DIRECTION('',(-3.10862446895E-14,-1.,1.665334536937E-16));
#1597 = PCURVE('',#778,#1598);
#1598 = DEFINITIONAL_REPRESENTATION('',(#1599),#1607);
#1599 = ( BOUNDED_CURVE() B_SPLINE_CURVE(2,(#1600,#1601,#1602,#1603,
#1604,#1605,#1606),.UNSPECIFIED.,.T.,.F.) B_SPLINE_CURVE_WITH_KNOTS((1,2
    ,2,2,2,1),(-2.094395102393,0.,2.094395102393,4.188790204786,
6.28318530718,8.377580409573),.UNSPECIFIED.) CURVE() 
GEOMETRIC_REPRESENTATION_ITEM() RATIONAL_B_SPLINE_CURVE((1.,0.5,1.,0.5,
1.,0.5,1.)) REPRESENTATION_ITEM('') );
#1600 = CARTESIAN_POINT('',(10.267857142857,-10.74085685251));
#1601 = CARTESIAN_POINT('',(37.114644660175,-10.74085685251));
#1602 = CARTESIAN_POINT('',(23.691250901516,-33.99085685251));
#1603 = CARTESIAN_POINT('',(10.267857142857,-57.24085685251));
#1604 = CARTESIAN_POINT('',(-3.155536615802,-33.99085685251));
#1605 = CARTESIAN_POINT('',(-16.57893037446,-10.74085685251));
#1606 = CARTESIAN_POINT('',(10.267857142857,-10.74085685251));
#1607 = ( GEOMETRIC_REPRESENTATION_CONTEXT(2) 
PARAMETRIC_REPRESENTATION_CONTEXT() REPRESENTATION_CONTEXT('2D SPACE',''
  ) );
#1608 = PCURVE('',#1609,#1614);
#1609 = CYLINDRICAL_SURFACE('',#1610,15.5);
#1610 = AXIS2_PLACEMENT_3D('',#1611,#1612,#1613);
#1611 = CARTESIAN_POINT('',(125.99375403883,-20.48171319838,
    132.4426280197));
#1612 = DIRECTION('',(1.,-1.554312234475E-14,4.440892098501E-15));
#1613 = DIRECTION('',(-1.554312234475E-14,-1.,1.665334536938E-16));
#1614 = DEFINITIONAL_REPRESENTATION('',(#1615),#1619);
#1615 = LINE('',#1616,#1617);
#1616 = CARTESIAN_POINT('',(6.28318530718,6.5));
#1617 = VECTOR('',#1618,1.);
#1618 = DIRECTION('',(-1.,-1.157295084134E-13));
#1619 = ( GEOMETRIC_REPRESENTATION_CONTEXT(2) 
PARAMETRIC_REPRESENTATION_CONTEXT() REPRESENTATION_CONTEXT('2D SPACE',''
  ) );
#1620 = ORIENTED_EDGE('',*,*,#1621,.T.);
#1621 = EDGE_CURVE('',#1589,#1622,#1624,.T.);
#1622 = VERTEX_POINT('',#1623);
#1623 = CARTESIAN_POINT('',(132.49375403883,-40.48171319839,
    128.40691373399));
#1624 = SURFACE_CURVE('',#1625,(#1629,#1636),.PCURVE_S1.);
#1625 = LINE('',#1626,#1627);
#1626 = CARTESIAN_POINT('',(132.49375403883,-80.48171319838,
    128.40691373399));
#1627 = VECTOR('',#1628,1.);
#1628 = DIRECTION('',(-1.536271110325E-14,-1.,1.665334536938E-16));
#1629 = PCURVE('',#778,#1630);
#1630 = DEFINITIONAL_REPRESENTATION('',(#1631),#1635);
#1631 = LINE('',#1632,#1633);
#1632 = CARTESIAN_POINT('',(6.232142857143,33.759143147483));
#1633 = VECTOR('',#1634,1.);
#1634 = DIRECTION('',(4.437342591868E-31,1.));
#1635 = ( GEOMETRIC_REPRESENTATION_CONTEXT(2) 
PARAMETRIC_REPRESENTATION_CONTEXT() REPRESENTATION_CONTEXT('2D SPACE',''
  ) );
#1636 = PCURVE('',#1637,#1642);
#1637 = PLANE('',#1638);
#1638 = AXIS2_PLACEMENT_3D('',#1639,#1640,#1641);
#1639 = CARTESIAN_POINT('',(125.99375403883,-8.803343542223,
    128.40691373399));
#1640 = DIRECTION('',(-4.440892098501E-15,1.665334536939E-16,1.));
#1641 = DIRECTION('',(-1.536271110325E-14,-1.,1.665334536938E-16));
#1642 = DEFINITIONAL_REPRESENTATION('',(#1643),#1647);
#1643 = LINE('',#1644,#1645);
#1644 = CARTESIAN_POINT('',(71.678369656166,6.5));
#1645 = VECTOR('',#1646,1.);
#1646 = DIRECTION('',(1.,7.39557098645E-31));
#1647 = ( GEOMETRIC_REPRESENTATION_CONTEXT(2) 
PARAMETRIC_REPRESENTATION_CONTEXT() REPRESENTATION_CONTEXT('2D SPACE',''
  ) );
#1648 = ORIENTED_EDGE('',*,*,#1649,.T.);
#1649 = EDGE_CURVE('',#1622,#1650,#1652,.T.);
#1650 = VERTEX_POINT('',#1651);
#1651 = CARTESIAN_POINT('',(132.49375403883,-40.48171319839,
    120.9426280197));
#1652 = SURFACE_CURVE('',#1653,(#1657,#1664),.PCURVE_S1.);
#1653 = LINE('',#1654,#1655);
#1654 = CARTESIAN_POINT('',(132.49375403883,-40.48171319839,
    128.40691373399));
#1655 = VECTOR('',#1656,1.);
#1656 = DIRECTION('',(6.520128821577E-15,-2.673287977976E-13,-1.));
#1657 = PCURVE('',#778,#1658);
#1658 = DEFINITIONAL_REPRESENTATION('',(#1659),#1663);
#1659 = LINE('',#1660,#1661);
#1660 = CARTESIAN_POINT('',(6.232142857143,-6.240856852515));
#1661 = VECTOR('',#1662,1.);
#1662 = DIRECTION('',(-1.,2.671622643439E-13));
#1663 = ( GEOMETRIC_REPRESENTATION_CONTEXT(2) 
PARAMETRIC_REPRESENTATION_CONTEXT() REPRESENTATION_CONTEXT('2D SPACE',''
  ) );
#1664 = PCURVE('',#1665,#1670);
#1665 = PLANE('',#1666);
#1666 = AXIS2_PLACEMENT_3D('',#1667,#1668,#1669);
#1667 = CARTESIAN_POINT('',(125.99375403883,-40.48171319838,
    128.40691373399));
#1668 = DIRECTION('',(1.33226762955E-14,1.,-1.665334536939E-16));
#1669 = DIRECTION('',(-8.881784197001E-15,1.66533453694E-16,1.));
#1670 = DEFINITIONAL_REPRESENTATION('',(#1671),#1675);
#1671 = LINE('',#1672,#1673);
#1672 = CARTESIAN_POINT('',(9.65449942214E-13,6.499999999999));
#1673 = VECTOR('',#1674,1.);
#1674 = DIRECTION('',(-1.,-2.36165537542E-15));
#1675 = ( GEOMETRIC_REPRESENTATION_CONTEXT(2) 
PARAMETRIC_REPRESENTATION_CONTEXT() REPRESENTATION_CONTEXT('2D SPACE',''
  ) );
#1676 = ORIENTED_EDGE('',*,*,#1677,.T.);
#1677 = EDGE_CURVE('',#1650,#1678,#1680,.T.);
#1678 = VERTEX_POINT('',#1679);
#1679 = CARTESIAN_POINT('',(132.49375403883,-38.48171319839,
    120.9426280197));
#1680 = SURFACE_CURVE('',#1681,(#1685,#1692),.PCURVE_S1.);
#1681 = LINE('',#1682,#1683);
#1682 = CARTESIAN_POINT('',(132.49375403883,-43.09299821266,
    120.9426280197));
#1683 = VECTOR('',#1684,1.);
#1684 = DIRECTION('',(3.10862446895E-14,1.,-1.665334536937E-16));
#1685 = PCURVE('',#778,#1686);
#1686 = DEFINITIONAL_REPRESENTATION('',(#1687),#1691);
#1687 = LINE('',#1688,#1689);
#1688 = CARTESIAN_POINT('',(-1.232142857143,-3.62957183824));
#1689 = VECTOR('',#1690,1.);
#1690 = DIRECTION('',(8.874685183736E-31,-1.));
#1691 = ( GEOMETRIC_REPRESENTATION_CONTEXT(2) 
PARAMETRIC_REPRESENTATION_CONTEXT() REPRESENTATION_CONTEXT('2D SPACE',''
  ) );
#1692 = PCURVE('',#384,#1693);
#1693 = DEFINITIONAL_REPRESENTATION('',(#1694),#1698);
#1694 = LINE('',#1695,#1696);
#1695 = CARTESIAN_POINT('',(1.006247905767,-0.120428217639));
#1696 = VECTOR('',#1697,1.);
#1697 = DIRECTION('',(1.479114197289E-30,-1.));
#1698 = ( GEOMETRIC_REPRESENTATION_CONTEXT(2) 
PARAMETRIC_REPRESENTATION_CONTEXT() REPRESENTATION_CONTEXT('2D SPACE',''
  ) );
#1699 = ORIENTED_EDGE('',*,*,#1700,.F.);
#1700 = EDGE_CURVE('',#1701,#1678,#1703,.T.);
#1701 = VERTEX_POINT('',#1702);
#1702 = CARTESIAN_POINT('',(132.49375403883,-38.48171319839,
    121.9426280197));
#1703 = SURFACE_CURVE('',#1704,(#1708,#1715),.PCURVE_S1.);
#1704 = LINE('',#1705,#1706);
#1705 = CARTESIAN_POINT('',(132.49375403883,-38.48171319839,
    123.55869944827));
#1706 = VECTOR('',#1707,1.);
#1707 = DIRECTION('',(8.881784197001E-15,-1.66533453694E-16,-1.));
#1708 = PCURVE('',#778,#1709);
#1709 = DEFINITIONAL_REPRESENTATION('',(#1710),#1714);
#1710 = LINE('',#1711,#1712);
#1711 = CARTESIAN_POINT('',(1.383928571429,-8.240856852515));
#1712 = VECTOR('',#1713,1.);
#1713 = DIRECTION('',(-1.,0.));
#1714 = ( GEOMETRIC_REPRESENTATION_CONTEXT(2) 
PARAMETRIC_REPRESENTATION_CONTEXT() REPRESENTATION_CONTEXT('2D SPACE',''
  ) );
#1715 = PCURVE('',#1716,#1721);
#1716 = CYLINDRICAL_SURFACE('',#1717,2.);
#1717 = AXIS2_PLACEMENT_3D('',#1718,#1719,#1720);
#1718 = CARTESIAN_POINT('',(130.49375403883,-38.48171319839,
    123.55869944827));
#1719 = DIRECTION('',(-8.881784197001E-15,1.66533453694E-16,1.));
#1720 = DIRECTION('',(0.707106781187,0.707106781187,6.162612900334E-15)
  );
#1721 = DEFINITIONAL_REPRESENTATION('',(#1722),#1726);
#1722 = LINE('',#1723,#1724);
#1723 = CARTESIAN_POINT('',(-0.785398163397,-1.42108547152E-14));
#1724 = VECTOR('',#1725,1.);
#1725 = DIRECTION('',(0.,-1.));
#1726 = ( GEOMETRIC_REPRESENTATION_CONTEXT(2) 
PARAMETRIC_REPRESENTATION_CONTEXT() REPRESENTATION_CONTEXT('2D SPACE',''
  ) );
#1727 = ORIENTED_EDGE('',*,*,#1728,.F.);
#1728 = EDGE_CURVE('',#1729,#1701,#1731,.T.);
#1729 = VERTEX_POINT('',#1730);
#1730 = CARTESIAN_POINT('',(132.49375403883,-33.48171319839,
    126.9426280197));
#1731 = SURFACE_CURVE('',#1732,(#1737,#1744),.PCURVE_S1.);
#1732 = CIRCLE('',#1733,5.);
#1733 = AXIS2_PLACEMENT_3D('',#1734,#1735,#1736);
#1734 = CARTESIAN_POINT('',(132.49375403883,-33.48171319839,
    121.9426280197));
#1735 = DIRECTION('',(1.,-3.10862446895E-14,8.881784197001E-15));
#1736 = DIRECTION('',(-2.826166425631E-14,-0.707106781187,0.707106781187
    ));
#1737 = PCURVE('',#778,#1738);
#1738 = DEFINITIONAL_REPRESENTATION('',(#1739),#1743);
#1739 = CIRCLE('',#1740,5.);
#1740 = AXIS2_PLACEMENT_2D('',#1741,#1742);
#1741 = CARTESIAN_POINT('',(-0.232142857143,-13.24085685251));
#1742 = DIRECTION('',(0.707106781187,0.707106781187));
#1743 = ( GEOMETRIC_REPRESENTATION_CONTEXT(2) 
PARAMETRIC_REPRESENTATION_CONTEXT() REPRESENTATION_CONTEXT('2D SPACE',''
  ) );
#1744 = PCURVE('',#1745,#1750);
#1745 = TOROIDAL_SURFACE('',#1746,5.,2.);
#1746 = AXIS2_PLACEMENT_3D('',#1747,#1748,#1749);
#1747 = CARTESIAN_POINT('',(130.49375403883,-33.48171319839,
    121.9426280197));
#1748 = DIRECTION('',(-1.,3.10862446895E-14,-8.881784197001E-15));
#1749 = DIRECTION('',(8.881784197001E-15,1.025519176787E-28,-1.));
#1750 = DEFINITIONAL_REPRESENTATION('',(#1751),#1755);
#1751 = LINE('',#1752,#1753);
#1752 = CARTESIAN_POINT('',(8.639379797372,4.712388980385));
#1753 = VECTOR('',#1754,1.);
#1754 = DIRECTION('',(-1.,1.58320944144E-14));
#1755 = ( GEOMETRIC_REPRESENTATION_CONTEXT(2) 
PARAMETRIC_REPRESENTATION_CONTEXT() REPRESENTATION_CONTEXT('2D SPACE',''
  ) );
#1756 = ORIENTED_EDGE('',*,*,#1757,.F.);
#1757 = EDGE_CURVE('',#1758,#1729,#1760,.T.);
#1758 = VERTEX_POINT('',#1759);
#1759 = CARTESIAN_POINT('',(132.49375403883,-20.48171319838,
    126.9426280197));
#1760 = SURFACE_CURVE('',#1761,(#1765,#1772),.PCURVE_S1.);
#1761 = LINE('',#1762,#1763);
#1762 = CARTESIAN_POINT('',(132.49375403883,-63.60214162464,
    126.9426280197));
#1763 = VECTOR('',#1764,1.);
#1764 = DIRECTION('',(-3.10862446895E-14,-1.,1.665334536938E-16));
#1765 = PCURVE('',#778,#1766);
#1766 = DEFINITIONAL_REPRESENTATION('',(#1767),#1771);
#1767 = LINE('',#1768,#1769);
#1768 = CARTESIAN_POINT('',(4.767857142857,16.879571573741));
#1769 = VECTOR('',#1770,1.);
#1770 = DIRECTION('',(7.011001295152E-29,1.));
#1771 = ( GEOMETRIC_REPRESENTATION_CONTEXT(2) 
PARAMETRIC_REPRESENTATION_CONTEXT() REPRESENTATION_CONTEXT('2D SPACE',''
  ) );
#1772 = PCURVE('',#1773,#1778);
#1773 = CYLINDRICAL_SURFACE('',#1774,2.);
#1774 = AXIS2_PLACEMENT_3D('',#1775,#1776,#1777);
#1775 = CARTESIAN_POINT('',(130.49375403883,-63.60214162464,
    126.9426280197));
#1776 = DIRECTION('',(3.10862446895E-14,1.,-1.665334536938E-16));
#1777 = DIRECTION('',(0.707106781187,-2.209905135597E-14,-0.707106781187
    ));
#1778 = DEFINITIONAL_REPRESENTATION('',(#1779),#1783);
#1779 = LINE('',#1780,#1781);
#1780 = CARTESIAN_POINT('',(-0.785398163397,5.684341886081E-14));
#1781 = VECTOR('',#1782,1.);
#1782 = DIRECTION('',(0.,-1.));
#1783 = ( GEOMETRIC_REPRESENTATION_CONTEXT(2) 
PARAMETRIC_REPRESENTATION_CONTEXT() REPRESENTATION_CONTEXT('2D SPACE',''
  ) );
#1784 = ORIENTED_EDGE('',*,*,#1785,.F.);
#1785 = EDGE_CURVE('',#1786,#1758,#1788,.T.);
#1786 = VERTEX_POINT('',#1787);
#1787 = CARTESIAN_POINT('',(132.49375403883,-15.02166165199,
    131.78093540924));
#1788 = SURFACE_CURVE('',#1789,(#1794,#1805),.PCURVE_S1.);
#1789 = CIRCLE('',#1790,5.5);
#1790 = AXIS2_PLACEMENT_3D('',#1791,#1792,#1793);
#1791 = CARTESIAN_POINT('',(132.49375403883,-20.48171319838,
    132.4426280197));
#1792 = DIRECTION('',(-1.,3.10862446895E-14,-8.881784197001E-15));
#1793 = DIRECTION('',(3.10862446895E-14,1.,-1.665334536937E-16));
#1794 = PCURVE('',#778,#1795);
#1795 = DEFINITIONAL_REPRESENTATION('',(#1796),#1804);
#1796 = ( BOUNDED_CURVE() B_SPLINE_CURVE(2,(#1797,#1798,#1799,#1800,
#1801,#1802,#1803),.UNSPECIFIED.,.T.,.F.) B_SPLINE_CURVE_WITH_KNOTS((1,2
    ,2,2,2,1),(-2.094395102393,0.,2.094395102393,4.188790204786,
6.28318530718,8.377580409573),.UNSPECIFIED.) CURVE() 
GEOMETRIC_REPRESENTATION_ITEM() RATIONAL_B_SPLINE_CURVE((1.,0.5,1.,0.5,
1.,0.5,1.)) REPRESENTATION_ITEM('') );
#1797 = CARTESIAN_POINT('',(10.267857142857,-31.74085685251));
#1798 = CARTESIAN_POINT('',(0.741577701228,-31.74085685251));
#1799 = CARTESIAN_POINT('',(5.504717422043,-23.49085685251));
#1800 = CARTESIAN_POINT('',(10.267857142857,-15.24085685251));
#1801 = CARTESIAN_POINT('',(15.030996863671,-23.49085685251));
#1802 = CARTESIAN_POINT('',(19.794136584486,-31.74085685251));
#1803 = CARTESIAN_POINT('',(10.267857142857,-31.74085685251));
#1804 = ( GEOMETRIC_REPRESENTATION_CONTEXT(2) 
PARAMETRIC_REPRESENTATION_CONTEXT() REPRESENTATION_CONTEXT('2D SPACE',''
  ) );
#1805 = PCURVE('',#1390,#1806);
#1806 = DEFINITIONAL_REPRESENTATION('',(#1807),#1811);
#1807 = LINE('',#1808,#1809);
#1808 = CARTESIAN_POINT('',(4.712388980385,1.570796326795));
#1809 = VECTOR('',#1810,1.);
#1810 = DIRECTION('',(-1.,-1.76080485818E-14));
#1811 = ( GEOMETRIC_REPRESENTATION_CONTEXT(2) 
PARAMETRIC_REPRESENTATION_CONTEXT() REPRESENTATION_CONTEXT('2D SPACE',''
  ) );
#1812 = ORIENTED_EDGE('',*,*,#1813,.T.);
#1813 = EDGE_CURVE('',#1786,#1312,#1814,.T.);
#1814 = SURFACE_CURVE('',#1815,(#1820,#1831),.PCURVE_S1.);
#1815 = CIRCLE('',#1816,0.9);
#1816 = AXIS2_PLACEMENT_3D('',#1817,#1818,#1819);
#1817 = CARTESIAN_POINT('',(132.49375403883,-15.63171319838,
    132.4426280197));
#1818 = DIRECTION('',(-1.,3.10862446895E-14,-8.881784197001E-15));
#1819 = DIRECTION('',(3.10862446895E-14,1.,-1.665334536937E-16));
#1820 = PCURVE('',#778,#1821);
#1821 = DEFINITIONAL_REPRESENTATION('',(#1822),#1830);
#1822 = ( BOUNDED_CURVE() B_SPLINE_CURVE(2,(#1823,#1824,#1825,#1826,
#1827,#1828,#1829),.UNSPECIFIED.,.T.,.F.) B_SPLINE_CURVE_WITH_KNOTS((1,2
    ,2,2,2,1),(-2.094395102393,0.,2.094395102393,4.188790204786,
6.28318530718,8.377580409573),.UNSPECIFIED.) CURVE() 
GEOMETRIC_REPRESENTATION_ITEM() RATIONAL_B_SPLINE_CURVE((1.,0.5,1.,0.5,
1.,0.5,1.)) REPRESENTATION_ITEM('') );
#1823 = CARTESIAN_POINT('',(10.267857142857,-31.99085685251));
#1824 = CARTESIAN_POINT('',(8.709011416045,-31.99085685251));
#1825 = CARTESIAN_POINT('',(9.488434279451,-30.64085685251));
#1826 = CARTESIAN_POINT('',(10.267857142857,-29.29085685251));
#1827 = CARTESIAN_POINT('',(11.047280006263,-30.64085685251));
#1828 = CARTESIAN_POINT('',(11.826702869669,-31.99085685251));
#1829 = CARTESIAN_POINT('',(10.267857142857,-31.99085685251));
#1830 = ( GEOMETRIC_REPRESENTATION_CONTEXT(2) 
PARAMETRIC_REPRESENTATION_CONTEXT() REPRESENTATION_CONTEXT('2D SPACE',''
  ) );
#1831 = PCURVE('',#1235,#1832);
#1832 = DEFINITIONAL_REPRESENTATION('',(#1833),#1837);
#1833 = LINE('',#1834,#1835);
#1834 = CARTESIAN_POINT('',(-2.48689957516E-14,7.));
#1835 = VECTOR('',#1836,1.);
#1836 = DIRECTION('',(-1.,0.));
#1837 = ( GEOMETRIC_REPRESENTATION_CONTEXT(2) 
PARAMETRIC_REPRESENTATION_CONTEXT() REPRESENTATION_CONTEXT('2D SPACE',''
  ) );
#1838 = FACE_BOUND('',#1839,.T.);
#1839 = EDGE_LOOP('',(#1840));
#1840 = ORIENTED_EDGE('',*,*,#1036,.T.);
#1841 = FACE_BOUND('',#1842,.T.);
#1842 = EDGE_LOOP('',(#1843));
#1843 = ORIENTED_EDGE('',*,*,#1122,.T.);
#1844 = ADVANCED_FACE('',(#1845),#1859,.F.);
#1845 = FACE_BOUND('',#1846,.F.);
#1846 = EDGE_LOOP('',(#1847,#1877,#1910,#1938));
#1847 = ORIENTED_EDGE('',*,*,#1848,.T.);
#1848 = EDGE_CURVE('',#1849,#1851,#1853,.T.);
#1849 = VERTEX_POINT('',#1850);
#1850 = CARTESIAN_POINT('',(130.5000019446,-38.48171319839,
    115.9426280197));
#1851 = VERTEX_POINT('',#1852);
#1852 = CARTESIAN_POINT('',(130.5000019446,-38.46342637442,
    115.9426280197));
#1853 = SURFACE_CURVE('',#1854,(#1858,#1870),.PCURVE_S1.);
#1854 = LINE('',#1855,#1856);
#1855 = CARTESIAN_POINT('',(130.5000019446,-39.46342637442,
    115.9426280197));
#1856 = VECTOR('',#1857,1.);
#1857 = DIRECTION('',(3.10862446895E-14,1.,-1.665334536937E-16));
#1858 = PCURVE('',#1859,#1864);
#1859 = CYLINDRICAL_SURFACE('',#1860,2.);
#1860 = AXIS2_PLACEMENT_3D('',#1861,#1862,#1863);
#1861 = CARTESIAN_POINT('',(130.49375403883,-39.46342637442,
    117.9426280197));
#1862 = DIRECTION('',(3.10862446895E-14,1.,-1.665334536937E-16));
#1863 = DIRECTION('',(0.707106781187,-2.209905135597E-14,-0.707106781187
    ));
#1864 = DEFINITIONAL_REPRESENTATION('',(#1865),#1869);
#1865 = LINE('',#1866,#1867);
#1866 = CARTESIAN_POINT('',(7.065459527856,0.));
#1867 = VECTOR('',#1868,1.);
#1868 = DIRECTION('',(0.,1.));
#1869 = ( GEOMETRIC_REPRESENTATION_CONTEXT(2) 
PARAMETRIC_REPRESENTATION_CONTEXT() REPRESENTATION_CONTEXT('2D SPACE',''
  ) );
#1870 = PCURVE('',#328,#1871);
#1871 = DEFINITIONAL_REPRESENTATION('',(#1872),#1876);
#1872 = LINE('',#1873,#1874);
#1873 = CARTESIAN_POINT('',(3.,3.750000055879));
#1874 = VECTOR('',#1875,1.);
#1875 = DIRECTION('',(1.479114197289E-30,1.));
#1876 = ( GEOMETRIC_REPRESENTATION_CONTEXT(2) 
PARAMETRIC_REPRESENTATION_CONTEXT() REPRESENTATION_CONTEXT('2D SPACE',''
  ) );
#1877 = ORIENTED_EDGE('',*,*,#1878,.T.);
#1878 = EDGE_CURVE('',#1851,#1879,#1881,.T.);
#1879 = VERTEX_POINT('',#1880);
#1880 = CARTESIAN_POINT('',(132.49375403883,-38.46342637442,
    117.9426280197));
#1881 = SURFACE_CURVE('',#1882,(#1887,#1894),.PCURVE_S1.);
#1882 = CIRCLE('',#1883,2.);
#1883 = AXIS2_PLACEMENT_3D('',#1884,#1885,#1886);
#1884 = CARTESIAN_POINT('',(130.49375403883,-38.46342637442,
    117.9426280197));
#1885 = DIRECTION('',(-3.10862446895E-14,-1.,1.665334536937E-16));
#1886 = DIRECTION('',(0.707106781187,-2.209905135597E-14,-0.707106781187
    ));
#1887 = PCURVE('',#1859,#1888);
#1888 = DEFINITIONAL_REPRESENTATION('',(#1889),#1893);
#1889 = LINE('',#1890,#1891);
#1890 = CARTESIAN_POINT('',(12.566370614359,1.));
#1891 = VECTOR('',#1892,1.);
#1892 = DIRECTION('',(-1.,0.));
#1893 = ( GEOMETRIC_REPRESENTATION_CONTEXT(2) 
PARAMETRIC_REPRESENTATION_CONTEXT() REPRESENTATION_CONTEXT('2D SPACE',''
  ) );
#1894 = PCURVE('',#1895,#1900);
#1895 = PLANE('',#1896);
#1896 = AXIS2_PLACEMENT_3D('',#1897,#1898,#1899);
#1897 = CARTESIAN_POINT('',(134.5000019446,-38.46342637442,
    115.9426280197));
#1898 = DIRECTION('',(3.10862446895E-14,1.,-1.665334536937E-16));
#1899 = DIRECTION('',(-1.,3.10862446895E-14,-8.881784197001E-15));
#1900 = DEFINITIONAL_REPRESENTATION('',(#1901),#1909);
#1901 = ( BOUNDED_CURVE() B_SPLINE_CURVE(2,(#1902,#1903,#1904,#1905,
#1906,#1907,#1908),.UNSPECIFIED.,.T.,.F.) B_SPLINE_CURVE_WITH_KNOTS((1,2
    ,2,2,2,1),(-2.094395102393,0.,2.094395102393,4.188790204786,
6.28318530718,8.377580409573),.UNSPECIFIED.) CURVE() 
GEOMETRIC_REPRESENTATION_ITEM() RATIONAL_B_SPLINE_CURVE((1.,0.5,1.,0.5,
1.,0.5,1.)) REPRESENTATION_ITEM('') );
#1902 = CARTESIAN_POINT('',(2.592034343393,0.585786437627));
#1903 = CARTESIAN_POINT('',(0.14254460061,3.03527618041));
#1904 = CARTESIAN_POINT('',(3.488609815561,3.931851652578));
#1905 = CARTESIAN_POINT('',(6.834675030512,4.828427124746));
#1906 = CARTESIAN_POINT('',(5.938099558344,1.482361909795));
#1907 = CARTESIAN_POINT('',(5.041524086176,-1.863703305156));
#1908 = CARTESIAN_POINT('',(2.592034343393,0.585786437627));
#1909 = ( GEOMETRIC_REPRESENTATION_CONTEXT(2) 
PARAMETRIC_REPRESENTATION_CONTEXT() REPRESENTATION_CONTEXT('2D SPACE',''
  ) );
#1910 = ORIENTED_EDGE('',*,*,#1911,.F.);
#1911 = EDGE_CURVE('',#1912,#1879,#1914,.T.);
#1912 = VERTEX_POINT('',#1913);
#1913 = CARTESIAN_POINT('',(132.49375403883,-38.48171319839,
    117.9426280197));
#1914 = SURFACE_CURVE('',#1915,(#1919,#1926),.PCURVE_S1.);
#1915 = LINE('',#1916,#1917);
#1916 = CARTESIAN_POINT('',(132.49375403883,-39.46342637442,
    117.9426280197));
#1917 = VECTOR('',#1918,1.);
#1918 = DIRECTION('',(3.10862446895E-14,1.,-1.665334536937E-16));
#1919 = PCURVE('',#1859,#1920);
#1920 = DEFINITIONAL_REPRESENTATION('',(#1921),#1925);
#1921 = LINE('',#1922,#1923);
#1922 = CARTESIAN_POINT('',(5.497787143782,6.394884621841E-14));
#1923 = VECTOR('',#1924,1.);
#1924 = DIRECTION('',(0.,1.));
#1925 = ( GEOMETRIC_REPRESENTATION_CONTEXT(2) 
PARAMETRIC_REPRESENTATION_CONTEXT() REPRESENTATION_CONTEXT('2D SPACE',''
  ) );
#1926 = PCURVE('',#1927,#1932);
#1927 = PLANE('',#1928);
#1928 = AXIS2_PLACEMENT_3D('',#1929,#1930,#1931);
#1929 = CARTESIAN_POINT('',(132.49375403883,-39.46342637442,
    117.9426280197));
#1930 = DIRECTION('',(-1.,3.10862446895E-14,-8.881784197001E-15));
#1931 = DIRECTION('',(-8.881784197001E-15,1.66533453694E-16,1.));
#1932 = DEFINITIONAL_REPRESENTATION('',(#1933),#1937);
#1933 = LINE('',#1934,#1935);
#1934 = CARTESIAN_POINT('',(0.,0.));
#1935 = VECTOR('',#1936,1.);
#1936 = DIRECTION('',(8.874685183736E-31,1.));
#1937 = ( GEOMETRIC_REPRESENTATION_CONTEXT(2) 
PARAMETRIC_REPRESENTATION_CONTEXT() REPRESENTATION_CONTEXT('2D SPACE',''
  ) );
#1938 = ORIENTED_EDGE('',*,*,#1939,.T.);
#1939 = EDGE_CURVE('',#1912,#1849,#1940,.T.);
#1940 = SURFACE_CURVE('',#1941,(#1946,#1953),.PCURVE_S1.);
#1941 = CIRCLE('',#1942,2.);
#1942 = AXIS2_PLACEMENT_3D('',#1943,#1944,#1945);
#1943 = CARTESIAN_POINT('',(130.49375403883,-38.48171319839,
    117.9426280197));
#1944 = DIRECTION('',(3.10862446895E-14,1.,7.007557121364E-16));
#1945 = DIRECTION('',(0.707106781187,-2.148578530557E-14,-0.707106781187
    ));
#1946 = PCURVE('',#1859,#1947);
#1947 = DEFINITIONAL_REPRESENTATION('',(#1948),#1952);
#1948 = LINE('',#1949,#1950);
#1949 = CARTESIAN_POINT('',(6.217248937901E-15,0.981713176035));
#1950 = VECTOR('',#1951,1.);
#1951 = DIRECTION('',(1.,0.));
#1952 = ( GEOMETRIC_REPRESENTATION_CONTEXT(2) 
PARAMETRIC_REPRESENTATION_CONTEXT() REPRESENTATION_CONTEXT('2D SPACE',''
  ) );
#1953 = PCURVE('',#1954,#1959);
#1954 = SPHERICAL_SURFACE('',#1955,2.);
#1955 = AXIS2_PLACEMENT_3D('',#1956,#1957,#1958);
#1956 = CARTESIAN_POINT('',(130.49375403883,-38.48171319839,
    117.9426280197));
#1957 = DIRECTION('',(-0.816496580928,0.408248290464,-0.408248290464));
#1958 = DIRECTION('',(0.57735026919,0.57735026919,-0.57735026919));
#1959 = DEFINITIONAL_REPRESENTATION('',(#1960),#1986);
#1960 = B_SPLINE_CURVE_WITH_KNOTS('',3,(#1961,#1962,#1963,#1964,#1965,
    #1966,#1967,#1968,#1969,#1970,#1971,#1972,#1973,#1974,#1975,#1976,
    #1977,#1978,#1979,#1980,#1981,#1982,#1983,#1984,#1985),
  .UNSPECIFIED.,.F.,.F.,(4,1,1,1,1,1,1,1,1,1,1,1,1,1,1,1,1,1,1,1,1,1,4),
  (5.497787143782,5.569044979422,5.640302815062,5.711560650701,
    5.782818486341,5.854076321981,5.925334157621,5.99659199326,
    6.0678498289,6.13910766454,6.210365500179,6.281623335819,
    6.352881171459,6.424139007099,6.495396842738,6.566654678378,
    6.637912514018,6.709170349658,6.780428185297,6.851686020937,
    6.922943856577,6.994201692217,7.065459527856),
  .QUASI_UNIFORM_KNOTS.);
#1961 = CARTESIAN_POINT('',(6.28318530718,-0.955316618124));
#1962 = CARTESIAN_POINT('',(6.312252991881,-0.93850639412));
#1963 = CARTESIAN_POINT('',(6.366328049354,-0.903745732133));
#1964 = CARTESIAN_POINT('',(6.437080589054,-0.848777918404));
#1965 = CARTESIAN_POINT('',(6.499411333741,-0.791635998203));
#1966 = CARTESIAN_POINT('',(6.554847767168,-0.732766559963));
#1967 = CARTESIAN_POINT('',(6.604666657927,-0.672527349702));
#1968 = CARTESIAN_POINT('',(6.649901367324,-0.611192179703));
#1969 = CARTESIAN_POINT('',(6.691395861053,-0.548977061975));
#1970 = CARTESIAN_POINT('',(6.729841469198,-0.4860535966));
#1971 = CARTESIAN_POINT('',(6.76581031636,-0.42256046493));
#1972 = CARTESIAN_POINT('',(6.799781604793,-0.358611539909));
#1973 = CARTESIAN_POINT('',(6.832162833992,-0.294302089238));
#1974 = CARTESIAN_POINT('',(6.863306735359,-0.229713469001));
#1975 = CARTESIAN_POINT('',(6.893524981473,-0.164916779007));
#1976 = CARTESIAN_POINT('',(6.923099479478,-9.99757761901E-02));
#1977 = CARTESIAN_POINT('',(6.952291936702,-3.494927912795E-02));
#1978 = CARTESIAN_POINT('',(6.981352281814,3.010675632247E-02));
#1979 = CARTESIAN_POINT('',(7.010526377172,9.513735999862E-02));
#1980 = CARTESIAN_POINT('',(7.040063660491,0.160086694352));
#1981 = CARTESIAN_POINT('',(7.070224397728,0.224896294499));
#1982 = CARTESIAN_POINT('',(7.101289749749,0.289502578391));
#1983 = CARTESIAN_POINT('',(7.133564816523,0.353836095618));
#1984 = CARTESIAN_POINT('',(7.156130763328,0.39648709833));
#1985 = CARTESIAN_POINT('',(7.167733924049,0.417739760986));
#1986 = ( GEOMETRIC_REPRESENTATION_CONTEXT(2) 
PARAMETRIC_REPRESENTATION_CONTEXT() REPRESENTATION_CONTEXT('2D SPACE',''
  ) );
#1987 = ADVANCED_FACE('',(#1988),#1927,.T.);
#1988 = FACE_BOUND('',#1989,.T.);
#1989 = EDGE_LOOP('',(#1990,#2011,#2034,#2055));
#1990 = ORIENTED_EDGE('',*,*,#1991,.F.);
#1991 = EDGE_CURVE('',#1678,#1912,#1992,.T.);
#1992 = SURFACE_CURVE('',#1993,(#1997,#2004),.PCURVE_S1.);
#1993 = LINE('',#1994,#1995);
#1994 = CARTESIAN_POINT('',(132.49375403883,-38.48171319839,
    123.55869944827));
#1995 = VECTOR('',#1996,1.);
#1996 = DIRECTION('',(8.881784197001E-15,-1.66533453694E-16,-1.));
#1997 = PCURVE('',#1927,#1998);
#1998 = DEFINITIONAL_REPRESENTATION('',(#1999),#2003);
#1999 = LINE('',#2000,#2001);
#2000 = CARTESIAN_POINT('',(5.616071428572,0.981713176035));
#2001 = VECTOR('',#2002,1.);
#2002 = DIRECTION('',(-1.,0.));
#2003 = ( GEOMETRIC_REPRESENTATION_CONTEXT(2) 
PARAMETRIC_REPRESENTATION_CONTEXT() REPRESENTATION_CONTEXT('2D SPACE',''
  ) );
#2004 = PCURVE('',#1716,#2005);
#2005 = DEFINITIONAL_REPRESENTATION('',(#2006),#2010);
#2006 = LINE('',#2007,#2008);
#2007 = CARTESIAN_POINT('',(-0.785398163397,-1.42108547152E-14));
#2008 = VECTOR('',#2009,1.);
#2009 = DIRECTION('',(0.,-1.));
#2010 = ( GEOMETRIC_REPRESENTATION_CONTEXT(2) 
PARAMETRIC_REPRESENTATION_CONTEXT() REPRESENTATION_CONTEXT('2D SPACE',''
  ) );
#2011 = ORIENTED_EDGE('',*,*,#2012,.T.);
#2012 = EDGE_CURVE('',#1678,#2013,#2015,.T.);
#2013 = VERTEX_POINT('',#2014);
#2014 = CARTESIAN_POINT('',(132.49375403883,-38.46342637442,
    120.9426280197));
#2015 = SURFACE_CURVE('',#2016,(#2020,#2027),.PCURVE_S1.);
#2016 = LINE('',#2017,#2018);
#2017 = CARTESIAN_POINT('',(132.49375403883,-39.46342637442,
    120.9426280197));
#2018 = VECTOR('',#2019,1.);
#2019 = DIRECTION('',(3.10862446895E-14,1.,-1.665334536937E-16));
#2020 = PCURVE('',#1927,#2021);
#2021 = DEFINITIONAL_REPRESENTATION('',(#2022),#2026);
#2022 = LINE('',#2023,#2024);
#2023 = CARTESIAN_POINT('',(3.,-4.99600361082E-16));
#2024 = VECTOR('',#2025,1.);
#2025 = DIRECTION('',(8.874685183736E-31,1.));
#2026 = ( GEOMETRIC_REPRESENTATION_CONTEXT(2) 
PARAMETRIC_REPRESENTATION_CONTEXT() REPRESENTATION_CONTEXT('2D SPACE',''
  ) );
#2027 = PCURVE('',#384,#2028);
#2028 = DEFINITIONAL_REPRESENTATION('',(#2029),#2033);
#2029 = LINE('',#2030,#2031);
#2030 = CARTESIAN_POINT('',(1.006247905766,-3.750000055879));
#2031 = VECTOR('',#2032,1.);
#2032 = DIRECTION('',(1.479114197289E-30,-1.));
#2033 = ( GEOMETRIC_REPRESENTATION_CONTEXT(2) 
PARAMETRIC_REPRESENTATION_CONTEXT() REPRESENTATION_CONTEXT('2D SPACE',''
  ) );
#2034 = ORIENTED_EDGE('',*,*,#2035,.F.);
#2035 = EDGE_CURVE('',#1879,#2013,#2036,.T.);
#2036 = SURFACE_CURVE('',#2037,(#2041,#2048),.PCURVE_S1.);
#2037 = LINE('',#2038,#2039);
#2038 = CARTESIAN_POINT('',(132.49375403883,-38.46342637442,
    121.55869944827));
#2039 = VECTOR('',#2040,1.);
#2040 = DIRECTION('',(-8.881784197001E-15,1.66533453694E-16,1.));
#2041 = PCURVE('',#1927,#2042);
#2042 = DEFINITIONAL_REPRESENTATION('',(#2043),#2047);
#2043 = LINE('',#2044,#2045);
#2044 = CARTESIAN_POINT('',(3.616071428572,1.));
#2045 = VECTOR('',#2046,1.);
#2046 = DIRECTION('',(1.,0.));
#2047 = ( GEOMETRIC_REPRESENTATION_CONTEXT(2) 
PARAMETRIC_REPRESENTATION_CONTEXT() REPRESENTATION_CONTEXT('2D SPACE',''
  ) );
#2048 = PCURVE('',#1895,#2049);
#2049 = DEFINITIONAL_REPRESENTATION('',(#2050),#2054);
#2050 = LINE('',#2051,#2052);
#2051 = CARTESIAN_POINT('',(2.006247905766,5.616071428572));
#2052 = VECTOR('',#2053,1.);
#2053 = DIRECTION('',(-6.310887241768E-30,1.));
#2054 = ( GEOMETRIC_REPRESENTATION_CONTEXT(2) 
PARAMETRIC_REPRESENTATION_CONTEXT() REPRESENTATION_CONTEXT('2D SPACE',''
  ) );
#2055 = ORIENTED_EDGE('',*,*,#1911,.F.);
#2056 = ADVANCED_FACE('',(#2057),#1895,.T.);
#2057 = FACE_BOUND('',#2058,.T.);
#2058 = EDGE_LOOP('',(#2059,#2082,#2083,#2084,#2107));
#2059 = ORIENTED_EDGE('',*,*,#2060,.T.);
#2060 = EDGE_CURVE('',#2061,#1851,#2063,.T.);
#2061 = VERTEX_POINT('',#2062);
#2062 = CARTESIAN_POINT('',(134.5000019446,-38.46342637442,
    115.9426280197));
#2063 = SURFACE_CURVE('',#2064,(#2068,#2075),.PCURVE_S1.);
#2064 = LINE('',#2065,#2066);
#2065 = CARTESIAN_POINT('',(134.5000019446,-38.46342637442,
    115.9426280197));
#2066 = VECTOR('',#2067,1.);
#2067 = DIRECTION('',(-1.,3.10862446895E-14,-8.881784197001E-15));
#2068 = PCURVE('',#1895,#2069);
#2069 = DEFINITIONAL_REPRESENTATION('',(#2070),#2074);
#2070 = LINE('',#2071,#2072);
#2071 = CARTESIAN_POINT('',(0.,0.));
#2072 = VECTOR('',#2073,1.);
#2073 = DIRECTION('',(1.,0.));
#2074 = ( GEOMETRIC_REPRESENTATION_CONTEXT(2) 
PARAMETRIC_REPRESENTATION_CONTEXT() REPRESENTATION_CONTEXT('2D SPACE',''
  ) );
#2075 = PCURVE('',#328,#2076);
#2076 = DEFINITIONAL_REPRESENTATION('',(#2077),#2081);
#2077 = LINE('',#2078,#2079);
#2078 = CARTESIAN_POINT('',(-1.,4.750000055879));
#2079 = VECTOR('',#2080,1.);
#2080 = DIRECTION('',(1.,1.479114197289E-30));
#2081 = ( GEOMETRIC_REPRESENTATION_CONTEXT(2) 
PARAMETRIC_REPRESENTATION_CONTEXT() REPRESENTATION_CONTEXT('2D SPACE',''
  ) );
#2082 = ORIENTED_EDGE('',*,*,#1878,.T.);
#2083 = ORIENTED_EDGE('',*,*,#2035,.T.);
#2084 = ORIENTED_EDGE('',*,*,#2085,.T.);
#2085 = EDGE_CURVE('',#2013,#2086,#2088,.T.);
#2086 = VERTEX_POINT('',#2087);
#2087 = CARTESIAN_POINT('',(134.5000019446,-38.46342637442,
    120.9426280197));
#2088 = SURFACE_CURVE('',#2089,(#2093,#2100),.PCURVE_S1.);
#2089 = LINE('',#2090,#2091);
#2090 = CARTESIAN_POINT('',(134.5000019446,-38.46342637442,
    120.9426280197));
#2091 = VECTOR('',#2092,1.);
#2092 = DIRECTION('',(1.,-3.10862446895E-14,8.881784197001E-15));
#2093 = PCURVE('',#1895,#2094);
#2094 = DEFINITIONAL_REPRESENTATION('',(#2095),#2099);
#2095 = LINE('',#2096,#2097);
#2096 = CARTESIAN_POINT('',(-4.440892098501E-14,5.));
#2097 = VECTOR('',#2098,1.);
#2098 = DIRECTION('',(-1.,0.));
#2099 = ( GEOMETRIC_REPRESENTATION_CONTEXT(2) 
PARAMETRIC_REPRESENTATION_CONTEXT() REPRESENTATION_CONTEXT('2D SPACE',''
  ) );
#2100 = PCURVE('',#384,#2101);
#2101 = DEFINITIONAL_REPRESENTATION('',(#2102),#2106);
#2102 = LINE('',#2103,#2104);
#2103 = CARTESIAN_POINT('',(-1.,-4.750000055879));
#2104 = VECTOR('',#2105,1.);
#2105 = DIRECTION('',(-1.,1.479114197289E-30));
#2106 = ( GEOMETRIC_REPRESENTATION_CONTEXT(2) 
PARAMETRIC_REPRESENTATION_CONTEXT() REPRESENTATION_CONTEXT('2D SPACE',''
  ) );
#2107 = ORIENTED_EDGE('',*,*,#2108,.T.);
#2108 = EDGE_CURVE('',#2086,#2061,#2109,.T.);
#2109 = SURFACE_CURVE('',#2110,(#2114,#2121),.PCURVE_S1.);
#2110 = LINE('',#2111,#2112);
#2111 = CARTESIAN_POINT('',(134.5000019446,-38.46342637442,
    115.9426280197));
#2112 = VECTOR('',#2113,1.);
#2113 = DIRECTION('',(8.881784197001E-15,-1.66533453694E-16,-1.));
#2114 = PCURVE('',#1895,#2115);
#2115 = DEFINITIONAL_REPRESENTATION('',(#2116),#2120);
#2116 = LINE('',#2117,#2118);
#2117 = CARTESIAN_POINT('',(0.,0.));
#2118 = VECTOR('',#2119,1.);
#2119 = DIRECTION('',(6.310887241768E-30,-1.));
#2120 = ( GEOMETRIC_REPRESENTATION_CONTEXT(2) 
PARAMETRIC_REPRESENTATION_CONTEXT() REPRESENTATION_CONTEXT('2D SPACE',''
  ) );
#2121 = PCURVE('',#356,#2122);
#2122 = DEFINITIONAL_REPRESENTATION('',(#2123),#2127);
#2123 = LINE('',#2124,#2125);
#2124 = CARTESIAN_POINT('',(8.500000111759,1.415534375008E-15));
#2125 = VECTOR('',#2126,1.);
#2126 = DIRECTION('',(-8.874685183736E-31,-1.));
#2127 = ( GEOMETRIC_REPRESENTATION_CONTEXT(2) 
PARAMETRIC_REPRESENTATION_CONTEXT() REPRESENTATION_CONTEXT('2D SPACE',''
  ) );
#2128 = ADVANCED_FACE('',(#2129),#412,.T.);
#2129 = FACE_BOUND('',#2130,.T.);
#2130 = EDGE_LOOP('',(#2131,#2132,#2133,#2156,#2179,#2207,#2235,#2256));
#2131 = ORIENTED_EDGE('',*,*,#600,.F.);
#2132 = ORIENTED_EDGE('',*,*,#396,.F.);
#2133 = ORIENTED_EDGE('',*,*,#2134,.F.);
#2134 = EDGE_CURVE('',#2135,#369,#2137,.T.);
#2135 = VERTEX_POINT('',#2136);
#2136 = CARTESIAN_POINT('',(130.5000019446,-40.48171319838,
    120.9426280197));
#2137 = SURFACE_CURVE('',#2138,(#2142,#2149),.PCURVE_S1.);
#2138 = LINE('',#2139,#2140);
#2139 = CARTESIAN_POINT('',(130.5000019446,-56.86342648618,
    120.9426280197));
#2140 = VECTOR('',#2141,1.);
#2141 = DIRECTION('',(-2.6645352591E-14,-1.,0.));
#2142 = PCURVE('',#412,#2143);
#2143 = DEFINITIONAL_REPRESENTATION('',(#2144),#2148);
#2144 = LINE('',#2145,#2146);
#2145 = CARTESIAN_POINT('',(-5.,17.400000111759));
#2146 = VECTOR('',#2147,1.);
#2147 = DIRECTION('',(1.665334536937E-16,1.));
#2148 = ( GEOMETRIC_REPRESENTATION_CONTEXT(2) 
PARAMETRIC_REPRESENTATION_CONTEXT() REPRESENTATION_CONTEXT('2D SPACE',''
  ) );
#2149 = PCURVE('',#384,#2150);
#2150 = DEFINITIONAL_REPRESENTATION('',(#2151),#2155);
#2151 = LINE('',#2152,#2153);
#2152 = CARTESIAN_POINT('',(3.,13.650000055879));
#2153 = VECTOR('',#2154,1.);
#2154 = DIRECTION('',(-4.440892098501E-15,1.));
#2155 = ( GEOMETRIC_REPRESENTATION_CONTEXT(2) 
PARAMETRIC_REPRESENTATION_CONTEXT() REPRESENTATION_CONTEXT('2D SPACE',''
  ) );
#2156 = ORIENTED_EDGE('',*,*,#2157,.F.);
#2157 = EDGE_CURVE('',#2158,#2135,#2160,.T.);
#2158 = VERTEX_POINT('',#2159);
#2159 = CARTESIAN_POINT('',(130.5000019446,-40.48171319839,
    120.88525389364));
#2160 = SURFACE_CURVE('',#2161,(#2165,#2172),.PCURVE_S1.);
#2161 = LINE('',#2162,#2163);
#2162 = CARTESIAN_POINT('',(130.5000019446,-40.48171319838,
    122.17477087684));
#2163 = VECTOR('',#2164,1.);
#2164 = DIRECTION('',(-8.881784197001E-15,1.66533453694E-16,1.));
#2165 = PCURVE('',#412,#2166);
#2166 = DEFINITIONAL_REPRESENTATION('',(#2167),#2171);
#2167 = LINE('',#2168,#2169);
#2168 = CARTESIAN_POINT('',(-6.232142857143,1.018286823963));
#2169 = VECTOR('',#2170,1.);
#2170 = DIRECTION('',(-1.,0.));
#2171 = ( GEOMETRIC_REPRESENTATION_CONTEXT(2) 
PARAMETRIC_REPRESENTATION_CONTEXT() REPRESENTATION_CONTEXT('2D SPACE',''
  ) );
#2172 = PCURVE('',#1665,#2173);
#2173 = DEFINITIONAL_REPRESENTATION('',(#2174),#2178);
#2174 = LINE('',#2175,#2176);
#2175 = CARTESIAN_POINT('',(-6.232142857142,4.506247905766));
#2176 = VECTOR('',#2177,1.);
#2177 = DIRECTION('',(1.,0.));
#2178 = ( GEOMETRIC_REPRESENTATION_CONTEXT(2) 
PARAMETRIC_REPRESENTATION_CONTEXT() REPRESENTATION_CONTEXT('2D SPACE',''
  ) );
#2179 = ORIENTED_EDGE('',*,*,#2180,.F.);
#2180 = EDGE_CURVE('',#2181,#2158,#2183,.T.);
#2181 = VERTEX_POINT('',#2182);
#2182 = CARTESIAN_POINT('',(130.5000019446,-40.46342638932,
    120.88525389364));
#2183 = SURFACE_CURVE('',#2184,(#2188,#2195),.PCURVE_S1.);
#2184 = LINE('',#2185,#2186);
#2185 = CARTESIAN_POINT('',(130.5000019446,-42.71342642285,
    120.88525389364));
#2186 = VECTOR('',#2187,1.);
#2187 = DIRECTION('',(-3.10862446895E-14,-1.,1.665334536937E-16));
#2188 = PCURVE('',#412,#2189);
#2189 = DEFINITIONAL_REPRESENTATION('',(#2190),#2194);
#2190 = LINE('',#2191,#2192);
#2191 = CARTESIAN_POINT('',(-4.942625873938,3.250000048429));
#2192 = VECTOR('',#2193,1.);
#2193 = DIRECTION('',(8.874685183736E-31,1.));
#2194 = ( GEOMETRIC_REPRESENTATION_CONTEXT(2) 
PARAMETRIC_REPRESENTATION_CONTEXT() REPRESENTATION_CONTEXT('2D SPACE',''
  ) );
#2195 = PCURVE('',#2196,#2201);
#2196 = PLANE('',#2197);
#2197 = AXIS2_PLACEMENT_3D('',#2198,#2199,#2200);
#2198 = CARTESIAN_POINT('',(132.49375403883,-45.96342647128,
    120.88525389364));
#2199 = DIRECTION('',(-8.881784197001E-15,1.66533453694E-16,1.));
#2200 = DIRECTION('',(3.10862446895E-14,1.,-1.665334536937E-16));
#2201 = DEFINITIONAL_REPRESENTATION('',(#2202),#2206);
#2202 = LINE('',#2203,#2204);
#2203 = CARTESIAN_POINT('',(3.250000048429,1.993752094233));
#2204 = VECTOR('',#2205,1.);
#2205 = DIRECTION('',(-1.,-1.479114197289E-30));
#2206 = ( GEOMETRIC_REPRESENTATION_CONTEXT(2) 
PARAMETRIC_REPRESENTATION_CONTEXT() REPRESENTATION_CONTEXT('2D SPACE',''
  ) );
#2207 = ORIENTED_EDGE('',*,*,#2208,.F.);
#2208 = EDGE_CURVE('',#2209,#2181,#2211,.T.);
#2209 = VERTEX_POINT('',#2210);
#2210 = CARTESIAN_POINT('',(130.5000019446,-40.46342638932,
    115.9426280197));
#2211 = SURFACE_CURVE('',#2212,(#2216,#2223),.PCURVE_S1.);
#2212 = LINE('',#2213,#2214);
#2213 = CARTESIAN_POINT('',(130.5000019446,-40.46342638932,
    118.41394095667));
#2214 = VECTOR('',#2215,1.);
#2215 = DIRECTION('',(-8.881784197001E-15,1.66533453694E-16,1.));
#2216 = PCURVE('',#412,#2217);
#2217 = DEFINITIONAL_REPRESENTATION('',(#2218),#2222);
#2218 = LINE('',#2219,#2220);
#2219 = CARTESIAN_POINT('',(-2.471312936969,1.000000014901));
#2220 = VECTOR('',#2221,1.);
#2221 = DIRECTION('',(-1.,0.));
#2222 = ( GEOMETRIC_REPRESENTATION_CONTEXT(2) 
PARAMETRIC_REPRESENTATION_CONTEXT() REPRESENTATION_CONTEXT('2D SPACE',''
  ) );
#2223 = PCURVE('',#2224,#2229);
#2224 = PLANE('',#2225);
#2225 = AXIS2_PLACEMENT_3D('',#2226,#2227,#2228);
#2226 = CARTESIAN_POINT('',(132.49375403883,-40.46342638932,
    120.88525389364));
#2227 = DIRECTION('',(3.10862446895E-14,1.,-1.665334536937E-16));
#2228 = DIRECTION('',(8.881784197001E-15,-1.66533453694E-16,-1.));
#2229 = DEFINITIONAL_REPRESENTATION('',(#2230),#2234);
#2230 = LINE('',#2231,#2232);
#2231 = CARTESIAN_POINT('',(2.471312936969,1.993752094233));
#2232 = VECTOR('',#2233,1.);
#2233 = DIRECTION('',(-1.,0.));
#2234 = ( GEOMETRIC_REPRESENTATION_CONTEXT(2) 
PARAMETRIC_REPRESENTATION_CONTEXT() REPRESENTATION_CONTEXT('2D SPACE',''
  ) );
#2235 = ORIENTED_EDGE('',*,*,#2236,.T.);
#2236 = EDGE_CURVE('',#2209,#548,#2237,.T.);
#2237 = SURFACE_CURVE('',#2238,(#2242,#2249),.PCURVE_S1.);
#2238 = LINE('',#2239,#2240);
#2239 = CARTESIAN_POINT('',(130.5000019446,-39.46342637442,
    115.9426280197));
#2240 = VECTOR('',#2241,1.);
#2241 = DIRECTION('',(-3.10862446895E-14,-1.,1.665334536937E-16));
#2242 = PCURVE('',#412,#2243);
#2243 = DEFINITIONAL_REPRESENTATION('',(#2244),#2248);
#2244 = LINE('',#2245,#2246);
#2245 = CARTESIAN_POINT('',(0.,0.));
#2246 = VECTOR('',#2247,1.);
#2247 = DIRECTION('',(8.874685183736E-31,1.));
#2248 = ( GEOMETRIC_REPRESENTATION_CONTEXT(2) 
PARAMETRIC_REPRESENTATION_CONTEXT() REPRESENTATION_CONTEXT('2D SPACE',''
  ) );
#2249 = PCURVE('',#328,#2250);
#2250 = DEFINITIONAL_REPRESENTATION('',(#2251),#2255);
#2251 = LINE('',#2252,#2253);
#2252 = CARTESIAN_POINT('',(3.,3.750000055879));
#2253 = VECTOR('',#2254,1.);
#2254 = DIRECTION('',(-1.479114197289E-30,-1.));
#2255 = ( GEOMETRIC_REPRESENTATION_CONTEXT(2) 
PARAMETRIC_REPRESENTATION_CONTEXT() REPRESENTATION_CONTEXT('2D SPACE',''
  ) );
#2256 = ORIENTED_EDGE('',*,*,#2257,.F.);
#2257 = EDGE_CURVE('',#601,#548,#2258,.T.);
#2258 = SURFACE_CURVE('',#2259,(#2263,#2270),.PCURVE_S1.);
#2259 = LINE('',#2260,#2261);
#2260 = CARTESIAN_POINT('',(130.5000019446,-45.96342647128,
    114.16394089334));
#2261 = VECTOR('',#2262,1.);
#2262 = DIRECTION('',(8.881784197001E-15,-1.66533453694E-16,-1.));
#2263 = PCURVE('',#412,#2264);
#2264 = DEFINITIONAL_REPRESENTATION('',(#2265),#2269);
#2265 = LINE('',#2266,#2267);
#2266 = CARTESIAN_POINT('',(1.778687126361,6.500000096857));
#2267 = VECTOR('',#2268,1.);
#2268 = DIRECTION('',(1.,0.));
#2269 = ( GEOMETRIC_REPRESENTATION_CONTEXT(2) 
PARAMETRIC_REPRESENTATION_CONTEXT() REPRESENTATION_CONTEXT('2D SPACE',''
  ) );
#2270 = PCURVE('',#564,#2271);
#2271 = DEFINITIONAL_REPRESENTATION('',(#2272),#2276);
#2272 = LINE('',#2273,#2274);
#2273 = CARTESIAN_POINT('',(1.778687126361,1.993752094233));
#2274 = VECTOR('',#2275,1.);
#2275 = DIRECTION('',(-1.,0.));
#2276 = ( GEOMETRIC_REPRESENTATION_CONTEXT(2) 
PARAMETRIC_REPRESENTATION_CONTEXT() REPRESENTATION_CONTEXT('2D SPACE',''
  ) );
#2277 = ADVANCED_FACE('',(#2278),#2290,.T.);
#2278 = FACE_BOUND('',#2279,.T.);
#2279 = EDGE_LOOP('',(#2280,#2308,#2329,#2353,#2381));
#2280 = ORIENTED_EDGE('',*,*,#2281,.F.);
#2281 = EDGE_CURVE('',#2282,#1849,#2284,.T.);
#2282 = VERTEX_POINT('',#2283);
#2283 = CARTESIAN_POINT('',(130.5000019446,-39.46342637442,
    115.9426280197));
#2284 = SURFACE_CURVE('',#2285,(#2289,#2301),.PCURVE_S1.);
#2285 = LINE('',#2286,#2287);
#2286 = CARTESIAN_POINT('',(130.5000019446,-39.46342637442,
    115.9426280197));
#2287 = VECTOR('',#2288,1.);
#2288 = DIRECTION('',(3.10862446895E-14,1.,-1.665334536937E-16));
#2289 = PCURVE('',#2290,#2295);
#2290 = CYLINDRICAL_SURFACE('',#2291,2.);
#2291 = AXIS2_PLACEMENT_3D('',#2292,#2293,#2294);
#2292 = CARTESIAN_POINT('',(130.49375403883,-41.60214162464,
    117.9426280197));
#2293 = DIRECTION('',(3.10862446895E-14,1.,7.007557121364E-16));
#2294 = DIRECTION('',(0.707106781187,-2.148578530557E-14,-0.707106781187
    ));
#2295 = DEFINITIONAL_REPRESENTATION('',(#2296),#2300);
#2296 = LINE('',#2297,#2298);
#2297 = CARTESIAN_POINT('',(0.782274220676,2.138715250222));
#2298 = VECTOR('',#2299,1.);
#2299 = DIRECTION('',(5.08906647356E-15,1.));
#2300 = ( GEOMETRIC_REPRESENTATION_CONTEXT(2) 
PARAMETRIC_REPRESENTATION_CONTEXT() REPRESENTATION_CONTEXT('2D SPACE',''
  ) );
#2301 = PCURVE('',#328,#2302);
#2302 = DEFINITIONAL_REPRESENTATION('',(#2303),#2307);
#2303 = LINE('',#2304,#2305);
#2304 = CARTESIAN_POINT('',(3.,3.750000055879));
#2305 = VECTOR('',#2306,1.);
#2306 = DIRECTION('',(1.479114197289E-30,1.));
#2307 = ( GEOMETRIC_REPRESENTATION_CONTEXT(2) 
PARAMETRIC_REPRESENTATION_CONTEXT() REPRESENTATION_CONTEXT('2D SPACE',''
  ) );
#2308 = ORIENTED_EDGE('',*,*,#2309,.T.);
#2309 = EDGE_CURVE('',#2282,#2209,#2310,.T.);
#2310 = SURFACE_CURVE('',#2311,(#2315,#2322),.PCURVE_S1.);
#2311 = LINE('',#2312,#2313);
#2312 = CARTESIAN_POINT('',(130.5000019446,-41.60214162464,
    115.94263777881));
#2313 = VECTOR('',#2314,1.);
#2314 = DIRECTION('',(-3.10862446895E-14,-1.,-7.007557121364E-16));
#2315 = PCURVE('',#2290,#2316);
#2316 = DEFINITIONAL_REPRESENTATION('',(#2317),#2321);
#2317 = LINE('',#2318,#2319);
#2318 = CARTESIAN_POINT('',(0.782274205433,-7.105427357601E-15));
#2319 = VECTOR('',#2320,1.);
#2320 = DIRECTION('',(4.996003536367E-15,-1.));
#2321 = ( GEOMETRIC_REPRESENTATION_CONTEXT(2) 
PARAMETRIC_REPRESENTATION_CONTEXT() REPRESENTATION_CONTEXT('2D SPACE',''
  ) );
#2322 = PCURVE('',#328,#2323);
#2323 = DEFINITIONAL_REPRESENTATION('',(#2324),#2328);
#2324 = LINE('',#2325,#2326);
#2325 = CARTESIAN_POINT('',(3.,1.611284805657));
#2326 = VECTOR('',#2327,1.);
#2327 = DIRECTION('',(4.831773044479E-30,-1.));
#2328 = ( GEOMETRIC_REPRESENTATION_CONTEXT(2) 
PARAMETRIC_REPRESENTATION_CONTEXT() REPRESENTATION_CONTEXT('2D SPACE',''
  ) );
#2329 = ORIENTED_EDGE('',*,*,#2330,.T.);
#2330 = EDGE_CURVE('',#2209,#2331,#2333,.T.);
#2331 = VERTEX_POINT('',#2332);
#2332 = CARTESIAN_POINT('',(130.49375403883,-40.46342638932,
    115.9426280197));
#2333 = SURFACE_CURVE('',#2334,(#2339,#2346),.PCURVE_S1.);
#2334 = CIRCLE('',#2335,2.);
#2335 = AXIS2_PLACEMENT_3D('',#2336,#2337,#2338);
#2336 = CARTESIAN_POINT('',(130.49375403883,-40.46342638932,
    117.9426280197));
#2337 = DIRECTION('',(3.10862446895E-14,1.,-1.665334536937E-16));
#2338 = DIRECTION('',(0.707106781187,-2.209905135597E-14,-0.707106781187
    ));
#2339 = PCURVE('',#2290,#2340);
#2340 = DEFINITIONAL_REPRESENTATION('',(#2341),#2345);
#2341 = LINE('',#2342,#2343);
#2342 = CARTESIAN_POINT('',(2.431388423929E-14,1.138715235321));
#2343 = VECTOR('',#2344,1.);
#2344 = DIRECTION('',(1.,0.));
#2345 = ( GEOMETRIC_REPRESENTATION_CONTEXT(2) 
PARAMETRIC_REPRESENTATION_CONTEXT() REPRESENTATION_CONTEXT('2D SPACE',''
  ) );
#2346 = PCURVE('',#2224,#2347);
#2347 = DEFINITIONAL_REPRESENTATION('',(#2348),#2352);
#2348 = CIRCLE('',#2349,2.);
#2349 = AXIS2_PLACEMENT_2D('',#2350,#2351);
#2350 = CARTESIAN_POINT('',(2.942625873938,2.));
#2351 = DIRECTION('',(0.707106781187,-0.707106781187));
#2352 = ( GEOMETRIC_REPRESENTATION_CONTEXT(2) 
PARAMETRIC_REPRESENTATION_CONTEXT() REPRESENTATION_CONTEXT('2D SPACE',''
  ) );
#2353 = ORIENTED_EDGE('',*,*,#2354,.T.);
#2354 = EDGE_CURVE('',#2331,#2355,#2357,.T.);
#2355 = VERTEX_POINT('',#2356);
#2356 = CARTESIAN_POINT('',(130.49375403883,-38.48171319839,
    115.9426280197));
#2357 = SURFACE_CURVE('',#2358,(#2362,#2369),.PCURVE_S1.);
#2358 = LINE('',#2359,#2360);
#2359 = CARTESIAN_POINT('',(130.49375403883,-41.60214162464,
    115.9426280197));
#2360 = VECTOR('',#2361,1.);
#2361 = DIRECTION('',(3.10862446895E-14,1.,7.007557121364E-16));
#2362 = PCURVE('',#2290,#2363);
#2363 = DEFINITIONAL_REPRESENTATION('',(#2364),#2368);
#2364 = LINE('',#2365,#2366);
#2365 = CARTESIAN_POINT('',(0.785398163397,-7.105427357601E-15));
#2366 = VECTOR('',#2367,1.);
#2367 = DIRECTION('',(0.,1.));
#2368 = ( GEOMETRIC_REPRESENTATION_CONTEXT(2) 
PARAMETRIC_REPRESENTATION_CONTEXT() REPRESENTATION_CONTEXT('2D SPACE',''
  ) );
#2369 = PCURVE('',#2370,#2375);
#2370 = PLANE('',#2371);
#2371 = AXIS2_PLACEMENT_3D('',#2372,#2373,#2374);
#2372 = CARTESIAN_POINT('',(129.99375403883,-36.48171319839,
    115.9426280197));
#2373 = DIRECTION('',(8.881784197001E-15,7.007557121361E-16,-1.));
#2374 = DIRECTION('',(-3.10862446895E-14,-1.,-7.007557121364E-16));
#2375 = DEFINITIONAL_REPRESENTATION('',(#2376),#2380);
#2376 = LINE('',#2377,#2378);
#2377 = CARTESIAN_POINT('',(5.120428426258,-0.5));
#2378 = VECTOR('',#2379,1.);
#2379 = DIRECTION('',(-1.,8.692623175702E-32));
#2380 = ( GEOMETRIC_REPRESENTATION_CONTEXT(2) 
PARAMETRIC_REPRESENTATION_CONTEXT() REPRESENTATION_CONTEXT('2D SPACE',''
  ) );
#2381 = ORIENTED_EDGE('',*,*,#2382,.F.);
#2382 = EDGE_CURVE('',#1849,#2355,#2383,.T.);
#2383 = SURFACE_CURVE('',#2384,(#2389,#2396),.PCURVE_S1.);
#2384 = CIRCLE('',#2385,2.);
#2385 = AXIS2_PLACEMENT_3D('',#2386,#2387,#2388);
#2386 = CARTESIAN_POINT('',(130.49375403883,-38.48171319839,
    117.9426280197));
#2387 = DIRECTION('',(3.10862446895E-14,1.,7.007557121364E-16));
#2388 = DIRECTION('',(0.707106781187,-2.148578530557E-14,-0.707106781187
    ));
#2389 = PCURVE('',#2290,#2390);
#2390 = DEFINITIONAL_REPRESENTATION('',(#2391),#2395);
#2391 = LINE('',#2392,#2393);
#2392 = CARTESIAN_POINT('',(-4.478639681338E-13,3.120428426258));
#2393 = VECTOR('',#2394,1.);
#2394 = DIRECTION('',(1.,0.));
#2395 = ( GEOMETRIC_REPRESENTATION_CONTEXT(2) 
PARAMETRIC_REPRESENTATION_CONTEXT() REPRESENTATION_CONTEXT('2D SPACE',''
  ) );
#2396 = PCURVE('',#1954,#2397);
#2397 = DEFINITIONAL_REPRESENTATION('',(#2398),#2401);
#2398 = B_SPLINE_CURVE_WITH_KNOTS('',1,(#2399,#2400),.UNSPECIFIED.,.F.,
  .F.,(2,2),(0.782274220677,0.785398163397),.PIECEWISE_BEZIER_KNOTS.);
#2399 = CARTESIAN_POINT('',(7.167733924049,0.417739760986));
#2400 = CARTESIAN_POINT('',(7.169262430972,0.420534335284));
#2401 = ( GEOMETRIC_REPRESENTATION_CONTEXT(2) 
PARAMETRIC_REPRESENTATION_CONTEXT() REPRESENTATION_CONTEXT('2D SPACE',''
  ) );
#2402 = ADVANCED_FACE('',(#2403),#2224,.F.);
#2403 = FACE_BOUND('',#2404,.T.);
#2404 = EDGE_LOOP('',(#2405,#2406,#2429,#2452,#2481,#2502));
#2405 = ORIENTED_EDGE('',*,*,#2208,.T.);
#2406 = ORIENTED_EDGE('',*,*,#2407,.T.);
#2407 = EDGE_CURVE('',#2181,#2408,#2410,.T.);
#2408 = VERTEX_POINT('',#2409);
#2409 = CARTESIAN_POINT('',(123.49375403883,-40.46342638932,
    120.88525389364));
#2410 = SURFACE_CURVE('',#2411,(#2415,#2422),.PCURVE_S1.);
#2411 = LINE('',#2412,#2413);
#2412 = CARTESIAN_POINT('',(132.49375403883,-40.46342638932,
    120.88525389364));
#2413 = VECTOR('',#2414,1.);
#2414 = DIRECTION('',(-1.,3.10862446895E-14,-8.881784197001E-15));
#2415 = PCURVE('',#2224,#2416);
#2416 = DEFINITIONAL_REPRESENTATION('',(#2417),#2421);
#2417 = LINE('',#2418,#2419);
#2418 = CARTESIAN_POINT('',(0.,0.));
#2419 = VECTOR('',#2420,1.);
#2420 = DIRECTION('',(6.310887241768E-30,1.));
#2421 = ( GEOMETRIC_REPRESENTATION_CONTEXT(2) 
PARAMETRIC_REPRESENTATION_CONTEXT() REPRESENTATION_CONTEXT('2D SPACE',''
  ) );
#2422 = PCURVE('',#2196,#2423);
#2423 = DEFINITIONAL_REPRESENTATION('',(#2424),#2428);
#2424 = LINE('',#2425,#2426);
#2425 = CARTESIAN_POINT('',(5.500000081956,1.7097434834E-13));
#2426 = VECTOR('',#2427,1.);
#2427 = DIRECTION('',(1.479114197289E-30,1.));
#2428 = ( GEOMETRIC_REPRESENTATION_CONTEXT(2) 
PARAMETRIC_REPRESENTATION_CONTEXT() REPRESENTATION_CONTEXT('2D SPACE',''
  ) );
#2429 = ORIENTED_EDGE('',*,*,#2430,.F.);
#2430 = EDGE_CURVE('',#2431,#2408,#2433,.T.);
#2431 = VERTEX_POINT('',#2432);
#2432 = CARTESIAN_POINT('',(123.49375403883,-40.46342638932,
    117.9426280197));
#2433 = SURFACE_CURVE('',#2434,(#2438,#2445),.PCURVE_S1.);
#2434 = LINE('',#2435,#2436);
#2435 = CARTESIAN_POINT('',(123.49375403883,-40.46342638932,
    121.53001238524));
#2436 = VECTOR('',#2437,1.);
#2437 = DIRECTION('',(-4.93432455389E-15,1.665334536939E-16,1.));
#2438 = PCURVE('',#2224,#2439);
#2439 = DEFINITIONAL_REPRESENTATION('',(#2440),#2444);
#2440 = LINE('',#2441,#2442);
#2441 = CARTESIAN_POINT('',(-0.644758491603,8.999999999999));
#2442 = VECTOR('',#2443,1.);
#2443 = DIRECTION('',(-1.,-3.947459643112E-15));
#2444 = ( GEOMETRIC_REPRESENTATION_CONTEXT(2) 
PARAMETRIC_REPRESENTATION_CONTEXT() REPRESENTATION_CONTEXT('2D SPACE',''
  ) );
#2445 = PCURVE('',#724,#2446);
#2446 = DEFINITIONAL_REPRESENTATION('',(#2447),#2451);
#2447 = LINE('',#2448,#2449);
#2448 = CARTESIAN_POINT('',(0.644758491602,-6.259143661579));
#2449 = VECTOR('',#2450,1.);
#2450 = DIRECTION('',(-1.,0.));
#2451 = ( GEOMETRIC_REPRESENTATION_CONTEXT(2) 
PARAMETRIC_REPRESENTATION_CONTEXT() REPRESENTATION_CONTEXT('2D SPACE',''
  ) );
#2452 = ORIENTED_EDGE('',*,*,#2453,.F.);
#2453 = EDGE_CURVE('',#2454,#2431,#2456,.T.);
#2454 = VERTEX_POINT('',#2455);
#2455 = CARTESIAN_POINT('',(125.49375403883,-40.46342638932,
    115.9426280197));
#2456 = SURFACE_CURVE('',#2457,(#2462,#2469),.PCURVE_S1.);
#2457 = CIRCLE('',#2458,2.);
#2458 = AXIS2_PLACEMENT_3D('',#2459,#2460,#2461);
#2459 = CARTESIAN_POINT('',(125.49375403883,-40.46342638932,
    117.9426280197));
#2460 = DIRECTION('',(3.10862446895E-14,1.,-1.665334536937E-16));
#2461 = DIRECTION('',(-0.707106781187,2.186353748717E-14,-0.707106781187
    ));
#2462 = PCURVE('',#2224,#2463);
#2463 = DEFINITIONAL_REPRESENTATION('',(#2464),#2468);
#2464 = CIRCLE('',#2465,2.);
#2465 = AXIS2_PLACEMENT_2D('',#2466,#2467);
#2466 = CARTESIAN_POINT('',(2.942625873938,6.999999999999));
#2467 = DIRECTION('',(0.707106781187,0.707106781187));
#2468 = ( GEOMETRIC_REPRESENTATION_CONTEXT(2) 
PARAMETRIC_REPRESENTATION_CONTEXT() REPRESENTATION_CONTEXT('2D SPACE',''
  ) );
#2469 = PCURVE('',#2470,#2475);
#2470 = CYLINDRICAL_SURFACE('',#2471,2.);
#2471 = AXIS2_PLACEMENT_3D('',#2472,#2473,#2474);
#2472 = CARTESIAN_POINT('',(125.49375403883,-41.60214162464,
    117.9426280197));
#2473 = DIRECTION('',(-3.059281223412E-14,-1.,-7.007557121364E-16));
#2474 = DIRECTION('',(-0.707106781187,2.212789410232E-14,-0.707106781187
    ));
#2475 = DEFINITIONAL_REPRESENTATION('',(#2476),#2480);
#2476 = LINE('',#2477,#2478);
#2477 = CARTESIAN_POINT('',(6.28318530718,-1.138715235321));
#2478 = VECTOR('',#2479,1.);
#2479 = DIRECTION('',(-1.,-9.046911093938E-15));
#2480 = ( GEOMETRIC_REPRESENTATION_CONTEXT(2) 
PARAMETRIC_REPRESENTATION_CONTEXT() REPRESENTATION_CONTEXT('2D SPACE',''
  ) );
#2481 = ORIENTED_EDGE('',*,*,#2482,.F.);
#2482 = EDGE_CURVE('',#2331,#2454,#2483,.T.);
#2483 = SURFACE_CURVE('',#2484,(#2488,#2495),.PCURVE_S1.);
#2484 = LINE('',#2485,#2486);
#2485 = CARTESIAN_POINT('',(131.24375403883,-40.46342638932,
    115.9426280197));
#2486 = VECTOR('',#2487,1.);
#2487 = DIRECTION('',(-1.,3.10862446895E-14,-8.881784197001E-15));
#2488 = PCURVE('',#2224,#2489);
#2489 = DEFINITIONAL_REPRESENTATION('',(#2490),#2494);
#2490 = LINE('',#2491,#2492);
#2491 = CARTESIAN_POINT('',(4.942625873938,1.25));
#2492 = VECTOR('',#2493,1.);
#2493 = DIRECTION('',(6.310887241768E-30,1.));
#2494 = ( GEOMETRIC_REPRESENTATION_CONTEXT(2) 
PARAMETRIC_REPRESENTATION_CONTEXT() REPRESENTATION_CONTEXT('2D SPACE',''
  ) );
#2495 = PCURVE('',#2370,#2496);
#2496 = DEFINITIONAL_REPRESENTATION('',(#2497),#2501);
#2497 = LINE('',#2498,#2499);
#2498 = CARTESIAN_POINT('',(3.981713190936,-1.25));
#2499 = VECTOR('',#2500,1.);
#2500 = DIRECTION('',(6.223961010011E-30,1.));
#2501 = ( GEOMETRIC_REPRESENTATION_CONTEXT(2) 
PARAMETRIC_REPRESENTATION_CONTEXT() REPRESENTATION_CONTEXT('2D SPACE',''
  ) );
#2502 = ORIENTED_EDGE('',*,*,#2330,.F.);
#2503 = ADVANCED_FACE('',(#2504),#2196,.F.);
#2504 = FACE_BOUND('',#2505,.T.);
#2505 = EDGE_LOOP('',(#2506,#2507,#2530,#2551));
#2506 = ORIENTED_EDGE('',*,*,#2180,.T.);
#2507 = ORIENTED_EDGE('',*,*,#2508,.T.);
#2508 = EDGE_CURVE('',#2158,#2509,#2511,.T.);
#2509 = VERTEX_POINT('',#2510);
#2510 = CARTESIAN_POINT('',(123.49375403883,-40.48171319839,
    120.88525389364));
#2511 = SURFACE_CURVE('',#2512,(#2516,#2523),.PCURVE_S1.);
#2512 = LINE('',#2513,#2514);
#2513 = CARTESIAN_POINT('',(129.99375403883,-40.48171319839,
    120.88525389364));
#2514 = VECTOR('',#2515,1.);
#2515 = DIRECTION('',(-1.,3.10862446895E-14,-8.881784197001E-15));
#2516 = PCURVE('',#2196,#2517);
#2517 = DEFINITIONAL_REPRESENTATION('',(#2518),#2522);
#2518 = LINE('',#2519,#2520);
#2519 = CARTESIAN_POINT('',(5.481713272893,2.5));
#2520 = VECTOR('',#2521,1.);
#2521 = DIRECTION('',(1.479114197289E-30,1.));
#2522 = ( GEOMETRIC_REPRESENTATION_CONTEXT(2) 
PARAMETRIC_REPRESENTATION_CONTEXT() REPRESENTATION_CONTEXT('2D SPACE',''
  ) );
#2523 = PCURVE('',#1665,#2524);
#2524 = DEFINITIONAL_REPRESENTATION('',(#2525),#2529);
#2525 = LINE('',#2526,#2527);
#2526 = CARTESIAN_POINT('',(-7.521659840347,3.999999999999));
#2527 = VECTOR('',#2528,1.);
#2528 = DIRECTION('',(-6.310887241768E-30,-1.));
#2529 = ( GEOMETRIC_REPRESENTATION_CONTEXT(2) 
PARAMETRIC_REPRESENTATION_CONTEXT() REPRESENTATION_CONTEXT('2D SPACE',''
  ) );
#2530 = ORIENTED_EDGE('',*,*,#2531,.F.);
#2531 = EDGE_CURVE('',#2408,#2509,#2532,.T.);
#2532 = SURFACE_CURVE('',#2533,(#2537,#2544),.PCURVE_S1.);
#2533 = LINE('',#2534,#2535);
#2534 = CARTESIAN_POINT('',(123.49375403883,-46.34299826109,
    120.88525389364));
#2535 = VECTOR('',#2536,1.);
#2536 = DIRECTION('',(-3.059281223412E-14,-1.,1.665334536937E-16));
#2537 = PCURVE('',#2196,#2538);
#2538 = DEFINITIONAL_REPRESENTATION('',(#2539),#2543);
#2539 = LINE('',#2540,#2541);
#2540 = CARTESIAN_POINT('',(-0.379571789811,9.));
#2541 = VECTOR('',#2542,1.);
#2542 = DIRECTION('',(-1.,-4.93432455389E-16));
#2543 = ( GEOMETRIC_REPRESENTATION_CONTEXT(2) 
PARAMETRIC_REPRESENTATION_CONTEXT() REPRESENTATION_CONTEXT('2D SPACE',''
  ) );
#2544 = PCURVE('',#724,#2545);
#2545 = DEFINITIONAL_REPRESENTATION('',(#2546),#2550);
#2546 = LINE('',#2547,#2548);
#2547 = CARTESIAN_POINT('',(1.289516983205,-0.379571789811));
#2548 = VECTOR('',#2549,1.);
#2549 = DIRECTION('',(-1.947500359764E-30,1.));
#2550 = ( GEOMETRIC_REPRESENTATION_CONTEXT(2) 
PARAMETRIC_REPRESENTATION_CONTEXT() REPRESENTATION_CONTEXT('2D SPACE',''
  ) );
#2551 = ORIENTED_EDGE('',*,*,#2407,.F.);
#2552 = ADVANCED_FACE('',(#2553,#3030,#3033,#3036),#724,.T.);
#2553 = FACE_BOUND('',#2554,.T.);
#2554 = EDGE_LOOP('',(#2555,#2556,#2557,#2580,#2603,#2631,#2654,#2677,
    #2698,#2699,#2722,#2750,#2779,#2807,#2840,#2868,#2896,#2924,#2952,
    #2981,#3009));
#2555 = ORIENTED_EDGE('',*,*,#2430,.T.);
#2556 = ORIENTED_EDGE('',*,*,#2531,.T.);
#2557 = ORIENTED_EDGE('',*,*,#2558,.T.);
#2558 = EDGE_CURVE('',#2509,#2559,#2561,.T.);
#2559 = VERTEX_POINT('',#2560);
#2560 = CARTESIAN_POINT('',(123.49375403883,-40.48171319839,
    128.40691373399));
#2561 = SURFACE_CURVE('',#2562,(#2566,#2573),.PCURVE_S1.);
#2562 = LINE('',#2563,#2564);
#2563 = CARTESIAN_POINT('',(123.49375403883,-40.48171319839,
    128.40691373399));
#2564 = VECTOR('',#2565,1.);
#2565 = DIRECTION('',(-6.520128821577E-15,2.673287977976E-13,1.));
#2566 = PCURVE('',#724,#2567);
#2567 = DEFINITIONAL_REPRESENTATION('',(#2568),#2572);
#2568 = LINE('',#2569,#2570);
#2569 = CARTESIAN_POINT('',(-6.232142857143,-6.240856852515));
#2570 = VECTOR('',#2571,1.);
#2571 = DIRECTION('',(-1.,-2.671622643439E-13));
#2572 = ( GEOMETRIC_REPRESENTATION_CONTEXT(2) 
PARAMETRIC_REPRESENTATION_CONTEXT() REPRESENTATION_CONTEXT('2D SPACE',''
  ) );
#2573 = PCURVE('',#1665,#2574);
#2574 = DEFINITIONAL_REPRESENTATION('',(#2575),#2579);
#2575 = LINE('',#2576,#2577);
#2576 = CARTESIAN_POINT('',(1.045385999987E-12,-2.500000000001));
#2577 = VECTOR('',#2578,1.);
#2578 = DIRECTION('',(1.,2.36165537542E-15));
#2579 = ( GEOMETRIC_REPRESENTATION_CONTEXT(2) 
PARAMETRIC_REPRESENTATION_CONTEXT() REPRESENTATION_CONTEXT('2D SPACE',''
  ) );
#2580 = ORIENTED_EDGE('',*,*,#2581,.T.);
#2581 = EDGE_CURVE('',#2559,#2582,#2584,.T.);
#2582 = VERTEX_POINT('',#2583);
#2583 = CARTESIAN_POINT('',(123.49375403883,-35.44710695211,
    128.40691373399));
#2584 = SURFACE_CURVE('',#2585,(#2589,#2596),.PCURVE_S1.);
#2585 = LINE('',#2586,#2587);
#2586 = CARTESIAN_POINT('',(123.49375403883,-8.803343542225,
    128.40691373399));
#2587 = VECTOR('',#2588,1.);
#2588 = DIRECTION('',(3.052549713252E-14,1.,-1.665334536937E-16));
#2589 = PCURVE('',#724,#2590);
#2590 = DEFINITIONAL_REPRESENTATION('',(#2591),#2595);
#2591 = LINE('',#2592,#2593);
#2592 = CARTESIAN_POINT('',(-6.232142857143,-37.91922650868));
#2593 = VECTOR('',#2594,1.);
#2594 = DIRECTION('',(1.627025617018E-30,-1.));
#2595 = ( GEOMETRIC_REPRESENTATION_CONTEXT(2) 
PARAMETRIC_REPRESENTATION_CONTEXT() REPRESENTATION_CONTEXT('2D SPACE',''
  ) );
#2596 = PCURVE('',#1637,#2597);
#2597 = DEFINITIONAL_REPRESENTATION('',(#2598),#2602);
#2598 = LINE('',#2599,#2600);
#2599 = CARTESIAN_POINT('',(1.919568670683E-12,-2.5));
#2600 = VECTOR('',#2601,1.);
#2601 = DIRECTION('',(-1.,1.516278602927E-14));
#2602 = ( GEOMETRIC_REPRESENTATION_CONTEXT(2) 
PARAMETRIC_REPRESENTATION_CONTEXT() REPRESENTATION_CONTEXT('2D SPACE',''
  ) );
#2603 = ORIENTED_EDGE('',*,*,#2604,.F.);
#2604 = EDGE_CURVE('',#2605,#2582,#2607,.T.);
#2605 = VERTEX_POINT('',#2606);
#2606 = CARTESIAN_POINT('',(123.49375403883,-35.58138206893,
    135.9426280197));
#2607 = SURFACE_CURVE('',#2608,(#2613,#2624),.PCURVE_S1.);
#2608 = CIRCLE('',#2609,15.5);
#2609 = AXIS2_PLACEMENT_3D('',#2610,#2611,#2612);
#2610 = CARTESIAN_POINT('',(123.49375403883,-20.48171319838,
    132.4426280197));
#2611 = DIRECTION('',(1.,-3.059281223412E-14,4.93432455389E-15));
#2612 = DIRECTION('',(-3.059281223412E-14,-1.,1.665334536938E-16));
#2613 = PCURVE('',#724,#2614);
#2614 = DEFINITIONAL_REPRESENTATION('',(#2615),#2623);
#2615 = ( BOUNDED_CURVE() B_SPLINE_CURVE(2,(#2616,#2617,#2618,#2619,
#2620,#2621,#2622),.UNSPECIFIED.,.T.,.F.) B_SPLINE_CURVE_WITH_KNOTS((1,2
    ,2,2,2,1),(-2.094395102393,0.,2.094395102393,4.188790204786,
6.28318530718,8.377580409573),.UNSPECIFIED.) CURVE() 
GEOMETRIC_REPRESENTATION_ITEM() RATIONAL_B_SPLINE_CURVE((1.,0.5,1.,0.5,
1.,0.5,1.)) REPRESENTATION_ITEM('') );
#2616 = CARTESIAN_POINT('',(-10.26785714285,-10.74085685251));
#2617 = CARTESIAN_POINT('',(16.578930374461,-10.74085685251));
#2618 = CARTESIAN_POINT('',(3.155536615802,-33.99085685251));
#2619 = CARTESIAN_POINT('',(-10.26785714285,-57.24085685251));
#2620 = CARTESIAN_POINT('',(-23.69125090151,-33.99085685251));
#2621 = CARTESIAN_POINT('',(-37.11464466017,-10.74085685251));
#2622 = CARTESIAN_POINT('',(-10.26785714285,-10.74085685251));
#2623 = ( GEOMETRIC_REPRESENTATION_CONTEXT(2) 
PARAMETRIC_REPRESENTATION_CONTEXT() REPRESENTATION_CONTEXT('2D SPACE',''
  ) );
#2624 = PCURVE('',#1609,#2625);
#2625 = DEFINITIONAL_REPRESENTATION('',(#2626),#2630);
#2626 = LINE('',#2627,#2628);
#2627 = CARTESIAN_POINT('',(-6.28318530718,-2.5));
#2628 = VECTOR('',#2629,1.);
#2629 = DIRECTION('',(1.,2.893237710336E-14));
#2630 = ( GEOMETRIC_REPRESENTATION_CONTEXT(2) 
PARAMETRIC_REPRESENTATION_CONTEXT() REPRESENTATION_CONTEXT('2D SPACE',''
  ) );
#2631 = ORIENTED_EDGE('',*,*,#2632,.T.);
#2632 = EDGE_CURVE('',#2605,#2633,#2635,.T.);
#2633 = VERTEX_POINT('',#2634);
#2634 = CARTESIAN_POINT('',(123.49375403883,-40.48171319839,
    135.9426280197));
#2635 = SURFACE_CURVE('',#2636,(#2640,#2647),.PCURVE_S1.);
#2636 = LINE('',#2637,#2638);
#2637 = CARTESIAN_POINT('',(123.49375403883,-20.48171319838,
    135.9426280197));
#2638 = VECTOR('',#2639,1.);
#2639 = DIRECTION('',(-1.536271110325E-14,-1.,1.665334536938E-16));
#2640 = PCURVE('',#724,#2641);
#2641 = DEFINITIONAL_REPRESENTATION('',(#2642),#2646);
#2642 = LINE('',#2643,#2644);
#2643 = CARTESIAN_POINT('',(-13.76785714285,-26.24085685251));
#2644 = VECTOR('',#2645,1.);
#2645 = DIRECTION('',(-6.281304957822E-29,1.));
#2646 = ( GEOMETRIC_REPRESENTATION_CONTEXT(2) 
PARAMETRIC_REPRESENTATION_CONTEXT() REPRESENTATION_CONTEXT('2D SPACE',''
  ) );
#2647 = PCURVE('',#1576,#2648);
#2648 = DEFINITIONAL_REPRESENTATION('',(#2649),#2653);
#2649 = LINE('',#2650,#2651);
#2650 = CARTESIAN_POINT('',(60.,-2.5));
#2651 = VECTOR('',#2652,1.);
#2652 = DIRECTION('',(-1.,7.39557098645E-31));
#2653 = ( GEOMETRIC_REPRESENTATION_CONTEXT(2) 
PARAMETRIC_REPRESENTATION_CONTEXT() REPRESENTATION_CONTEXT('2D SPACE',''
  ) );
#2654 = ORIENTED_EDGE('',*,*,#2655,.T.);
#2655 = EDGE_CURVE('',#2633,#2656,#2658,.T.);
#2656 = VERTEX_POINT('',#2657);
#2657 = CARTESIAN_POINT('',(123.49375403883,-40.48171319839,
    143.88525423637));
#2658 = SURFACE_CURVE('',#2659,(#2663,#2670),.PCURVE_S1.);
#2659 = LINE('',#2660,#2661);
#2660 = CARTESIAN_POINT('',(123.49375403883,-40.48171319839,
    143.88525423637));
#2661 = VECTOR('',#2662,1.);
#2662 = DIRECTION('',(-8.881784197009E-15,-2.531154498278E-13,1.));
#2663 = PCURVE('',#724,#2664);
#2664 = DEFINITIONAL_REPRESENTATION('',(#2665),#2669);
#2665 = LINE('',#2666,#2667);
#2666 = CARTESIAN_POINT('',(-21.71048335952,-6.240856852513));
#2667 = VECTOR('',#2668,1.);
#2668 = DIRECTION('',(-1.,2.532819832815E-13));
#2669 = ( GEOMETRIC_REPRESENTATION_CONTEXT(2) 
PARAMETRIC_REPRESENTATION_CONTEXT() REPRESENTATION_CONTEXT('2D SPACE',''
  ) );
#2670 = PCURVE('',#1548,#2671);
#2671 = DEFINITIONAL_REPRESENTATION('',(#2672),#2676);
#2672 = LINE('',#2673,#2674);
#2673 = CARTESIAN_POINT('',(3.942626216665,-2.500000000001));
#2674 = VECTOR('',#2675,1.);
#2675 = DIRECTION('',(1.,-4.505973490622E-27));
#2676 = ( GEOMETRIC_REPRESENTATION_CONTEXT(2) 
PARAMETRIC_REPRESENTATION_CONTEXT() REPRESENTATION_CONTEXT('2D SPACE',''
  ) );
#2677 = ORIENTED_EDGE('',*,*,#2678,.T.);
#2678 = EDGE_CURVE('',#2656,#709,#2679,.T.);
#2679 = SURFACE_CURVE('',#2680,(#2684,#2691),.PCURVE_S1.);
#2680 = LINE('',#2681,#2682);
#2681 = CARTESIAN_POINT('',(123.49375403883,-56.96371319839,
    143.88525423637));
#2682 = VECTOR('',#2683,1.);
#2683 = DIRECTION('',(-3.000848905342E-14,-1.,1.665334536937E-16));
#2684 = PCURVE('',#724,#2685);
#2685 = DEFINITIONAL_REPRESENTATION('',(#2686),#2690);
#2686 = LINE('',#2687,#2688);
#2687 = CARTESIAN_POINT('',(-21.71048335952,10.241143147487));
#2688 = VECTOR('',#2689,1.);
#2689 = DIRECTION('',(-4.067564042546E-30,1.));
#2690 = ( GEOMETRIC_REPRESENTATION_CONTEXT(2) 
PARAMETRIC_REPRESENTATION_CONTEXT() REPRESENTATION_CONTEXT('2D SPACE',''
  ) );
#2691 = PCURVE('',#752,#2692);
#2692 = DEFINITIONAL_REPRESENTATION('',(#2693),#2697);
#2693 = LINE('',#2694,#2695);
#2694 = CARTESIAN_POINT('',(16.482000000002,6.499999999999));
#2695 = VECTOR('',#2696,1.);
#2696 = DIRECTION('',(1.,-1.077755636088E-15));
#2697 = ( GEOMETRIC_REPRESENTATION_CONTEXT(2) 
PARAMETRIC_REPRESENTATION_CONTEXT() REPRESENTATION_CONTEXT('2D SPACE',''
  ) );
#2698 = ORIENTED_EDGE('',*,*,#708,.F.);
#2699 = ORIENTED_EDGE('',*,*,#2700,.F.);
#2700 = EDGE_CURVE('',#2701,#676,#2703,.T.);
#2701 = VERTEX_POINT('',#2702);
#2702 = CARTESIAN_POINT('',(123.49375403883,-38.48171319839,
    148.9426280197));
#2703 = SURFACE_CURVE('',#2704,(#2708,#2715),.PCURVE_S1.);
#2704 = LINE('',#2705,#2706);
#2705 = CARTESIAN_POINT('',(123.49375403883,-56.96371319839,
    148.9426280197));
#2706 = VECTOR('',#2707,1.);
#2707 = DIRECTION('',(-2.6645352591E-14,-1.,0.));
#2708 = PCURVE('',#724,#2709);
#2709 = DEFINITIONAL_REPRESENTATION('',(#2710),#2714);
#2710 = LINE('',#2711,#2712);
#2711 = CARTESIAN_POINT('',(-26.76785714285,10.241143147487));
#2712 = VECTOR('',#2713,1.);
#2713 = DIRECTION('',(1.665334536937E-16,1.));
#2714 = ( GEOMETRIC_REPRESENTATION_CONTEXT(2) 
PARAMETRIC_REPRESENTATION_CONTEXT() REPRESENTATION_CONTEXT('2D SPACE',''
  ) );
#2715 = PCURVE('',#696,#2716);
#2716 = DEFINITIONAL_REPRESENTATION('',(#2717),#2721);
#2717 = LINE('',#2718,#2719);
#2718 = CARTESIAN_POINT('',(-2.006839139312E-12,6.5));
#2719 = VECTOR('',#2720,1.);
#2720 = DIRECTION('',(-1.,-4.440892098501E-15));
#2721 = ( GEOMETRIC_REPRESENTATION_CONTEXT(2) 
PARAMETRIC_REPRESENTATION_CONTEXT() REPRESENTATION_CONTEXT('2D SPACE',''
  ) );
#2722 = ORIENTED_EDGE('',*,*,#2723,.F.);
#2723 = EDGE_CURVE('',#2724,#2701,#2726,.T.);
#2724 = VERTEX_POINT('',#2725);
#2725 = CARTESIAN_POINT('',(123.49375403883,-38.48171319839,
    142.9426280197));
#2726 = SURFACE_CURVE('',#2727,(#2731,#2738),.PCURVE_S1.);
#2727 = LINE('',#2728,#2729);
#2728 = CARTESIAN_POINT('',(123.49375403883,-38.48171319839,
    135.55869944827));
#2729 = VECTOR('',#2730,1.);
#2730 = DIRECTION('',(-4.93432455389E-15,1.665334536939E-16,1.));
#2731 = PCURVE('',#724,#2732);
#2732 = DEFINITIONAL_REPRESENTATION('',(#2733),#2737);
#2733 = LINE('',#2734,#2735);
#2734 = CARTESIAN_POINT('',(-13.38392857142,-8.240856852515));
#2735 = VECTOR('',#2736,1.);
#2736 = DIRECTION('',(-1.,0.));
#2737 = ( GEOMETRIC_REPRESENTATION_CONTEXT(2) 
PARAMETRIC_REPRESENTATION_CONTEXT() REPRESENTATION_CONTEXT('2D SPACE',''
  ) );
#2738 = PCURVE('',#2739,#2744);
#2739 = CYLINDRICAL_SURFACE('',#2740,2.);
#2740 = AXIS2_PLACEMENT_3D('',#2741,#2742,#2743);
#2741 = CARTESIAN_POINT('',(125.49375403883,-38.48171319839,
    135.55869944827));
#2742 = DIRECTION('',(4.93432455389E-15,-1.665334536939E-16,-1.));
#2743 = DIRECTION('',(-0.707106781187,0.707106781187,-3.606851287032E-15
    ));
#2744 = DEFINITIONAL_REPRESENTATION('',(#2745),#2749);
#2745 = LINE('',#2746,#2747);
#2746 = CARTESIAN_POINT('',(-0.785398163397,0.));
#2747 = VECTOR('',#2748,1.);
#2748 = DIRECTION('',(4.440892098501E-16,-1.));
#2749 = ( GEOMETRIC_REPRESENTATION_CONTEXT(2) 
PARAMETRIC_REPRESENTATION_CONTEXT() REPRESENTATION_CONTEXT('2D SPACE',''
  ) );
#2750 = ORIENTED_EDGE('',*,*,#2751,.F.);
#2751 = EDGE_CURVE('',#2752,#2724,#2754,.T.);
#2752 = VERTEX_POINT('',#2753);
#2753 = CARTESIAN_POINT('',(123.49375403883,-33.48171319839,
    137.9426280197));
#2754 = SURFACE_CURVE('',#2755,(#2760,#2767),.PCURVE_S1.);
#2755 = CIRCLE('',#2756,5.);
#2756 = AXIS2_PLACEMENT_3D('',#2757,#2758,#2759);
#2757 = CARTESIAN_POINT('',(123.49375403883,-33.48171319839,
    142.9426280197));
#2758 = DIRECTION('',(-1.,3.059281223412E-14,-4.93432455389E-15));
#2759 = DIRECTION('',(-1.814329063368E-14,-0.707106781187,
    -0.707106781187));
#2760 = PCURVE('',#724,#2761);
#2761 = DEFINITIONAL_REPRESENTATION('',(#2762),#2766);
#2762 = CIRCLE('',#2763,5.);
#2763 = AXIS2_PLACEMENT_2D('',#2764,#2765);
#2764 = CARTESIAN_POINT('',(-20.76785714285,-13.24085685251));
#2765 = DIRECTION('',(0.707106781187,0.707106781187));
#2766 = ( GEOMETRIC_REPRESENTATION_CONTEXT(2) 
PARAMETRIC_REPRESENTATION_CONTEXT() REPRESENTATION_CONTEXT('2D SPACE',''
  ) );
#2767 = PCURVE('',#2768,#2773);
#2768 = TOROIDAL_SURFACE('',#2769,5.,2.);
#2769 = AXIS2_PLACEMENT_3D('',#2770,#2771,#2772);
#2770 = CARTESIAN_POINT('',(125.49375403883,-33.48171319839,
    142.9426280197));
#2771 = DIRECTION('',(1.,-3.059281223412E-14,4.93432455389E-15));
#2772 = DIRECTION('',(-4.93432455389E-15,-3.536656827287E-29,1.));
#2773 = DEFINITIONAL_REPRESENTATION('',(#2774),#2778);
#2774 = LINE('',#2775,#2776);
#2775 = CARTESIAN_POINT('',(8.639379797372,4.712388980385));
#2776 = VECTOR('',#2777,1.);
#2777 = DIRECTION('',(-1.,-4.52345554697E-15));
#2778 = ( GEOMETRIC_REPRESENTATION_CONTEXT(2) 
PARAMETRIC_REPRESENTATION_CONTEXT() REPRESENTATION_CONTEXT('2D SPACE',''
  ) );
#2779 = ORIENTED_EDGE('',*,*,#2780,.F.);
#2780 = EDGE_CURVE('',#2781,#2752,#2783,.T.);
#2781 = VERTEX_POINT('',#2782);
#2782 = CARTESIAN_POINT('',(123.49375403883,-20.48171319838,
    137.9426280197));
#2783 = SURFACE_CURVE('',#2784,(#2788,#2795),.PCURVE_S1.);
#2784 = LINE('',#2785,#2786);
#2785 = CARTESIAN_POINT('',(123.49375403883,-33.60214162464,
    137.9426280197));
#2786 = VECTOR('',#2787,1.);
#2787 = DIRECTION('',(-3.059281223412E-14,-1.,1.665334536938E-16));
#2788 = PCURVE('',#724,#2789);
#2789 = DEFINITIONAL_REPRESENTATION('',(#2790),#2794);
#2790 = LINE('',#2791,#2792);
#2791 = CARTESIAN_POINT('',(-15.76785714285,-13.12042842625));
#2792 = VECTOR('',#2793,1.);
#2793 = DIRECTION('',(-6.996210153179E-29,1.));
#2794 = ( GEOMETRIC_REPRESENTATION_CONTEXT(2) 
PARAMETRIC_REPRESENTATION_CONTEXT() REPRESENTATION_CONTEXT('2D SPACE',''
  ) );
#2795 = PCURVE('',#2796,#2801);
#2796 = CYLINDRICAL_SURFACE('',#2797,2.);
#2797 = AXIS2_PLACEMENT_3D('',#2798,#2799,#2800);
#2798 = CARTESIAN_POINT('',(125.49375403883,-33.60214162464,
    137.9426280197));
#2799 = DIRECTION('',(3.059281223412E-14,1.,-1.665334536938E-16));
#2800 = DIRECTION('',(-0.707106781187,2.175014192071E-14,0.707106781187)
  );
#2801 = DEFINITIONAL_REPRESENTATION('',(#2802),#2806);
#2802 = LINE('',#2803,#2804);
#2803 = CARTESIAN_POINT('',(-0.785398163397,3.907985046681E-14));
#2804 = VECTOR('',#2805,1.);
#2805 = DIRECTION('',(0.,-1.));
#2806 = ( GEOMETRIC_REPRESENTATION_CONTEXT(2) 
PARAMETRIC_REPRESENTATION_CONTEXT() REPRESENTATION_CONTEXT('2D SPACE',''
  ) );
#2807 = ORIENTED_EDGE('',*,*,#2808,.F.);
#2808 = EDGE_CURVE('',#2809,#2781,#2811,.T.);
#2809 = VERTEX_POINT('',#2810);
#2810 = CARTESIAN_POINT('',(123.49375403883,-15.02166165199,
    133.10432063017));
#2811 = SURFACE_CURVE('',#2812,(#2817,#2828),.PCURVE_S1.);
#2812 = CIRCLE('',#2813,5.5);
#2813 = AXIS2_PLACEMENT_3D('',#2814,#2815,#2816);
#2814 = CARTESIAN_POINT('',(123.49375403883,-20.48171319838,
    132.4426280197));
#2815 = DIRECTION('',(1.,-3.059281223412E-14,4.93432455389E-15));
#2816 = DIRECTION('',(3.059281223412E-14,1.,-1.219189358524E-15));
#2817 = PCURVE('',#724,#2818);
#2818 = DEFINITIONAL_REPRESENTATION('',(#2819),#2827);
#2819 = ( BOUNDED_CURVE() B_SPLINE_CURVE(2,(#2820,#2821,#2822,#2823,
#2824,#2825,#2826),.UNSPECIFIED.,.T.,.F.) B_SPLINE_CURVE_WITH_KNOTS((1,2
    ,2,2,2,1),(-2.094395102393,0.,2.094395102393,4.188790204786,
6.28318530718,8.377580409573),.UNSPECIFIED.) CURVE() 
GEOMETRIC_REPRESENTATION_ITEM() RATIONAL_B_SPLINE_CURVE((1.,0.5,1.,0.5,
1.,0.5,1.)) REPRESENTATION_ITEM('') );
#2820 = CARTESIAN_POINT('',(-10.26785714285,-31.74085685251));
#2821 = CARTESIAN_POINT('',(-19.79413658448,-31.74085685251));
#2822 = CARTESIAN_POINT('',(-15.03099686367,-23.49085685251));
#2823 = CARTESIAN_POINT('',(-10.26785714285,-15.24085685251));
#2824 = CARTESIAN_POINT('',(-5.504717422043,-23.49085685251));
#2825 = CARTESIAN_POINT('',(-0.741577701228,-31.74085685251));
#2826 = CARTESIAN_POINT('',(-10.26785714285,-31.74085685251));
#2827 = ( GEOMETRIC_REPRESENTATION_CONTEXT(2) 
PARAMETRIC_REPRESENTATION_CONTEXT() REPRESENTATION_CONTEXT('2D SPACE',''
  ) );
#2828 = PCURVE('',#2829,#2834);
#2829 = TOROIDAL_SURFACE('',#2830,5.5,2.);
#2830 = AXIS2_PLACEMENT_3D('',#2831,#2832,#2833);
#2831 = CARTESIAN_POINT('',(125.49375403883,-20.48171319838,
    132.4426280197));
#2832 = DIRECTION('',(-1.,3.059281223412E-14,-4.93432455389E-15));
#2833 = DIRECTION('',(4.93432455389E-15,2.294513941606E-29,-1.));
#2834 = DEFINITIONAL_REPRESENTATION('',(#2835),#2839);
#2835 = LINE('',#2836,#2837);
#2836 = CARTESIAN_POINT('',(4.712388980385,1.570796326795));
#2837 = VECTOR('',#2838,1.);
#2838 = DIRECTION('',(-1.,-3.001023932203E-14));
#2839 = ( GEOMETRIC_REPRESENTATION_CONTEXT(2) 
PARAMETRIC_REPRESENTATION_CONTEXT() REPRESENTATION_CONTEXT('2D SPACE',''
  ) );
#2840 = ORIENTED_EDGE('',*,*,#2841,.T.);
#2841 = EDGE_CURVE('',#2809,#2842,#2844,.T.);
#2842 = VERTEX_POINT('',#2843);
#2843 = CARTESIAN_POINT('',(123.49375403883,-16.53171319838,
    132.4426280197));
#2844 = SURFACE_CURVE('',#2845,(#2850,#2861),.PCURVE_S1.);
#2845 = CIRCLE('',#2846,0.9);
#2846 = AXIS2_PLACEMENT_3D('',#2847,#2848,#2849);
#2847 = CARTESIAN_POINT('',(123.49375403883,-15.63171319838,
    132.4426280197));
#2848 = DIRECTION('',(1.,-3.059281223412E-14,4.93432455389E-15));
#2849 = DIRECTION('',(3.059281223412E-14,1.,-1.665334536937E-16));
#2850 = PCURVE('',#724,#2851);
#2851 = DEFINITIONAL_REPRESENTATION('',(#2852),#2860);
#2852 = ( BOUNDED_CURVE() B_SPLINE_CURVE(2,(#2853,#2854,#2855,#2856,
#2857,#2858,#2859),.UNSPECIFIED.,.T.,.F.) B_SPLINE_CURVE_WITH_KNOTS((1,2
    ,2,2,2,1),(-2.094395102393,0.,2.094395102393,4.188790204786,
6.28318530718,8.377580409573),.UNSPECIFIED.) CURVE() 
GEOMETRIC_REPRESENTATION_ITEM() RATIONAL_B_SPLINE_CURVE((1.,0.5,1.,0.5,
1.,0.5,1.)) REPRESENTATION_ITEM('') );
#2853 = CARTESIAN_POINT('',(-10.26785714285,-31.99085685251));
#2854 = CARTESIAN_POINT('',(-11.82670286966,-31.99085685251));
#2855 = CARTESIAN_POINT('',(-11.04728000626,-30.64085685251));
#2856 = CARTESIAN_POINT('',(-10.26785714285,-29.29085685251));
#2857 = CARTESIAN_POINT('',(-9.488434279451,-30.64085685251));
#2858 = CARTESIAN_POINT('',(-8.709011416045,-31.99085685251));
#2859 = CARTESIAN_POINT('',(-10.26785714285,-31.99085685251));
#2860 = ( GEOMETRIC_REPRESENTATION_CONTEXT(2) 
PARAMETRIC_REPRESENTATION_CONTEXT() REPRESENTATION_CONTEXT('2D SPACE',''
  ) );
#2861 = PCURVE('',#1235,#2862);
#2862 = DEFINITIONAL_REPRESENTATION('',(#2863),#2867);
#2863 = LINE('',#2864,#2865);
#2864 = CARTESIAN_POINT('',(-3.996802888651E-14,-2.));
#2865 = VECTOR('',#2866,1.);
#2866 = DIRECTION('',(1.,0.));
#2867 = ( GEOMETRIC_REPRESENTATION_CONTEXT(2) 
PARAMETRIC_REPRESENTATION_CONTEXT() REPRESENTATION_CONTEXT('2D SPACE',''
  ) );
#2868 = ORIENTED_EDGE('',*,*,#2869,.T.);
#2869 = EDGE_CURVE('',#2842,#2870,#2872,.T.);
#2870 = VERTEX_POINT('',#2871);
#2871 = CARTESIAN_POINT('',(123.49375403883,-15.02166165199,
    131.78093540924));
#2872 = SURFACE_CURVE('',#2873,(#2878,#2889),.PCURVE_S1.);
#2873 = CIRCLE('',#2874,0.9);
#2874 = AXIS2_PLACEMENT_3D('',#2875,#2876,#2877);
#2875 = CARTESIAN_POINT('',(123.49375403883,-15.63171319838,
    132.4426280197));
#2876 = DIRECTION('',(1.,-3.059281223412E-14,4.93432455389E-15));
#2877 = DIRECTION('',(3.059281223412E-14,1.,-1.665334536937E-16));
#2878 = PCURVE('',#724,#2879);
#2879 = DEFINITIONAL_REPRESENTATION('',(#2880),#2888);
#2880 = ( BOUNDED_CURVE() B_SPLINE_CURVE(2,(#2881,#2882,#2883,#2884,
#2885,#2886,#2887),.UNSPECIFIED.,.T.,.F.) B_SPLINE_CURVE_WITH_KNOTS((1,2
    ,2,2,2,1),(-2.094395102393,0.,2.094395102393,4.188790204786,
6.28318530718,8.377580409573),.UNSPECIFIED.) CURVE() 
GEOMETRIC_REPRESENTATION_ITEM() RATIONAL_B_SPLINE_CURVE((1.,0.5,1.,0.5,
1.,0.5,1.)) REPRESENTATION_ITEM('') );
#2881 = CARTESIAN_POINT('',(-10.26785714285,-31.99085685251));
#2882 = CARTESIAN_POINT('',(-11.82670286966,-31.99085685251));
#2883 = CARTESIAN_POINT('',(-11.04728000626,-30.64085685251));
#2884 = CARTESIAN_POINT('',(-10.26785714285,-29.29085685251));
#2885 = CARTESIAN_POINT('',(-9.488434279451,-30.64085685251));
#2886 = CARTESIAN_POINT('',(-8.709011416045,-31.99085685251));
#2887 = CARTESIAN_POINT('',(-10.26785714285,-31.99085685251));
#2888 = ( GEOMETRIC_REPRESENTATION_CONTEXT(2) 
PARAMETRIC_REPRESENTATION_CONTEXT() REPRESENTATION_CONTEXT('2D SPACE',''
  ) );
#2889 = PCURVE('',#1235,#2890);
#2890 = DEFINITIONAL_REPRESENTATION('',(#2891),#2895);
#2891 = LINE('',#2892,#2893);
#2892 = CARTESIAN_POINT('',(-6.28318530718,-2.));
#2893 = VECTOR('',#2894,1.);
#2894 = DIRECTION('',(1.,0.));
#2895 = ( GEOMETRIC_REPRESENTATION_CONTEXT(2) 
PARAMETRIC_REPRESENTATION_CONTEXT() REPRESENTATION_CONTEXT('2D SPACE',''
  ) );
#2896 = ORIENTED_EDGE('',*,*,#2897,.F.);
#2897 = EDGE_CURVE('',#2898,#2870,#2900,.T.);
#2898 = VERTEX_POINT('',#2899);
#2899 = CARTESIAN_POINT('',(123.49375403883,-20.48171319838,
    126.9426280197));
#2900 = SURFACE_CURVE('',#2901,(#2906,#2917),.PCURVE_S1.);
#2901 = CIRCLE('',#2902,5.5);
#2902 = AXIS2_PLACEMENT_3D('',#2903,#2904,#2905);
#2903 = CARTESIAN_POINT('',(123.49375403883,-20.48171319838,
    132.4426280197));
#2904 = DIRECTION('',(1.,-3.059281223412E-14,4.93432455389E-15));
#2905 = DIRECTION('',(3.059281223412E-14,1.,-1.219189358524E-15));
#2906 = PCURVE('',#724,#2907);
#2907 = DEFINITIONAL_REPRESENTATION('',(#2908),#2916);
#2908 = ( BOUNDED_CURVE() B_SPLINE_CURVE(2,(#2909,#2910,#2911,#2912,
#2913,#2914,#2915),.UNSPECIFIED.,.T.,.F.) B_SPLINE_CURVE_WITH_KNOTS((1,2
    ,2,2,2,1),(-2.094395102393,0.,2.094395102393,4.188790204786,
6.28318530718,8.377580409573),.UNSPECIFIED.) CURVE() 
GEOMETRIC_REPRESENTATION_ITEM() RATIONAL_B_SPLINE_CURVE((1.,0.5,1.,0.5,
1.,0.5,1.)) REPRESENTATION_ITEM('') );
#2909 = CARTESIAN_POINT('',(-10.26785714285,-31.74085685251));
#2910 = CARTESIAN_POINT('',(-19.79413658448,-31.74085685251));
#2911 = CARTESIAN_POINT('',(-15.03099686367,-23.49085685251));
#2912 = CARTESIAN_POINT('',(-10.26785714285,-15.24085685251));
#2913 = CARTESIAN_POINT('',(-5.504717422043,-23.49085685251));
#2914 = CARTESIAN_POINT('',(-0.741577701228,-31.74085685251));
#2915 = CARTESIAN_POINT('',(-10.26785714285,-31.74085685251));
#2916 = ( GEOMETRIC_REPRESENTATION_CONTEXT(2) 
PARAMETRIC_REPRESENTATION_CONTEXT() REPRESENTATION_CONTEXT('2D SPACE',''
  ) );
#2917 = PCURVE('',#2829,#2918);
#2918 = DEFINITIONAL_REPRESENTATION('',(#2919),#2923);
#2919 = LINE('',#2920,#2921);
#2920 = CARTESIAN_POINT('',(10.995574287564,1.570796326795));
#2921 = VECTOR('',#2922,1.);
#2922 = DIRECTION('',(-1.,1.730182164994E-14));
#2923 = ( GEOMETRIC_REPRESENTATION_CONTEXT(2) 
PARAMETRIC_REPRESENTATION_CONTEXT() REPRESENTATION_CONTEXT('2D SPACE',''
  ) );
#2924 = ORIENTED_EDGE('',*,*,#2925,.F.);
#2925 = EDGE_CURVE('',#2926,#2898,#2928,.T.);
#2926 = VERTEX_POINT('',#2927);
#2927 = CARTESIAN_POINT('',(123.49375403883,-33.48171319839,
    126.9426280197));
#2928 = SURFACE_CURVE('',#2929,(#2933,#2940),.PCURVE_S1.);
#2929 = LINE('',#2930,#2931);
#2930 = CARTESIAN_POINT('',(123.49375403883,-63.60214162464,
    126.9426280197));
#2931 = VECTOR('',#2932,1.);
#2932 = DIRECTION('',(3.059281223412E-14,1.,-1.665334536938E-16));
#2933 = PCURVE('',#724,#2934);
#2934 = DEFINITIONAL_REPRESENTATION('',(#2935),#2939);
#2935 = LINE('',#2936,#2937);
#2936 = CARTESIAN_POINT('',(-4.767857142857,16.879571573741));
#2937 = VECTOR('',#2938,1.);
#2938 = DIRECTION('',(6.996210153179E-29,-1.));
#2939 = ( GEOMETRIC_REPRESENTATION_CONTEXT(2) 
PARAMETRIC_REPRESENTATION_CONTEXT() REPRESENTATION_CONTEXT('2D SPACE',''
  ) );
#2940 = PCURVE('',#2941,#2946);
#2941 = CYLINDRICAL_SURFACE('',#2942,2.);
#2942 = AXIS2_PLACEMENT_3D('',#2943,#2944,#2945);
#2943 = CARTESIAN_POINT('',(125.49375403883,-63.60214162464,
    126.9426280197));
#2944 = DIRECTION('',(-3.059281223412E-14,-1.,1.665334536938E-16));
#2945 = DIRECTION('',(-0.707106781187,2.151462805191E-14,-0.707106781187
    ));
#2946 = DEFINITIONAL_REPRESENTATION('',(#2947),#2951);
#2947 = LINE('',#2948,#2949);
#2948 = CARTESIAN_POINT('',(5.497787143782,-4.263256414561E-14));
#2949 = VECTOR('',#2950,1.);
#2950 = DIRECTION('',(1.9129996732E-15,-1.));
#2951 = ( GEOMETRIC_REPRESENTATION_CONTEXT(2) 
PARAMETRIC_REPRESENTATION_CONTEXT() REPRESENTATION_CONTEXT('2D SPACE',''
  ) );
#2952 = ORIENTED_EDGE('',*,*,#2953,.F.);
#2953 = EDGE_CURVE('',#2954,#2926,#2956,.T.);
#2954 = VERTEX_POINT('',#2955);
#2955 = CARTESIAN_POINT('',(123.49375403883,-38.48171319839,
    121.9426280197));
#2956 = SURFACE_CURVE('',#2957,(#2962,#2969),.PCURVE_S1.);
#2957 = CIRCLE('',#2958,5.);
#2958 = AXIS2_PLACEMENT_3D('',#2959,#2960,#2961);
#2959 = CARTESIAN_POINT('',(123.49375403883,-33.48171319839,
    121.9426280197));
#2960 = DIRECTION('',(-1.,3.059281223412E-14,-4.93432455389E-15));
#2961 = DIRECTION('',(-2.512147933894E-14,-0.707106781187,0.707106781187
    ));
#2962 = PCURVE('',#724,#2963);
#2963 = DEFINITIONAL_REPRESENTATION('',(#2964),#2968);
#2964 = CIRCLE('',#2965,5.);
#2965 = AXIS2_PLACEMENT_2D('',#2966,#2967);
#2966 = CARTESIAN_POINT('',(0.232142857143,-13.24085685251));
#2967 = DIRECTION('',(-0.707106781187,0.707106781187));
#2968 = ( GEOMETRIC_REPRESENTATION_CONTEXT(2) 
PARAMETRIC_REPRESENTATION_CONTEXT() REPRESENTATION_CONTEXT('2D SPACE',''
  ) );
#2969 = PCURVE('',#2970,#2975);
#2970 = TOROIDAL_SURFACE('',#2971,5.,2.);
#2971 = AXIS2_PLACEMENT_3D('',#2972,#2973,#2974);
#2972 = CARTESIAN_POINT('',(125.49375403883,-33.48171319839,
    121.9426280197));
#2973 = DIRECTION('',(1.,-3.059281223412E-14,4.93432455389E-15));
#2974 = DIRECTION('',(-4.93432455389E-15,-3.536656827287E-29,1.));
#2975 = DEFINITIONAL_REPRESENTATION('',(#2976),#2980);
#2976 = LINE('',#2977,#2978);
#2977 = CARTESIAN_POINT('',(7.068583470577,4.712388980385));
#2978 = VECTOR('',#2979,1.);
#2979 = DIRECTION('',(-1.,1.809382218788E-14));
#2980 = ( GEOMETRIC_REPRESENTATION_CONTEXT(2) 
PARAMETRIC_REPRESENTATION_CONTEXT() REPRESENTATION_CONTEXT('2D SPACE',''
  ) );
#2981 = ORIENTED_EDGE('',*,*,#2982,.F.);
#2982 = EDGE_CURVE('',#2983,#2954,#2985,.T.);
#2983 = VERTEX_POINT('',#2984);
#2984 = CARTESIAN_POINT('',(123.49375403883,-38.48171319839,
    117.9426280197));
#2985 = SURFACE_CURVE('',#2986,(#2990,#2997),.PCURVE_S1.);
#2986 = LINE('',#2987,#2988);
#2987 = CARTESIAN_POINT('',(123.49375403883,-38.48171319839,
    123.55869944827));
#2988 = VECTOR('',#2989,1.);
#2989 = DIRECTION('',(-4.93432455389E-15,1.665334536939E-16,1.));
#2990 = PCURVE('',#724,#2991);
#2991 = DEFINITIONAL_REPRESENTATION('',(#2992),#2996);
#2992 = LINE('',#2993,#2994);
#2993 = CARTESIAN_POINT('',(-1.383928571429,-8.240856852515));
#2994 = VECTOR('',#2995,1.);
#2995 = DIRECTION('',(-1.,0.));
#2996 = ( GEOMETRIC_REPRESENTATION_CONTEXT(2) 
PARAMETRIC_REPRESENTATION_CONTEXT() REPRESENTATION_CONTEXT('2D SPACE',''
  ) );
#2997 = PCURVE('',#2998,#3003);
#2998 = CYLINDRICAL_SURFACE('',#2999,2.);
#2999 = AXIS2_PLACEMENT_3D('',#3000,#3001,#3002);
#3000 = CARTESIAN_POINT('',(125.49375403883,-38.48171319839,
    123.55869944827));
#3001 = DIRECTION('',(4.93432455389E-15,-1.665334536939E-16,-1.));
#3002 = DIRECTION('',(-0.707106781187,0.707106781187,-3.606851287032E-15
    ));
#3003 = DEFINITIONAL_REPRESENTATION('',(#3004),#3008);
#3004 = LINE('',#3005,#3006);
#3005 = CARTESIAN_POINT('',(5.497787143782,-1.42108547152E-14));
#3006 = VECTOR('',#3007,1.);
#3007 = DIRECTION('',(0.,-1.));
#3008 = ( GEOMETRIC_REPRESENTATION_CONTEXT(2) 
PARAMETRIC_REPRESENTATION_CONTEXT() REPRESENTATION_CONTEXT('2D SPACE',''
  ) );
#3009 = ORIENTED_EDGE('',*,*,#3010,.F.);
#3010 = EDGE_CURVE('',#2431,#2983,#3011,.T.);
#3011 = SURFACE_CURVE('',#3012,(#3016,#3023),.PCURVE_S1.);
#3012 = LINE('',#3013,#3014);
#3013 = CARTESIAN_POINT('',(123.49375403883,-41.60214162464,
    117.9426280197));
#3014 = VECTOR('',#3015,1.);
#3015 = DIRECTION('',(3.059281223412E-14,1.,7.007557121364E-16));
#3016 = PCURVE('',#724,#3017);
#3017 = DEFINITIONAL_REPRESENTATION('',(#3018),#3022);
#3018 = LINE('',#3019,#3020);
#3019 = CARTESIAN_POINT('',(4.232142857143,-5.120428426258));
#3020 = VECTOR('',#3021,1.);
#3021 = DIRECTION('',(-8.672891658301E-16,-1.));
#3022 = ( GEOMETRIC_REPRESENTATION_CONTEXT(2) 
PARAMETRIC_REPRESENTATION_CONTEXT() REPRESENTATION_CONTEXT('2D SPACE',''
  ) );
#3023 = PCURVE('',#2470,#3024);
#3024 = DEFINITIONAL_REPRESENTATION('',(#3025),#3029);
#3025 = LINE('',#3026,#3027);
#3026 = CARTESIAN_POINT('',(-0.785398163397,-4.263256414561E-14));
#3027 = VECTOR('',#3028,1.);
#3028 = DIRECTION('',(-4.930058830605E-15,-1.));
#3029 = ( GEOMETRIC_REPRESENTATION_CONTEXT(2) 
PARAMETRIC_REPRESENTATION_CONTEXT() REPRESENTATION_CONTEXT('2D SPACE',''
  ) );
#3030 = FACE_BOUND('',#3031,.T.);
#3031 = EDGE_LOOP('',(#3032));
#3032 = ORIENTED_EDGE('',*,*,#1063,.T.);
#3033 = FACE_BOUND('',#3034,.T.);
#3034 = EDGE_LOOP('',(#3035));
#3035 = ORIENTED_EDGE('',*,*,#1149,.T.);
#3036 = FACE_BOUND('',#3037,.T.);
#3037 = EDGE_LOOP('',(#3038));
#3038 = ORIENTED_EDGE('',*,*,#3039,.T.);
#3039 = EDGE_CURVE('',#3040,#3040,#3042,.T.);
#3040 = VERTEX_POINT('',#3041);
#3041 = CARTESIAN_POINT('',(123.49375403883,-18.48171319838,
    132.4426280197));
#3042 = SURFACE_CURVE('',#3043,(#3048,#3059),.PCURVE_S1.);
#3043 = CIRCLE('',#3044,2.);
#3044 = AXIS2_PLACEMENT_3D('',#3045,#3046,#3047);
#3045 = CARTESIAN_POINT('',(123.49375403883,-20.48171319838,
    132.4426280197));
#3046 = DIRECTION('',(1.,-1.536271110325E-14,6.064593272015E-15));
#3047 = DIRECTION('',(-1.536271110325E-14,-1.,1.665334536938E-16));
#3048 = PCURVE('',#724,#3049);
#3049 = DEFINITIONAL_REPRESENTATION('',(#3050),#3058);
#3050 = ( BOUNDED_CURVE() B_SPLINE_CURVE(2,(#3051,#3052,#3053,#3054,
#3055,#3056,#3057),.UNSPECIFIED.,.T.,.F.) B_SPLINE_CURVE_WITH_KNOTS((1,2
    ,2,2,2,1),(-2.094395102393,0.,2.094395102393,4.188790204786,
6.28318530718,8.377580409573),.UNSPECIFIED.) CURVE() 
GEOMETRIC_REPRESENTATION_ITEM() RATIONAL_B_SPLINE_CURVE((1.,0.5,1.,0.5,
1.,0.5,1.)) REPRESENTATION_ITEM('') );
#3051 = CARTESIAN_POINT('',(-10.26785714285,-24.24085685251));
#3052 = CARTESIAN_POINT('',(-6.803755527719,-24.24085685251));
#3053 = CARTESIAN_POINT('',(-8.535806335288,-27.24085685251));
#3054 = CARTESIAN_POINT('',(-10.26785714285,-30.24085685251));
#3055 = CARTESIAN_POINT('',(-11.99990795042,-27.24085685251));
#3056 = CARTESIAN_POINT('',(-13.73195875799,-24.24085685251));
#3057 = CARTESIAN_POINT('',(-10.26785714285,-24.24085685251));
#3058 = ( GEOMETRIC_REPRESENTATION_CONTEXT(2) 
PARAMETRIC_REPRESENTATION_CONTEXT() REPRESENTATION_CONTEXT('2D SPACE',''
  ) );
#3059 = PCURVE('',#1296,#3060);
#3060 = DEFINITIONAL_REPRESENTATION('',(#3061),#3065);
#3061 = LINE('',#3062,#3063);
#3062 = CARTESIAN_POINT('',(-6.28318530718,-2.5));
#3063 = VECTOR('',#3064,1.);
#3064 = DIRECTION('',(1.,0.));
#3065 = ( GEOMETRIC_REPRESENTATION_CONTEXT(2) 
PARAMETRIC_REPRESENTATION_CONTEXT() REPRESENTATION_CONTEXT('2D SPACE',''
  ) );
#3066 = ADVANCED_FACE('',(#3067),#1202,.T.);
#3067 = FACE_BOUND('',#3068,.T.);
#3068 = EDGE_LOOP('',(#3069,#3070,#3091,#3092));
#3069 = ORIENTED_EDGE('',*,*,#1311,.F.);
#3070 = ORIENTED_EDGE('',*,*,#3071,.T.);
#3071 = EDGE_CURVE('',#1312,#1181,#3072,.T.);
#3072 = SURFACE_CURVE('',#3073,(#3077,#3084),.PCURVE_S1.);
#3073 = LINE('',#3074,#3075);
#3074 = CARTESIAN_POINT('',(132.49375403883,-16.49073381694,
    132.17414417122));
#3075 = VECTOR('',#3076,1.);
#3076 = DIRECTION('',(1.,-3.10862446895E-14,8.881784197001E-15));
#3077 = PCURVE('',#1202,#3078);
#3078 = DEFINITIONAL_REPRESENTATION('',(#3079),#3083);
#3079 = LINE('',#3080,#3081);
#3080 = CARTESIAN_POINT('',(3.074421189862,-1.136868377216E-13));
#3081 = VECTOR('',#3082,1.);
#3082 = DIRECTION('',(0.,1.));
#3083 = ( GEOMETRIC_REPRESENTATION_CONTEXT(2) 
PARAMETRIC_REPRESENTATION_CONTEXT() REPRESENTATION_CONTEXT('2D SPACE',''
  ) );
#3084 = PCURVE('',#1235,#3085);
#3085 = DEFINITIONAL_REPRESENTATION('',(#3086),#3090);
#3086 = LINE('',#3087,#3088);
#3087 = CARTESIAN_POINT('',(-2.838665464441,7.));
#3088 = VECTOR('',#3089,1.);
#3089 = DIRECTION('',(0.,1.));
#3090 = ( GEOMETRIC_REPRESENTATION_CONTEXT(2) 
PARAMETRIC_REPRESENTATION_CONTEXT() REPRESENTATION_CONTEXT('2D SPACE',''
  ) );
#3091 = ORIENTED_EDGE('',*,*,#1178,.F.);
#3092 = ORIENTED_EDGE('',*,*,#3093,.F.);
#3093 = EDGE_CURVE('',#1314,#1179,#3094,.T.);
#3094 = SURFACE_CURVE('',#3095,(#3099,#3106),.PCURVE_S1.);
#3095 = LINE('',#3096,#3097);
#3096 = CARTESIAN_POINT('',(132.49375403883,-16.49073381694,
    132.71111186818));
#3097 = VECTOR('',#3098,1.);
#3098 = DIRECTION('',(1.,-3.10862446895E-14,8.881784197001E-15));
#3099 = PCURVE('',#1202,#3100);
#3100 = DEFINITIONAL_REPRESENTATION('',(#3101),#3105);
#3101 = LINE('',#3102,#3103);
#3102 = CARTESIAN_POINT('',(-3.074421189861,-1.136868377216E-13));
#3103 = VECTOR('',#3104,1.);
#3104 = DIRECTION('',(0.,1.));
#3105 = ( GEOMETRIC_REPRESENTATION_CONTEXT(2) 
PARAMETRIC_REPRESENTATION_CONTEXT() REPRESENTATION_CONTEXT('2D SPACE',''
  ) );
#3106 = PCURVE('',#1235,#3107);
#3107 = DEFINITIONAL_REPRESENTATION('',(#3108),#3112);
#3108 = LINE('',#3109,#3110);
#3109 = CARTESIAN_POINT('',(2.83866546444,7.));
#3110 = VECTOR('',#3111,1.);
#3111 = DIRECTION('',(0.,1.));
#3112 = ( GEOMETRIC_REPRESENTATION_CONTEXT(2) 
PARAMETRIC_REPRESENTATION_CONTEXT() REPRESENTATION_CONTEXT('2D SPACE',''
  ) );
#3113 = ADVANCED_FACE('',(#3114),#1954,.T.);
#3114 = FACE_BOUND('',#3115,.T.);
#3115 = EDGE_LOOP('',(#3116,#3167,#3211,#3212));
#3116 = ORIENTED_EDGE('',*,*,#3117,.T.);
#3117 = EDGE_CURVE('',#2355,#3118,#3120,.T.);
#3118 = VERTEX_POINT('',#3119);
#3119 = CARTESIAN_POINT('',(130.49375403883,-36.48171319839,
    117.9426280197));
#3120 = SURFACE_CURVE('',#3121,(#3126,#3155),.PCURVE_S1.);
#3121 = CIRCLE('',#3122,2.);
#3122 = AXIS2_PLACEMENT_3D('',#3123,#3124,#3125);
#3123 = CARTESIAN_POINT('',(130.49375403883,-38.48171319839,
    117.9426280197));
#3124 = DIRECTION('',(1.,-3.10862446895E-14,8.881784197001E-15));
#3125 = DIRECTION('',(8.881784197001E-15,6.661338147749E-16,-1.));
#3126 = PCURVE('',#1954,#3127);
#3127 = DEFINITIONAL_REPRESENTATION('',(#3128),#3154);
#3128 = B_SPLINE_CURVE_WITH_KNOTS('',3,(#3129,#3130,#3131,#3132,#3133,
    #3134,#3135,#3136,#3137,#3138,#3139,#3140,#3141,#3142,#3143,#3144,
    #3145,#3146,#3147,#3148,#3149,#3150,#3151,#3152,#3153),
  .UNSPECIFIED.,.F.,.F.,(4,1,1,1,1,1,1,1,1,1,1,1,1,1,1,1,1,1,1,1,1,1,4),
  (0.,7.139983303613E-02,0.142799666072,0.214199499108,0.285599332145,
    0.356999165181,0.428398998217,0.499798831253,0.571198664289,
    0.642598497325,0.713998330361,0.785398163397,0.856797996434,
    0.92819782947,0.999597662506,1.070997495542,1.142397328578,
    1.213797161614,1.28519699465,1.356596827687,1.427996660723,
    1.499396493759,1.570796326795),.QUASI_UNIFORM_KNOTS.);
#3129 = CARTESIAN_POINT('',(7.169262430972,0.420534335284));
#3130 = CARTESIAN_POINT('',(7.14594679657,0.431177612946));
#3131 = CARTESIAN_POINT('',(7.098636661174,0.451857720497));
#3132 = CARTESIAN_POINT('',(7.025582606253,0.480841619708));
#3133 = CARTESIAN_POINT('',(6.950369086369,0.507573396942));
#3134 = CARTESIAN_POINT('',(6.872989752188,0.531833486067));
#3135 = CARTESIAN_POINT('',(6.793491728131,0.553405144352));
#3136 = CARTESIAN_POINT('',(6.711988485821,0.572079393981));
#3137 = CARTESIAN_POINT('',(6.628663437004,0.587661669371));
#3138 = CARTESIAN_POINT('',(6.543771372066,0.599978915752));
#3139 = CARTESIAN_POINT('',(6.457634313978,0.608886874916));
#3140 = CARTESIAN_POINT('',(6.370631758508,0.614276835086));
#3141 = CARTESIAN_POINT('',(6.28318530718,0.616081145463));
#3142 = CARTESIAN_POINT('',(6.195738855851,0.614276835086));
#3143 = CARTESIAN_POINT('',(6.108736300381,0.608886874916));
#3144 = CARTESIAN_POINT('',(6.022599242294,0.599978915752));
#3145 = CARTESIAN_POINT('',(5.937707177355,0.587661669371));
#3146 = CARTESIAN_POINT('',(5.854382128538,0.572079393981));
#3147 = CARTESIAN_POINT('',(5.772878886228,0.553405144352));
#3148 = CARTESIAN_POINT('',(5.693380862171,0.531833486067));
#3149 = CARTESIAN_POINT('',(5.61600152799,0.507573396942));
#3150 = CARTESIAN_POINT('',(5.540788008107,0.480841619708));
#3151 = CARTESIAN_POINT('',(5.467733953185,0.451857720497));
#3152 = CARTESIAN_POINT('',(5.420423817789,0.431177612946));
#3153 = CARTESIAN_POINT('',(5.397108183387,0.420534335284));
#3154 = ( GEOMETRIC_REPRESENTATION_CONTEXT(2) 
PARAMETRIC_REPRESENTATION_CONTEXT() REPRESENTATION_CONTEXT('2D SPACE',''
  ) );
#3155 = PCURVE('',#3156,#3161);
#3156 = CYLINDRICAL_SURFACE('',#3157,2.);
#3157 = AXIS2_PLACEMENT_3D('',#3158,#3159,#3160);
#3158 = CARTESIAN_POINT('',(129.99375403883,-38.48171319839,
    117.9426280197));
#3159 = DIRECTION('',(-1.,3.10862446895E-14,-8.881784197001E-15));
#3160 = DIRECTION('',(2.826166425631E-14,0.707106781187,-0.707106781187)
  );
#3161 = DEFINITIONAL_REPRESENTATION('',(#3162),#3166);
#3162 = LINE('',#3163,#3164);
#3163 = CARTESIAN_POINT('',(0.785398163397,-0.500000000001));
#3164 = VECTOR('',#3165,1.);
#3165 = DIRECTION('',(-1.,0.));
#3166 = ( GEOMETRIC_REPRESENTATION_CONTEXT(2) 
PARAMETRIC_REPRESENTATION_CONTEXT() REPRESENTATION_CONTEXT('2D SPACE',''
  ) );
#3167 = ORIENTED_EDGE('',*,*,#3168,.T.);
#3168 = EDGE_CURVE('',#3118,#1912,#3169,.T.);
#3169 = SURFACE_CURVE('',#3170,(#3175,#3204),.PCURVE_S1.);
#3170 = CIRCLE('',#3171,2.);
#3171 = AXIS2_PLACEMENT_3D('',#3172,#3173,#3174);
#3172 = CARTESIAN_POINT('',(130.49375403883,-38.48171319839,
    117.9426280197));
#3173 = DIRECTION('',(8.881784197001E-15,-1.66533453694E-16,-1.));
#3174 = DIRECTION('',(0.707106781187,0.707106781187,6.162612900334E-15)
  );
#3175 = PCURVE('',#1954,#3176);
#3176 = DEFINITIONAL_REPRESENTATION('',(#3177),#3203);
#3177 = B_SPLINE_CURVE_WITH_KNOTS('',3,(#3178,#3179,#3180,#3181,#3182,
    #3183,#3184,#3185,#3186,#3187,#3188,#3189,#3190,#3191,#3192,#3193,
    #3194,#3195,#3196,#3197,#3198,#3199,#3200,#3201,#3202),
  .UNSPECIFIED.,.F.,.F.,(4,1,1,1,1,1,1,1,1,1,1,1,1,1,1,1,1,1,1,1,1,1,4),
  (5.497787143782,5.569186976818,5.640586809854,5.711986642891,
    5.783386475927,5.854786308963,5.926186141999,5.997585975035,
    6.068985808071,6.140385641107,6.211785474143,6.28318530718,
    6.354585140216,6.425984973252,6.497384806288,6.568784639324,
    6.64018447236,6.711584305396,6.782984138433,6.854383971469,
    6.925783804505,6.997183637541,7.068583470577),
  .QUASI_UNIFORM_KNOTS.);
#3178 = CARTESIAN_POINT('',(5.397108183387,0.420534335284));
#3179 = CARTESIAN_POINT('',(5.408763388199,0.399245918674));
#3180 = CARTESIAN_POINT('',(5.431424704515,0.356521383409));
#3181 = CARTESIAN_POINT('',(5.46382063559,0.292072447429));
#3182 = CARTESIAN_POINT('',(5.494988967508,0.227346666659));
#3183 = CARTESIAN_POINT('',(5.525237917477,0.162414226077));
#3184 = CARTESIAN_POINT('',(5.554851241823,9.733931239665E-02));
#3185 = CARTESIAN_POINT('',(5.584091299221,3.21808705697E-02));
#3186 = CARTESIAN_POINT('',(5.613209265859,-3.300486811566E-02));
#3187 = CARTESIAN_POINT('',(5.642452470234,-9.81626058265E-02));
#3188 = CARTESIAN_POINT('',(5.672072112256,-0.163236106295));
#3189 = CARTESIAN_POINT('',(5.702331039799,-0.228166302646));
#3190 = CARTESIAN_POINT('',(5.733512229971,-0.292889207833));
#3191 = CARTESIAN_POINT('',(5.765928414849,-0.357333496394));
#3192 = CARTESIAN_POINT('',(5.799933440753,-0.421417575992));
#3193 = CARTESIAN_POINT('',(5.835936055775,-0.485045913962));
#3194 = CARTESIAN_POINT('',(5.874416943299,-0.548104320227));
#3195 = CARTESIAN_POINT('',(5.915950072795,-0.610453711589));
#3196 = CARTESIAN_POINT('',(5.961229158455,-0.671921956095));
#3197 = CARTESIAN_POINT('',(6.011101336203,-0.732292309234));
#3198 = CARTESIAN_POINT('',(6.066604225637,-0.791289937376));
#3199 = CARTESIAN_POINT('',(6.129020437536,-0.848555592307));
#3200 = CARTESIAN_POINT('',(6.199885059108,-0.903640648239));
#3201 = CARTESIAN_POINT('',(6.254059846167,-0.938472816918));
#3202 = CARTESIAN_POINT('',(6.28318530718,-0.955316618125));
#3203 = ( GEOMETRIC_REPRESENTATION_CONTEXT(2) 
PARAMETRIC_REPRESENTATION_CONTEXT() REPRESENTATION_CONTEXT('2D SPACE',''
  ) );
#3204 = PCURVE('',#1716,#3205);
#3205 = DEFINITIONAL_REPRESENTATION('',(#3206),#3210);
#3206 = LINE('',#3207,#3208);
#3207 = CARTESIAN_POINT('',(6.28318530718,-5.616071428572));
#3208 = VECTOR('',#3209,1.);
#3209 = DIRECTION('',(-1.,0.));
#3210 = ( GEOMETRIC_REPRESENTATION_CONTEXT(2) 
PARAMETRIC_REPRESENTATION_CONTEXT() REPRESENTATION_CONTEXT('2D SPACE',''
  ) );
#3211 = ORIENTED_EDGE('',*,*,#1939,.T.);
#3212 = ORIENTED_EDGE('',*,*,#2382,.T.);
#3213 = ADVANCED_FACE('',(#3214),#3156,.T.);
#3214 = FACE_BOUND('',#3215,.T.);
#3215 = EDGE_LOOP('',(#3216,#3269,#3295,#3296));
#3216 = ORIENTED_EDGE('',*,*,#3217,.T.);
#3217 = EDGE_CURVE('',#3218,#3220,#3222,.T.);
#3218 = VERTEX_POINT('',#3219);
#3219 = CARTESIAN_POINT('',(125.49375403883,-38.48171319839,
    115.9426280197));
#3220 = VERTEX_POINT('',#3221);
#3221 = CARTESIAN_POINT('',(125.49375403883,-36.48171319839,
    117.9426280197));
#3222 = SURFACE_CURVE('',#3223,(#3228,#3235),.PCURVE_S1.);
#3223 = CIRCLE('',#3224,2.);
#3224 = AXIS2_PLACEMENT_3D('',#3225,#3226,#3227);
#3225 = CARTESIAN_POINT('',(125.49375403883,-38.48171319839,
    117.9426280197));
#3226 = DIRECTION('',(1.,-3.10862446895E-14,8.881784197001E-15));
#3227 = DIRECTION('',(8.881784197001E-15,6.661338147749E-16,-1.));
#3228 = PCURVE('',#3156,#3229);
#3229 = DEFINITIONAL_REPRESENTATION('',(#3230),#3234);
#3230 = LINE('',#3231,#3232);
#3231 = CARTESIAN_POINT('',(0.785398163397,4.499999999999));
#3232 = VECTOR('',#3233,1.);
#3233 = DIRECTION('',(-1.,-9.04691109394E-15));
#3234 = ( GEOMETRIC_REPRESENTATION_CONTEXT(2) 
PARAMETRIC_REPRESENTATION_CONTEXT() REPRESENTATION_CONTEXT('2D SPACE',''
  ) );
#3235 = PCURVE('',#3236,#3241);
#3236 = SPHERICAL_SURFACE('',#3237,2.);
#3237 = AXIS2_PLACEMENT_3D('',#3238,#3239,#3240);
#3238 = CARTESIAN_POINT('',(125.49375403883,-38.48171319839,
    117.9426280197));
#3239 = DIRECTION('',(-0.816496580928,-0.408248290464,0.408248290464));
#3240 = DIRECTION('',(-0.57735026919,0.57735026919,-0.57735026919));
#3241 = DEFINITIONAL_REPRESENTATION('',(#3242),#3268);
#3242 = B_SPLINE_CURVE_WITH_KNOTS('',3,(#3243,#3244,#3245,#3246,#3247,
    #3248,#3249,#3250,#3251,#3252,#3253,#3254,#3255,#3256,#3257,#3258,
    #3259,#3260,#3261,#3262,#3263,#3264,#3265,#3266,#3267),
  .UNSPECIFIED.,.F.,.F.,(4,1,1,1,1,1,1,1,1,1,1,1,1,1,1,1,1,1,1,1,1,1,4),
  (0.,7.139983303613E-02,0.142799666072,0.214199499108,0.285599332145,
    0.356999165181,0.428398998217,0.499798831253,0.571198664289,
    0.642598497325,0.713998330361,0.785398163397,0.856797996434,
    0.92819782947,0.999597662506,1.070997495542,1.142397328578,
    1.213797161614,1.28519699465,1.356596827687,1.427996660723,
    1.499396493759,1.570796326795),.QUASI_UNIFORM_KNOTS.);
#3243 = CARTESIAN_POINT('',(7.169262430972,-0.420534335284));
#3244 = CARTESIAN_POINT('',(7.14594679657,-0.431177612946));
#3245 = CARTESIAN_POINT('',(7.098636661174,-0.451857720497));
#3246 = CARTESIAN_POINT('',(7.025582606253,-0.480841619708));
#3247 = CARTESIAN_POINT('',(6.950369086369,-0.507573396942));
#3248 = CARTESIAN_POINT('',(6.872989752188,-0.531833486067));
#3249 = CARTESIAN_POINT('',(6.793491728131,-0.553405144352));
#3250 = CARTESIAN_POINT('',(6.711988485821,-0.572079393981));
#3251 = CARTESIAN_POINT('',(6.628663437004,-0.587661669371));
#3252 = CARTESIAN_POINT('',(6.543771372066,-0.599978915752));
#3253 = CARTESIAN_POINT('',(6.457634313978,-0.608886874916));
#3254 = CARTESIAN_POINT('',(6.370631758508,-0.614276835086));
#3255 = CARTESIAN_POINT('',(6.28318530718,-0.616081145463));
#3256 = CARTESIAN_POINT('',(6.195738855851,-0.614276835086));
#3257 = CARTESIAN_POINT('',(6.108736300381,-0.608886874916));
#3258 = CARTESIAN_POINT('',(6.022599242294,-0.599978915752));
#3259 = CARTESIAN_POINT('',(5.937707177355,-0.587661669371));
#3260 = CARTESIAN_POINT('',(5.854382128538,-0.572079393981));
#3261 = CARTESIAN_POINT('',(5.772878886228,-0.553405144352));
#3262 = CARTESIAN_POINT('',(5.693380862171,-0.531833486067));
#3263 = CARTESIAN_POINT('',(5.61600152799,-0.507573396942));
#3264 = CARTESIAN_POINT('',(5.540788008107,-0.480841619708));
#3265 = CARTESIAN_POINT('',(5.467733953185,-0.451857720497));
#3266 = CARTESIAN_POINT('',(5.420423817789,-0.431177612946));
#3267 = CARTESIAN_POINT('',(5.397108183387,-0.420534335284));
#3268 = ( GEOMETRIC_REPRESENTATION_CONTEXT(2) 
PARAMETRIC_REPRESENTATION_CONTEXT() REPRESENTATION_CONTEXT('2D SPACE',''
  ) );
#3269 = ORIENTED_EDGE('',*,*,#3270,.T.);
#3270 = EDGE_CURVE('',#3220,#3118,#3271,.T.);
#3271 = SURFACE_CURVE('',#3272,(#3276,#3283),.PCURVE_S1.);
#3272 = LINE('',#3273,#3274);
#3273 = CARTESIAN_POINT('',(129.99375403883,-36.48171319839,
    117.9426280197));
#3274 = VECTOR('',#3275,1.);
#3275 = DIRECTION('',(1.,-3.10862446895E-14,8.881784197001E-15));
#3276 = PCURVE('',#3156,#3277);
#3277 = DEFINITIONAL_REPRESENTATION('',(#3278),#3282);
#3278 = LINE('',#3279,#3280);
#3279 = CARTESIAN_POINT('',(-0.785398163397,5.684341886081E-14));
#3280 = VECTOR('',#3281,1.);
#3281 = DIRECTION('',(0.,-1.));
#3282 = ( GEOMETRIC_REPRESENTATION_CONTEXT(2) 
PARAMETRIC_REPRESENTATION_CONTEXT() REPRESENTATION_CONTEXT('2D SPACE',''
  ) );
#3283 = PCURVE('',#3284,#3289);
#3284 = PLANE('',#3285);
#3285 = AXIS2_PLACEMENT_3D('',#3286,#3287,#3288);
#3286 = CARTESIAN_POINT('',(129.99375403883,-36.48171319839,
    124.9426280197));
#3287 = DIRECTION('',(3.10862446895E-14,1.,-1.665334536937E-16));
#3288 = DIRECTION('',(8.881784197001E-15,-1.66533453694E-16,-1.));
#3289 = DEFINITIONAL_REPRESENTATION('',(#3290),#3294);
#3290 = LINE('',#3291,#3292);
#3291 = CARTESIAN_POINT('',(7.,6.217248937901E-14));
#3292 = VECTOR('',#3293,1.);
#3293 = DIRECTION('',(-6.310887241768E-30,-1.));
#3294 = ( GEOMETRIC_REPRESENTATION_CONTEXT(2) 
PARAMETRIC_REPRESENTATION_CONTEXT() REPRESENTATION_CONTEXT('2D SPACE',''
  ) );
#3295 = ORIENTED_EDGE('',*,*,#3117,.F.);
#3296 = ORIENTED_EDGE('',*,*,#3297,.T.);
#3297 = EDGE_CURVE('',#2355,#3218,#3298,.T.);
#3298 = SURFACE_CURVE('',#3299,(#3303,#3310),.PCURVE_S1.);
#3299 = LINE('',#3300,#3301);
#3300 = CARTESIAN_POINT('',(129.99375403883,-38.48171319839,
    115.9426280197));
#3301 = VECTOR('',#3302,1.);
#3302 = DIRECTION('',(-1.,3.10862446895E-14,-8.881784197001E-15));
#3303 = PCURVE('',#3156,#3304);
#3304 = DEFINITIONAL_REPRESENTATION('',(#3305),#3309);
#3305 = LINE('',#3306,#3307);
#3306 = CARTESIAN_POINT('',(0.785398163397,2.84217094304E-14));
#3307 = VECTOR('',#3308,1.);
#3308 = DIRECTION('',(0.,1.));
#3309 = ( GEOMETRIC_REPRESENTATION_CONTEXT(2) 
PARAMETRIC_REPRESENTATION_CONTEXT() REPRESENTATION_CONTEXT('2D SPACE',''
  ) );
#3310 = PCURVE('',#2370,#3311);
#3311 = DEFINITIONAL_REPRESENTATION('',(#3312),#3316);
#3312 = LINE('',#3313,#3314);
#3313 = CARTESIAN_POINT('',(2.,-6.217248937901E-14));
#3314 = VECTOR('',#3315,1.);
#3315 = DIRECTION('',(6.223961010011E-30,1.));
#3316 = ( GEOMETRIC_REPRESENTATION_CONTEXT(2) 
PARAMETRIC_REPRESENTATION_CONTEXT() REPRESENTATION_CONTEXT('2D SPACE',''
  ) );
#3317 = ADVANCED_FACE('',(#3318),#2470,.T.);
#3318 = FACE_BOUND('',#3319,.T.);
#3319 = EDGE_LOOP('',(#3320,#3321,#3322,#3366));
#3320 = ORIENTED_EDGE('',*,*,#2453,.T.);
#3321 = ORIENTED_EDGE('',*,*,#3010,.T.);
#3322 = ORIENTED_EDGE('',*,*,#3323,.T.);
#3323 = EDGE_CURVE('',#2983,#3218,#3324,.T.);
#3324 = SURFACE_CURVE('',#3325,(#3330,#3337),.PCURVE_S1.);
#3325 = CIRCLE('',#3326,2.);
#3326 = AXIS2_PLACEMENT_3D('',#3327,#3328,#3329);
#3327 = CARTESIAN_POINT('',(125.49375403883,-38.48171319839,
    117.9426280197));
#3328 = DIRECTION('',(-3.039235529911E-14,-1.,-6.661338147752E-16));
#3329 = DIRECTION('',(-1.,3.039235529911E-14,-8.881784197001E-15));
#3330 = PCURVE('',#2470,#3331);
#3331 = DEFINITIONAL_REPRESENTATION('',(#3332),#3336);
#3332 = LINE('',#3333,#3334);
#3333 = CARTESIAN_POINT('',(-0.785398163397,-3.120428426258));
#3334 = VECTOR('',#3335,1.);
#3335 = DIRECTION('',(1.,9.046911093938E-15));
#3336 = ( GEOMETRIC_REPRESENTATION_CONTEXT(2) 
PARAMETRIC_REPRESENTATION_CONTEXT() REPRESENTATION_CONTEXT('2D SPACE',''
  ) );
#3337 = PCURVE('',#3236,#3338);
#3338 = DEFINITIONAL_REPRESENTATION('',(#3339),#3365);
#3339 = B_SPLINE_CURVE_WITH_KNOTS('',3,(#3340,#3341,#3342,#3343,#3344,
    #3345,#3346,#3347,#3348,#3349,#3350,#3351,#3352,#3353,#3354,#3355,
    #3356,#3357,#3358,#3359,#3360,#3361,#3362,#3363,#3364),
  .UNSPECIFIED.,.F.,.F.,(4,1,1,1,1,1,1,1,1,1,1,1,1,1,1,1,1,1,1,1,1,1,4),
  (0.,7.139983303613E-02,0.142799666072,0.214199499108,0.285599332145,
    0.356999165181,0.428398998217,0.499798831253,0.571198664289,
    0.642598497325,0.713998330361,0.785398163397,0.856797996434,
    0.92819782947,0.999597662506,1.070997495542,1.142397328578,
    1.213797161614,1.28519699465,1.356596827686,1.427996660723,
    1.499396493759,1.570796326795),.QUASI_UNIFORM_KNOTS.);
#3340 = CARTESIAN_POINT('',(6.28318530718,0.955316618125));
#3341 = CARTESIAN_POINT('',(6.312310768192,0.938472816918));
#3342 = CARTESIAN_POINT('',(6.366485555252,0.903640648239));
#3343 = CARTESIAN_POINT('',(6.437350176823,0.848555592307));
#3344 = CARTESIAN_POINT('',(6.499766388722,0.791289937376));
#3345 = CARTESIAN_POINT('',(6.555269278156,0.732292309234));
#3346 = CARTESIAN_POINT('',(6.605141455905,0.671921956095));
#3347 = CARTESIAN_POINT('',(6.650420541564,0.610453711589));
#3348 = CARTESIAN_POINT('',(6.691953671061,0.548104320227));
#3349 = CARTESIAN_POINT('',(6.730434558584,0.485045913962));
#3350 = CARTESIAN_POINT('',(6.766437173606,0.421417575992));
#3351 = CARTESIAN_POINT('',(6.80044219951,0.357333496394));
#3352 = CARTESIAN_POINT('',(6.832858384388,0.292889207833));
#3353 = CARTESIAN_POINT('',(6.86403957456,0.228166302646));
#3354 = CARTESIAN_POINT('',(6.894298502103,0.163236106295));
#3355 = CARTESIAN_POINT('',(6.923918144126,9.816260582651E-02));
#3356 = CARTESIAN_POINT('',(6.953161348501,3.30048681157E-02));
#3357 = CARTESIAN_POINT('',(6.982279315138,-3.218087056971E-02));
#3358 = CARTESIAN_POINT('',(7.011519372536,-9.733931239663E-02));
#3359 = CARTESIAN_POINT('',(7.041132696882,-0.162414226077));
#3360 = CARTESIAN_POINT('',(7.071381646851,-0.227346666659));
#3361 = CARTESIAN_POINT('',(7.102549978769,-0.292072447429));
#3362 = CARTESIAN_POINT('',(7.134945909844,-0.356521383409));
#3363 = CARTESIAN_POINT('',(7.157607226161,-0.399245918674));
#3364 = CARTESIAN_POINT('',(7.169262430972,-0.420534335284));
#3365 = ( GEOMETRIC_REPRESENTATION_CONTEXT(2) 
PARAMETRIC_REPRESENTATION_CONTEXT() REPRESENTATION_CONTEXT('2D SPACE',''
  ) );
#3366 = ORIENTED_EDGE('',*,*,#3367,.T.);
#3367 = EDGE_CURVE('',#3218,#2454,#3368,.T.);
#3368 = SURFACE_CURVE('',#3369,(#3373,#3380),.PCURVE_S1.);
#3369 = LINE('',#3370,#3371);
#3370 = CARTESIAN_POINT('',(125.49375403883,-41.60214162464,
    115.9426280197));
#3371 = VECTOR('',#3372,1.);
#3372 = DIRECTION('',(-3.059281223412E-14,-1.,-7.007557121364E-16));
#3373 = PCURVE('',#2470,#3374);
#3374 = DEFINITIONAL_REPRESENTATION('',(#3375),#3379);
#3375 = LINE('',#3376,#3377);
#3376 = CARTESIAN_POINT('',(0.785398163397,7.105427357601E-15));
#3377 = VECTOR('',#3378,1.);
#3378 = DIRECTION('',(-2.521052811105E-15,1.));
#3379 = ( GEOMETRIC_REPRESENTATION_CONTEXT(2) 
PARAMETRIC_REPRESENTATION_CONTEXT() REPRESENTATION_CONTEXT('2D SPACE',''
  ) );
#3380 = PCURVE('',#2370,#3381);
#3381 = DEFINITIONAL_REPRESENTATION('',(#3382),#3386);
#3382 = LINE('',#3383,#3384);
#3383 = CARTESIAN_POINT('',(5.120428426258,4.5));
#3384 = VECTOR('',#3385,1.);
#3385 = DIRECTION('',(1.,-4.93432455389E-16));
#3386 = ( GEOMETRIC_REPRESENTATION_CONTEXT(2) 
PARAMETRIC_REPRESENTATION_CONTEXT() REPRESENTATION_CONTEXT('2D SPACE',''
  ) );
#3387 = ADVANCED_FACE('',(#3388),#3236,.T.);
#3388 = FACE_BOUND('',#3389,.T.);
#3389 = EDGE_LOOP('',(#3390,#3391,#3435));
#3390 = ORIENTED_EDGE('',*,*,#3323,.F.);
#3391 = ORIENTED_EDGE('',*,*,#3392,.T.);
#3392 = EDGE_CURVE('',#2983,#3220,#3393,.T.);
#3393 = SURFACE_CURVE('',#3394,(#3399,#3428),.PCURVE_S1.);
#3394 = CIRCLE('',#3395,2.);
#3395 = AXIS2_PLACEMENT_3D('',#3396,#3397,#3398);
#3396 = CARTESIAN_POINT('',(125.49375403883,-38.48171319839,
    117.9426280197));
#3397 = DIRECTION('',(4.93432455389E-15,-1.665334536939E-16,-1.));
#3398 = DIRECTION('',(-0.707106781187,0.707106781187,-3.606851287032E-15
    ));
#3399 = PCURVE('',#3236,#3400);
#3400 = DEFINITIONAL_REPRESENTATION('',(#3401),#3427);
#3401 = B_SPLINE_CURVE_WITH_KNOTS('',3,(#3402,#3403,#3404,#3405,#3406,
    #3407,#3408,#3409,#3410,#3411,#3412,#3413,#3414,#3415,#3416,#3417,
    #3418,#3419,#3420,#3421,#3422,#3423,#3424,#3425,#3426),
  .UNSPECIFIED.,.F.,.F.,(4,1,1,1,1,1,1,1,1,1,1,1,1,1,1,1,1,1,1,1,1,1,4),
  (5.497787143782,5.569186976818,5.640586809854,5.711986642891,
    5.783386475927,5.854786308963,5.926186141999,5.997585975035,
    6.068985808071,6.140385641107,6.211785474143,6.28318530718,
    6.354585140216,6.425984973252,6.497384806288,6.568784639324,
    6.64018447236,6.711584305396,6.782984138432,6.854383971469,
    6.925783804505,6.997183637541,7.068583470577),
  .QUASI_UNIFORM_KNOTS.);
#3402 = CARTESIAN_POINT('',(6.28318530718,0.955316618124));
#3403 = CARTESIAN_POINT('',(6.254059846167,0.938472816917));
#3404 = CARTESIAN_POINT('',(6.199885059107,0.903640648239));
#3405 = CARTESIAN_POINT('',(6.129020437536,0.848555592307));
#3406 = CARTESIAN_POINT('',(6.066604225637,0.791289937376));
#3407 = CARTESIAN_POINT('',(6.011101336203,0.732292309234));
#3408 = CARTESIAN_POINT('',(5.961229158455,0.671921956095));
#3409 = CARTESIAN_POINT('',(5.915950072795,0.610453711589));
#3410 = CARTESIAN_POINT('',(5.874416943299,0.548104320227));
#3411 = CARTESIAN_POINT('',(5.835936055775,0.485045913962));
#3412 = CARTESIAN_POINT('',(5.799933440753,0.421417575992));
#3413 = CARTESIAN_POINT('',(5.765928414849,0.357333496394));
#3414 = CARTESIAN_POINT('',(5.733512229971,0.292889207833));
#3415 = CARTESIAN_POINT('',(5.702331039799,0.228166302646));
#3416 = CARTESIAN_POINT('',(5.672072112256,0.163236106295));
#3417 = CARTESIAN_POINT('',(5.642452470234,9.816260582652E-02));
#3418 = CARTESIAN_POINT('',(5.613209265859,3.30048681157E-02));
#3419 = CARTESIAN_POINT('',(5.584091299221,-3.218087056969E-02));
#3420 = CARTESIAN_POINT('',(5.554851241823,-9.733931239662E-02));
#3421 = CARTESIAN_POINT('',(5.525237917477,-0.162414226077));
#3422 = CARTESIAN_POINT('',(5.494988967508,-0.227346666659));
#3423 = CARTESIAN_POINT('',(5.46382063559,-0.292072447429));
#3424 = CARTESIAN_POINT('',(5.431424704515,-0.356521383409));
#3425 = CARTESIAN_POINT('',(5.408763388199,-0.399245918674));
#3426 = CARTESIAN_POINT('',(5.397108183387,-0.420534335284));
#3427 = ( GEOMETRIC_REPRESENTATION_CONTEXT(2) 
PARAMETRIC_REPRESENTATION_CONTEXT() REPRESENTATION_CONTEXT('2D SPACE',''
  ) );
#3428 = PCURVE('',#2998,#3429);
#3429 = DEFINITIONAL_REPRESENTATION('',(#3430),#3434);
#3430 = LINE('',#3431,#3432);
#3431 = CARTESIAN_POINT('',(8.881784197001E-16,5.616071428572));
#3432 = VECTOR('',#3433,1.);
#3433 = DIRECTION('',(1.,0.));
#3434 = ( GEOMETRIC_REPRESENTATION_CONTEXT(2) 
PARAMETRIC_REPRESENTATION_CONTEXT() REPRESENTATION_CONTEXT('2D SPACE',''
  ) );
#3435 = ORIENTED_EDGE('',*,*,#3217,.F.);
#3436 = ADVANCED_FACE('',(#3437),#1716,.T.);
#3437 = FACE_BOUND('',#3438,.T.);
#3438 = EDGE_LOOP('',(#3439,#3440,#3463,#3485,#3486));
#3439 = ORIENTED_EDGE('',*,*,#3168,.F.);
#3440 = ORIENTED_EDGE('',*,*,#3441,.T.);
#3441 = EDGE_CURVE('',#3118,#3442,#3444,.T.);
#3442 = VERTEX_POINT('',#3443);
#3443 = CARTESIAN_POINT('',(130.49375403883,-36.48171319839,
    121.9426280197));
#3444 = SURFACE_CURVE('',#3445,(#3449,#3456),.PCURVE_S1.);
#3445 = LINE('',#3446,#3447);
#3446 = CARTESIAN_POINT('',(130.49375403883,-36.48171319839,
    123.55869944827));
#3447 = VECTOR('',#3448,1.);
#3448 = DIRECTION('',(-8.881784197001E-15,1.66533453694E-16,1.));
#3449 = PCURVE('',#1716,#3450);
#3450 = DEFINITIONAL_REPRESENTATION('',(#3451),#3455);
#3451 = LINE('',#3452,#3453);
#3452 = CARTESIAN_POINT('',(0.785398163397,0.));
#3453 = VECTOR('',#3454,1.);
#3454 = DIRECTION('',(-1.249000902703E-15,1.));
#3455 = ( GEOMETRIC_REPRESENTATION_CONTEXT(2) 
PARAMETRIC_REPRESENTATION_CONTEXT() REPRESENTATION_CONTEXT('2D SPACE',''
  ) );
#3456 = PCURVE('',#3284,#3457);
#3457 = DEFINITIONAL_REPRESENTATION('',(#3458),#3462);
#3458 = LINE('',#3459,#3460);
#3459 = CARTESIAN_POINT('',(1.383928571428,-0.500000000001));
#3460 = VECTOR('',#3461,1.);
#3461 = DIRECTION('',(-1.,0.));
#3462 = ( GEOMETRIC_REPRESENTATION_CONTEXT(2) 
PARAMETRIC_REPRESENTATION_CONTEXT() REPRESENTATION_CONTEXT('2D SPACE',''
  ) );
#3463 = ORIENTED_EDGE('',*,*,#3464,.T.);
#3464 = EDGE_CURVE('',#3442,#1701,#3465,.T.);
#3465 = SURFACE_CURVE('',#3466,(#3471,#3478),.PCURVE_S1.);
#3466 = CIRCLE('',#3467,2.);
#3467 = AXIS2_PLACEMENT_3D('',#3468,#3469,#3470);
#3468 = CARTESIAN_POINT('',(130.49375403883,-38.48171319839,
    121.9426280197));
#3469 = DIRECTION('',(8.881784197001E-15,-1.66533453694E-16,-1.));
#3470 = DIRECTION('',(3.10862446895E-14,1.,-1.665334536937E-16));
#3471 = PCURVE('',#1716,#3472);
#3472 = DEFINITIONAL_REPRESENTATION('',(#3473),#3477);
#3473 = LINE('',#3474,#3475);
#3474 = CARTESIAN_POINT('',(0.785398163397,-1.616071428572));
#3475 = VECTOR('',#3476,1.);
#3476 = DIRECTION('',(-1.,0.));
#3477 = ( GEOMETRIC_REPRESENTATION_CONTEXT(2) 
PARAMETRIC_REPRESENTATION_CONTEXT() REPRESENTATION_CONTEXT('2D SPACE',''
  ) );
#3478 = PCURVE('',#1745,#3479);
#3479 = DEFINITIONAL_REPRESENTATION('',(#3480),#3484);
#3480 = LINE('',#3481,#3482);
#3481 = CARTESIAN_POINT('',(1.570796326795,3.14159265359));
#3482 = VECTOR('',#3483,1.);
#3483 = DIRECTION('',(0.,1.));
#3484 = ( GEOMETRIC_REPRESENTATION_CONTEXT(2) 
PARAMETRIC_REPRESENTATION_CONTEXT() REPRESENTATION_CONTEXT('2D SPACE',''
  ) );
#3485 = ORIENTED_EDGE('',*,*,#1700,.T.);
#3486 = ORIENTED_EDGE('',*,*,#1991,.T.);
#3487 = ADVANCED_FACE('',(#3488),#3284,.T.);
#3488 = FACE_BOUND('',#3489,.T.);
#3489 = EDGE_LOOP('',(#3490,#3491,#3514,#3540));
#3490 = ORIENTED_EDGE('',*,*,#3270,.F.);
#3491 = ORIENTED_EDGE('',*,*,#3492,.F.);
#3492 = EDGE_CURVE('',#3493,#3220,#3495,.T.);
#3493 = VERTEX_POINT('',#3494);
#3494 = CARTESIAN_POINT('',(125.49375403883,-36.48171319839,
    121.9426280197));
#3495 = SURFACE_CURVE('',#3496,(#3500,#3507),.PCURVE_S1.);
#3496 = LINE('',#3497,#3498);
#3497 = CARTESIAN_POINT('',(125.49375403883,-36.48171319839,
    123.55869944827));
#3498 = VECTOR('',#3499,1.);
#3499 = DIRECTION('',(4.93432455389E-15,-1.665334536939E-16,-1.));
#3500 = PCURVE('',#3284,#3501);
#3501 = DEFINITIONAL_REPRESENTATION('',(#3502),#3506);
#3502 = LINE('',#3503,#3504);
#3503 = CARTESIAN_POINT('',(1.383928571428,4.499999999999));
#3504 = VECTOR('',#3505,1.);
#3505 = DIRECTION('',(1.,3.947459643112E-15));
#3506 = ( GEOMETRIC_REPRESENTATION_CONTEXT(2) 
PARAMETRIC_REPRESENTATION_CONTEXT() REPRESENTATION_CONTEXT('2D SPACE',''
  ) );
#3507 = PCURVE('',#2998,#3508);
#3508 = DEFINITIONAL_REPRESENTATION('',(#3509),#3513);
#3509 = LINE('',#3510,#3511);
#3510 = CARTESIAN_POINT('',(7.068583470577,0.));
#3511 = VECTOR('',#3512,1.);
#3512 = DIRECTION('',(0.,1.));
#3513 = ( GEOMETRIC_REPRESENTATION_CONTEXT(2) 
PARAMETRIC_REPRESENTATION_CONTEXT() REPRESENTATION_CONTEXT('2D SPACE',''
  ) );
#3514 = ORIENTED_EDGE('',*,*,#3515,.T.);
#3515 = EDGE_CURVE('',#3493,#3442,#3516,.T.);
#3516 = SURFACE_CURVE('',#3517,(#3521,#3528),.PCURVE_S1.);
#3517 = LINE('',#3518,#3519);
#3518 = CARTESIAN_POINT('',(125.99375403883,-36.48171319839,
    121.9426280197));
#3519 = VECTOR('',#3520,1.);
#3520 = DIRECTION('',(1.,-1.554312234475E-14,8.881784197001E-15));
#3521 = PCURVE('',#3284,#3522);
#3522 = DEFINITIONAL_REPRESENTATION('',(#3523),#3527);
#3523 = LINE('',#3524,#3525);
#3524 = CARTESIAN_POINT('',(3.,3.999999999999));
#3525 = VECTOR('',#3526,1.);
#3526 = DIRECTION('',(1.577721810442E-30,-1.));
#3527 = ( GEOMETRIC_REPRESENTATION_CONTEXT(2) 
PARAMETRIC_REPRESENTATION_CONTEXT() REPRESENTATION_CONTEXT('2D SPACE',''
  ) );
#3528 = PCURVE('',#3529,#3534);
#3529 = CYLINDRICAL_SURFACE('',#3530,3.);
#3530 = AXIS2_PLACEMENT_3D('',#3531,#3532,#3533);
#3531 = CARTESIAN_POINT('',(127.99375403883,-33.48171319839,
    121.9426280197));
#3532 = DIRECTION('',(1.,-3.10862446895E-14,4.440892098501E-15));
#3533 = DIRECTION('',(-2.512147933894E-14,-0.707106781187,0.707106781187
    ));
#3534 = DEFINITIONAL_REPRESENTATION('',(#3535),#3539);
#3535 = LINE('',#3536,#3537);
#3536 = CARTESIAN_POINT('',(7.068583470577,-2.));
#3537 = VECTOR('',#3538,1.);
#3538 = DIRECTION('',(-1.665334536938E-15,1.));
#3539 = ( GEOMETRIC_REPRESENTATION_CONTEXT(2) 
PARAMETRIC_REPRESENTATION_CONTEXT() REPRESENTATION_CONTEXT('2D SPACE',''
  ) );
#3540 = ORIENTED_EDGE('',*,*,#3441,.F.);
#3541 = ADVANCED_FACE('',(#3542),#2998,.T.);
#3542 = FACE_BOUND('',#3543,.T.);
#3543 = EDGE_LOOP('',(#3544,#3545,#3546,#3568));
#3544 = ORIENTED_EDGE('',*,*,#3392,.F.);
#3545 = ORIENTED_EDGE('',*,*,#2982,.T.);
#3546 = ORIENTED_EDGE('',*,*,#3547,.F.);
#3547 = EDGE_CURVE('',#3493,#2954,#3548,.T.);
#3548 = SURFACE_CURVE('',#3549,(#3554,#3561),.PCURVE_S1.);
#3549 = CIRCLE('',#3550,2.);
#3550 = AXIS2_PLACEMENT_3D('',#3551,#3552,#3553);
#3551 = CARTESIAN_POINT('',(125.49375403883,-38.48171319839,
    121.9426280197));
#3552 = DIRECTION('',(-8.881784197001E-15,1.66533453694E-16,1.));
#3553 = DIRECTION('',(2.22044604925E-14,1.,-1.665334536938E-16));
#3554 = PCURVE('',#2998,#3555);
#3555 = DEFINITIONAL_REPRESENTATION('',(#3556),#3560);
#3556 = LINE('',#3557,#3558);
#3557 = CARTESIAN_POINT('',(7.068583470577,1.616071428572));
#3558 = VECTOR('',#3559,1.);
#3559 = DIRECTION('',(-1.,0.));
#3560 = ( GEOMETRIC_REPRESENTATION_CONTEXT(2) 
PARAMETRIC_REPRESENTATION_CONTEXT() REPRESENTATION_CONTEXT('2D SPACE',''
  ) );
#3561 = PCURVE('',#2970,#3562);
#3562 = DEFINITIONAL_REPRESENTATION('',(#3563),#3567);
#3563 = LINE('',#3564,#3565);
#3564 = CARTESIAN_POINT('',(1.570796326795,3.14159265359));
#3565 = VECTOR('',#3566,1.);
#3566 = DIRECTION('',(0.,1.));
#3567 = ( GEOMETRIC_REPRESENTATION_CONTEXT(2) 
PARAMETRIC_REPRESENTATION_CONTEXT() REPRESENTATION_CONTEXT('2D SPACE',''
  ) );
#3568 = ORIENTED_EDGE('',*,*,#3492,.T.);
#3569 = ADVANCED_FACE('',(#3570),#2739,.T.);
#3570 = FACE_BOUND('',#3571,.T.);
#3571 = EDGE_LOOP('',(#3572,#3600,#3628,#3650));
#3572 = ORIENTED_EDGE('',*,*,#3573,.T.);
#3573 = EDGE_CURVE('',#2701,#3574,#3576,.T.);
#3574 = VERTEX_POINT('',#3575);
#3575 = CARTESIAN_POINT('',(125.49375403883,-36.48171319839,
    148.9426280197));
#3576 = SURFACE_CURVE('',#3577,(#3582,#3589),.PCURVE_S1.);
#3577 = CIRCLE('',#3578,2.);
#3578 = AXIS2_PLACEMENT_3D('',#3579,#3580,#3581);
#3579 = CARTESIAN_POINT('',(125.49375403883,-38.48171319839,
    148.9426280197));
#3580 = DIRECTION('',(8.881784197001E-15,-1.66533453694E-16,-1.));
#3581 = DIRECTION('',(-0.707106781187,0.707106781187,-6.398126769136E-15
    ));
#3582 = PCURVE('',#2739,#3583);
#3583 = DEFINITIONAL_REPRESENTATION('',(#3584),#3588);
#3584 = LINE('',#3585,#3586);
#3585 = CARTESIAN_POINT('',(-6.28318530718,-13.38392857142));
#3586 = VECTOR('',#3587,1.);
#3587 = DIRECTION('',(1.,-1.809382218788E-14));
#3588 = ( GEOMETRIC_REPRESENTATION_CONTEXT(2) 
PARAMETRIC_REPRESENTATION_CONTEXT() REPRESENTATION_CONTEXT('2D SPACE',''
  ) );
#3589 = PCURVE('',#696,#3590);
#3590 = DEFINITIONAL_REPRESENTATION('',(#3591),#3599);
#3591 = ( BOUNDED_CURVE() B_SPLINE_CURVE(2,(#3592,#3593,#3594,#3595,
#3596,#3597,#3598),.UNSPECIFIED.,.T.,.F.) B_SPLINE_CURVE_WITH_KNOTS((1,2
    ,2,2,2,1),(-2.094395102393,0.,2.094395102393,4.188790204786,
6.28318530718,8.377580409573),.UNSPECIFIED.) CURVE() 
GEOMETRIC_REPRESENTATION_ITEM() RATIONAL_B_SPLINE_CURVE((1.,0.5,1.,0.5,
1.,0.5,1.)) REPRESENTATION_ITEM('') );
#3592 = CARTESIAN_POINT('',(19.896213562373,5.914213562374));
#3593 = CARTESIAN_POINT('',(22.345703305156,3.46472381959));
#3594 = CARTESIAN_POINT('',(18.999638090205,2.568148347422));
#3595 = CARTESIAN_POINT('',(15.653572875254,1.671572875254));
#3596 = CARTESIAN_POINT('',(16.550148347422,5.017638090206));
#3597 = CARTESIAN_POINT('',(17.44672381959,8.363703305157));
#3598 = CARTESIAN_POINT('',(19.896213562373,5.914213562374));
#3599 = ( GEOMETRIC_REPRESENTATION_CONTEXT(2) 
PARAMETRIC_REPRESENTATION_CONTEXT() REPRESENTATION_CONTEXT('2D SPACE',''
  ) );
#3600 = ORIENTED_EDGE('',*,*,#3601,.T.);
#3601 = EDGE_CURVE('',#3574,#3602,#3604,.T.);
#3602 = VERTEX_POINT('',#3603);
#3603 = CARTESIAN_POINT('',(125.49375403883,-36.48171319839,
    142.9426280197));
#3604 = SURFACE_CURVE('',#3605,(#3609,#3616),.PCURVE_S1.);
#3605 = LINE('',#3606,#3607);
#3606 = CARTESIAN_POINT('',(125.49375403883,-36.48171319839,
    135.55869944827));
#3607 = VECTOR('',#3608,1.);
#3608 = DIRECTION('',(4.93432455389E-15,-1.665334536939E-16,-1.));
#3609 = PCURVE('',#2739,#3610);
#3610 = DEFINITIONAL_REPRESENTATION('',(#3611),#3615);
#3611 = LINE('',#3612,#3613);
#3612 = CARTESIAN_POINT('',(0.785398163398,0.));
#3613 = VECTOR('',#3614,1.);
#3614 = DIRECTION('',(-1.184237892934E-15,1.));
#3615 = ( GEOMETRIC_REPRESENTATION_CONTEXT(2) 
PARAMETRIC_REPRESENTATION_CONTEXT() REPRESENTATION_CONTEXT('2D SPACE',''
  ) );
#3616 = PCURVE('',#3617,#3622);
#3617 = PLANE('',#3618);
#3618 = AXIS2_PLACEMENT_3D('',#3619,#3620,#3621);
#3619 = CARTESIAN_POINT('',(129.99375403883,-36.48171319839,
    148.9426280197));
#3620 = DIRECTION('',(3.10862446895E-14,1.,-1.665334536937E-16));
#3621 = DIRECTION('',(8.881784197001E-15,-1.66533453694E-16,-1.));
#3622 = DEFINITIONAL_REPRESENTATION('',(#3623),#3627);
#3623 = LINE('',#3624,#3625);
#3624 = CARTESIAN_POINT('',(13.383928571428,4.499999999999));
#3625 = VECTOR('',#3626,1.);
#3626 = DIRECTION('',(1.,3.947459643112E-15));
#3627 = ( GEOMETRIC_REPRESENTATION_CONTEXT(2) 
PARAMETRIC_REPRESENTATION_CONTEXT() REPRESENTATION_CONTEXT('2D SPACE',''
  ) );
#3628 = ORIENTED_EDGE('',*,*,#3629,.T.);
#3629 = EDGE_CURVE('',#3602,#2724,#3630,.T.);
#3630 = SURFACE_CURVE('',#3631,(#3636,#3643),.PCURVE_S1.);
#3631 = CIRCLE('',#3632,2.);
#3632 = AXIS2_PLACEMENT_3D('',#3633,#3634,#3635);
#3633 = CARTESIAN_POINT('',(125.49375403883,-38.48171319839,
    142.9426280197));
#3634 = DIRECTION('',(-8.881784197001E-15,1.66533453694E-16,1.));
#3635 = DIRECTION('',(3.10862446895E-14,1.,-1.665334536937E-16));
#3636 = PCURVE('',#2739,#3637);
#3637 = DEFINITIONAL_REPRESENTATION('',(#3638),#3642);
#3638 = LINE('',#3639,#3640);
#3639 = CARTESIAN_POINT('',(0.785398163397,-7.383928571428));
#3640 = VECTOR('',#3641,1.);
#3641 = DIRECTION('',(-1.,1.809382218788E-14));
#3642 = ( GEOMETRIC_REPRESENTATION_CONTEXT(2) 
PARAMETRIC_REPRESENTATION_CONTEXT() REPRESENTATION_CONTEXT('2D SPACE',''
  ) );
#3643 = PCURVE('',#2768,#3644);
#3644 = DEFINITIONAL_REPRESENTATION('',(#3645),#3649);
#3645 = LINE('',#3646,#3647);
#3646 = CARTESIAN_POINT('',(1.570796326795,3.14159265359));
#3647 = VECTOR('',#3648,1.);
#3648 = DIRECTION('',(0.,1.));
#3649 = ( GEOMETRIC_REPRESENTATION_CONTEXT(2) 
PARAMETRIC_REPRESENTATION_CONTEXT() REPRESENTATION_CONTEXT('2D SPACE',''
  ) );
#3650 = ORIENTED_EDGE('',*,*,#2723,.T.);
#3651 = ADVANCED_FACE('',(#3652),#2768,.T.);
#3652 = FACE_BOUND('',#3653,.T.);
#3653 = EDGE_LOOP('',(#3654,#3678,#3679,#3680));
#3654 = ORIENTED_EDGE('',*,*,#3655,.T.);
#3655 = EDGE_CURVE('',#3656,#2752,#3658,.T.);
#3656 = VERTEX_POINT('',#3657);
#3657 = CARTESIAN_POINT('',(125.49375403883,-33.48171319839,
    139.9426280197));
#3658 = SURFACE_CURVE('',#3659,(#3664,#3671),.PCURVE_S1.);
#3659 = CIRCLE('',#3660,2.);
#3660 = AXIS2_PLACEMENT_3D('',#3661,#3662,#3663);
#3661 = CARTESIAN_POINT('',(125.49375403883,-33.48171319839,
    137.9426280197));
#3662 = DIRECTION('',(-3.053113317719E-14,-1.,1.665334536937E-16));
#3663 = DIRECTION('',(-8.881784197001E-15,1.66533453694E-16,1.));
#3664 = PCURVE('',#2768,#3665);
#3665 = DEFINITIONAL_REPRESENTATION('',(#3666),#3670);
#3666 = LINE('',#3667,#3668);
#3667 = CARTESIAN_POINT('',(3.14159265359,3.14159265359));
#3668 = VECTOR('',#3669,1.);
#3669 = DIRECTION('',(8.48147915057E-16,1.));
#3670 = ( GEOMETRIC_REPRESENTATION_CONTEXT(2) 
PARAMETRIC_REPRESENTATION_CONTEXT() REPRESENTATION_CONTEXT('2D SPACE',''
  ) );
#3671 = PCURVE('',#2796,#3672);
#3672 = DEFINITIONAL_REPRESENTATION('',(#3673),#3677);
#3673 = LINE('',#3674,#3675);
#3674 = CARTESIAN_POINT('',(0.785398163397,0.120428426257));
#3675 = VECTOR('',#3676,1.);
#3676 = DIRECTION('',(-1.,4.52345554697E-15));
#3677 = ( GEOMETRIC_REPRESENTATION_CONTEXT(2) 
PARAMETRIC_REPRESENTATION_CONTEXT() REPRESENTATION_CONTEXT('2D SPACE',''
  ) );
#3678 = ORIENTED_EDGE('',*,*,#2751,.T.);
#3679 = ORIENTED_EDGE('',*,*,#3629,.F.);
#3680 = ORIENTED_EDGE('',*,*,#3681,.T.);
#3681 = EDGE_CURVE('',#3602,#3656,#3682,.T.);
#3682 = SURFACE_CURVE('',#3683,(#3688,#3695),.PCURVE_S1.);
#3683 = CIRCLE('',#3684,3.);
#3684 = AXIS2_PLACEMENT_3D('',#3685,#3686,#3687);
#3685 = CARTESIAN_POINT('',(125.49375403883,-33.48171319839,
    142.9426280197));
#3686 = DIRECTION('',(1.,-3.059281223412E-14,4.93432455389E-15));
#3687 = DIRECTION('',(-1.814329063368E-14,-0.707106781187,
    -0.707106781187));
#3688 = PCURVE('',#2768,#3689);
#3689 = DEFINITIONAL_REPRESENTATION('',(#3690),#3694);
#3690 = LINE('',#3691,#3692);
#3691 = CARTESIAN_POINT('',(-3.926990816987,3.14159265359));
#3692 = VECTOR('',#3693,1.);
#3693 = DIRECTION('',(1.,4.52345554697E-15));
#3694 = ( GEOMETRIC_REPRESENTATION_CONTEXT(2) 
PARAMETRIC_REPRESENTATION_CONTEXT() REPRESENTATION_CONTEXT('2D SPACE',''
  ) );
#3695 = PCURVE('',#3696,#3701);
#3696 = CYLINDRICAL_SURFACE('',#3697,3.);
#3697 = AXIS2_PLACEMENT_3D('',#3698,#3699,#3700);
#3698 = CARTESIAN_POINT('',(127.99375403883,-33.48171319839,
    142.9426280197));
#3699 = DIRECTION('',(1.,-3.10862446895E-14,4.440892098501E-15));
#3700 = DIRECTION('',(-1.884110950421E-14,-0.707106781187,
    -0.707106781187));
#3701 = DEFINITIONAL_REPRESENTATION('',(#3702),#3706);
#3702 = LINE('',#3703,#3704);
#3703 = CARTESIAN_POINT('',(-6.28318530718,-2.499999999999));
#3704 = VECTOR('',#3705,1.);
#3705 = DIRECTION('',(1.,-9.046911093941E-15));
#3706 = ( GEOMETRIC_REPRESENTATION_CONTEXT(2) 
PARAMETRIC_REPRESENTATION_CONTEXT() REPRESENTATION_CONTEXT('2D SPACE',''
  ) );
#3707 = ADVANCED_FACE('',(#3708),#2796,.T.);
#3708 = FACE_BOUND('',#3709,.T.);
#3709 = EDGE_LOOP('',(#3710,#3734,#3735,#3736));
#3710 = ORIENTED_EDGE('',*,*,#3711,.T.);
#3711 = EDGE_CURVE('',#3712,#2781,#3714,.T.);
#3712 = VERTEX_POINT('',#3713);
#3713 = CARTESIAN_POINT('',(125.49375403883,-20.48171319838,
    139.9426280197));
#3714 = SURFACE_CURVE('',#3715,(#3720,#3727),.PCURVE_S1.);
#3715 = CIRCLE('',#3716,2.);
#3716 = AXIS2_PLACEMENT_3D('',#3717,#3718,#3719);
#3717 = CARTESIAN_POINT('',(125.49375403883,-20.48171319838,
    137.9426280197));
#3718 = DIRECTION('',(-3.10862446895E-14,-1.,1.665334536937E-16));
#3719 = DIRECTION('',(-8.881784197001E-15,1.66533453694E-16,1.));
#3720 = PCURVE('',#2796,#3721);
#3721 = DEFINITIONAL_REPRESENTATION('',(#3722),#3726);
#3722 = LINE('',#3723,#3724);
#3723 = CARTESIAN_POINT('',(0.785398163397,13.120428426259));
#3724 = VECTOR('',#3725,1.);
#3725 = DIRECTION('',(-1.,0.));
#3726 = ( GEOMETRIC_REPRESENTATION_CONTEXT(2) 
PARAMETRIC_REPRESENTATION_CONTEXT() REPRESENTATION_CONTEXT('2D SPACE',''
  ) );
#3727 = PCURVE('',#2829,#3728);
#3728 = DEFINITIONAL_REPRESENTATION('',(#3729),#3733);
#3729 = LINE('',#3730,#3731);
#3730 = CARTESIAN_POINT('',(3.14159265359,0.));
#3731 = VECTOR('',#3732,1.);
#3732 = DIRECTION('',(-2.827159716856E-16,1.));
#3733 = ( GEOMETRIC_REPRESENTATION_CONTEXT(2) 
PARAMETRIC_REPRESENTATION_CONTEXT() REPRESENTATION_CONTEXT('2D SPACE',''
  ) );
#3734 = ORIENTED_EDGE('',*,*,#2780,.T.);
#3735 = ORIENTED_EDGE('',*,*,#3655,.F.);
#3736 = ORIENTED_EDGE('',*,*,#3737,.T.);
#3737 = EDGE_CURVE('',#3656,#3712,#3738,.T.);
#3738 = SURFACE_CURVE('',#3739,(#3743,#3750),.PCURVE_S1.);
#3739 = LINE('',#3740,#3741);
#3740 = CARTESIAN_POINT('',(125.49375403883,-33.60214162464,
    139.9426280197));
#3741 = VECTOR('',#3742,1.);
#3742 = DIRECTION('',(3.059281223412E-14,1.,-1.665334536938E-16));
#3743 = PCURVE('',#2796,#3744);
#3744 = DEFINITIONAL_REPRESENTATION('',(#3745),#3749);
#3745 = LINE('',#3746,#3747);
#3746 = CARTESIAN_POINT('',(0.785398163397,0.));
#3747 = VECTOR('',#3748,1.);
#3748 = DIRECTION('',(0.,1.));
#3749 = ( GEOMETRIC_REPRESENTATION_CONTEXT(2) 
PARAMETRIC_REPRESENTATION_CONTEXT() REPRESENTATION_CONTEXT('2D SPACE',''
  ) );
#3750 = PCURVE('',#3751,#3756);
#3751 = PLANE('',#3752);
#3752 = AXIS2_PLACEMENT_3D('',#3753,#3754,#3755);
#3753 = CARTESIAN_POINT('',(125.99375403883,-20.48171319838,
    139.9426280197));
#3754 = DIRECTION('',(-4.440892098501E-15,1.665334536939E-16,1.));
#3755 = DIRECTION('',(-1.536271110325E-14,-1.,1.665334536938E-16));
#3756 = DEFINITIONAL_REPRESENTATION('',(#3757),#3761);
#3757 = LINE('',#3758,#3759);
#3758 = CARTESIAN_POINT('',(13.120428426259,-0.5));
#3759 = VECTOR('',#3760,1.);
#3760 = DIRECTION('',(-1.,1.523010113086E-14));
#3761 = ( GEOMETRIC_REPRESENTATION_CONTEXT(2) 
PARAMETRIC_REPRESENTATION_CONTEXT() REPRESENTATION_CONTEXT('2D SPACE',''
  ) );
#3762 = ADVANCED_FACE('',(#3763),#2829,.T.);
#3763 = FACE_BOUND('',#3764,.T.);
#3764 = EDGE_LOOP('',(#3765,#3885,#3886,#3887,#3916,#3938));
#3765 = ORIENTED_EDGE('',*,*,#3766,.T.);
#3766 = EDGE_CURVE('',#2870,#2809,#3767,.T.);
#3767 = SURFACE_CURVE('',#3768,(#3783,#3834),.PCURVE_S1.);
#3768 = B_SPLINE_CURVE_WITH_KNOTS('',3,(#3769,#3770,#3771,#3772,#3773,
    #3774,#3775,#3776,#3777,#3778,#3779,#3780,#3781,#3782),
  .UNSPECIFIED.,.F.,.F.,(4,2,2,2,2,2,4),(0.477730357825,0.485581544524,
    0.518324082173,0.55277083927,0.588380781747,0.607188428654,
    0.627625091449),.UNSPECIFIED.);
#3769 = CARTESIAN_POINT('',(123.49375403883,-15.02166165199,
    131.78093540924));
#3770 = CARTESIAN_POINT('',(123.49375403883,-15.00272779714,
    131.79839159244));
#3771 = CARTESIAN_POINT('',(123.4939629586,-14.98451594733,
    131.81668553418));
#3772 = CARTESIAN_POINT('',(123.49585115002,-14.8943915877,
    131.91539027783));
#3773 = CARTESIAN_POINT('',(123.49995189939,-14.83647258577,
    132.0075485297));
#3774 = CARTESIAN_POINT('',(123.50684902326,-14.75393018652,
    132.21361139214));
#3775 = CARTESIAN_POINT('',(123.50941539067,-14.73195000492,
    132.32651845368));
#3776 = CARTESIAN_POINT('',(123.50946615909,-14.73147226368,
    132.55889525556));
#3777 = CARTESIAN_POINT('',(123.5067523919,-14.75447725196,
    132.67599444414));
#3778 = CARTESIAN_POINT('',(123.50107822349,-14.82335034303,
    132.84319708207));
#3779 = CARTESIAN_POINT('',(123.49890946145,-14.85314184681,
    132.89842971041));
#3780 = CARTESIAN_POINT('',(123.49520235668,-14.9268988757,
    133.00643233798));
#3781 = CARTESIAN_POINT('',(123.49375403883,-14.9715772492,
    133.0581450089));
#3782 = CARTESIAN_POINT('',(123.49375403883,-15.02166165199,
    133.10432063017));
#3783 = PCURVE('',#2829,#3784);
#3784 = DEFINITIONAL_REPRESENTATION('',(#3785),#3833);
#3785 = B_SPLINE_CURVE_WITH_KNOTS('',3,(#3786,#3787,#3788,#3789,#3790,
    #3791,#3792,#3793,#3794,#3795,#3796,#3797,#3798,#3799,#3800,#3801,
    #3802,#3803,#3804,#3805,#3806,#3807,#3808,#3809,#3810,#3811,#3812,
    #3813,#3814,#3815,#3816,#3817,#3818,#3819,#3820,#3821,#3822,#3823,
    #3824,#3825,#3826,#3827,#3828,#3829,#3830,#3831,#3832),
  .UNSPECIFIED.,.F.,.F.,(4,1,1,1,1,1,1,1,1,1,1,1,1,1,1,1,1,1,1,1,1,1,1,1
    ,1,1,1,1,1,1,1,1,1,1,1,1,1,1,1,1,1,1,1,1,4),(0.477730357825,
    0.481137056316,0.484543754807,0.487950453299,0.49135715179,
    0.494763850282,0.498170548773,0.501577247265,0.504983945756,
    0.508390644248,0.511797342739,0.515204041231,0.518610739722,
    0.522017438213,0.525424136705,0.528830835196,0.532237533688,
    0.535644232179,0.539050930671,0.542457629162,0.545864327654,
    0.549271026145,0.552677724637,0.556084423128,0.55949112162,
    0.562897820111,0.566304518602,0.569711217094,0.573117915585,
    0.576524614077,0.579931312568,0.58333801106,0.586744709551,
    0.590151408043,0.593558106534,0.596964805026,0.600371503517,
    0.603778202008,0.6071849005,0.610591598991,0.613998297483,
    0.617404995974,0.620811694466,0.624218392957,0.627625091449),
  .QUASI_UNIFORM_KNOTS.);
#3786 = CARTESIAN_POINT('',(4.832988855952,1.570796326795));
#3787 = CARTESIAN_POINT('',(4.831442426168,1.567174920754));
#3788 = CARTESIAN_POINT('',(4.828309344567,1.560063265344));
#3789 = CARTESIAN_POINT('',(4.823497740079,1.549806886224));
#3790 = CARTESIAN_POINT('',(4.818577299004,1.539969291864));
#3791 = CARTESIAN_POINT('',(4.813570551642,1.530592999277));
#3792 = CARTESIAN_POINT('',(4.808477587247,1.521673604281));
#3793 = CARTESIAN_POINT('',(4.803303037802,1.513217147207));
#3794 = CARTESIAN_POINT('',(4.798050105975,1.505227322867));
#3795 = CARTESIAN_POINT('',(4.792722140946,1.4977088849));
#3796 = CARTESIAN_POINT('',(4.787322342433,1.490666850269));
#3797 = CARTESIAN_POINT('',(4.781853401118,1.484106292003));
#3798 = CARTESIAN_POINT('',(4.776319262508,1.478033961844));
#3799 = CARTESIAN_POINT('',(4.770718458081,1.472451987738));
#3800 = CARTESIAN_POINT('',(4.765069462091,1.467381827976));
#3801 = CARTESIAN_POINT('',(4.759384417795,1.462833154067));
#3802 = CARTESIAN_POINT('',(4.753663841524,1.458805074737));
#3803 = CARTESIAN_POINT('',(4.747911270072,1.455299892877));
#3804 = CARTESIAN_POINT('',(4.742129348532,1.452319434549));
#3805 = CARTESIAN_POINT('',(4.736320855525,1.449866041741));
#3806 = CARTESIAN_POINT('',(4.730488537049,1.447942313035));
#3807 = CARTESIAN_POINT('',(4.724634767164,1.446551163688));
#3808 = CARTESIAN_POINT('',(4.718763091632,1.445695834621));
#3809 = CARTESIAN_POINT('',(4.712872411883,1.445379760229));
#3810 = CARTESIAN_POINT('',(4.706978723901,1.445607025054));
#3811 = CARTESIAN_POINT('',(4.701100899166,1.446374935005));
#3812 = CARTESIAN_POINT('',(4.695237216014,1.447680644346));
#3813 = CARTESIAN_POINT('',(4.689391507451,1.449521723145));
#3814 = CARTESIAN_POINT('',(4.683566172297,1.45189602257));
#3815 = CARTESIAN_POINT('',(4.677764055045,1.454801717295));
#3816 = CARTESIAN_POINT('',(4.671987935548,1.458237313269));
#3817 = CARTESIAN_POINT('',(4.666240711548,1.462201589986));
#3818 = CARTESIAN_POINT('',(4.660525201021,1.466693812831));
#3819 = CARTESIAN_POINT('',(4.654844773602,1.471712904177));
#3820 = CARTESIAN_POINT('',(4.64920104719,1.477260482882));
#3821 = CARTESIAN_POINT('',(4.643614280152,1.48331700795));
#3822 = CARTESIAN_POINT('',(4.638085697244,1.489879835069));
#3823 = CARTESIAN_POINT('',(4.632618887557,1.49694515057));
#3824 = CARTESIAN_POINT('',(4.627217694295,1.504508820997));
#3825 = CARTESIAN_POINT('',(4.621883381802,1.512571469097));
#3826 = CARTESIAN_POINT('',(4.616628111261,1.521117304726));
#3827 = CARTESIAN_POINT('',(4.611463825485,1.530126785031));
#3828 = CARTESIAN_POINT('',(4.606391779881,1.539597721069));
#3829 = CARTESIAN_POINT('',(4.601416350962,1.549523804493));
#3830 = CARTESIAN_POINT('',(4.596541318362,1.559900314865));
#3831 = CARTESIAN_POINT('',(4.593361084563,1.567115280311));
#3832 = CARTESIAN_POINT('',(4.591789104818,1.570796326795));
#3833 = ( GEOMETRIC_REPRESENTATION_CONTEXT(2) 
PARAMETRIC_REPRESENTATION_CONTEXT() REPRESENTATION_CONTEXT('2D SPACE',''
  ) );
#3834 = PCURVE('',#1235,#3835);
#3835 = DEFINITIONAL_REPRESENTATION('',(#3836),#3884);
#3836 = B_SPLINE_CURVE_WITH_KNOTS('',3,(#3837,#3838,#3839,#3840,#3841,
    #3842,#3843,#3844,#3845,#3846,#3847,#3848,#3849,#3850,#3851,#3852,
    #3853,#3854,#3855,#3856,#3857,#3858,#3859,#3860,#3861,#3862,#3863,
    #3864,#3865,#3866,#3867,#3868,#3869,#3870,#3871,#3872,#3873,#3874,
    #3875,#3876,#3877,#3878,#3879,#3880,#3881,#3882,#3883),
  .UNSPECIFIED.,.F.,.F.,(4,1,1,1,1,1,1,1,1,1,1,1,1,1,1,1,1,1,1,1,1,1,1,1
    ,1,1,1,1,1,1,1,1,1,1,1,1,1,1,1,1,1,1,1,1,4),(0.477730357825,
    0.481137056316,0.484543754807,0.487950453299,0.49135715179,
    0.494763850282,0.498170548773,0.501577247265,0.504983945756,
    0.508390644248,0.511797342739,0.515204041231,0.518610739722,
    0.522017438213,0.525424136705,0.528830835196,0.532237533688,
    0.535644232179,0.539050930671,0.542457629162,0.545864327654,
    0.549271026145,0.552677724637,0.556084423128,0.55949112162,
    0.562897820111,0.566304518602,0.569711217094,0.573117915585,
    0.576524614077,0.579931312568,0.58333801106,0.586744709551,
    0.590151408043,0.593558106534,0.596964805026,0.600371503517,
    0.603778202008,0.6071849005,0.610591598991,0.613998297483,
    0.617404995974,0.620811694466,0.624218392957,0.627625091449),
  .QUASI_UNIFORM_KNOTS.);
#3837 = CARTESIAN_POINT('',(-0.82598235513,-2.));
#3838 = CARTESIAN_POINT('',(-0.813569759977,-2.000000223503));
#3839 = CARTESIAN_POINT('',(-0.788717797942,-1.999921272492));
#3840 = CARTESIAN_POINT('',(-0.751387128989,-1.999592991387));
#3841 = CARTESIAN_POINT('',(-0.713990456943,-1.999081106375));
#3842 = CARTESIAN_POINT('',(-0.676657537271,-1.99841917886));
#3843 = CARTESIAN_POINT('',(-0.639346173198,-1.997627347146));
#3844 = CARTESIAN_POINT('',(-0.602051019847,-1.99672864066));
#3845 = CARTESIAN_POINT('',(-0.56475707953,-1.995745316822));
#3846 = CARTESIAN_POINT('',(-0.527451812829,-1.994699829946));
#3847 = CARTESIAN_POINT('',(-0.490122550228,-1.993614618783));
#3848 = CARTESIAN_POINT('',(-0.452754085074,-1.992511987445));
#3849 = CARTESIAN_POINT('',(-0.415340246768,-1.991414794156));
#3850 = CARTESIAN_POINT('',(-0.377839384701,-1.990343815339));
#3851 = CARTESIAN_POINT('',(-0.340343054162,-1.989327780814));
#3852 = CARTESIAN_POINT('',(-0.302898070587,-1.988379270755));
#3853 = CARTESIAN_POINT('',(-0.265474719041,-1.987506480512));
#3854 = CARTESIAN_POINT('',(-0.228064055535,-1.986718780224));
#3855 = CARTESIAN_POINT('',(-0.190651747221,-1.986025225703));
#3856 = CARTESIAN_POINT('',(-0.153224766662,-1.985434955279));
#3857 = CARTESIAN_POINT('',(-0.115770125027,-1.984957091533));
#3858 = CARTESIAN_POINT('',(-7.827259657844E-02,-1.984600737534));
#3859 = CARTESIAN_POINT('',(-4.072444707189E-02,-1.984375090135));
#3860 = CARTESIAN_POINT('',(-3.088170275626E-03,-1.984288990577));
#3861 = CARTESIAN_POINT('',(3.456478965148E-02,-1.984352608759));
#3862 = CARTESIAN_POINT('',(7.214470341131E-02,-1.984558032252));
#3863 = CARTESIAN_POINT('',(0.109693206931,-1.984895790226));
#3864 = CARTESIAN_POINT('',(0.147216420125,-1.985356828235));
#3865 = CARTESIAN_POINT('',(0.184729712859,-1.985931981415));
#3866 = CARTESIAN_POINT('',(0.22224582778,-1.986612110185));
#3867 = CARTESIAN_POINT('',(0.259778277852,-1.987388084261));
#3868 = CARTESIAN_POINT('',(0.297340293569,-1.988250710877));
#3869 = CARTESIAN_POINT('',(0.334946295077,-1.989191037904));
#3870 = CARTESIAN_POINT('',(0.372607706161,-1.990199213146));
#3871 = CARTESIAN_POINT('',(0.410348859868,-1.99126874404));
#3872 = CARTESIAN_POINT('',(0.448069176564,-1.992367539544));
#3873 = CARTESIAN_POINT('',(0.485794488939,-1.993474838822));
#3874 = CARTESIAN_POINT('',(0.523536119886,-1.99456912168));
#3875 = CARTESIAN_POINT('',(0.561304299895,-1.995628901262));
#3876 = CARTESIAN_POINT('',(0.599128986552,-1.996633316716));
#3877 = CARTESIAN_POINT('',(0.636963836326,-1.997558969834));
#3878 = CARTESIAN_POINT('',(0.674761038292,-1.998376980607));
#3879 = CARTESIAN_POINT('',(0.71255009533,-1.99906104144));
#3880 = CARTESIAN_POINT('',(0.750339627349,-1.999584155449));
#3881 = CARTESIAN_POINT('',(0.788143813294,-1.999919510508));
#3882 = CARTESIAN_POINT('',(0.813364972556,-2.));
#3883 = CARTESIAN_POINT('',(0.82598235513,-2.));
#3884 = ( GEOMETRIC_REPRESENTATION_CONTEXT(2) 
PARAMETRIC_REPRESENTATION_CONTEXT() REPRESENTATION_CONTEXT('2D SPACE',''
  ) );
#3885 = ORIENTED_EDGE('',*,*,#2808,.T.);
#3886 = ORIENTED_EDGE('',*,*,#3711,.F.);
#3887 = ORIENTED_EDGE('',*,*,#3888,.T.);
#3888 = EDGE_CURVE('',#3712,#3889,#3891,.T.);
#3889 = VERTEX_POINT('',#3890);
#3890 = CARTESIAN_POINT('',(125.49375403883,-20.48171319838,
    124.9426280197));
#3891 = SURFACE_CURVE('',#3892,(#3897,#3904),.PCURVE_S1.);
#3892 = CIRCLE('',#3893,7.5);
#3893 = AXIS2_PLACEMENT_3D('',#3894,#3895,#3896);
#3894 = CARTESIAN_POINT('',(125.49375403883,-20.48171319838,
    132.4426280197));
#3895 = DIRECTION('',(-1.,3.059281223412E-14,-4.93432455389E-15));
#3896 = DIRECTION('',(3.059281223412E-14,1.,-1.219189358524E-15));
#3897 = PCURVE('',#2829,#3898);
#3898 = DEFINITIONAL_REPRESENTATION('',(#3899),#3903);
#3899 = LINE('',#3900,#3901);
#3900 = CARTESIAN_POINT('',(-1.570796326795,0.));
#3901 = VECTOR('',#3902,1.);
#3902 = DIRECTION('',(1.,0.));
#3903 = ( GEOMETRIC_REPRESENTATION_CONTEXT(2) 
PARAMETRIC_REPRESENTATION_CONTEXT() REPRESENTATION_CONTEXT('2D SPACE',''
  ) );
#3904 = PCURVE('',#3905,#3910);
#3905 = CYLINDRICAL_SURFACE('',#3906,7.5);
#3906 = AXIS2_PLACEMENT_3D('',#3907,#3908,#3909);
#3907 = CARTESIAN_POINT('',(125.99375403883,-20.48171319838,
    132.4426280197));
#3908 = DIRECTION('',(1.,-1.554312234475E-14,4.440892098501E-15));
#3909 = DIRECTION('',(1.554312234475E-14,1.,1.550910762415E-16));
#3910 = DEFINITIONAL_REPRESENTATION('',(#3911),#3915);
#3911 = LINE('',#3912,#3913);
#3912 = CARTESIAN_POINT('',(6.28318530718,-0.5));
#3913 = VECTOR('',#3914,1.);
#3914 = DIRECTION('',(-1.,4.52345554697E-15));
#3915 = ( GEOMETRIC_REPRESENTATION_CONTEXT(2) 
PARAMETRIC_REPRESENTATION_CONTEXT() REPRESENTATION_CONTEXT('2D SPACE',''
  ) );
#3916 = ORIENTED_EDGE('',*,*,#3917,.T.);
#3917 = EDGE_CURVE('',#3889,#2898,#3918,.T.);
#3918 = SURFACE_CURVE('',#3919,(#3924,#3931),.PCURVE_S1.);
#3919 = CIRCLE('',#3920,2.);
#3920 = AXIS2_PLACEMENT_3D('',#3921,#3922,#3923);
#3921 = CARTESIAN_POINT('',(125.49375403883,-20.48171319838,
    126.9426280197));
#3922 = DIRECTION('',(3.10862446895E-14,1.,-2.386979502944E-15));
#3923 = DIRECTION('',(-1.114266028625E-28,-2.386979502944E-15,-1.));
#3924 = PCURVE('',#2829,#3925);
#3925 = DEFINITIONAL_REPRESENTATION('',(#3926),#3930);
#3926 = LINE('',#3927,#3928);
#3927 = CARTESIAN_POINT('',(6.28318530718,0.));
#3928 = VECTOR('',#3929,1.);
#3929 = DIRECTION('',(0.,1.));
#3930 = ( GEOMETRIC_REPRESENTATION_CONTEXT(2) 
PARAMETRIC_REPRESENTATION_CONTEXT() REPRESENTATION_CONTEXT('2D SPACE',''
  ) );
#3931 = PCURVE('',#2941,#3932);
#3932 = DEFINITIONAL_REPRESENTATION('',(#3933),#3937);
#3933 = LINE('',#3934,#3935);
#3934 = CARTESIAN_POINT('',(7.068583470577,-43.12042842625));
#3935 = VECTOR('',#3936,1.);
#3936 = DIRECTION('',(-1.,0.));
#3937 = ( GEOMETRIC_REPRESENTATION_CONTEXT(2) 
PARAMETRIC_REPRESENTATION_CONTEXT() REPRESENTATION_CONTEXT('2D SPACE',''
  ) );
#3938 = ORIENTED_EDGE('',*,*,#2897,.T.);
#3939 = ADVANCED_FACE('',(#3940),#2941,.T.);
#3940 = FACE_BOUND('',#3941,.T.);
#3941 = EDGE_LOOP('',(#3942,#3966,#3967,#3968));
#3942 = ORIENTED_EDGE('',*,*,#3943,.T.);
#3943 = EDGE_CURVE('',#3944,#2926,#3946,.T.);
#3944 = VERTEX_POINT('',#3945);
#3945 = CARTESIAN_POINT('',(125.49375403883,-33.48171319839,
    124.9426280197));
#3946 = SURFACE_CURVE('',#3947,(#3952,#3959),.PCURVE_S1.);
#3947 = CIRCLE('',#3948,2.);
#3948 = AXIS2_PLACEMENT_3D('',#3949,#3950,#3951);
#3949 = CARTESIAN_POINT('',(125.49375403883,-33.48171319839,
    126.9426280197));
#3950 = DIRECTION('',(3.10862446895E-14,1.,3.885780586189E-16));
#3951 = DIRECTION('',(8.881784197001E-15,3.885780586186E-16,-1.));
#3952 = PCURVE('',#2941,#3953);
#3953 = DEFINITIONAL_REPRESENTATION('',(#3954),#3958);
#3954 = LINE('',#3955,#3956);
#3955 = CARTESIAN_POINT('',(7.068583470577,-30.12042842625));
#3956 = VECTOR('',#3957,1.);
#3957 = DIRECTION('',(-1.,-4.52345554697E-15));
#3958 = ( GEOMETRIC_REPRESENTATION_CONTEXT(2) 
PARAMETRIC_REPRESENTATION_CONTEXT() REPRESENTATION_CONTEXT('2D SPACE',''
  ) );
#3959 = PCURVE('',#2970,#3960);
#3960 = DEFINITIONAL_REPRESENTATION('',(#3961),#3965);
#3961 = LINE('',#3962,#3963);
#3962 = CARTESIAN_POINT('',(0.,3.14159265359));
#3963 = VECTOR('',#3964,1.);
#3964 = DIRECTION('',(0.,1.));
#3965 = ( GEOMETRIC_REPRESENTATION_CONTEXT(2) 
PARAMETRIC_REPRESENTATION_CONTEXT() REPRESENTATION_CONTEXT('2D SPACE',''
  ) );
#3966 = ORIENTED_EDGE('',*,*,#2925,.T.);
#3967 = ORIENTED_EDGE('',*,*,#3917,.F.);
#3968 = ORIENTED_EDGE('',*,*,#3969,.T.);
#3969 = EDGE_CURVE('',#3889,#3944,#3970,.T.);
#3970 = SURFACE_CURVE('',#3971,(#3975,#3982),.PCURVE_S1.);
#3971 = LINE('',#3972,#3973);
#3972 = CARTESIAN_POINT('',(125.49375403883,-63.60214162464,
    124.9426280197));
#3973 = VECTOR('',#3974,1.);
#3974 = DIRECTION('',(-3.059281223412E-14,-1.,1.665334536938E-16));
#3975 = PCURVE('',#2941,#3976);
#3976 = DEFINITIONAL_REPRESENTATION('',(#3977),#3981);
#3977 = LINE('',#3978,#3979);
#3978 = CARTESIAN_POINT('',(7.068583470577,0.));
#3979 = VECTOR('',#3980,1.);
#3980 = DIRECTION('',(3.843079700625E-16,1.));
#3981 = ( GEOMETRIC_REPRESENTATION_CONTEXT(2) 
PARAMETRIC_REPRESENTATION_CONTEXT() REPRESENTATION_CONTEXT('2D SPACE',''
  ) );
#3982 = PCURVE('',#3983,#3988);
#3983 = PLANE('',#3984);
#3984 = AXIS2_PLACEMENT_3D('',#3985,#3986,#3987);
#3985 = CARTESIAN_POINT('',(125.99375403883,-80.48171319838,
    124.9426280197));
#3986 = DIRECTION('',(4.440892098501E-15,-1.665334536939E-16,-1.));
#3987 = DIRECTION('',(1.536271110325E-14,1.,-1.665334536938E-16));
#3988 = DEFINITIONAL_REPRESENTATION('',(#3989),#3993);
#3989 = LINE('',#3990,#3991);
#3990 = CARTESIAN_POINT('',(16.879571573741,-0.5));
#3991 = VECTOR('',#3992,1.);
#3992 = DIRECTION('',(-1.,-1.523010113086E-14));
#3993 = ( GEOMETRIC_REPRESENTATION_CONTEXT(2) 
PARAMETRIC_REPRESENTATION_CONTEXT() REPRESENTATION_CONTEXT('2D SPACE',''
  ) );
#3994 = ADVANCED_FACE('',(#3995),#2970,.T.);
#3995 = FACE_BOUND('',#3996,.T.);
#3996 = EDGE_LOOP('',(#3997,#3998,#3999,#4000));
#3997 = ORIENTED_EDGE('',*,*,#3547,.T.);
#3998 = ORIENTED_EDGE('',*,*,#2953,.T.);
#3999 = ORIENTED_EDGE('',*,*,#3943,.F.);
#4000 = ORIENTED_EDGE('',*,*,#4001,.T.);
#4001 = EDGE_CURVE('',#3944,#3493,#4002,.T.);
#4002 = SURFACE_CURVE('',#4003,(#4008,#4015),.PCURVE_S1.);
#4003 = CIRCLE('',#4004,3.);
#4004 = AXIS2_PLACEMENT_3D('',#4005,#4006,#4007);
#4005 = CARTESIAN_POINT('',(125.49375403883,-33.48171319839,
    121.9426280197));
#4006 = DIRECTION('',(1.,-3.059281223412E-14,4.93432455389E-15));
#4007 = DIRECTION('',(-2.512147933894E-14,-0.707106781187,0.707106781187
    ));
#4008 = PCURVE('',#2970,#4009);
#4009 = DEFINITIONAL_REPRESENTATION('',(#4010),#4014);
#4010 = LINE('',#4011,#4012);
#4011 = CARTESIAN_POINT('',(-5.497787143782,3.14159265359));
#4012 = VECTOR('',#4013,1.);
#4013 = DIRECTION('',(1.,-4.52345554697E-15));
#4014 = ( GEOMETRIC_REPRESENTATION_CONTEXT(2) 
PARAMETRIC_REPRESENTATION_CONTEXT() REPRESENTATION_CONTEXT('2D SPACE',''
  ) );
#4015 = PCURVE('',#3529,#4016);
#4016 = DEFINITIONAL_REPRESENTATION('',(#4017),#4021);
#4017 = LINE('',#4018,#4019);
#4018 = CARTESIAN_POINT('',(1.7763568394E-15,-2.5));
#4019 = VECTOR('',#4020,1.);
#4020 = DIRECTION('',(1.,9.046911093941E-15));
#4021 = ( GEOMETRIC_REPRESENTATION_CONTEXT(2) 
PARAMETRIC_REPRESENTATION_CONTEXT() REPRESENTATION_CONTEXT('2D SPACE',''
  ) );
#4022 = ADVANCED_FACE('',(#4023),#3751,.T.);
#4023 = FACE_BOUND('',#4024,.T.);
#4024 = EDGE_LOOP('',(#4025,#4026,#4049,#4072));
#4025 = ORIENTED_EDGE('',*,*,#3737,.F.);
#4026 = ORIENTED_EDGE('',*,*,#4027,.F.);
#4027 = EDGE_CURVE('',#4028,#3656,#4030,.T.);
#4028 = VERTEX_POINT('',#4029);
#4029 = CARTESIAN_POINT('',(130.49375403883,-33.48171319839,
    139.9426280197));
#4030 = SURFACE_CURVE('',#4031,(#4035,#4042),.PCURVE_S1.);
#4031 = LINE('',#4032,#4033);
#4032 = CARTESIAN_POINT('',(127.99375403883,-33.48171319839,
    139.9426280197));
#4033 = VECTOR('',#4034,1.);
#4034 = DIRECTION('',(-1.,3.10862446895E-14,-4.440892098501E-15));
#4035 = PCURVE('',#3751,#4036);
#4036 = DEFINITIONAL_REPRESENTATION('',(#4037),#4041);
#4037 = LINE('',#4038,#4039);
#4038 = CARTESIAN_POINT('',(13.000000000002,1.999999999999));
#4039 = VECTOR('',#4040,1.);
#4040 = DIRECTION('',(-1.572353358625E-14,-1.));
#4041 = ( GEOMETRIC_REPRESENTATION_CONTEXT(2) 
PARAMETRIC_REPRESENTATION_CONTEXT() REPRESENTATION_CONTEXT('2D SPACE',''
  ) );
#4042 = PCURVE('',#3696,#4043);
#4043 = DEFINITIONAL_REPRESENTATION('',(#4044),#4048);
#4044 = LINE('',#4045,#4046);
#4045 = CARTESIAN_POINT('',(0.785398163397,0.));
#4046 = VECTOR('',#4047,1.);
#4047 = DIRECTION('',(-6.661338147751E-16,-1.));
#4048 = ( GEOMETRIC_REPRESENTATION_CONTEXT(2) 
PARAMETRIC_REPRESENTATION_CONTEXT() REPRESENTATION_CONTEXT('2D SPACE',''
  ) );
#4049 = ORIENTED_EDGE('',*,*,#4050,.F.);
#4050 = EDGE_CURVE('',#4051,#4028,#4053,.T.);
#4051 = VERTEX_POINT('',#4052);
#4052 = CARTESIAN_POINT('',(130.49375403883,-20.48171319838,
    139.9426280197));
#4053 = SURFACE_CURVE('',#4054,(#4058,#4065),.PCURVE_S1.);
#4054 = LINE('',#4055,#4056);
#4055 = CARTESIAN_POINT('',(130.49375403883,-33.60214162464,
    139.9426280197));
#4056 = VECTOR('',#4057,1.);
#4057 = DIRECTION('',(-3.10862446895E-14,-1.,1.665334536938E-16));
#4058 = PCURVE('',#3751,#4059);
#4059 = DEFINITIONAL_REPRESENTATION('',(#4060),#4064);
#4060 = LINE('',#4061,#4062);
#4061 = CARTESIAN_POINT('',(13.120428426259,4.5));
#4062 = VECTOR('',#4063,1.);
#4063 = DIRECTION('',(1.,-1.572353358625E-14));
#4064 = ( GEOMETRIC_REPRESENTATION_CONTEXT(2) 
PARAMETRIC_REPRESENTATION_CONTEXT() REPRESENTATION_CONTEXT('2D SPACE',''
  ) );
#4065 = PCURVE('',#1418,#4066);
#4066 = DEFINITIONAL_REPRESENTATION('',(#4067),#4071);
#4067 = LINE('',#4068,#4069);
#4068 = CARTESIAN_POINT('',(0.785398163397,3.552713678801E-15));
#4069 = VECTOR('',#4070,1.);
#4070 = DIRECTION('',(0.,1.));
#4071 = ( GEOMETRIC_REPRESENTATION_CONTEXT(2) 
PARAMETRIC_REPRESENTATION_CONTEXT() REPRESENTATION_CONTEXT('2D SPACE',''
  ) );
#4072 = ORIENTED_EDGE('',*,*,#4073,.F.);
#4073 = EDGE_CURVE('',#3712,#4051,#4074,.T.);
#4074 = SURFACE_CURVE('',#4075,(#4079,#4086),.PCURVE_S1.);
#4075 = LINE('',#4076,#4077);
#4076 = CARTESIAN_POINT('',(125.99375403883,-20.48171319838,
    139.9426280197));
#4077 = VECTOR('',#4078,1.);
#4078 = DIRECTION('',(1.,-1.554312234475E-14,4.440892098501E-15));
#4079 = PCURVE('',#3751,#4080);
#4080 = DEFINITIONAL_REPRESENTATION('',(#4081),#4085);
#4081 = LINE('',#4082,#4083);
#4082 = CARTESIAN_POINT('',(0.,0.));
#4083 = VECTOR('',#4084,1.);
#4084 = DIRECTION('',(1.804112415016E-16,1.));
#4085 = ( GEOMETRIC_REPRESENTATION_CONTEXT(2) 
PARAMETRIC_REPRESENTATION_CONTEXT() REPRESENTATION_CONTEXT('2D SPACE',''
  ) );
#4086 = PCURVE('',#3905,#4087);
#4087 = DEFINITIONAL_REPRESENTATION('',(#4088),#4092);
#4088 = LINE('',#4089,#4090);
#4089 = CARTESIAN_POINT('',(1.570796326795,4.263256414561E-14));
#4090 = VECTOR('',#4091,1.);
#4091 = DIRECTION('',(0.,1.));
#4092 = ( GEOMETRIC_REPRESENTATION_CONTEXT(2) 
PARAMETRIC_REPRESENTATION_CONTEXT() REPRESENTATION_CONTEXT('2D SPACE',''
  ) );
#4093 = ADVANCED_FACE('',(#4094),#3696,.F.);
#4094 = FACE_BOUND('',#4095,.F.);
#4095 = EDGE_LOOP('',(#4096,#4097,#4121,#4142));
#4096 = ORIENTED_EDGE('',*,*,#4027,.F.);
#4097 = ORIENTED_EDGE('',*,*,#4098,.T.);
#4098 = EDGE_CURVE('',#4028,#4099,#4101,.T.);
#4099 = VERTEX_POINT('',#4100);
#4100 = CARTESIAN_POINT('',(130.49375403883,-36.48171319839,
    142.9426280197));
#4101 = SURFACE_CURVE('',#4102,(#4107,#4114),.PCURVE_S1.);
#4102 = CIRCLE('',#4103,3.);
#4103 = AXIS2_PLACEMENT_3D('',#4104,#4105,#4106);
#4104 = CARTESIAN_POINT('',(130.49375403883,-33.48171319839,
    142.9426280197));
#4105 = DIRECTION('',(-1.,3.10862446895E-14,-8.881784197001E-15));
#4106 = DIRECTION('',(-1.570092458684E-14,-0.707106781187,
    -0.707106781187));
#4107 = PCURVE('',#3696,#4108);
#4108 = DEFINITIONAL_REPRESENTATION('',(#4109),#4113);
#4109 = LINE('',#4110,#4111);
#4110 = CARTESIAN_POINT('',(6.28318530718,2.500000000001));
#4111 = VECTOR('',#4112,1.);
#4112 = DIRECTION('',(-1.,-1.809382218788E-14));
#4113 = ( GEOMETRIC_REPRESENTATION_CONTEXT(2) 
PARAMETRIC_REPRESENTATION_CONTEXT() REPRESENTATION_CONTEXT('2D SPACE',''
  ) );
#4114 = PCURVE('',#1447,#4115);
#4115 = DEFINITIONAL_REPRESENTATION('',(#4116),#4120);
#4116 = LINE('',#4117,#4118);
#4117 = CARTESIAN_POINT('',(-5.497787143782,3.14159265359));
#4118 = VECTOR('',#4119,1.);
#4119 = DIRECTION('',(1.,0.));
#4120 = ( GEOMETRIC_REPRESENTATION_CONTEXT(2) 
PARAMETRIC_REPRESENTATION_CONTEXT() REPRESENTATION_CONTEXT('2D SPACE',''
  ) );
#4121 = ORIENTED_EDGE('',*,*,#4122,.F.);
#4122 = EDGE_CURVE('',#3602,#4099,#4123,.T.);
#4123 = SURFACE_CURVE('',#4124,(#4128,#4135),.PCURVE_S1.);
#4124 = LINE('',#4125,#4126);
#4125 = CARTESIAN_POINT('',(125.99375403883,-36.48171319839,
    142.9426280197));
#4126 = VECTOR('',#4127,1.);
#4127 = DIRECTION('',(1.,-1.554312234475E-14,8.881784197001E-15));
#4128 = PCURVE('',#3696,#4129);
#4129 = DEFINITIONAL_REPRESENTATION('',(#4130),#4134);
#4130 = LINE('',#4131,#4132);
#4131 = CARTESIAN_POINT('',(-0.785398163397,-1.999999999999));
#4132 = VECTOR('',#4133,1.);
#4133 = DIRECTION('',(-1.24344978758E-15,1.));
#4134 = ( GEOMETRIC_REPRESENTATION_CONTEXT(2) 
PARAMETRIC_REPRESENTATION_CONTEXT() REPRESENTATION_CONTEXT('2D SPACE',''
  ) );
#4135 = PCURVE('',#3617,#4136);
#4136 = DEFINITIONAL_REPRESENTATION('',(#4137),#4141);
#4137 = LINE('',#4138,#4139);
#4138 = CARTESIAN_POINT('',(6.,3.999999999999));
#4139 = VECTOR('',#4140,1.);
#4140 = DIRECTION('',(1.577721810442E-30,-1.));
#4141 = ( GEOMETRIC_REPRESENTATION_CONTEXT(2) 
PARAMETRIC_REPRESENTATION_CONTEXT() REPRESENTATION_CONTEXT('2D SPACE',''
  ) );
#4142 = ORIENTED_EDGE('',*,*,#3681,.T.);
#4143 = ADVANCED_FACE('',(#4144),#3617,.T.);
#4144 = FACE_BOUND('',#4145,.T.);
#4145 = EDGE_LOOP('',(#4146,#4147,#4170,#4191));
#4146 = ORIENTED_EDGE('',*,*,#3601,.F.);
#4147 = ORIENTED_EDGE('',*,*,#4148,.T.);
#4148 = EDGE_CURVE('',#3574,#4149,#4151,.T.);
#4149 = VERTEX_POINT('',#4150);
#4150 = CARTESIAN_POINT('',(130.49375403883,-36.48171319839,
    148.9426280197));
#4151 = SURFACE_CURVE('',#4152,(#4156,#4163),.PCURVE_S1.);
#4152 = LINE('',#4153,#4154);
#4153 = CARTESIAN_POINT('',(129.99375403883,-36.48171319839,
    148.9426280197));
#4154 = VECTOR('',#4155,1.);
#4155 = DIRECTION('',(1.,-3.10862446895E-14,8.881784197001E-15));
#4156 = PCURVE('',#3617,#4157);
#4157 = DEFINITIONAL_REPRESENTATION('',(#4158),#4162);
#4158 = LINE('',#4159,#4160);
#4159 = CARTESIAN_POINT('',(0.,0.));
#4160 = VECTOR('',#4161,1.);
#4161 = DIRECTION('',(-6.310887241768E-30,-1.));
#4162 = ( GEOMETRIC_REPRESENTATION_CONTEXT(2) 
PARAMETRIC_REPRESENTATION_CONTEXT() REPRESENTATION_CONTEXT('2D SPACE',''
  ) );
#4163 = PCURVE('',#696,#4164);
#4164 = DEFINITIONAL_REPRESENTATION('',(#4165),#4169);
#4165 = LINE('',#4166,#4167);
#4166 = CARTESIAN_POINT('',(20.481999999998,6.367084637304E-13));
#4167 = VECTOR('',#4168,1.);
#4168 = DIRECTION('',(-1.479114197289E-30,-1.));
#4169 = ( GEOMETRIC_REPRESENTATION_CONTEXT(2) 
PARAMETRIC_REPRESENTATION_CONTEXT() REPRESENTATION_CONTEXT('2D SPACE',''
  ) );
#4170 = ORIENTED_EDGE('',*,*,#4171,.F.);
#4171 = EDGE_CURVE('',#4099,#4149,#4172,.T.);
#4172 = SURFACE_CURVE('',#4173,(#4177,#4184),.PCURVE_S1.);
#4173 = LINE('',#4174,#4175);
#4174 = CARTESIAN_POINT('',(130.49375403883,-36.48171319839,
    135.55869944827));
#4175 = VECTOR('',#4176,1.);
#4176 = DIRECTION('',(-8.881784197001E-15,1.66533453694E-16,1.));
#4177 = PCURVE('',#3617,#4178);
#4178 = DEFINITIONAL_REPRESENTATION('',(#4179),#4183);
#4179 = LINE('',#4180,#4181);
#4180 = CARTESIAN_POINT('',(13.383928571428,-0.5));
#4181 = VECTOR('',#4182,1.);
#4182 = DIRECTION('',(-1.,0.));
#4183 = ( GEOMETRIC_REPRESENTATION_CONTEXT(2) 
PARAMETRIC_REPRESENTATION_CONTEXT() REPRESENTATION_CONTEXT('2D SPACE',''
  ) );
#4184 = PCURVE('',#1475,#4185);
#4185 = DEFINITIONAL_REPRESENTATION('',(#4186),#4190);
#4186 = LINE('',#4187,#4188);
#4187 = CARTESIAN_POINT('',(7.068583470577,0.));
#4188 = VECTOR('',#4189,1.);
#4189 = DIRECTION('',(-8.326672684689E-16,1.));
#4190 = ( GEOMETRIC_REPRESENTATION_CONTEXT(2) 
PARAMETRIC_REPRESENTATION_CONTEXT() REPRESENTATION_CONTEXT('2D SPACE',''
  ) );
#4191 = ORIENTED_EDGE('',*,*,#4122,.F.);
#4192 = ADVANCED_FACE('',(#4193),#696,.T.);
#4193 = FACE_BOUND('',#4194,.T.);
#4194 = EDGE_LOOP('',(#4195,#4196,#4197,#4198,#4199,#4225));
#4195 = ORIENTED_EDGE('',*,*,#3573,.F.);
#4196 = ORIENTED_EDGE('',*,*,#2700,.T.);
#4197 = ORIENTED_EDGE('',*,*,#673,.F.);
#4198 = ORIENTED_EDGE('',*,*,#1487,.F.);
#4199 = ORIENTED_EDGE('',*,*,#4200,.F.);
#4200 = EDGE_CURVE('',#4149,#1460,#4201,.T.);
#4201 = SURFACE_CURVE('',#4202,(#4207,#4218),.PCURVE_S1.);
#4202 = CIRCLE('',#4203,2.);
#4203 = AXIS2_PLACEMENT_3D('',#4204,#4205,#4206);
#4204 = CARTESIAN_POINT('',(130.49375403883,-38.48171319839,
    148.9426280197));
#4205 = DIRECTION('',(8.881784197001E-15,-1.66533453694E-16,-1.));
#4206 = DIRECTION('',(0.707106781187,0.707106781187,6.162612900334E-15)
  );
#4207 = PCURVE('',#696,#4208);
#4208 = DEFINITIONAL_REPRESENTATION('',(#4209),#4217);
#4209 = ( BOUNDED_CURVE() B_SPLINE_CURVE(2,(#4210,#4211,#4212,#4213,
#4214,#4215,#4216),.UNSPECIFIED.,.T.,.F.) B_SPLINE_CURVE_WITH_KNOTS((1,2
    ,2,2,2,1),(-2.094395102393,0.,2.094395102393,4.188790204786,
6.28318530718,8.377580409573),.UNSPECIFIED.) CURVE() 
GEOMETRIC_REPRESENTATION_ITEM() RATIONAL_B_SPLINE_CURVE((1.,0.5,1.,0.5,
1.,0.5,1.)) REPRESENTATION_ITEM('') );
#4210 = CARTESIAN_POINT('',(19.896213562373,-1.914213562373));
#4211 = CARTESIAN_POINT('',(17.44672381959,-4.363703305156));
#4212 = CARTESIAN_POINT('',(16.550148347422,-1.017638090204));
#4213 = CARTESIAN_POINT('',(15.653572875254,2.328427124747));
#4214 = CARTESIAN_POINT('',(18.999638090205,1.431851652579));
#4215 = CARTESIAN_POINT('',(22.345703305156,0.535276180411));
#4216 = CARTESIAN_POINT('',(19.896213562373,-1.914213562373));
#4217 = ( GEOMETRIC_REPRESENTATION_CONTEXT(2) 
PARAMETRIC_REPRESENTATION_CONTEXT() REPRESENTATION_CONTEXT('2D SPACE',''
  ) );
#4218 = PCURVE('',#1475,#4219);
#4219 = DEFINITIONAL_REPRESENTATION('',(#4220),#4224);
#4220 = LINE('',#4221,#4222);
#4221 = CARTESIAN_POINT('',(12.566370614359,13.383928571428));
#4222 = VECTOR('',#4223,1.);
#4223 = DIRECTION('',(-1.,0.));
#4224 = ( GEOMETRIC_REPRESENTATION_CONTEXT(2) 
PARAMETRIC_REPRESENTATION_CONTEXT() REPRESENTATION_CONTEXT('2D SPACE',''
  ) );
#4225 = ORIENTED_EDGE('',*,*,#4148,.F.);
#4226 = ADVANCED_FACE('',(#4227),#1235,.F.);
#4227 = FACE_BOUND('',#4228,.F.);
#4228 = EDGE_LOOP('',(#4229,#4230,#4251,#4252,#4253,#4254,#4328,#4329,
    #4330,#4331,#4332,#4333));
#4229 = ORIENTED_EDGE('',*,*,#2841,.T.);
#4230 = ORIENTED_EDGE('',*,*,#4231,.T.);
#4231 = EDGE_CURVE('',#2842,#1215,#4232,.T.);
#4232 = SEAM_CURVE('',#4233,(#4237,#4244),.PCURVE_S1.);
#4233 = LINE('',#4234,#4235);
#4234 = CARTESIAN_POINT('',(125.49375403883,-16.53171319838,
    132.4426280197));
#4235 = VECTOR('',#4236,1.);
#4236 = DIRECTION('',(1.,-3.10862446895E-14,8.881784197001E-15));
#4237 = PCURVE('',#1235,#4238);
#4238 = DEFINITIONAL_REPRESENTATION('',(#4239),#4243);
#4239 = LINE('',#4240,#4241);
#4240 = CARTESIAN_POINT('',(3.14159265359,2.84217094304E-14));
#4241 = VECTOR('',#4242,1.);
#4242 = DIRECTION('',(0.,1.));
#4243 = ( GEOMETRIC_REPRESENTATION_CONTEXT(2) 
PARAMETRIC_REPRESENTATION_CONTEXT() REPRESENTATION_CONTEXT('2D SPACE',''
  ) );
#4244 = PCURVE('',#1235,#4245);
#4245 = DEFINITIONAL_REPRESENTATION('',(#4246),#4250);
#4246 = LINE('',#4247,#4248);
#4247 = CARTESIAN_POINT('',(-3.14159265359,2.84217094304E-14));
#4248 = VECTOR('',#4249,1.);
#4249 = DIRECTION('',(0.,1.));
#4250 = ( GEOMETRIC_REPRESENTATION_CONTEXT(2) 
PARAMETRIC_REPRESENTATION_CONTEXT() REPRESENTATION_CONTEXT('2D SPACE',''
  ) );
#4251 = ORIENTED_EDGE('',*,*,#1247,.T.);
#4252 = ORIENTED_EDGE('',*,*,#3093,.F.);
#4253 = ORIENTED_EDGE('',*,*,#1341,.T.);
#4254 = ORIENTED_EDGE('',*,*,#4255,.T.);
#4255 = EDGE_CURVE('',#1342,#1786,#4256,.T.);
#4256 = SURFACE_CURVE('',#4257,(#4270,#4299),.PCURVE_S1.);
#4257 = B_SPLINE_CURVE_WITH_KNOTS('',3,(#4258,#4259,#4260,#4261,#4262,
    #4263,#4264,#4265,#4266,#4267,#4268,#4269),.UNSPECIFIED.,.F.,.F.,(4,
    2,2,2,2,4),(0.,3.169974266429E-02,6.544457115397E-02,0.10036084411,
    0.13580997723,0.148465820346),.UNSPECIFIED.);
#4258 = CARTESIAN_POINT('',(132.49375403883,-15.02166165199,
    133.10432063017));
#4259 = CARTESIAN_POINT('',(132.49375403883,-14.94397466875,
    133.03269664116));
#4260 = CARTESIAN_POINT('',(132.49032725593,-14.87942565159,
    132.94787284698));
#4261 = CARTESIAN_POINT('',(132.48322792048,-14.7795952927,
    132.75342840958));
#4262 = CARTESIAN_POINT('',(132.47970630538,-14.74732900421,
    132.64422790533));
#4263 = CARTESIAN_POINT('',(132.47732125122,-14.72455462726,
    132.41535518008));
#4264 = CARTESIAN_POINT('',(132.47869064865,-14.73575536201,
    132.29781228712));
#4265 = CARTESIAN_POINT('',(132.48496727693,-14.80315157564,
    132.07165714074));
#4266 = CARTESIAN_POINT('',(132.48980246384,-14.85933533091,
    131.96556556886));
#4267 = CARTESIAN_POINT('',(132.49319133773,-14.9614519491,
    131.84050329138));
#4268 = CARTESIAN_POINT('',(132.49375403883,-14.99055874202,
    131.80961092719));
#4269 = CARTESIAN_POINT('',(132.49375403883,-15.02166165199,
    131.78093540924));
#4270 = PCURVE('',#1235,#4271);
#4271 = DEFINITIONAL_REPRESENTATION('',(#4272),#4298);
#4272 = B_SPLINE_CURVE_WITH_KNOTS('',3,(#4273,#4274,#4275,#4276,#4277,
    #4278,#4279,#4280,#4281,#4282,#4283,#4284,#4285,#4286,#4287,#4288,
    #4289,#4290,#4291,#4292,#4293,#4294,#4295,#4296,#4297),
  .UNSPECIFIED.,.F.,.F.,(4,1,1,1,1,1,1,1,1,1,1,1,1,1,1,1,1,1,1,1,1,1,4),
  (0.,6.748446379343E-03,1.349689275869E-02,2.024533913803E-02,
    2.699378551737E-02,3.374223189671E-02,4.049067827606E-02,
    4.72391246554E-02,5.398757103474E-02,6.073601741408E-02,
    6.748446379343E-02,7.423291017277E-02,8.098135655211E-02,
    8.772980293145E-02,9.44782493108E-02,0.10122669569,0.107975142069,
    0.114723588449,0.121472034828,0.128220481208,0.134968927587,
    0.141717373966,0.148465820346),.QUASI_UNIFORM_KNOTS.);
#4273 = CARTESIAN_POINT('',(0.82598235513,7.));
#4274 = CARTESIAN_POINT('',(0.800988365636,7.));
#4275 = CARTESIAN_POINT('',(0.751070719675,6.999689386315));
#4276 = CARTESIAN_POINT('',(0.676304809437,6.998489355751));
#4277 = CARTESIAN_POINT('',(0.601537886445,6.996752743544));
#4278 = CARTESIAN_POINT('',(0.526697337999,6.994677787272));
#4279 = CARTESIAN_POINT('',(0.451567058804,6.9924600904));
#4280 = CARTESIAN_POINT('',(0.376583193438,6.990312602524));
#4281 = CARTESIAN_POINT('',(0.301691092756,6.988335288562));
#4282 = CARTESIAN_POINT('',(0.226765913288,6.986636263154));
#4283 = CARTESIAN_POINT('',(0.151742522482,6.985319567601));
#4284 = CARTESIAN_POINT('',(7.638227640557E-02,6.98449738684));
#4285 = CARTESIAN_POINT('',(1.216271598107E-03,6.984253582486));
#4286 = CARTESIAN_POINT('',(-7.381031022994E-02,6.984538357311));
#4287 = CARTESIAN_POINT('',(-0.148832470023,6.985319701193));
#4288 = CARTESIAN_POINT('',(-0.223920781213,6.986557872472));
#4289 = CARTESIAN_POINT('',(-0.299321128099,6.988226268538));
#4290 = CARTESIAN_POINT('',(-0.374630812791,6.990251838007));
#4291 = CARTESIAN_POINT('',(-0.449740489219,6.992449874908));
#4292 = CARTESIAN_POINT('',(-0.5248237071,6.994659689869));
#4293 = CARTESIAN_POINT('',(-0.599954541038,6.996712541));
#4294 = CARTESIAN_POINT('',(-0.675314127482,6.998447879893));
#4295 = CARTESIAN_POINT('',(-0.750767500711,6.999680436723));
#4296 = CARTESIAN_POINT('',(-0.800955194905,7.000002275846));
#4297 = CARTESIAN_POINT('',(-0.82598235513,7.));
#4298 = ( GEOMETRIC_REPRESENTATION_CONTEXT(2) 
PARAMETRIC_REPRESENTATION_CONTEXT() REPRESENTATION_CONTEXT('2D SPACE',''
  ) );
#4299 = PCURVE('',#1390,#4300);
#4300 = DEFINITIONAL_REPRESENTATION('',(#4301),#4327);
#4301 = B_SPLINE_CURVE_WITH_KNOTS('',3,(#4302,#4303,#4304,#4305,#4306,
    #4307,#4308,#4309,#4310,#4311,#4312,#4313,#4314,#4315,#4316,#4317,
    #4318,#4319,#4320,#4321,#4322,#4323,#4324,#4325,#4326),
  .UNSPECIFIED.,.F.,.F.,(4,1,1,1,1,1,1,1,1,1,1,1,1,1,1,1,1,1,1,1,1,1,4),
  (0.,6.748446379343E-03,1.349689275869E-02,2.024533913803E-02,
    2.699378551737E-02,3.374223189671E-02,4.049067827606E-02,
    4.72391246554E-02,5.398757103474E-02,6.073601741408E-02,
    6.748446379343E-02,7.423291017277E-02,8.098135655211E-02,
    8.772980293145E-02,9.44782493108E-02,0.10122669569,0.107975142069,
    0.114723588449,0.121472034828,0.128220481208,0.134968927587,
    0.141717373966,0.148465820346),.QUASI_UNIFORM_KNOTS.);
#4302 = CARTESIAN_POINT('',(4.832988855952,1.570796326795));
#4303 = CARTESIAN_POINT('',(4.829874638775,1.563504843589));
#4304 = CARTESIAN_POINT('',(4.823506806358,1.549503027562));
#4305 = CARTESIAN_POINT('',(4.813567465551,1.530280138576));
#4306 = CARTESIAN_POINT('',(4.803270726775,1.512869439592));
#4307 = CARTESIAN_POINT('',(4.792648211519,1.497317386907));
#4308 = CARTESIAN_POINT('',(4.781708199215,1.483654411491));
#4309 = CARTESIAN_POINT('',(4.770554197893,1.472020738901));
#4310 = CARTESIAN_POINT('',(4.75921981683,1.462437236415));
#4311 = CARTESIAN_POINT('',(4.74772559052,1.454924223628));
#4312 = CARTESIAN_POINT('',(4.736100139792,1.449509118167));
#4313 = CARTESIAN_POINT('',(4.72434428593,1.446222761385));
#4314 = CARTESIAN_POINT('',(4.712579457432,1.44511046704));
#4315 = CARTESIAN_POINT('',(4.700835828642,1.446153844045));
#4316 = CARTESIAN_POINT('',(4.68913058944,1.449345287866));
#4317 = CARTESIAN_POINT('',(4.677491176276,1.454675444868));
#4318 = CARTESIAN_POINT('',(4.665919202903,1.462160182998));
#4319 = CARTESIAN_POINT('',(4.654516626734,1.471741471791));
#4320 = CARTESIAN_POINT('',(4.643338746964,1.483348376733));
#4321 = CARTESIAN_POINT('',(4.632399143734,1.496952437211));
#4322 = CARTESIAN_POINT('',(4.62172811076,1.512516287768));
#4323 = CARTESIAN_POINT('',(4.611343488395,1.530030993352));
#4324 = CARTESIAN_POINT('',(4.601309870525,1.549417841774));
#4325 = CARTESIAN_POINT('',(4.594906787322,1.563492615731));
#4326 = CARTESIAN_POINT('',(4.591789104818,1.570796326795));
#4327 = ( GEOMETRIC_REPRESENTATION_CONTEXT(2) 
PARAMETRIC_REPRESENTATION_CONTEXT() REPRESENTATION_CONTEXT('2D SPACE',''
  ) );
#4328 = ORIENTED_EDGE('',*,*,#1813,.T.);
#4329 = ORIENTED_EDGE('',*,*,#3071,.T.);
#4330 = ORIENTED_EDGE('',*,*,#1214,.T.);
#4331 = ORIENTED_EDGE('',*,*,#4231,.F.);
#4332 = ORIENTED_EDGE('',*,*,#2869,.T.);
#4333 = ORIENTED_EDGE('',*,*,#3766,.T.);
#4334 = ADVANCED_FACE('',(#4335),#1745,.T.);
#4335 = FACE_BOUND('',#4336,.T.);
#4336 = EDGE_LOOP('',(#4337,#4361,#4362,#4363));
#4337 = ORIENTED_EDGE('',*,*,#4338,.T.);
#4338 = EDGE_CURVE('',#4339,#1729,#4341,.T.);
#4339 = VERTEX_POINT('',#4340);
#4340 = CARTESIAN_POINT('',(130.49375403883,-33.48171319839,
    124.9426280197));
#4341 = SURFACE_CURVE('',#4342,(#4347,#4354),.PCURVE_S1.);
#4342 = CIRCLE('',#4343,2.);
#4343 = AXIS2_PLACEMENT_3D('',#4344,#4345,#4346);
#4344 = CARTESIAN_POINT('',(130.49375403883,-33.48171319839,
    126.9426280197));
#4345 = DIRECTION('',(-3.10862446895E-14,-1.,2.292610545851E-14));
#4346 = DIRECTION('',(8.881784197001E-15,-2.292610545851E-14,-1.));
#4347 = PCURVE('',#1745,#4348);
#4348 = DEFINITIONAL_REPRESENTATION('',(#4349),#4353);
#4349 = LINE('',#4350,#4351);
#4350 = CARTESIAN_POINT('',(3.14159265359,3.14159265359));
#4351 = VECTOR('',#4352,1.);
#4352 = DIRECTION('',(8.48147915057E-16,1.));
#4353 = ( GEOMETRIC_REPRESENTATION_CONTEXT(2) 
PARAMETRIC_REPRESENTATION_CONTEXT() REPRESENTATION_CONTEXT('2D SPACE',''
  ) );
#4354 = PCURVE('',#1773,#4355);
#4355 = DEFINITIONAL_REPRESENTATION('',(#4356),#4360);
#4356 = LINE('',#4357,#4358);
#4357 = CARTESIAN_POINT('',(0.785398163397,30.120428426257));
#4358 = VECTOR('',#4359,1.);
#4359 = DIRECTION('',(-1.,2.714073328182E-14));
#4360 = ( GEOMETRIC_REPRESENTATION_CONTEXT(2) 
PARAMETRIC_REPRESENTATION_CONTEXT() REPRESENTATION_CONTEXT('2D SPACE',''
  ) );
#4361 = ORIENTED_EDGE('',*,*,#1728,.T.);
#4362 = ORIENTED_EDGE('',*,*,#3464,.F.);
#4363 = ORIENTED_EDGE('',*,*,#4364,.T.);
#4364 = EDGE_CURVE('',#3442,#4339,#4365,.T.);
#4365 = SURFACE_CURVE('',#4366,(#4371,#4378),.PCURVE_S1.);
#4366 = CIRCLE('',#4367,3.);
#4367 = AXIS2_PLACEMENT_3D('',#4368,#4369,#4370);
#4368 = CARTESIAN_POINT('',(130.49375403883,-33.48171319839,
    121.9426280197));
#4369 = DIRECTION('',(-1.,3.10862446895E-14,-8.881784197001E-15));
#4370 = DIRECTION('',(-2.826166425631E-14,-0.707106781187,0.707106781187
    ));
#4371 = PCURVE('',#1745,#4372);
#4372 = DEFINITIONAL_REPRESENTATION('',(#4373),#4377);
#4373 = LINE('',#4374,#4375);
#4374 = CARTESIAN_POINT('',(-3.926990816987,3.14159265359));
#4375 = VECTOR('',#4376,1.);
#4376 = DIRECTION('',(1.,0.));
#4377 = ( GEOMETRIC_REPRESENTATION_CONTEXT(2) 
PARAMETRIC_REPRESENTATION_CONTEXT() REPRESENTATION_CONTEXT('2D SPACE',''
  ) );
#4378 = PCURVE('',#3529,#4379);
#4379 = DEFINITIONAL_REPRESENTATION('',(#4380),#4384);
#4380 = LINE('',#4381,#4382);
#4381 = CARTESIAN_POINT('',(12.566370614359,2.5));
#4382 = VECTOR('',#4383,1.);
#4383 = DIRECTION('',(-1.,0.));
#4384 = ( GEOMETRIC_REPRESENTATION_CONTEXT(2) 
PARAMETRIC_REPRESENTATION_CONTEXT() REPRESENTATION_CONTEXT('2D SPACE',''
  ) );
#4385 = ADVANCED_FACE('',(#4386),#1773,.T.);
#4386 = FACE_BOUND('',#4387,.T.);
#4387 = EDGE_LOOP('',(#4388,#4412,#4413,#4414));
#4388 = ORIENTED_EDGE('',*,*,#4389,.T.);
#4389 = EDGE_CURVE('',#4390,#1758,#4392,.T.);
#4390 = VERTEX_POINT('',#4391);
#4391 = CARTESIAN_POINT('',(130.49375403883,-20.48171319838,
    124.9426280197));
#4392 = SURFACE_CURVE('',#4393,(#4398,#4405),.PCURVE_S1.);
#4393 = CIRCLE('',#4394,2.);
#4394 = AXIS2_PLACEMENT_3D('',#4395,#4396,#4397);
#4395 = CARTESIAN_POINT('',(130.49375403883,-20.48171319838,
    126.9426280197));
#4396 = DIRECTION('',(-3.10862446895E-14,-1.,-2.053912595557E-15));
#4397 = DIRECTION('',(8.881784197001E-15,2.053912595556E-15,-1.));
#4398 = PCURVE('',#1773,#4399);
#4399 = DEFINITIONAL_REPRESENTATION('',(#4400),#4404);
#4400 = LINE('',#4401,#4402);
#4401 = CARTESIAN_POINT('',(0.785398163398,43.120428426259));
#4402 = VECTOR('',#4403,1.);
#4403 = DIRECTION('',(-1.,-4.52345554697E-15));
#4404 = ( GEOMETRIC_REPRESENTATION_CONTEXT(2) 
PARAMETRIC_REPRESENTATION_CONTEXT() REPRESENTATION_CONTEXT('2D SPACE',''
  ) );
#4405 = PCURVE('',#1390,#4406);
#4406 = DEFINITIONAL_REPRESENTATION('',(#4407),#4411);
#4407 = LINE('',#4408,#4409);
#4408 = CARTESIAN_POINT('',(3.14159265359,0.));
#4409 = VECTOR('',#4410,1.);
#4410 = DIRECTION('',(-2.827159716856E-16,1.));
#4411 = ( GEOMETRIC_REPRESENTATION_CONTEXT(2) 
PARAMETRIC_REPRESENTATION_CONTEXT() REPRESENTATION_CONTEXT('2D SPACE',''
  ) );
#4412 = ORIENTED_EDGE('',*,*,#1757,.T.);
#4413 = ORIENTED_EDGE('',*,*,#4338,.F.);
#4414 = ORIENTED_EDGE('',*,*,#4415,.T.);
#4415 = EDGE_CURVE('',#4339,#4390,#4416,.T.);
#4416 = SURFACE_CURVE('',#4417,(#4421,#4428),.PCURVE_S1.);
#4417 = LINE('',#4418,#4419);
#4418 = CARTESIAN_POINT('',(130.49375403883,-63.60214162464,
    124.9426280197));
#4419 = VECTOR('',#4420,1.);
#4420 = DIRECTION('',(3.10862446895E-14,1.,-1.665334536938E-16));
#4421 = PCURVE('',#1773,#4422);
#4422 = DEFINITIONAL_REPRESENTATION('',(#4423),#4427);
#4423 = LINE('',#4424,#4425);
#4424 = CARTESIAN_POINT('',(0.785398163397,0.));
#4425 = VECTOR('',#4426,1.);
#4426 = DIRECTION('',(1.152923910187E-15,1.));
#4427 = ( GEOMETRIC_REPRESENTATION_CONTEXT(2) 
PARAMETRIC_REPRESENTATION_CONTEXT() REPRESENTATION_CONTEXT('2D SPACE',''
  ) );
#4428 = PCURVE('',#3983,#4429);
#4429 = DEFINITIONAL_REPRESENTATION('',(#4430),#4434);
#4430 = LINE('',#4431,#4432);
#4431 = CARTESIAN_POINT('',(16.879571573741,4.5));
#4432 = VECTOR('',#4433,1.);
#4433 = DIRECTION('',(1.,1.572353358625E-14));
#4434 = ( GEOMETRIC_REPRESENTATION_CONTEXT(2) 
PARAMETRIC_REPRESENTATION_CONTEXT() REPRESENTATION_CONTEXT('2D SPACE',''
  ) );
#4435 = ADVANCED_FACE('',(#4436),#1390,.T.);
#4436 = FACE_BOUND('',#4437,.T.);
#4437 = EDGE_LOOP('',(#4438,#4439,#4440,#4441,#4463,#4485));
#4438 = ORIENTED_EDGE('',*,*,#4255,.T.);
#4439 = ORIENTED_EDGE('',*,*,#1785,.T.);
#4440 = ORIENTED_EDGE('',*,*,#4389,.F.);
#4441 = ORIENTED_EDGE('',*,*,#4442,.T.);
#4442 = EDGE_CURVE('',#4390,#4051,#4443,.T.);
#4443 = SURFACE_CURVE('',#4444,(#4449,#4456),.PCURVE_S1.);
#4444 = CIRCLE('',#4445,7.5);
#4445 = AXIS2_PLACEMENT_3D('',#4446,#4447,#4448);
#4446 = CARTESIAN_POINT('',(130.49375403883,-20.48171319838,
    132.4426280197));
#4447 = DIRECTION('',(1.,-3.10862446895E-14,8.881784197001E-15));
#4448 = DIRECTION('',(3.10862446895E-14,1.,-1.665334536937E-16));
#4449 = PCURVE('',#1390,#4450);
#4450 = DEFINITIONAL_REPRESENTATION('',(#4451),#4455);
#4451 = LINE('',#4452,#4453);
#4452 = CARTESIAN_POINT('',(-1.570796326795,0.));
#4453 = VECTOR('',#4454,1.);
#4454 = DIRECTION('',(1.,0.));
#4455 = ( GEOMETRIC_REPRESENTATION_CONTEXT(2) 
PARAMETRIC_REPRESENTATION_CONTEXT() REPRESENTATION_CONTEXT('2D SPACE',''
  ) );
#4456 = PCURVE('',#3905,#4457);
#4457 = DEFINITIONAL_REPRESENTATION('',(#4458),#4462);
#4458 = LINE('',#4459,#4460);
#4459 = CARTESIAN_POINT('',(-6.28318530718,4.5));
#4460 = VECTOR('',#4461,1.);
#4461 = DIRECTION('',(1.,-1.809382218788E-14));
#4462 = ( GEOMETRIC_REPRESENTATION_CONTEXT(2) 
PARAMETRIC_REPRESENTATION_CONTEXT() REPRESENTATION_CONTEXT('2D SPACE',''
  ) );
#4463 = ORIENTED_EDGE('',*,*,#4464,.T.);
#4464 = EDGE_CURVE('',#4051,#1370,#4465,.T.);
#4465 = SURFACE_CURVE('',#4466,(#4471,#4478),.PCURVE_S1.);
#4466 = CIRCLE('',#4467,2.);
#4467 = AXIS2_PLACEMENT_3D('',#4468,#4469,#4470);
#4468 = CARTESIAN_POINT('',(130.49375403883,-20.48171319838,
    137.9426280197));
#4469 = DIRECTION('',(3.10862446895E-14,1.,-1.665334536937E-16));
#4470 = DIRECTION('',(-8.881784197001E-15,1.66533453694E-16,1.));
#4471 = PCURVE('',#1390,#4472);
#4472 = DEFINITIONAL_REPRESENTATION('',(#4473),#4477);
#4473 = LINE('',#4474,#4475);
#4474 = CARTESIAN_POINT('',(6.28318530718,0.));
#4475 = VECTOR('',#4476,1.);
#4476 = DIRECTION('',(0.,1.));
#4477 = ( GEOMETRIC_REPRESENTATION_CONTEXT(2) 
PARAMETRIC_REPRESENTATION_CONTEXT() REPRESENTATION_CONTEXT('2D SPACE',''
  ) );
#4478 = PCURVE('',#1418,#4479);
#4479 = DEFINITIONAL_REPRESENTATION('',(#4480),#4484);
#4480 = LINE('',#4481,#4482);
#4481 = CARTESIAN_POINT('',(0.785398163398,-13.12042842625));
#4482 = VECTOR('',#4483,1.);
#4483 = DIRECTION('',(-1.,-2.261727773485E-15));
#4484 = ( GEOMETRIC_REPRESENTATION_CONTEXT(2) 
PARAMETRIC_REPRESENTATION_CONTEXT() REPRESENTATION_CONTEXT('2D SPACE',''
  ) );
#4485 = ORIENTED_EDGE('',*,*,#1369,.T.);
#4486 = ADVANCED_FACE('',(#4487),#1418,.T.);
#4487 = FACE_BOUND('',#4488,.T.);
#4488 = EDGE_LOOP('',(#4489,#4511,#4512,#4513));
#4489 = ORIENTED_EDGE('',*,*,#4490,.T.);
#4490 = EDGE_CURVE('',#4028,#1403,#4491,.T.);
#4491 = SURFACE_CURVE('',#4492,(#4497,#4504),.PCURVE_S1.);
#4492 = CIRCLE('',#4493,2.);
#4493 = AXIS2_PLACEMENT_3D('',#4494,#4495,#4496);
#4494 = CARTESIAN_POINT('',(130.49375403883,-33.48171319839,
    137.9426280197));
#4495 = DIRECTION('',(3.10862446895E-14,1.,-1.665334536937E-16));
#4496 = DIRECTION('',(-8.881784197001E-15,1.66533453694E-16,1.));
#4497 = PCURVE('',#1418,#4498);
#4498 = DEFINITIONAL_REPRESENTATION('',(#4499),#4503);
#4499 = LINE('',#4500,#4501);
#4500 = CARTESIAN_POINT('',(0.785398163397,-0.120428426257));
#4501 = VECTOR('',#4502,1.);
#4502 = DIRECTION('',(-1.,0.));
#4503 = ( GEOMETRIC_REPRESENTATION_CONTEXT(2) 
PARAMETRIC_REPRESENTATION_CONTEXT() REPRESENTATION_CONTEXT('2D SPACE',''
  ) );
#4504 = PCURVE('',#1447,#4505);
#4505 = DEFINITIONAL_REPRESENTATION('',(#4506),#4510);
#4506 = LINE('',#4507,#4508);
#4507 = CARTESIAN_POINT('',(0.,3.14159265359));
#4508 = VECTOR('',#4509,1.);
#4509 = DIRECTION('',(0.,1.));
#4510 = ( GEOMETRIC_REPRESENTATION_CONTEXT(2) 
PARAMETRIC_REPRESENTATION_CONTEXT() REPRESENTATION_CONTEXT('2D SPACE',''
  ) );
#4511 = ORIENTED_EDGE('',*,*,#1402,.T.);
#4512 = ORIENTED_EDGE('',*,*,#4464,.F.);
#4513 = ORIENTED_EDGE('',*,*,#4050,.T.);
#4514 = ADVANCED_FACE('',(#4515),#1447,.T.);
#4515 = FACE_BOUND('',#4516,.T.);
#4516 = EDGE_LOOP('',(#4517,#4539,#4540,#4541));
#4517 = ORIENTED_EDGE('',*,*,#4518,.T.);
#4518 = EDGE_CURVE('',#4099,#1431,#4519,.T.);
#4519 = SURFACE_CURVE('',#4520,(#4525,#4532),.PCURVE_S1.);
#4520 = CIRCLE('',#4521,2.);
#4521 = AXIS2_PLACEMENT_3D('',#4522,#4523,#4524);
#4522 = CARTESIAN_POINT('',(130.49375403883,-38.48171319839,
    142.9426280197));
#4523 = DIRECTION('',(8.881784197001E-15,-9.048317650695E-15,-1.));
#4524 = DIRECTION('',(3.10862446895E-14,1.,-9.048317650695E-15));
#4525 = PCURVE('',#1447,#4526);
#4526 = DEFINITIONAL_REPRESENTATION('',(#4527),#4531);
#4527 = LINE('',#4528,#4529);
#4528 = CARTESIAN_POINT('',(1.570796326795,3.141592653589));
#4529 = VECTOR('',#4530,1.);
#4530 = DIRECTION('',(9.612343037309E-15,1.));
#4531 = ( GEOMETRIC_REPRESENTATION_CONTEXT(2) 
PARAMETRIC_REPRESENTATION_CONTEXT() REPRESENTATION_CONTEXT('2D SPACE',''
  ) );
#4532 = PCURVE('',#1475,#4533);
#4533 = DEFINITIONAL_REPRESENTATION('',(#4534),#4538);
#4534 = LINE('',#4535,#4536);
#4535 = CARTESIAN_POINT('',(7.068583470577,7.383928571428));
#4536 = VECTOR('',#4537,1.);
#4537 = DIRECTION('',(-1.,1.809382218788E-14));
#4538 = ( GEOMETRIC_REPRESENTATION_CONTEXT(2) 
PARAMETRIC_REPRESENTATION_CONTEXT() REPRESENTATION_CONTEXT('2D SPACE',''
  ) );
#4539 = ORIENTED_EDGE('',*,*,#1430,.T.);
#4540 = ORIENTED_EDGE('',*,*,#4490,.F.);
#4541 = ORIENTED_EDGE('',*,*,#4098,.T.);
#4542 = ADVANCED_FACE('',(#4543),#1475,.T.);
#4543 = FACE_BOUND('',#4544,.T.);
#4544 = EDGE_LOOP('',(#4545,#4546,#4547,#4548));
#4545 = ORIENTED_EDGE('',*,*,#4200,.T.);
#4546 = ORIENTED_EDGE('',*,*,#1459,.T.);
#4547 = ORIENTED_EDGE('',*,*,#4518,.F.);
#4548 = ORIENTED_EDGE('',*,*,#4171,.T.);
#4549 = ADVANCED_FACE('',(#4550),#2370,.T.);
#4550 = FACE_BOUND('',#4551,.T.);
#4551 = EDGE_LOOP('',(#4552,#4553,#4554,#4555));
#4552 = ORIENTED_EDGE('',*,*,#2482,.T.);
#4553 = ORIENTED_EDGE('',*,*,#3367,.F.);
#4554 = ORIENTED_EDGE('',*,*,#3297,.F.);
#4555 = ORIENTED_EDGE('',*,*,#2354,.F.);
#4556 = ADVANCED_FACE('',(#4557),#3529,.F.);
#4557 = FACE_BOUND('',#4558,.F.);
#4558 = EDGE_LOOP('',(#4559,#4560,#4561,#4582));
#4559 = ORIENTED_EDGE('',*,*,#3515,.T.);
#4560 = ORIENTED_EDGE('',*,*,#4364,.T.);
#4561 = ORIENTED_EDGE('',*,*,#4562,.T.);
#4562 = EDGE_CURVE('',#4339,#3944,#4563,.T.);
#4563 = SURFACE_CURVE('',#4564,(#4568,#4575),.PCURVE_S1.);
#4564 = LINE('',#4565,#4566);
#4565 = CARTESIAN_POINT('',(125.99375403883,-33.48171319839,
    124.9426280197));
#4566 = VECTOR('',#4567,1.);
#4567 = DIRECTION('',(-1.,1.554312234475E-14,-8.881784197001E-15));
#4568 = PCURVE('',#3529,#4569);
#4569 = DEFINITIONAL_REPRESENTATION('',(#4570),#4574);
#4570 = LINE('',#4571,#4572);
#4571 = CARTESIAN_POINT('',(5.497787143782,-2.000000000001));
#4572 = VECTOR('',#4573,1.);
#4573 = DIRECTION('',(4.796163466381E-15,-1.));
#4574 = ( GEOMETRIC_REPRESENTATION_CONTEXT(2) 
PARAMETRIC_REPRESENTATION_CONTEXT() REPRESENTATION_CONTEXT('2D SPACE',''
  ) );
#4575 = PCURVE('',#3983,#4576);
#4576 = DEFINITIONAL_REPRESENTATION('',(#4577),#4581);
#4577 = LINE('',#4578,#4579);
#4578 = CARTESIAN_POINT('',(46.999999999998,-7.220474218527E-13));
#4579 = VECTOR('',#4580,1.);
#4580 = DIRECTION('',(1.804112415018E-16,-1.));
#4581 = ( GEOMETRIC_REPRESENTATION_CONTEXT(2) 
PARAMETRIC_REPRESENTATION_CONTEXT() REPRESENTATION_CONTEXT('2D SPACE',''
  ) );
#4582 = ORIENTED_EDGE('',*,*,#4001,.T.);
#4583 = ADVANCED_FACE('',(#4584),#3983,.T.);
#4584 = FACE_BOUND('',#4585,.T.);
#4585 = EDGE_LOOP('',(#4586,#4587,#4608,#4609));
#4586 = ORIENTED_EDGE('',*,*,#3969,.F.);
#4587 = ORIENTED_EDGE('',*,*,#4588,.T.);
#4588 = EDGE_CURVE('',#3889,#4390,#4589,.T.);
#4589 = SURFACE_CURVE('',#4590,(#4594,#4601),.PCURVE_S1.);
#4590 = LINE('',#4591,#4592);
#4591 = CARTESIAN_POINT('',(125.99375403883,-20.48171319838,
    124.9426280197));
#4592 = VECTOR('',#4593,1.);
#4593 = DIRECTION('',(1.,-1.554312234475E-14,4.440892098501E-15));
#4594 = PCURVE('',#3983,#4595);
#4595 = DEFINITIONAL_REPRESENTATION('',(#4596),#4600);
#4596 = LINE('',#4597,#4598);
#4597 = CARTESIAN_POINT('',(60.,7.29971638691E-14));
#4598 = VECTOR('',#4599,1.);
#4599 = DIRECTION('',(-1.804112415016E-16,1.));
#4600 = ( GEOMETRIC_REPRESENTATION_CONTEXT(2) 
PARAMETRIC_REPRESENTATION_CONTEXT() REPRESENTATION_CONTEXT('2D SPACE',''
  ) );
#4601 = PCURVE('',#3905,#4602);
#4602 = DEFINITIONAL_REPRESENTATION('',(#4603),#4607);
#4603 = LINE('',#4604,#4605);
#4604 = CARTESIAN_POINT('',(-1.570796326795,-2.84217094304E-14));
#4605 = VECTOR('',#4606,1.);
#4606 = DIRECTION('',(0.,1.));
#4607 = ( GEOMETRIC_REPRESENTATION_CONTEXT(2) 
PARAMETRIC_REPRESENTATION_CONTEXT() REPRESENTATION_CONTEXT('2D SPACE',''
  ) );
#4608 = ORIENTED_EDGE('',*,*,#4415,.F.);
#4609 = ORIENTED_EDGE('',*,*,#4562,.T.);
#4610 = ADVANCED_FACE('',(#4611),#752,.T.);
#4611 = FACE_BOUND('',#4612,.T.);
#4612 = EDGE_LOOP('',(#4613,#4614,#4635,#4636));
#4613 = ORIENTED_EDGE('',*,*,#2678,.F.);
#4614 = ORIENTED_EDGE('',*,*,#4615,.T.);
#4615 = EDGE_CURVE('',#2656,#1510,#4616,.T.);
#4616 = SURFACE_CURVE('',#4617,(#4621,#4628),.PCURVE_S1.);
#4617 = LINE('',#4618,#4619);
#4618 = CARTESIAN_POINT('',(129.99375403883,-40.48171319839,
    143.88525423637));
#4619 = VECTOR('',#4620,1.);
#4620 = DIRECTION('',(1.,-3.10862446895E-14,8.881784197001E-15));
#4621 = PCURVE('',#752,#4622);
#4622 = DEFINITIONAL_REPRESENTATION('',(#4623),#4627);
#4623 = LINE('',#4624,#4625);
#4624 = CARTESIAN_POINT('',(2.003730514843E-12,-6.228845707625E-26));
#4625 = VECTOR('',#4626,1.);
#4626 = DIRECTION('',(1.479114197289E-30,-1.));
#4627 = ( GEOMETRIC_REPRESENTATION_CONTEXT(2) 
PARAMETRIC_REPRESENTATION_CONTEXT() REPRESENTATION_CONTEXT('2D SPACE',''
  ) );
#4628 = PCURVE('',#1548,#4629);
#4629 = DEFINITIONAL_REPRESENTATION('',(#4630),#4634);
#4630 = LINE('',#4631,#4632);
#4631 = CARTESIAN_POINT('',(3.942626216665,3.999999999999));
#4632 = VECTOR('',#4633,1.);
#4633 = DIRECTION('',(6.310887241768E-30,1.));
#4634 = ( GEOMETRIC_REPRESENTATION_CONTEXT(2) 
PARAMETRIC_REPRESENTATION_CONTEXT() REPRESENTATION_CONTEXT('2D SPACE',''
  ) );
#4635 = ORIENTED_EDGE('',*,*,#1509,.T.);
#4636 = ORIENTED_EDGE('',*,*,#736,.F.);
#4637 = ADVANCED_FACE('',(#4638),#1548,.F.);
#4638 = FACE_BOUND('',#4639,.T.);
#4639 = EDGE_LOOP('',(#4640,#4661,#4662,#4663));
#4640 = ORIENTED_EDGE('',*,*,#4641,.F.);
#4641 = EDGE_CURVE('',#1533,#2633,#4642,.T.);
#4642 = SURFACE_CURVE('',#4643,(#4647,#4654),.PCURVE_S1.);
#4643 = LINE('',#4644,#4645);
#4644 = CARTESIAN_POINT('',(125.99375403883,-40.48171319838,
    135.9426280197));
#4645 = VECTOR('',#4646,1.);
#4646 = DIRECTION('',(-1.,1.33226762955E-14,-4.440892098501E-15));
#4647 = PCURVE('',#1548,#4648);
#4648 = DEFINITIONAL_REPRESENTATION('',(#4649),#4653);
#4649 = LINE('',#4650,#4651);
#4650 = CARTESIAN_POINT('',(-4.,-3.5527136788E-14));
#4651 = VECTOR('',#4652,1.);
#4652 = DIRECTION('',(4.440892098501E-15,-1.));
#4653 = ( GEOMETRIC_REPRESENTATION_CONTEXT(2) 
PARAMETRIC_REPRESENTATION_CONTEXT() REPRESENTATION_CONTEXT('2D SPACE',''
  ) );
#4654 = PCURVE('',#1576,#4655);
#4655 = DEFINITIONAL_REPRESENTATION('',(#4656),#4660);
#4656 = LINE('',#4657,#4658);
#4657 = CARTESIAN_POINT('',(40.,3.802513859341E-13));
#4658 = VECTOR('',#4659,1.);
#4659 = DIRECTION('',(-2.040034807749E-15,-1.));
#4660 = ( GEOMETRIC_REPRESENTATION_CONTEXT(2) 
PARAMETRIC_REPRESENTATION_CONTEXT() REPRESENTATION_CONTEXT('2D SPACE',''
  ) );
#4661 = ORIENTED_EDGE('',*,*,#1532,.F.);
#4662 = ORIENTED_EDGE('',*,*,#4615,.F.);
#4663 = ORIENTED_EDGE('',*,*,#2655,.F.);
#4664 = ADVANCED_FACE('',(#4665),#3905,.T.);
#4665 = FACE_BOUND('',#4666,.T.);
#4666 = EDGE_LOOP('',(#4667,#4668,#4669,#4670));
#4667 = ORIENTED_EDGE('',*,*,#3888,.F.);
#4668 = ORIENTED_EDGE('',*,*,#4073,.T.);
#4669 = ORIENTED_EDGE('',*,*,#4442,.F.);
#4670 = ORIENTED_EDGE('',*,*,#4588,.F.);
#4671 = ADVANCED_FACE('',(#4672),#1609,.T.);
#4672 = FACE_BOUND('',#4673,.T.);
#4673 = EDGE_LOOP('',(#4674,#4695,#4696,#4717));
#4674 = ORIENTED_EDGE('',*,*,#4675,.F.);
#4675 = EDGE_CURVE('',#1589,#2582,#4676,.T.);
#4676 = SURFACE_CURVE('',#4677,(#4681,#4688),.PCURVE_S1.);
#4677 = LINE('',#4678,#4679);
#4678 = CARTESIAN_POINT('',(125.99375403883,-35.44710695211,
    128.40691373399));
#4679 = VECTOR('',#4680,1.);
#4680 = DIRECTION('',(-1.,1.554312234475E-14,-4.440892098501E-15));
#4681 = PCURVE('',#1609,#4682);
#4682 = DEFINITIONAL_REPRESENTATION('',(#4683),#4687);
#4683 = LINE('',#4684,#4685);
#4684 = CARTESIAN_POINT('',(0.263404016563,-7.815970093361E-13));
#4685 = VECTOR('',#4686,1.);
#4686 = DIRECTION('',(-1.850371707709E-17,-1.));
#4687 = ( GEOMETRIC_REPRESENTATION_CONTEXT(2) 
PARAMETRIC_REPRESENTATION_CONTEXT() REPRESENTATION_CONTEXT('2D SPACE',''
  ) );
#4688 = PCURVE('',#1637,#4689);
#4689 = DEFINITIONAL_REPRESENTATION('',(#4690),#4694);
#4690 = LINE('',#4691,#4692);
#4691 = CARTESIAN_POINT('',(26.643763409893,-5.854393900946E-13));
#4692 = VECTOR('',#4693,1.);
#4693 = DIRECTION('',(-1.804112415016E-16,-1.));
#4694 = ( GEOMETRIC_REPRESENTATION_CONTEXT(2) 
PARAMETRIC_REPRESENTATION_CONTEXT() REPRESENTATION_CONTEXT('2D SPACE',''
  ) );
#4695 = ORIENTED_EDGE('',*,*,#1588,.T.);
#4696 = ORIENTED_EDGE('',*,*,#4697,.F.);
#4697 = EDGE_CURVE('',#2605,#1561,#4698,.T.);
#4698 = SURFACE_CURVE('',#4699,(#4703,#4710),.PCURVE_S1.);
#4699 = LINE('',#4700,#4701);
#4700 = CARTESIAN_POINT('',(125.99375403883,-35.58138206893,
    135.9426280197));
#4701 = VECTOR('',#4702,1.);
#4702 = DIRECTION('',(1.,-1.554312234475E-14,4.440892098501E-15));
#4703 = PCURVE('',#1609,#4704);
#4704 = DEFINITIONAL_REPRESENTATION('',(#4705),#4709);
#4705 = LINE('',#4706,#4707);
#4706 = CARTESIAN_POINT('',(-0.227770789587,-7.389644451905E-13));
#4707 = VECTOR('',#4708,1.);
#4708 = DIRECTION('',(0.,1.));
#4709 = ( GEOMETRIC_REPRESENTATION_CONTEXT(2) 
PARAMETRIC_REPRESENTATION_CONTEXT() REPRESENTATION_CONTEXT('2D SPACE',''
  ) );
#4710 = PCURVE('',#1576,#4711);
#4711 = DEFINITIONAL_REPRESENTATION('',(#4712),#4716);
#4712 = LINE('',#4713,#4714);
#4713 = CARTESIAN_POINT('',(44.900331129459,-6.897908155822E-13));
#4714 = VECTOR('',#4715,1.);
#4715 = DIRECTION('',(-1.804112415016E-16,1.));
#4716 = ( GEOMETRIC_REPRESENTATION_CONTEXT(2) 
PARAMETRIC_REPRESENTATION_CONTEXT() REPRESENTATION_CONTEXT('2D SPACE',''
  ) );
#4717 = ORIENTED_EDGE('',*,*,#2604,.T.);
#4718 = ADVANCED_FACE('',(#4719),#1296,.F.);
#4719 = FACE_BOUND('',#4720,.F.);
#4720 = EDGE_LOOP('',(#4721,#4742,#4743,#4744));
#4721 = ORIENTED_EDGE('',*,*,#4722,.T.);
#4722 = EDGE_CURVE('',#1276,#3040,#4723,.T.);
#4723 = SEAM_CURVE('',#4724,(#4728,#4735),.PCURVE_S1.);
#4724 = LINE('',#4725,#4726);
#4725 = CARTESIAN_POINT('',(125.99375403883,-18.48171319838,
    132.4426280197));
#4726 = VECTOR('',#4727,1.);
#4727 = DIRECTION('',(-1.,1.554312234475E-14,-4.440892098501E-15));
#4728 = PCURVE('',#1296,#4729);
#4729 = DEFINITIONAL_REPRESENTATION('',(#4730),#4734);
#4730 = LINE('',#4731,#4732);
#4731 = CARTESIAN_POINT('',(-3.14159265359,-1.42108547152E-14));
#4732 = VECTOR('',#4733,1.);
#4733 = DIRECTION('',(0.,-1.));
#4734 = ( GEOMETRIC_REPRESENTATION_CONTEXT(2) 
PARAMETRIC_REPRESENTATION_CONTEXT() REPRESENTATION_CONTEXT('2D SPACE',''
  ) );
#4735 = PCURVE('',#1296,#4736);
#4736 = DEFINITIONAL_REPRESENTATION('',(#4737),#4741);
#4737 = LINE('',#4738,#4739);
#4738 = CARTESIAN_POINT('',(3.14159265359,-1.42108547152E-14));
#4739 = VECTOR('',#4740,1.);
#4740 = DIRECTION('',(0.,-1.));
#4741 = ( GEOMETRIC_REPRESENTATION_CONTEXT(2) 
PARAMETRIC_REPRESENTATION_CONTEXT() REPRESENTATION_CONTEXT('2D SPACE',''
  ) );
#4742 = ORIENTED_EDGE('',*,*,#3039,.T.);
#4743 = ORIENTED_EDGE('',*,*,#4722,.F.);
#4744 = ORIENTED_EDGE('',*,*,#1275,.T.);
#4745 = ADVANCED_FACE('',(#4746),#1576,.T.);
#4746 = FACE_BOUND('',#4747,.T.);
#4747 = EDGE_LOOP('',(#4748,#4749,#4750,#4751));
#4748 = ORIENTED_EDGE('',*,*,#4697,.T.);
#4749 = ORIENTED_EDGE('',*,*,#1560,.F.);
#4750 = ORIENTED_EDGE('',*,*,#4641,.T.);
#4751 = ORIENTED_EDGE('',*,*,#2632,.F.);
#4752 = ADVANCED_FACE('',(#4753),#1637,.T.);
#4753 = FACE_BOUND('',#4754,.T.);
#4754 = EDGE_LOOP('',(#4755,#4756,#4757,#4778));
#4755 = ORIENTED_EDGE('',*,*,#4675,.T.);
#4756 = ORIENTED_EDGE('',*,*,#2581,.F.);
#4757 = ORIENTED_EDGE('',*,*,#4758,.T.);
#4758 = EDGE_CURVE('',#2559,#1622,#4759,.T.);
#4759 = SURFACE_CURVE('',#4760,(#4764,#4771),.PCURVE_S1.);
#4760 = LINE('',#4761,#4762);
#4761 = CARTESIAN_POINT('',(125.99375403883,-40.48171319838,
    128.40691373399));
#4762 = VECTOR('',#4763,1.);
#4763 = DIRECTION('',(1.,-1.33226762955E-14,4.440892098501E-15));
#4764 = PCURVE('',#1637,#4765);
#4765 = DEFINITIONAL_REPRESENTATION('',(#4766),#4770);
#4766 = LINE('',#4767,#4768);
#4767 = CARTESIAN_POINT('',(31.678369656166,4.866656412497E-13));
#4768 = VECTOR('',#4769,1.);
#4769 = DIRECTION('',(-2.040034807749E-15,1.));
#4770 = ( GEOMETRIC_REPRESENTATION_CONTEXT(2) 
PARAMETRIC_REPRESENTATION_CONTEXT() REPRESENTATION_CONTEXT('2D SPACE',''
  ) );
#4771 = PCURVE('',#1665,#4772);
#4772 = DEFINITIONAL_REPRESENTATION('',(#4773),#4777);
#4773 = LINE('',#4774,#4775);
#4774 = CARTESIAN_POINT('',(0.,0.));
#4775 = VECTOR('',#4776,1.);
#4776 = DIRECTION('',(-4.440892098501E-15,1.));
#4777 = ( GEOMETRIC_REPRESENTATION_CONTEXT(2) 
PARAMETRIC_REPRESENTATION_CONTEXT() REPRESENTATION_CONTEXT('2D SPACE',''
  ) );
#4778 = ORIENTED_EDGE('',*,*,#1621,.F.);
#4779 = ADVANCED_FACE('',(#4780),#1665,.F.);
#4780 = FACE_BOUND('',#4781,.T.);
#4781 = EDGE_LOOP('',(#4782,#4803,#4804,#4805,#4806,#4807));
#4782 = ORIENTED_EDGE('',*,*,#4783,.T.);
#4783 = EDGE_CURVE('',#2135,#1650,#4784,.T.);
#4784 = SURFACE_CURVE('',#4785,(#4789,#4796),.PCURVE_S1.);
#4785 = LINE('',#4786,#4787);
#4786 = CARTESIAN_POINT('',(129.24687799171,-40.48171319838,
    120.9426280197));
#4787 = VECTOR('',#4788,1.);
#4788 = DIRECTION('',(1.,-1.33226762955E-14,8.881784197001E-15));
#4789 = PCURVE('',#1665,#4790);
#4790 = DEFINITIONAL_REPRESENTATION('',(#4791),#4795);
#4791 = LINE('',#4792,#4793);
#4792 = CARTESIAN_POINT('',(-7.464285714285,3.253123952883));
#4793 = VECTOR('',#4794,1.);
#4794 = DIRECTION('',(-1.577721810442E-30,1.));
#4795 = ( GEOMETRIC_REPRESENTATION_CONTEXT(2) 
PARAMETRIC_REPRESENTATION_CONTEXT() REPRESENTATION_CONTEXT('2D SPACE',''
  ) );
#4796 = PCURVE('',#384,#4797);
#4797 = DEFINITIONAL_REPRESENTATION('',(#4798),#4802);
#4798 = LINE('',#4799,#4800);
#4799 = CARTESIAN_POINT('',(4.253123952883,-2.731713231916));
#4800 = VECTOR('',#4801,1.);
#4801 = DIRECTION('',(-1.,-1.7763568394E-14));
#4802 = ( GEOMETRIC_REPRESENTATION_CONTEXT(2) 
PARAMETRIC_REPRESENTATION_CONTEXT() REPRESENTATION_CONTEXT('2D SPACE',''
  ) );
#4803 = ORIENTED_EDGE('',*,*,#1649,.F.);
#4804 = ORIENTED_EDGE('',*,*,#4758,.F.);
#4805 = ORIENTED_EDGE('',*,*,#2558,.F.);
#4806 = ORIENTED_EDGE('',*,*,#2508,.F.);
#4807 = ORIENTED_EDGE('',*,*,#2157,.T.);
#4808 = ADVANCED_FACE('',(#4809),#564,.F.);
#4809 = FACE_BOUND('',#4810,.T.);
#4810 = EDGE_LOOP('',(#4811,#4812,#4813,#4836,#4860,#4881));
#4811 = ORIENTED_EDGE('',*,*,#2257,.T.);
#4812 = ORIENTED_EDGE('',*,*,#547,.F.);
#4813 = ORIENTED_EDGE('',*,*,#4814,.F.);
#4814 = EDGE_CURVE('',#4815,#525,#4817,.T.);
#4815 = VERTEX_POINT('',#4816);
#4816 = CARTESIAN_POINT('',(125.49375403883,-45.96342647128,
    115.9426280197));
#4817 = SURFACE_CURVE('',#4818,(#4822,#4829),.PCURVE_S1.);
#4818 = LINE('',#4819,#4820);
#4819 = CARTESIAN_POINT('',(131.24375403883,-45.96342647128,
    115.9426280197));
#4820 = VECTOR('',#4821,1.);
#4821 = DIRECTION('',(1.,-3.10862446895E-14,8.881784197001E-15));
#4822 = PCURVE('',#564,#4823);
#4823 = DEFINITIONAL_REPRESENTATION('',(#4824),#4828);
#4824 = LINE('',#4825,#4826);
#4825 = CARTESIAN_POINT('',(3.557374252722,1.25));
#4826 = VECTOR('',#4827,1.);
#4827 = DIRECTION('',(6.310887241768E-30,-1.));
#4828 = ( GEOMETRIC_REPRESENTATION_CONTEXT(2) 
PARAMETRIC_REPRESENTATION_CONTEXT() REPRESENTATION_CONTEXT('2D SPACE',''
  ) );
#4829 = PCURVE('',#188,#4830);
#4830 = DEFINITIONAL_REPRESENTATION('',(#4831),#4835);
#4831 = LINE('',#4832,#4833);
#4832 = CARTESIAN_POINT('',(9.481713272893,-1.25));
#4833 = VECTOR('',#4834,1.);
#4834 = DIRECTION('',(-6.223961010011E-30,-1.));
#4835 = ( GEOMETRIC_REPRESENTATION_CONTEXT(2) 
PARAMETRIC_REPRESENTATION_CONTEXT() REPRESENTATION_CONTEXT('2D SPACE',''
  ) );
#4836 = ORIENTED_EDGE('',*,*,#4837,.F.);
#4837 = EDGE_CURVE('',#4838,#4815,#4840,.T.);
#4838 = VERTEX_POINT('',#4839);
#4839 = CARTESIAN_POINT('',(123.49375403883,-45.96342647128,
    117.9426280197));
#4840 = SURFACE_CURVE('',#4841,(#4846,#4853),.PCURVE_S1.);
#4841 = CIRCLE('',#4842,2.);
#4842 = AXIS2_PLACEMENT_3D('',#4843,#4844,#4845);
#4843 = CARTESIAN_POINT('',(125.49375403883,-45.96342647128,
    117.9426280197));
#4844 = DIRECTION('',(-3.10862446895E-14,-1.,1.665334536937E-16));
#4845 = DIRECTION('',(-0.707106781187,2.186353748717E-14,-0.707106781187
    ));
#4846 = PCURVE('',#564,#4847);
#4847 = DEFINITIONAL_REPRESENTATION('',(#4848),#4852);
#4848 = CIRCLE('',#4849,2.);
#4849 = AXIS2_PLACEMENT_2D('',#4850,#4851);
#4850 = CARTESIAN_POINT('',(5.557374252722,7.));
#4851 = DIRECTION('',(-0.707106781187,0.707106781187));
#4852 = ( GEOMETRIC_REPRESENTATION_CONTEXT(2) 
PARAMETRIC_REPRESENTATION_CONTEXT() REPRESENTATION_CONTEXT('2D SPACE',''
  ) );
#4853 = PCURVE('',#160,#4854);
#4854 = DEFINITIONAL_REPRESENTATION('',(#4855),#4859);
#4855 = LINE('',#4856,#4857);
#4856 = CARTESIAN_POINT('',(-6.217248937901E-15,4.361284846635));
#4857 = VECTOR('',#4858,1.);
#4858 = DIRECTION('',(1.,9.04691109394E-15));
#4859 = ( GEOMETRIC_REPRESENTATION_CONTEXT(2) 
PARAMETRIC_REPRESENTATION_CONTEXT() REPRESENTATION_CONTEXT('2D SPACE',''
  ) );
#4860 = ORIENTED_EDGE('',*,*,#4861,.F.);
#4861 = EDGE_CURVE('',#624,#4838,#4862,.T.);
#4862 = SURFACE_CURVE('',#4863,(#4867,#4874),.PCURVE_S1.);
#4863 = LINE('',#4864,#4865);
#4864 = CARTESIAN_POINT('',(123.49375403883,-45.96342647128,
    117.28001232191));
#4865 = VECTOR('',#4866,1.);
#4866 = DIRECTION('',(4.93432455389E-15,-1.665334536939E-16,-1.));
#4867 = PCURVE('',#564,#4868);
#4868 = DEFINITIONAL_REPRESENTATION('',(#4869),#4873);
#4869 = LINE('',#4870,#4871);
#4870 = CARTESIAN_POINT('',(4.894758554933,9.));
#4871 = VECTOR('',#4872,1.);
#4872 = DIRECTION('',(-1.,3.947459643112E-15));
#4873 = ( GEOMETRIC_REPRESENTATION_CONTEXT(2) 
PARAMETRIC_REPRESENTATION_CONTEXT() REPRESENTATION_CONTEXT('2D SPACE',''
  ) );
#4874 = PCURVE('',#260,#4875);
#4875 = DEFINITIONAL_REPRESENTATION('',(#4876),#4880);
#4876 = LINE('',#4877,#4878);
#4877 = CARTESIAN_POINT('',(4.894758554932,-0.759143579623));
#4878 = VECTOR('',#4879,1.);
#4879 = DIRECTION('',(1.,0.));
#4880 = ( GEOMETRIC_REPRESENTATION_CONTEXT(2) 
PARAMETRIC_REPRESENTATION_CONTEXT() REPRESENTATION_CONTEXT('2D SPACE',''
  ) );
#4881 = ORIENTED_EDGE('',*,*,#623,.F.);
#4882 = ADVANCED_FACE('',(#4883),#4896,.T.);
#4883 = FACE_BOUND('',#4884,.T.);
#4884 = EDGE_LOOP('',(#4885));
#4885 = ORIENTED_EDGE('',*,*,#4886,.F.);
#4886 = EDGE_CURVE('',#4887,#4887,#4889,.T.);
#4887 = VERTEX_POINT('',#4888);
#4888 = CARTESIAN_POINT('',(128.98638205854,-53.96342690341,
    118.4097010496));
#4889 = SURFACE_CURVE('',#4890,(#4895,#4911),.PCURVE_S1.);
#4890 = CIRCLE('',#4891,0.9);
#4891 = AXIS2_PLACEMENT_3D('',#4892,#4893,#4894);
#4892 = CARTESIAN_POINT('',(128.08638205854,-53.96342690341,
    118.4097010496));
#4893 = DIRECTION('',(3.10862446895E-14,1.,-1.665334536937E-16));
#4894 = DIRECTION('',(-1.,3.10862446895E-14,-8.881784197001E-15));
#4895 = PCURVE('',#4896,#4901);
#4896 = PLANE('',#4897);
#4897 = AXIS2_PLACEMENT_3D('',#4898,#4899,#4900);
#4898 = CARTESIAN_POINT('',(128.08638205854,-53.96342690341,
    118.4097010496));
#4899 = DIRECTION('',(-3.10862446895E-14,-1.,1.665334536937E-16));
#4900 = DIRECTION('',(-1.,3.10862446895E-14,-8.881784197001E-15));
#4901 = DEFINITIONAL_REPRESENTATION('',(#4902),#4910);
#4902 = ( BOUNDED_CURVE() B_SPLINE_CURVE(2,(#4903,#4904,#4905,#4906,
#4907,#4908,#4909),.UNSPECIFIED.,.T.,.F.) B_SPLINE_CURVE_WITH_KNOTS((1,2
    ,2,2,2,1),(-2.094395102393,0.,2.094395102393,4.188790204786,
6.28318530718,8.377580409573),.UNSPECIFIED.) CURVE() 
GEOMETRIC_REPRESENTATION_ITEM() RATIONAL_B_SPLINE_CURVE((1.,0.5,1.,0.5,
1.,0.5,1.)) REPRESENTATION_ITEM('') );
#4903 = CARTESIAN_POINT('',(0.9,0.));
#4904 = CARTESIAN_POINT('',(0.9,-1.558845726812));
#4905 = CARTESIAN_POINT('',(-0.45,-0.779422863406));
#4906 = CARTESIAN_POINT('',(-1.8,-2.204364238465E-16));
#4907 = CARTESIAN_POINT('',(-0.45,0.779422863406));
#4908 = CARTESIAN_POINT('',(0.9,1.558845726812));
#4909 = CARTESIAN_POINT('',(0.9,0.));
#4910 = ( GEOMETRIC_REPRESENTATION_CONTEXT(2) 
PARAMETRIC_REPRESENTATION_CONTEXT() REPRESENTATION_CONTEXT('2D SPACE',''
  ) );
#4911 = PCURVE('',#295,#4912);
#4912 = DEFINITIONAL_REPRESENTATION('',(#4913),#4917);
#4913 = LINE('',#4914,#4915);
#4914 = CARTESIAN_POINT('',(-1.59872115546E-14,3.));
#4915 = VECTOR('',#4916,1.);
#4916 = DIRECTION('',(1.,0.));
#4917 = ( GEOMETRIC_REPRESENTATION_CONTEXT(2) 
PARAMETRIC_REPRESENTATION_CONTEXT() REPRESENTATION_CONTEXT('2D SPACE',''
  ) );
#4918 = ADVANCED_FACE('',(#4919),#295,.F.);
#4919 = FACE_BOUND('',#4920,.F.);
#4920 = EDGE_LOOP('',(#4921,#4942,#4943,#4944));
#4921 = ORIENTED_EDGE('',*,*,#4922,.T.);
#4922 = EDGE_CURVE('',#275,#4887,#4923,.T.);
#4923 = SEAM_CURVE('',#4924,(#4928,#4935),.PCURVE_S1.);
#4924 = LINE('',#4925,#4926);
#4925 = CARTESIAN_POINT('',(128.98638205854,-56.96342690341,
    118.4097010496));
#4926 = VECTOR('',#4927,1.);
#4927 = DIRECTION('',(3.10862446895E-14,1.,-1.665334536937E-16));
#4928 = PCURVE('',#295,#4929);
#4929 = DEFINITIONAL_REPRESENTATION('',(#4930),#4934);
#4930 = LINE('',#4931,#4932);
#4931 = CARTESIAN_POINT('',(9.424777960769,-7.105427357601E-14));
#4932 = VECTOR('',#4933,1.);
#4933 = DIRECTION('',(0.,1.));
#4934 = ( GEOMETRIC_REPRESENTATION_CONTEXT(2) 
PARAMETRIC_REPRESENTATION_CONTEXT() REPRESENTATION_CONTEXT('2D SPACE',''
  ) );
#4935 = PCURVE('',#295,#4936);
#4936 = DEFINITIONAL_REPRESENTATION('',(#4937),#4941);
#4937 = LINE('',#4938,#4939);
#4938 = CARTESIAN_POINT('',(3.14159265359,-7.105427357601E-14));
#4939 = VECTOR('',#4940,1.);
#4940 = DIRECTION('',(0.,1.));
#4941 = ( GEOMETRIC_REPRESENTATION_CONTEXT(2) 
PARAMETRIC_REPRESENTATION_CONTEXT() REPRESENTATION_CONTEXT('2D SPACE',''
  ) );
#4942 = ORIENTED_EDGE('',*,*,#4886,.F.);
#4943 = ORIENTED_EDGE('',*,*,#4922,.F.);
#4944 = ORIENTED_EDGE('',*,*,#274,.T.);
#4945 = ADVANCED_FACE('',(#4946),#188,.T.);
#4946 = FACE_BOUND('',#4947,.T.);
#4947 = EDGE_LOOP('',(#4948,#4949,#4950,#4951));
#4948 = ORIENTED_EDGE('',*,*,#4814,.T.);
#4949 = ORIENTED_EDGE('',*,*,#524,.F.);
#4950 = ORIENTED_EDGE('',*,*,#172,.F.);
#4951 = ORIENTED_EDGE('',*,*,#4952,.F.);
#4952 = EDGE_CURVE('',#4815,#144,#4953,.T.);
#4953 = SURFACE_CURVE('',#4954,(#4958,#4965),.PCURVE_S1.);
#4954 = LINE('',#4955,#4956);
#4955 = CARTESIAN_POINT('',(125.49375403883,-41.60214162464,
    115.9426280197));
#4956 = VECTOR('',#4957,1.);
#4957 = DIRECTION('',(-3.059281223412E-14,-1.,-7.007557121364E-16));
#4958 = PCURVE('',#188,#4959);
#4959 = DEFINITIONAL_REPRESENTATION('',(#4960),#4964);
#4960 = LINE('',#4961,#4962);
#4961 = CARTESIAN_POINT('',(5.120428426258,4.5));
#4962 = VECTOR('',#4963,1.);
#4963 = DIRECTION('',(1.,-4.93432455389E-16));
#4964 = ( GEOMETRIC_REPRESENTATION_CONTEXT(2) 
PARAMETRIC_REPRESENTATION_CONTEXT() REPRESENTATION_CONTEXT('2D SPACE',''
  ) );
#4965 = PCURVE('',#160,#4966);
#4966 = DEFINITIONAL_REPRESENTATION('',(#4967),#4971);
#4967 = LINE('',#4968,#4969);
#4968 = CARTESIAN_POINT('',(7.068583470577,7.105427357601E-15));
#4969 = VECTOR('',#4970,1.);
#4970 = DIRECTION('',(4.099284877735E-16,1.));
#4971 = ( GEOMETRIC_REPRESENTATION_CONTEXT(2) 
PARAMETRIC_REPRESENTATION_CONTEXT() REPRESENTATION_CONTEXT('2D SPACE',''
  ) );
#4972 = ADVANCED_FACE('',(#4973),#160,.T.);
#4973 = FACE_BOUND('',#4974,.T.);
#4974 = EDGE_LOOP('',(#4975,#4976,#4977,#4978));
#4975 = ORIENTED_EDGE('',*,*,#4837,.T.);
#4976 = ORIENTED_EDGE('',*,*,#4952,.T.);
#4977 = ORIENTED_EDGE('',*,*,#141,.F.);
#4978 = ORIENTED_EDGE('',*,*,#4979,.F.);
#4979 = EDGE_CURVE('',#4838,#142,#4980,.T.);
#4980 = SURFACE_CURVE('',#4981,(#4985,#4992),.PCURVE_S1.);
#4981 = LINE('',#4982,#4983);
#4982 = CARTESIAN_POINT('',(123.49375403883,-56.96342690341,
    117.9426280197));
#4983 = VECTOR('',#4984,1.);
#4984 = DIRECTION('',(-2.6645352591E-14,-1.,0.));
#4985 = PCURVE('',#160,#4986);
#4986 = DEFINITIONAL_REPRESENTATION('',(#4987),#4991);
#4987 = LINE('',#4988,#4989);
#4988 = CARTESIAN_POINT('',(5.497787143782,15.361285278771));
#4989 = VECTOR('',#4990,1.);
#4990 = DIRECTION('',(4.099284877735E-16,1.));
#4991 = ( GEOMETRIC_REPRESENTATION_CONTEXT(2) 
PARAMETRIC_REPRESENTATION_CONTEXT() REPRESENTATION_CONTEXT('2D SPACE',''
  ) );
#4992 = PCURVE('',#260,#4993);
#4993 = DEFINITIONAL_REPRESENTATION('',(#4994),#4998);
#4994 = LINE('',#4995,#4996);
#4995 = CARTESIAN_POINT('',(4.232142857143,10.240856852513));
#4996 = VECTOR('',#4997,1.);
#4997 = DIRECTION('',(1.665334536937E-16,1.));
#4998 = ( GEOMETRIC_REPRESENTATION_CONTEXT(2) 
PARAMETRIC_REPRESENTATION_CONTEXT() REPRESENTATION_CONTEXT('2D SPACE',''
  ) );
#4999 = ADVANCED_FACE('',(#5000),#260,.T.);
#5000 = FACE_BOUND('',#5001,.T.);
#5001 = EDGE_LOOP('',(#5002,#5003,#5004,#5005));
#5002 = ORIENTED_EDGE('',*,*,#4861,.T.);
#5003 = ORIENTED_EDGE('',*,*,#4979,.T.);
#5004 = ORIENTED_EDGE('',*,*,#246,.F.);
#5005 = ORIENTED_EDGE('',*,*,#646,.F.);
#5006 = ADVANCED_FACE('',(#5007),#356,.T.);
#5007 = FACE_BOUND('',#5008,.T.);
#5008 = EDGE_LOOP('',(#5009,#5030,#5031,#5052));
#5009 = ORIENTED_EDGE('',*,*,#5010,.T.);
#5010 = EDGE_CURVE('',#313,#2061,#5011,.T.);
#5011 = SURFACE_CURVE('',#5012,(#5016,#5023),.PCURVE_S1.);
#5012 = LINE('',#5013,#5014);
#5013 = CARTESIAN_POINT('',(134.5000019446,-46.96342648618,
    115.9426280197));
#5014 = VECTOR('',#5015,1.);
#5015 = DIRECTION('',(3.10862446895E-14,1.,-1.665334536937E-16));
#5016 = PCURVE('',#356,#5017);
#5017 = DEFINITIONAL_REPRESENTATION('',(#5018),#5022);
#5018 = LINE('',#5019,#5020);
#5019 = CARTESIAN_POINT('',(0.,0.));
#5020 = VECTOR('',#5021,1.);
#5021 = DIRECTION('',(1.,0.));
#5022 = ( GEOMETRIC_REPRESENTATION_CONTEXT(2) 
PARAMETRIC_REPRESENTATION_CONTEXT() REPRESENTATION_CONTEXT('2D SPACE',''
  ) );
#5023 = PCURVE('',#328,#5024);
#5024 = DEFINITIONAL_REPRESENTATION('',(#5025),#5029);
#5025 = LINE('',#5026,#5027);
#5026 = CARTESIAN_POINT('',(-1.,-3.750000055879));
#5027 = VECTOR('',#5028,1.);
#5028 = DIRECTION('',(1.479114197289E-30,1.));
#5029 = ( GEOMETRIC_REPRESENTATION_CONTEXT(2) 
PARAMETRIC_REPRESENTATION_CONTEXT() REPRESENTATION_CONTEXT('2D SPACE',''
  ) );
#5030 = ORIENTED_EDGE('',*,*,#2108,.F.);
#5031 = ORIENTED_EDGE('',*,*,#5032,.T.);
#5032 = EDGE_CURVE('',#2086,#341,#5033,.T.);
#5033 = SURFACE_CURVE('',#5034,(#5038,#5045),.PCURVE_S1.);
#5034 = LINE('',#5035,#5036);
#5035 = CARTESIAN_POINT('',(134.5000019446,-46.96342648618,
    120.9426280197));
#5036 = VECTOR('',#5037,1.);
#5037 = DIRECTION('',(-3.10862446895E-14,-1.,1.665334536937E-16));
#5038 = PCURVE('',#356,#5039);
#5039 = DEFINITIONAL_REPRESENTATION('',(#5040),#5044);
#5040 = LINE('',#5041,#5042);
#5041 = CARTESIAN_POINT('',(-8.326672684703E-16,5.));
#5042 = VECTOR('',#5043,1.);
#5043 = DIRECTION('',(-1.,0.));
#5044 = ( GEOMETRIC_REPRESENTATION_CONTEXT(2) 
PARAMETRIC_REPRESENTATION_CONTEXT() REPRESENTATION_CONTEXT('2D SPACE',''
  ) );
#5045 = PCURVE('',#384,#5046);
#5046 = DEFINITIONAL_REPRESENTATION('',(#5047),#5051);
#5047 = LINE('',#5048,#5049);
#5048 = CARTESIAN_POINT('',(-1.,3.750000055879));
#5049 = VECTOR('',#5050,1.);
#5050 = DIRECTION('',(-1.479114197289E-30,1.));
#5051 = ( GEOMETRIC_REPRESENTATION_CONTEXT(2) 
PARAMETRIC_REPRESENTATION_CONTEXT() REPRESENTATION_CONTEXT('2D SPACE',''
  ) );
#5052 = ORIENTED_EDGE('',*,*,#340,.F.);
#5053 = ADVANCED_FACE('',(#5054),#328,.T.);
#5054 = FACE_BOUND('',#5055,.T.);
#5055 = EDGE_LOOP('',(#5056,#5057,#5058,#5059,#5060,#5061,#5062,#5063,
    #5064,#5065));
#5056 = ORIENTED_EDGE('',*,*,#5010,.F.);
#5057 = ORIENTED_EDGE('',*,*,#310,.F.);
#5058 = ORIENTED_EDGE('',*,*,#500,.F.);
#5059 = ORIENTED_EDGE('',*,*,#475,.F.);
#5060 = ORIENTED_EDGE('',*,*,#576,.F.);
#5061 = ORIENTED_EDGE('',*,*,#2236,.F.);
#5062 = ORIENTED_EDGE('',*,*,#2309,.F.);
#5063 = ORIENTED_EDGE('',*,*,#2281,.T.);
#5064 = ORIENTED_EDGE('',*,*,#1848,.T.);
#5065 = ORIENTED_EDGE('',*,*,#2060,.F.);
#5066 = ADVANCED_FACE('',(#5067),#384,.T.);
#5067 = FACE_BOUND('',#5068,.T.);
#5068 = EDGE_LOOP('',(#5069,#5070,#5071,#5072,#5073,#5074,#5075));
#5069 = ORIENTED_EDGE('',*,*,#1677,.F.);
#5070 = ORIENTED_EDGE('',*,*,#4783,.F.);
#5071 = ORIENTED_EDGE('',*,*,#2134,.T.);
#5072 = ORIENTED_EDGE('',*,*,#368,.F.);
#5073 = ORIENTED_EDGE('',*,*,#5032,.F.);
#5074 = ORIENTED_EDGE('',*,*,#2085,.F.);
#5075 = ORIENTED_EDGE('',*,*,#2012,.F.);
#5076 = ADVANCED_FACE('',(#5077),#966,.F.);
#5077 = FACE_BOUND('',#5078,.T.);
#5078 = EDGE_LOOP('',(#5079,#5080));
#5079 = ORIENTED_EDGE('',*,*,#949,.T.);
#5080 = ORIENTED_EDGE('',*,*,#5081,.F.);
#5081 = EDGE_CURVE('',#922,#950,#5082,.T.);
#5082 = SURFACE_CURVE('',#5083,(#5088,#5095),.PCURVE_S1.);
#5083 = CIRCLE('',#5084,0.9);
#5084 = AXIS2_PLACEMENT_3D('',#5085,#5086,#5087);
#5085 = CARTESIAN_POINT('',(128.08638205853,-56.96342690341,
    146.0097010496));
#5086 = DIRECTION('',(-3.10862446895E-14,-1.,1.665334536937E-16));
#5087 = DIRECTION('',(-1.,3.10862446895E-14,-8.881784197001E-15));
#5088 = PCURVE('',#966,#5089);
#5089 = DEFINITIONAL_REPRESENTATION('',(#5090),#5094);
#5090 = CIRCLE('',#5091,0.9);
#5091 = AXIS2_PLACEMENT_2D('',#5092,#5093);
#5092 = CARTESIAN_POINT('',(0.,0.));
#5093 = DIRECTION('',(1.,0.));
#5094 = ( GEOMETRIC_REPRESENTATION_CONTEXT(2) 
PARAMETRIC_REPRESENTATION_CONTEXT() REPRESENTATION_CONTEXT('2D SPACE',''
  ) );
#5095 = PCURVE('',#937,#5096);
#5096 = DEFINITIONAL_REPRESENTATION('',(#5097),#5101);
#5097 = LINE('',#5098,#5099);
#5098 = CARTESIAN_POINT('',(10.995574287588,0.));
#5099 = VECTOR('',#5100,1.);
#5100 = DIRECTION('',(-1.,0.));
#5101 = ( GEOMETRIC_REPRESENTATION_CONTEXT(2) 
PARAMETRIC_REPRESENTATION_CONTEXT() REPRESENTATION_CONTEXT('2D SPACE',''
  ) );
#5102 = ADVANCED_FACE('',(#5103),#937,.F.);
#5103 = FACE_BOUND('',#5104,.F.);
#5104 = EDGE_LOOP('',(#5105,#5131,#5132,#5133));
#5105 = ORIENTED_EDGE('',*,*,#5106,.F.);
#5106 = EDGE_CURVE('',#887,#889,#5107,.T.);
#5107 = SURFACE_CURVE('',#5108,(#5113,#5120),.PCURVE_S1.);
#5108 = CIRCLE('',#5109,0.9);
#5109 = AXIS2_PLACEMENT_3D('',#5110,#5111,#5112);
#5110 = CARTESIAN_POINT('',(128.08638205854,-53.96342690341,
    146.0097010496));
#5111 = DIRECTION('',(3.10862446895E-14,1.,-1.665334536937E-16));
#5112 = DIRECTION('',(-1.,3.10862446895E-14,-8.881784197001E-15));
#5113 = PCURVE('',#937,#5114);
#5114 = DEFINITIONAL_REPRESENTATION('',(#5115),#5119);
#5115 = LINE('',#5116,#5117);
#5116 = CARTESIAN_POINT('',(-1.570796326771,3.));
#5117 = VECTOR('',#5118,1.);
#5118 = DIRECTION('',(1.,0.));
#5119 = ( GEOMETRIC_REPRESENTATION_CONTEXT(2) 
PARAMETRIC_REPRESENTATION_CONTEXT() REPRESENTATION_CONTEXT('2D SPACE',''
  ) );
#5120 = PCURVE('',#905,#5121);
#5121 = DEFINITIONAL_REPRESENTATION('',(#5122),#5130);
#5122 = ( BOUNDED_CURVE() B_SPLINE_CURVE(2,(#5123,#5124,#5125,#5126,
#5127,#5128,#5129),.UNSPECIFIED.,.T.,.F.) B_SPLINE_CURVE_WITH_KNOTS((1,2
    ,2,2,2,1),(-2.094395102393,0.,2.094395102393,4.188790204786,
6.28318530718,8.377580409573),.UNSPECIFIED.) CURVE() 
GEOMETRIC_REPRESENTATION_ITEM() RATIONAL_B_SPLINE_CURVE((1.,0.5,1.,0.5,
1.,0.5,1.)) REPRESENTATION_ITEM('') );
#5123 = CARTESIAN_POINT('',(0.9,0.));
#5124 = CARTESIAN_POINT('',(0.9,-1.558845726812));
#5125 = CARTESIAN_POINT('',(-0.45,-0.779422863406));
#5126 = CARTESIAN_POINT('',(-1.8,-2.204364238465E-16));
#5127 = CARTESIAN_POINT('',(-0.45,0.779422863406));
#5128 = CARTESIAN_POINT('',(0.9,1.558845726812));
#5129 = CARTESIAN_POINT('',(0.9,0.));
#5130 = ( GEOMETRIC_REPRESENTATION_CONTEXT(2) 
PARAMETRIC_REPRESENTATION_CONTEXT() REPRESENTATION_CONTEXT('2D SPACE',''
  ) );
#5131 = ORIENTED_EDGE('',*,*,#978,.F.);
#5132 = ORIENTED_EDGE('',*,*,#5081,.F.);
#5133 = ORIENTED_EDGE('',*,*,#921,.F.);
#5134 = ADVANCED_FACE('',(#5135),#905,.T.);
#5135 = FACE_BOUND('',#5136,.T.);
#5136 = EDGE_LOOP('',(#5137,#5138));
#5137 = ORIENTED_EDGE('',*,*,#886,.T.);
#5138 = ORIENTED_EDGE('',*,*,#5106,.F.);
#5139 = ( GEOMETRIC_REPRESENTATION_CONTEXT(3) 
GLOBAL_UNCERTAINTY_ASSIGNED_CONTEXT((#5143)) 
GLOBAL_UNIT_ASSIGNED_CONTEXT((#5140,#5141,#5142)) REPRESENTATION_CONTEXT
('Context #1','3D Context with UNIT and UNCERTAINTY') );
#5140 = ( LENGTH_UNIT() NAMED_UNIT(*) SI_UNIT(.MILLI.,.METRE.) );
#5141 = ( NAMED_UNIT(*) PLANE_ANGLE_UNIT() SI_UNIT($,.RADIAN.) );
#5142 = ( NAMED_UNIT(*) SI_UNIT($,.STERADIAN.) SOLID_ANGLE_UNIT() );
#5143 = UNCERTAINTY_MEASURE_WITH_UNIT(LENGTH_MEASURE(2.E-06),#5140,
  'distance_accuracy_value','confusion accuracy');
#5144 = PRODUCT_RELATED_PRODUCT_CATEGORY('part',$,(#7));
ENDSEC;
END-ISO-10303-21;
