ISO-10303-21;
HEADER;
FILE_DESCRIPTION(('Open CASCADE Model'),'2;1');
FILE_NAME('Open CASCADE Shape Model','2026-08-07T14:12:50',('Author'),(
    'Open CASCADE'),'Open CASCADE STEP processor 7.9','Open CASCADE 7.9'
  ,'Unknown');
FILE_SCHEMA(('AUTOMOTIVE_DESIGN { 1 0 10303 214 1 1 1 1 }'));
ENDSEC;
DATA;
#1 = APPLICATION_PROTOCOL_DEFINITION('international standard',
  'automotive_design',2000,#2);
#2 = APPLICATION_CONTEXT(
  'core data for automotive mechanical design processes');
#3 = SHAPE_DEFINITION_REPRESENTATION(#4,#10);
#4 = PRODUCT_DEFINITION_SHAPE('','',#5);
#5 = PRODUCT_DEFINITION('design','',#6,#9);
#6 = PRODUCT_DEFINITION_FORMATION('','',#7);
#7 = PRODUCT('Open CASCADE STEP translator 7.9 10',
  'Open CASCADE STEP translator 7.9 10','',(#8));
#8 = PRODUCT_CONTEXT('',#2,'mechanical');
#9 = PRODUCT_DEFINITION_CONTEXT('part definition',#2,'design');
#10 = ADVANCED_BREP_SHAPE_REPRESENTATION('',(#11,#15),#8923);
#11 = AXIS2_PLACEMENT_3D('',#12,#13,#14);
#12 = CARTESIAN_POINT('',(0.,0.,0.));
#13 = DIRECTION('',(0.,0.,1.));
#14 = DIRECTION('',(1.,0.,-0.));
#15 = MANIFOLD_SOLID_BREP('',#16);
#16 = CLOSED_SHELL('',(#17,#137,#343,#419,#610,#756,#805,#854,#918,#1026
    ,#1085,#1212,#3061,#3088,#3098,#3145,#3175,#3234,#3269,#3323,#3377,
    #3431,#3485,#3543,#3597,#3651,#3705,#3759,#3813,#3867,#3921,#3975,
    #4029,#4083,#4137,#4191,#4245,#4299,#4353,#4407,#4461,#4515,#4569,
    #4623,#4673,#4757,#5143,#5240,#5323,#5428,#5687,#6056,#6107,#6302,
    #6353,#6488,#6521,#6575,#6629,#6700,#6749,#6798,#6825,#6916,#7007,
    #7098,#7184,#7270,#7356,#7478,#7528,#7731,#7805,#7887,#7937,#7993,
    #8021,#8028,#8105,#8161,#8210,#8243,#8250,#8367,#8422,#8504,#8553,
    #8609,#8637,#8644,#8672,#8686,#8740,#8796,#8823));
#17 = ADVANCED_FACE('',(#18),#32,.F.);
#18 = FACE_BOUND('',#19,.T.);
#19 = EDGE_LOOP('',(#20,#55,#83,#111));
#20 = ORIENTED_EDGE('',*,*,#21,.F.);
#21 = EDGE_CURVE('',#22,#24,#26,.T.);
#22 = VERTEX_POINT('',#23);
#23 = CARTESIAN_POINT('',(208.47909961996,103.64876042895,-23.));
#24 = VERTEX_POINT('',#25);
#25 = CARTESIAN_POINT('',(208.47909961996,131.64876042895,-23.));
#26 = SURFACE_CURVE('',#27,(#31,#43),.PCURVE_S1.);
#27 = LINE('',#28,#29);
#28 = CARTESIAN_POINT('',(208.47909961996,29.443441515098,-23.));
#29 = VECTOR('',#30,1.);
#30 = DIRECTION('',(0.,1.,0.));
#31 = PCURVE('',#32,#37);
#32 = PLANE('',#33);
#33 = AXIS2_PLACEMENT_3D('',#34,#35,#36);
#34 = CARTESIAN_POINT('',(204.97909961996,117.64876042895,-23.));
#35 = DIRECTION('',(0.,0.,1.));
#36 = DIRECTION('',(1.,0.,-0.));
#37 = DEFINITIONAL_REPRESENTATION('',(#38),#42);
#38 = LINE('',#39,#40);
#39 = CARTESIAN_POINT('',(3.5,-88.20531891385));
#40 = VECTOR('',#41,1.);
#41 = DIRECTION('',(0.,1.));
#42 = ( GEOMETRIC_REPRESENTATION_CONTEXT(2) 
PARAMETRIC_REPRESENTATION_CONTEXT() REPRESENTATION_CONTEXT('2D SPACE',''
  ) );
#43 = PCURVE('',#44,#49);
#44 = PLANE('',#45);
#45 = AXIS2_PLACEMENT_3D('',#46,#47,#48);
#46 = CARTESIAN_POINT('',(208.47909961996,-58.76187739876,0.));
#47 = DIRECTION('',(1.,0.,0.));
#48 = DIRECTION('',(-0.,1.,0.));
#49 = DEFINITIONAL_REPRESENTATION('',(#50),#54);
#50 = LINE('',#51,#52);
#51 = CARTESIAN_POINT('',(88.205318913859,-23.));
#52 = VECTOR('',#53,1.);
#53 = DIRECTION('',(1.,0.));
#54 = ( GEOMETRIC_REPRESENTATION_CONTEXT(2) 
PARAMETRIC_REPRESENTATION_CONTEXT() REPRESENTATION_CONTEXT('2D SPACE',''
  ) );
#55 = ORIENTED_EDGE('',*,*,#56,.F.);
#56 = EDGE_CURVE('',#57,#22,#59,.T.);
#57 = VERTEX_POINT('',#58);
#58 = CARTESIAN_POINT('',(201.47909961996,103.64876042895,-23.));
#59 = SURFACE_CURVE('',#60,(#64,#71),.PCURVE_S1.);
#60 = LINE('',#61,#62);
#61 = CARTESIAN_POINT('',(206.72909961996,103.64876042895,-23.));
#62 = VECTOR('',#63,1.);
#63 = DIRECTION('',(1.,0.,0.));
#64 = PCURVE('',#32,#65);
#65 = DEFINITIONAL_REPRESENTATION('',(#66),#70);
#66 = LINE('',#67,#68);
#67 = CARTESIAN_POINT('',(1.75,-14.));
#68 = VECTOR('',#69,1.);
#69 = DIRECTION('',(1.,0.));
#70 = ( GEOMETRIC_REPRESENTATION_CONTEXT(2) 
PARAMETRIC_REPRESENTATION_CONTEXT() REPRESENTATION_CONTEXT('2D SPACE',''
  ) );
#71 = PCURVE('',#72,#77);
#72 = PLANE('',#73);
#73 = AXIS2_PLACEMENT_3D('',#74,#75,#76);
#74 = CARTESIAN_POINT('',(208.47909961996,103.64876042895,0.));
#75 = DIRECTION('',(0.,-1.,0.));
#76 = DIRECTION('',(-1.,0.,0.));
#77 = DEFINITIONAL_REPRESENTATION('',(#78),#82);
#78 = LINE('',#79,#80);
#79 = CARTESIAN_POINT('',(1.75,23.));
#80 = VECTOR('',#81,1.);
#81 = DIRECTION('',(-1.,-0.));
#82 = ( GEOMETRIC_REPRESENTATION_CONTEXT(2) 
PARAMETRIC_REPRESENTATION_CONTEXT() REPRESENTATION_CONTEXT('2D SPACE',''
  ) );
#83 = ORIENTED_EDGE('',*,*,#84,.F.);
#84 = EDGE_CURVE('',#85,#57,#87,.T.);
#85 = VERTEX_POINT('',#86);
#86 = CARTESIAN_POINT('',(201.47909961996,131.64876042895,-23.));
#87 = SURFACE_CURVE('',#88,(#92,#99),.PCURVE_S1.);
#88 = LINE('',#89,#90);
#89 = CARTESIAN_POINT('',(201.47909961996,110.64876042895,-23.));
#90 = VECTOR('',#91,1.);
#91 = DIRECTION('',(0.,-1.,0.));
#92 = PCURVE('',#32,#93);
#93 = DEFINITIONAL_REPRESENTATION('',(#94),#98);
#94 = LINE('',#95,#96);
#95 = CARTESIAN_POINT('',(-3.5,-7.));
#96 = VECTOR('',#97,1.);
#97 = DIRECTION('',(0.,-1.));
#98 = ( GEOMETRIC_REPRESENTATION_CONTEXT(2) 
PARAMETRIC_REPRESENTATION_CONTEXT() REPRESENTATION_CONTEXT('2D SPACE',''
  ) );
#99 = PCURVE('',#100,#105);
#100 = PLANE('',#101);
#101 = AXIS2_PLACEMENT_3D('',#102,#103,#104);
#102 = CARTESIAN_POINT('',(201.47909961996,103.64876042895,0.));
#103 = DIRECTION('',(-1.,0.,0.));
#104 = DIRECTION('',(0.,1.,0.));
#105 = DEFINITIONAL_REPRESENTATION('',(#106),#110);
#106 = LINE('',#107,#108);
#107 = CARTESIAN_POINT('',(7.,23.));
#108 = VECTOR('',#109,1.);
#109 = DIRECTION('',(-1.,0.));
#110 = ( GEOMETRIC_REPRESENTATION_CONTEXT(2) 
PARAMETRIC_REPRESENTATION_CONTEXT() REPRESENTATION_CONTEXT('2D SPACE',''
  ) );
#111 = ORIENTED_EDGE('',*,*,#112,.F.);
#112 = EDGE_CURVE('',#24,#85,#113,.T.);
#113 = SURFACE_CURVE('',#114,(#118,#125),.PCURVE_S1.);
#114 = LINE('',#115,#116);
#115 = CARTESIAN_POINT('',(203.22909961996,131.64876042895,-23.));
#116 = VECTOR('',#117,1.);
#117 = DIRECTION('',(-1.,0.,0.));
#118 = PCURVE('',#32,#119);
#119 = DEFINITIONAL_REPRESENTATION('',(#120),#124);
#120 = LINE('',#121,#122);
#121 = CARTESIAN_POINT('',(-1.75,14.));
#122 = VECTOR('',#123,1.);
#123 = DIRECTION('',(-1.,0.));
#124 = ( GEOMETRIC_REPRESENTATION_CONTEXT(2) 
PARAMETRIC_REPRESENTATION_CONTEXT() REPRESENTATION_CONTEXT('2D SPACE',''
  ) );
#125 = PCURVE('',#126,#131);
#126 = PLANE('',#127);
#127 = AXIS2_PLACEMENT_3D('',#128,#129,#130);
#128 = CARTESIAN_POINT('',(201.47909961996,131.64876042895,0.));
#129 = DIRECTION('',(0.,1.,0.));
#130 = DIRECTION('',(1.,0.,0.));
#131 = DEFINITIONAL_REPRESENTATION('',(#132),#136);
#132 = LINE('',#133,#134);
#133 = CARTESIAN_POINT('',(1.75,23.));
#134 = VECTOR('',#135,1.);
#135 = DIRECTION('',(-1.,0.));
#136 = ( GEOMETRIC_REPRESENTATION_CONTEXT(2) 
PARAMETRIC_REPRESENTATION_CONTEXT() REPRESENTATION_CONTEXT('2D SPACE',''
  ) );
#137 = ADVANCED_FACE('',(#138),#152,.T.);
#138 = FACE_BOUND('',#139,.T.);
#139 = EDGE_LOOP('',(#140,#175,#203,#232,#260,#289,#317));
#140 = ORIENTED_EDGE('',*,*,#141,.F.);
#141 = EDGE_CURVE('',#142,#144,#146,.T.);
#142 = VERTEX_POINT('',#143);
#143 = CARTESIAN_POINT('',(45.47909961996,131.64876042895,-23.));
#144 = VERTEX_POINT('',#145);
#145 = CARTESIAN_POINT('',(38.47909961996,131.64876042895,-23.));
#146 = SURFACE_CURVE('',#147,(#151,#163),.PCURVE_S1.);
#147 = LINE('',#148,#149);
#148 = CARTESIAN_POINT('',(40.22909961996,131.64876042895,-23.));
#149 = VECTOR('',#150,1.);
#150 = DIRECTION('',(-1.,0.,0.));
#151 = PCURVE('',#152,#157);
#152 = PLANE('',#153);
#153 = AXIS2_PLACEMENT_3D('',#154,#155,#156);
#154 = CARTESIAN_POINT('',(41.97909961996,117.64876042895,-23.));
#155 = DIRECTION('',(0.,0.,-1.));
#156 = DIRECTION('',(1.,0.,0.));
#157 = DEFINITIONAL_REPRESENTATION('',(#158),#162);
#158 = LINE('',#159,#160);
#159 = CARTESIAN_POINT('',(-1.75,-14.));
#160 = VECTOR('',#161,1.);
#161 = DIRECTION('',(-1.,0.));
#162 = ( GEOMETRIC_REPRESENTATION_CONTEXT(2) 
PARAMETRIC_REPRESENTATION_CONTEXT() REPRESENTATION_CONTEXT('2D SPACE',''
  ) );
#163 = PCURVE('',#164,#169);
#164 = PLANE('',#165);
#165 = AXIS2_PLACEMENT_3D('',#166,#167,#168);
#166 = CARTESIAN_POINT('',(38.47909961996,131.64876042895,0.));
#167 = DIRECTION('',(0.,1.,0.));
#168 = DIRECTION('',(1.,0.,0.));
#169 = DEFINITIONAL_REPRESENTATION('',(#170),#174);
#170 = LINE('',#171,#172);
#171 = CARTESIAN_POINT('',(1.75,23.));
#172 = VECTOR('',#173,1.);
#173 = DIRECTION('',(-1.,0.));
#174 = ( GEOMETRIC_REPRESENTATION_CONTEXT(2) 
PARAMETRIC_REPRESENTATION_CONTEXT() REPRESENTATION_CONTEXT('2D SPACE',''
  ) );
#175 = ORIENTED_EDGE('',*,*,#176,.F.);
#176 = EDGE_CURVE('',#177,#142,#179,.T.);
#177 = VERTEX_POINT('',#178);
#178 = CARTESIAN_POINT('',(45.47909961996,131.13419961606,-23.));
#179 = SURFACE_CURVE('',#180,(#184,#191),.PCURVE_S1.);
#180 = LINE('',#181,#182);
#181 = CARTESIAN_POINT('',(45.47909961996,124.64876042895,-23.));
#182 = VECTOR('',#183,1.);
#183 = DIRECTION('',(0.,1.,0.));
#184 = PCURVE('',#152,#185);
#185 = DEFINITIONAL_REPRESENTATION('',(#186),#190);
#186 = LINE('',#187,#188);
#187 = CARTESIAN_POINT('',(3.5,-7.));
#188 = VECTOR('',#189,1.);
#189 = DIRECTION('',(0.,-1.));
#190 = ( GEOMETRIC_REPRESENTATION_CONTEXT(2) 
PARAMETRIC_REPRESENTATION_CONTEXT() REPRESENTATION_CONTEXT('2D SPACE',''
  ) );
#191 = PCURVE('',#192,#197);
#192 = PLANE('',#193);
#193 = AXIS2_PLACEMENT_3D('',#194,#195,#196);
#194 = CARTESIAN_POINT('',(45.47909961996,131.64876042895,0.));
#195 = DIRECTION('',(1.,0.,0.));
#196 = DIRECTION('',(0.,-1.,0.));
#197 = DEFINITIONAL_REPRESENTATION('',(#198),#202);
#198 = LINE('',#199,#200);
#199 = CARTESIAN_POINT('',(7.,23.));
#200 = VECTOR('',#201,1.);
#201 = DIRECTION('',(-1.,0.));
#202 = ( GEOMETRIC_REPRESENTATION_CONTEXT(2) 
PARAMETRIC_REPRESENTATION_CONTEXT() REPRESENTATION_CONTEXT('2D SPACE',''
  ) );
#203 = ORIENTED_EDGE('',*,*,#204,.F.);
#204 = EDGE_CURVE('',#205,#177,#207,.T.);
#205 = VERTEX_POINT('',#206);
#206 = CARTESIAN_POINT('',(45.47909961996,128.86580038393,-23.));
#207 = SURFACE_CURVE('',#208,(#213,#220),.PCURVE_S1.);
#208 = CIRCLE('',#209,1.5);
#209 = AXIS2_PLACEMENT_3D('',#210,#211,#212);
#210 = CARTESIAN_POINT('',(46.460726448711,130.,-23.));
#211 = DIRECTION('',(0.,0.,-1.));
#212 = DIRECTION('',(-1.,0.,0.));
#213 = PCURVE('',#152,#214);
#214 = DEFINITIONAL_REPRESENTATION('',(#215),#219);
#215 = CIRCLE('',#216,1.5);
#216 = AXIS2_PLACEMENT_2D('',#217,#218);
#217 = CARTESIAN_POINT('',(4.48162682875,-12.35123957104));
#218 = DIRECTION('',(-1.,0.));
#219 = ( GEOMETRIC_REPRESENTATION_CONTEXT(2) 
PARAMETRIC_REPRESENTATION_CONTEXT() REPRESENTATION_CONTEXT('2D SPACE',''
  ) );
#220 = PCURVE('',#221,#226);
#221 = CYLINDRICAL_SURFACE('',#222,1.5);
#222 = AXIS2_PLACEMENT_3D('',#223,#224,#225);
#223 = CARTESIAN_POINT('',(46.460726448711,130.,4.));
#224 = DIRECTION('',(0.,0.,-1.));
#225 = DIRECTION('',(-1.,0.,0.));
#226 = DEFINITIONAL_REPRESENTATION('',(#227),#231);
#227 = LINE('',#228,#229);
#228 = CARTESIAN_POINT('',(-3.552713678801E-15,27.));
#229 = VECTOR('',#230,1.);
#230 = DIRECTION('',(1.,0.));
#231 = ( GEOMETRIC_REPRESENTATION_CONTEXT(2) 
PARAMETRIC_REPRESENTATION_CONTEXT() REPRESENTATION_CONTEXT('2D SPACE',''
  ) );
#232 = ORIENTED_EDGE('',*,*,#233,.F.);
#233 = EDGE_CURVE('',#234,#205,#236,.T.);
#234 = VERTEX_POINT('',#235);
#235 = CARTESIAN_POINT('',(45.47909961996,105.13419961606,-23.));
#236 = SURFACE_CURVE('',#237,(#241,#248),.PCURVE_S1.);
#237 = LINE('',#238,#239);
#238 = CARTESIAN_POINT('',(45.47909961996,123.25728040644,-23.));
#239 = VECTOR('',#240,1.);
#240 = DIRECTION('',(0.,1.,0.));
#241 = PCURVE('',#152,#242);
#242 = DEFINITIONAL_REPRESENTATION('',(#243),#247);
#243 = LINE('',#244,#245);
#244 = CARTESIAN_POINT('',(3.5,-5.60851997749));
#245 = VECTOR('',#246,1.);
#246 = DIRECTION('',(0.,-1.));
#247 = ( GEOMETRIC_REPRESENTATION_CONTEXT(2) 
PARAMETRIC_REPRESENTATION_CONTEXT() REPRESENTATION_CONTEXT('2D SPACE',''
  ) );
#248 = PCURVE('',#249,#254);
#249 = PLANE('',#250);
#250 = AXIS2_PLACEMENT_3D('',#251,#252,#253);
#251 = CARTESIAN_POINT('',(45.47909961996,128.86580038393,0.));
#252 = DIRECTION('',(1.,0.,0.));
#253 = DIRECTION('',(0.,-1.,0.));
#254 = DEFINITIONAL_REPRESENTATION('',(#255),#259);
#255 = LINE('',#256,#257);
#256 = CARTESIAN_POINT('',(5.60851997749,23.));
#257 = VECTOR('',#258,1.);
#258 = DIRECTION('',(-1.,0.));
#259 = ( GEOMETRIC_REPRESENTATION_CONTEXT(2) 
PARAMETRIC_REPRESENTATION_CONTEXT() REPRESENTATION_CONTEXT('2D SPACE',''
  ) );
#260 = ORIENTED_EDGE('',*,*,#261,.F.);
#261 = EDGE_CURVE('',#262,#234,#264,.T.);
#262 = VERTEX_POINT('',#263);
#263 = CARTESIAN_POINT('',(45.002429234925,103.64876042895,-23.));
#264 = SURFACE_CURVE('',#265,(#270,#277),.PCURVE_S1.);
#265 = CIRCLE('',#266,1.5);
#266 = AXIS2_PLACEMENT_3D('',#267,#268,#269);
#267 = CARTESIAN_POINT('',(46.460726448711,104.,-23.));
#268 = DIRECTION('',(0.,0.,-1.));
#269 = DIRECTION('',(-1.,0.,0.));
#270 = PCURVE('',#152,#271);
#271 = DEFINITIONAL_REPRESENTATION('',(#272),#276);
#272 = CIRCLE('',#273,1.5);
#273 = AXIS2_PLACEMENT_2D('',#274,#275);
#274 = CARTESIAN_POINT('',(4.48162682875,13.648760428957));
#275 = DIRECTION('',(-1.,0.));
#276 = ( GEOMETRIC_REPRESENTATION_CONTEXT(2) 
PARAMETRIC_REPRESENTATION_CONTEXT() REPRESENTATION_CONTEXT('2D SPACE',''
  ) );
#277 = PCURVE('',#278,#283);
#278 = CYLINDRICAL_SURFACE('',#279,1.5);
#279 = AXIS2_PLACEMENT_3D('',#280,#281,#282);
#280 = CARTESIAN_POINT('',(46.460726448711,104.,4.));
#281 = DIRECTION('',(0.,0.,-1.));
#282 = DIRECTION('',(-1.,0.,0.));
#283 = DEFINITIONAL_REPRESENTATION('',(#284),#288);
#284 = LINE('',#285,#286);
#285 = CARTESIAN_POINT('',(1.7763568394E-15,27.));
#286 = VECTOR('',#287,1.);
#287 = DIRECTION('',(1.,0.));
#288 = ( GEOMETRIC_REPRESENTATION_CONTEXT(2) 
PARAMETRIC_REPRESENTATION_CONTEXT() REPRESENTATION_CONTEXT('2D SPACE',''
  ) );
#289 = ORIENTED_EDGE('',*,*,#290,.F.);
#290 = EDGE_CURVE('',#291,#262,#293,.T.);
#291 = VERTEX_POINT('',#292);
#292 = CARTESIAN_POINT('',(38.47909961996,103.64876042895,-23.));
#293 = SURFACE_CURVE('',#294,(#298,#305),.PCURVE_S1.);
#294 = LINE('',#295,#296);
#295 = CARTESIAN_POINT('',(43.490764427443,103.64876042895,-23.));
#296 = VECTOR('',#297,1.);
#297 = DIRECTION('',(1.,0.,0.));
#298 = PCURVE('',#152,#299);
#299 = DEFINITIONAL_REPRESENTATION('',(#300),#304);
#300 = LINE('',#301,#302);
#301 = CARTESIAN_POINT('',(1.511664807483,14.));
#302 = VECTOR('',#303,1.);
#303 = DIRECTION('',(1.,0.));
#304 = ( GEOMETRIC_REPRESENTATION_CONTEXT(2) 
PARAMETRIC_REPRESENTATION_CONTEXT() REPRESENTATION_CONTEXT('2D SPACE',''
  ) );
#305 = PCURVE('',#306,#311);
#306 = PLANE('',#307);
#307 = AXIS2_PLACEMENT_3D('',#308,#309,#310);
#308 = CARTESIAN_POINT('',(45.002429234925,103.64876042895,0.));
#309 = DIRECTION('',(0.,-1.,0.));
#310 = DIRECTION('',(-1.,0.,0.));
#311 = DEFINITIONAL_REPRESENTATION('',(#312),#316);
#312 = LINE('',#313,#314);
#313 = CARTESIAN_POINT('',(1.511664807483,23.));
#314 = VECTOR('',#315,1.);
#315 = DIRECTION('',(-1.,-0.));
#316 = ( GEOMETRIC_REPRESENTATION_CONTEXT(2) 
PARAMETRIC_REPRESENTATION_CONTEXT() REPRESENTATION_CONTEXT('2D SPACE',''
  ) );
#317 = ORIENTED_EDGE('',*,*,#318,.F.);
#318 = EDGE_CURVE('',#144,#291,#319,.T.);
#319 = SURFACE_CURVE('',#320,(#324,#331),.PCURVE_S1.);
#320 = LINE('',#321,#322);
#321 = CARTESIAN_POINT('',(38.47909961996,129.44344151509,-23.));
#322 = VECTOR('',#323,1.);
#323 = DIRECTION('',(0.,-1.,0.));
#324 = PCURVE('',#152,#325);
#325 = DEFINITIONAL_REPRESENTATION('',(#326),#330);
#326 = LINE('',#327,#328);
#327 = CARTESIAN_POINT('',(-3.5,-11.79468108614));
#328 = VECTOR('',#329,1.);
#329 = DIRECTION('',(0.,1.));
#330 = ( GEOMETRIC_REPRESENTATION_CONTEXT(2) 
PARAMETRIC_REPRESENTATION_CONTEXT() REPRESENTATION_CONTEXT('2D SPACE',''
  ) );
#331 = PCURVE('',#332,#337);
#332 = PLANE('',#333);
#333 = AXIS2_PLACEMENT_3D('',#334,#335,#336);
#334 = CARTESIAN_POINT('',(38.47909961996,141.23812260123,0.));
#335 = DIRECTION('',(-1.,0.,0.));
#336 = DIRECTION('',(0.,-1.,0.));
#337 = DEFINITIONAL_REPRESENTATION('',(#338),#342);
#338 = LINE('',#339,#340);
#339 = CARTESIAN_POINT('',(11.794681086141,-23.));
#340 = VECTOR('',#341,1.);
#341 = DIRECTION('',(1.,0.));
#342 = ( GEOMETRIC_REPRESENTATION_CONTEXT(2) 
PARAMETRIC_REPRESENTATION_CONTEXT() REPRESENTATION_CONTEXT('2D SPACE',''
  ) );
#343 = ADVANCED_FACE('',(#344),#72,.T.);
#344 = FACE_BOUND('',#345,.T.);
#345 = EDGE_LOOP('',(#346,#347,#370,#398));
#346 = ORIENTED_EDGE('',*,*,#56,.T.);
#347 = ORIENTED_EDGE('',*,*,#348,.F.);
#348 = EDGE_CURVE('',#349,#22,#351,.T.);
#349 = VERTEX_POINT('',#350);
#350 = CARTESIAN_POINT('',(208.47909961996,103.64876042895,0.));
#351 = SURFACE_CURVE('',#352,(#356,#363),.PCURVE_S1.);
#352 = LINE('',#353,#354);
#353 = CARTESIAN_POINT('',(208.47909961996,103.64876042895,0.));
#354 = VECTOR('',#355,1.);
#355 = DIRECTION('',(0.,0.,-1.));
#356 = PCURVE('',#72,#357);
#357 = DEFINITIONAL_REPRESENTATION('',(#358),#362);
#358 = LINE('',#359,#360);
#359 = CARTESIAN_POINT('',(0.,-0.));
#360 = VECTOR('',#361,1.);
#361 = DIRECTION('',(0.,1.));
#362 = ( GEOMETRIC_REPRESENTATION_CONTEXT(2) 
PARAMETRIC_REPRESENTATION_CONTEXT() REPRESENTATION_CONTEXT('2D SPACE',''
  ) );
#363 = PCURVE('',#44,#364);
#364 = DEFINITIONAL_REPRESENTATION('',(#365),#369);
#365 = LINE('',#366,#367);
#366 = CARTESIAN_POINT('',(162.41063782771,0.));
#367 = VECTOR('',#368,1.);
#368 = DIRECTION('',(0.,-1.));
#369 = ( GEOMETRIC_REPRESENTATION_CONTEXT(2) 
PARAMETRIC_REPRESENTATION_CONTEXT() REPRESENTATION_CONTEXT('2D SPACE',''
  ) );
#370 = ORIENTED_EDGE('',*,*,#371,.F.);
#371 = EDGE_CURVE('',#372,#349,#374,.T.);
#372 = VERTEX_POINT('',#373);
#373 = CARTESIAN_POINT('',(201.47909961996,103.64876042895,0.));
#374 = SURFACE_CURVE('',#375,(#379,#386),.PCURVE_S1.);
#375 = LINE('',#376,#377);
#376 = CARTESIAN_POINT('',(165.97909961996,103.64876042895,0.));
#377 = VECTOR('',#378,1.);
#378 = DIRECTION('',(1.,0.,0.));
#379 = PCURVE('',#72,#380);
#380 = DEFINITIONAL_REPRESENTATION('',(#381),#385);
#381 = LINE('',#382,#383);
#382 = CARTESIAN_POINT('',(42.5,0.));
#383 = VECTOR('',#384,1.);
#384 = DIRECTION('',(-1.,-0.));
#385 = ( GEOMETRIC_REPRESENTATION_CONTEXT(2) 
PARAMETRIC_REPRESENTATION_CONTEXT() REPRESENTATION_CONTEXT('2D SPACE',''
  ) );
#386 = PCURVE('',#387,#392);
#387 = PLANE('',#388);
#388 = AXIS2_PLACEMENT_3D('',#389,#390,#391);
#389 = CARTESIAN_POINT('',(123.47909961996,41.238122601239,0.));
#390 = DIRECTION('',(0.,0.,1.));
#391 = DIRECTION('',(1.,0.,-0.));
#392 = DEFINITIONAL_REPRESENTATION('',(#393),#397);
#393 = LINE('',#394,#395);
#394 = CARTESIAN_POINT('',(42.5,62.410637827718));
#395 = VECTOR('',#396,1.);
#396 = DIRECTION('',(1.,0.));
#397 = ( GEOMETRIC_REPRESENTATION_CONTEXT(2) 
PARAMETRIC_REPRESENTATION_CONTEXT() REPRESENTATION_CONTEXT('2D SPACE',''
  ) );
#398 = ORIENTED_EDGE('',*,*,#399,.T.);
#399 = EDGE_CURVE('',#372,#57,#400,.T.);
#400 = SURFACE_CURVE('',#401,(#405,#412),.PCURVE_S1.);
#401 = LINE('',#402,#403);
#402 = CARTESIAN_POINT('',(201.47909961996,103.64876042895,0.));
#403 = VECTOR('',#404,1.);
#404 = DIRECTION('',(0.,0.,-1.));
#405 = PCURVE('',#72,#406);
#406 = DEFINITIONAL_REPRESENTATION('',(#407),#411);
#407 = LINE('',#408,#409);
#408 = CARTESIAN_POINT('',(7.,0.));
#409 = VECTOR('',#410,1.);
#410 = DIRECTION('',(0.,1.));
#411 = ( GEOMETRIC_REPRESENTATION_CONTEXT(2) 
PARAMETRIC_REPRESENTATION_CONTEXT() REPRESENTATION_CONTEXT('2D SPACE',''
  ) );
#412 = PCURVE('',#100,#413);
#413 = DEFINITIONAL_REPRESENTATION('',(#414),#418);
#414 = LINE('',#415,#416);
#415 = CARTESIAN_POINT('',(0.,0.));
#416 = VECTOR('',#417,1.);
#417 = DIRECTION('',(0.,1.));
#418 = ( GEOMETRIC_REPRESENTATION_CONTEXT(2) 
PARAMETRIC_REPRESENTATION_CONTEXT() REPRESENTATION_CONTEXT('2D SPACE',''
  ) );
#419 = ADVANCED_FACE('',(#420,#575),#44,.T.);
#420 = FACE_BOUND('',#421,.T.);
#421 = EDGE_LOOP('',(#422,#423,#446,#469,#497,#525,#553,#574));
#422 = ORIENTED_EDGE('',*,*,#21,.T.);
#423 = ORIENTED_EDGE('',*,*,#424,.F.);
#424 = EDGE_CURVE('',#425,#24,#427,.T.);
#425 = VERTEX_POINT('',#426);
#426 = CARTESIAN_POINT('',(208.47909961996,131.64876042895,0.));
#427 = SURFACE_CURVE('',#428,(#432,#439),.PCURVE_S1.);
#428 = LINE('',#429,#430);
#429 = CARTESIAN_POINT('',(208.47909961996,131.64876042895,0.));
#430 = VECTOR('',#431,1.);
#431 = DIRECTION('',(0.,0.,-1.));
#432 = PCURVE('',#44,#433);
#433 = DEFINITIONAL_REPRESENTATION('',(#434),#438);
#434 = LINE('',#435,#436);
#435 = CARTESIAN_POINT('',(190.41063782771,0.));
#436 = VECTOR('',#437,1.);
#437 = DIRECTION('',(0.,-1.));
#438 = ( GEOMETRIC_REPRESENTATION_CONTEXT(2) 
PARAMETRIC_REPRESENTATION_CONTEXT() REPRESENTATION_CONTEXT('2D SPACE',''
  ) );
#439 = PCURVE('',#126,#440);
#440 = DEFINITIONAL_REPRESENTATION('',(#441),#445);
#441 = LINE('',#442,#443);
#442 = CARTESIAN_POINT('',(7.,0.));
#443 = VECTOR('',#444,1.);
#444 = DIRECTION('',(0.,1.));
#445 = ( GEOMETRIC_REPRESENTATION_CONTEXT(2) 
PARAMETRIC_REPRESENTATION_CONTEXT() REPRESENTATION_CONTEXT('2D SPACE',''
  ) );
#446 = ORIENTED_EDGE('',*,*,#447,.F.);
#447 = EDGE_CURVE('',#448,#425,#450,.T.);
#448 = VERTEX_POINT('',#449);
#449 = CARTESIAN_POINT('',(208.47909961996,141.23812260123,0.));
#450 = SURFACE_CURVE('',#451,(#455,#462),.PCURVE_S1.);
#451 = LINE('',#452,#453);
#452 = CARTESIAN_POINT('',(208.47909961996,141.23812260123,0.));
#453 = VECTOR('',#454,1.);
#454 = DIRECTION('',(0.,-1.,0.));
#455 = PCURVE('',#44,#456);
#456 = DEFINITIONAL_REPRESENTATION('',(#457),#461);
#457 = LINE('',#458,#459);
#458 = CARTESIAN_POINT('',(200.,0.));
#459 = VECTOR('',#460,1.);
#460 = DIRECTION('',(-1.,0.));
#461 = ( GEOMETRIC_REPRESENTATION_CONTEXT(2) 
PARAMETRIC_REPRESENTATION_CONTEXT() REPRESENTATION_CONTEXT('2D SPACE',''
  ) );
#462 = PCURVE('',#387,#463);
#463 = DEFINITIONAL_REPRESENTATION('',(#464),#468);
#464 = LINE('',#465,#466);
#465 = CARTESIAN_POINT('',(85.,100.));
#466 = VECTOR('',#467,1.);
#467 = DIRECTION('',(0.,-1.));
#468 = ( GEOMETRIC_REPRESENTATION_CONTEXT(2) 
PARAMETRIC_REPRESENTATION_CONTEXT() REPRESENTATION_CONTEXT('2D SPACE',''
  ) );
#469 = ORIENTED_EDGE('',*,*,#470,.T.);
#470 = EDGE_CURVE('',#448,#471,#473,.T.);
#471 = VERTEX_POINT('',#472);
#472 = CARTESIAN_POINT('',(208.47909961996,141.23812260123,4.));
#473 = SURFACE_CURVE('',#474,(#478,#485),.PCURVE_S1.);
#474 = LINE('',#475,#476);
#475 = CARTESIAN_POINT('',(208.47909961996,141.23812260123,0.));
#476 = VECTOR('',#477,1.);
#477 = DIRECTION('',(0.,0.,1.));
#478 = PCURVE('',#44,#479);
#479 = DEFINITIONAL_REPRESENTATION('',(#480),#484);
#480 = LINE('',#481,#482);
#481 = CARTESIAN_POINT('',(200.,0.));
#482 = VECTOR('',#483,1.);
#483 = DIRECTION('',(0.,1.));
#484 = ( GEOMETRIC_REPRESENTATION_CONTEXT(2) 
PARAMETRIC_REPRESENTATION_CONTEXT() REPRESENTATION_CONTEXT('2D SPACE',''
  ) );
#485 = PCURVE('',#486,#491);
#486 = PLANE('',#487);
#487 = AXIS2_PLACEMENT_3D('',#488,#489,#490);
#488 = CARTESIAN_POINT('',(208.47909961996,141.23812260123,0.));
#489 = DIRECTION('',(0.,1.,0.));
#490 = DIRECTION('',(-1.,0.,0.));
#491 = DEFINITIONAL_REPRESENTATION('',(#492),#496);
#492 = LINE('',#493,#494);
#493 = CARTESIAN_POINT('',(0.,0.));
#494 = VECTOR('',#495,1.);
#495 = DIRECTION('',(0.,1.));
#496 = ( GEOMETRIC_REPRESENTATION_CONTEXT(2) 
PARAMETRIC_REPRESENTATION_CONTEXT() REPRESENTATION_CONTEXT('2D SPACE',''
  ) );
#497 = ORIENTED_EDGE('',*,*,#498,.F.);
#498 = EDGE_CURVE('',#499,#471,#501,.T.);
#499 = VERTEX_POINT('',#500);
#500 = CARTESIAN_POINT('',(208.47909961996,-58.76187739876,4.));
#501 = SURFACE_CURVE('',#502,(#506,#513),.PCURVE_S1.);
#502 = LINE('',#503,#504);
#503 = CARTESIAN_POINT('',(208.47909961996,141.23812260123,4.));
#504 = VECTOR('',#505,1.);
#505 = DIRECTION('',(0.,1.,0.));
#506 = PCURVE('',#44,#507);
#507 = DEFINITIONAL_REPRESENTATION('',(#508),#512);
#508 = LINE('',#509,#510);
#509 = CARTESIAN_POINT('',(200.,4.));
#510 = VECTOR('',#511,1.);
#511 = DIRECTION('',(1.,0.));
#512 = ( GEOMETRIC_REPRESENTATION_CONTEXT(2) 
PARAMETRIC_REPRESENTATION_CONTEXT() REPRESENTATION_CONTEXT('2D SPACE',''
  ) );
#513 = PCURVE('',#514,#519);
#514 = PLANE('',#515);
#515 = AXIS2_PLACEMENT_3D('',#516,#517,#518);
#516 = CARTESIAN_POINT('',(123.47909961996,41.238122601239,4.));
#517 = DIRECTION('',(0.,0.,1.));
#518 = DIRECTION('',(1.,0.,-0.));
#519 = DEFINITIONAL_REPRESENTATION('',(#520),#524);
#520 = LINE('',#521,#522);
#521 = CARTESIAN_POINT('',(85.,100.));
#522 = VECTOR('',#523,1.);
#523 = DIRECTION('',(0.,1.));
#524 = ( GEOMETRIC_REPRESENTATION_CONTEXT(2) 
PARAMETRIC_REPRESENTATION_CONTEXT() REPRESENTATION_CONTEXT('2D SPACE',''
  ) );
#525 = ORIENTED_EDGE('',*,*,#526,.F.);
#526 = EDGE_CURVE('',#527,#499,#529,.T.);
#527 = VERTEX_POINT('',#528);
#528 = CARTESIAN_POINT('',(208.47909961996,-58.76187739876,0.));
#529 = SURFACE_CURVE('',#530,(#534,#541),.PCURVE_S1.);
#530 = LINE('',#531,#532);
#531 = CARTESIAN_POINT('',(208.47909961996,-58.76187739876,0.));
#532 = VECTOR('',#533,1.);
#533 = DIRECTION('',(0.,0.,1.));
#534 = PCURVE('',#44,#535);
#535 = DEFINITIONAL_REPRESENTATION('',(#536),#540);
#536 = LINE('',#537,#538);
#537 = CARTESIAN_POINT('',(0.,0.));
#538 = VECTOR('',#539,1.);
#539 = DIRECTION('',(0.,1.));
#540 = ( GEOMETRIC_REPRESENTATION_CONTEXT(2) 
PARAMETRIC_REPRESENTATION_CONTEXT() REPRESENTATION_CONTEXT('2D SPACE',''
  ) );
#541 = PCURVE('',#542,#547);
#542 = PLANE('',#543);
#543 = AXIS2_PLACEMENT_3D('',#544,#545,#546);
#544 = CARTESIAN_POINT('',(38.47909961996,-58.76187739876,0.));
#545 = DIRECTION('',(0.,-1.,0.));
#546 = DIRECTION('',(1.,0.,0.));
#547 = DEFINITIONAL_REPRESENTATION('',(#548),#552);
#548 = LINE('',#549,#550);
#549 = CARTESIAN_POINT('',(170.,0.));
#550 = VECTOR('',#551,1.);
#551 = DIRECTION('',(0.,1.));
#552 = ( GEOMETRIC_REPRESENTATION_CONTEXT(2) 
PARAMETRIC_REPRESENTATION_CONTEXT() REPRESENTATION_CONTEXT('2D SPACE',''
  ) );
#553 = ORIENTED_EDGE('',*,*,#554,.F.);
#554 = EDGE_CURVE('',#349,#527,#555,.T.);
#555 = SURFACE_CURVE('',#556,(#560,#567),.PCURVE_S1.);
#556 = LINE('',#557,#558);
#557 = CARTESIAN_POINT('',(208.47909961996,141.23812260123,0.));
#558 = VECTOR('',#559,1.);
#559 = DIRECTION('',(0.,-1.,0.));
#560 = PCURVE('',#44,#561);
#561 = DEFINITIONAL_REPRESENTATION('',(#562),#566);
#562 = LINE('',#563,#564);
#563 = CARTESIAN_POINT('',(200.,0.));
#564 = VECTOR('',#565,1.);
#565 = DIRECTION('',(-1.,0.));
#566 = ( GEOMETRIC_REPRESENTATION_CONTEXT(2) 
PARAMETRIC_REPRESENTATION_CONTEXT() REPRESENTATION_CONTEXT('2D SPACE',''
  ) );
#567 = PCURVE('',#387,#568);
#568 = DEFINITIONAL_REPRESENTATION('',(#569),#573);
#569 = LINE('',#570,#571);
#570 = CARTESIAN_POINT('',(85.,100.));
#571 = VECTOR('',#572,1.);
#572 = DIRECTION('',(0.,-1.));
#573 = ( GEOMETRIC_REPRESENTATION_CONTEXT(2) 
PARAMETRIC_REPRESENTATION_CONTEXT() REPRESENTATION_CONTEXT('2D SPACE',''
  ) );
#574 = ORIENTED_EDGE('',*,*,#348,.T.);
#575 = FACE_BOUND('',#576,.T.);
#576 = EDGE_LOOP('',(#577));
#577 = ORIENTED_EDGE('',*,*,#578,.T.);
#578 = EDGE_CURVE('',#579,#579,#581,.T.);
#579 = VERTEX_POINT('',#580);
#580 = CARTESIAN_POINT('',(208.47909961996,106.41789092788,
    -9.310094350408));
#581 = SURFACE_CURVE('',#582,(#587,#598),.PCURVE_S1.);
#582 = CIRCLE('',#583,11.);
#583 = AXIS2_PLACEMENT_3D('',#584,#585,#586);
#584 = CARTESIAN_POINT('',(208.47909961996,117.41789092788,
    -9.310094350408));
#585 = DIRECTION('',(-1.,0.,0.));
#586 = DIRECTION('',(0.,1.,-2.22044604925E-16));
#587 = PCURVE('',#44,#588);
#588 = DEFINITIONAL_REPRESENTATION('',(#589),#597);
#589 = ( BOUNDED_CURVE() B_SPLINE_CURVE(2,(#590,#591,#592,#593,#594,#595
,#596),.UNSPECIFIED.,.T.,.F.) B_SPLINE_CURVE_WITH_KNOTS((1,2,2,2,2,1),(
    -2.094395102393,0.,2.094395102393,4.188790204786,6.28318530718,
8.377580409573),.UNSPECIFIED.) CURVE() GEOMETRIC_REPRESENTATION_ITEM() 
RATIONAL_B_SPLINE_CURVE((1.,0.5,1.,0.5,1.,0.5,1.)) REPRESENTATION_ITEM(
  '') );
#590 = CARTESIAN_POINT('',(187.17976832664,-9.310094350408));
#591 = CARTESIAN_POINT('',(187.17976832664,-28.36265323366));
#592 = CARTESIAN_POINT('',(170.67976832664,-18.83637379203));
#593 = CARTESIAN_POINT('',(154.17976832664,-9.310094350408));
#594 = CARTESIAN_POINT('',(170.67976832664,0.216185091221));
#595 = CARTESIAN_POINT('',(187.17976832664,9.742464532849));
#596 = CARTESIAN_POINT('',(187.17976832664,-9.310094350408));
#597 = ( GEOMETRIC_REPRESENTATION_CONTEXT(2) 
PARAMETRIC_REPRESENTATION_CONTEXT() REPRESENTATION_CONTEXT('2D SPACE',''
  ) );
#598 = PCURVE('',#599,#604);
#599 = CYLINDRICAL_SURFACE('',#600,11.);
#600 = AXIS2_PLACEMENT_3D('',#601,#602,#603);
#601 = CARTESIAN_POINT('',(208.71972004536,117.41789092788,
    -9.310094350408));
#602 = DIRECTION('',(-1.,0.,0.));
#603 = DIRECTION('',(0.,1.,-2.22044604925E-16));
#604 = DEFINITIONAL_REPRESENTATION('',(#605),#609);
#605 = LINE('',#606,#607);
#606 = CARTESIAN_POINT('',(0.,0.240620425409));
#607 = VECTOR('',#608,1.);
#608 = DIRECTION('',(1.,0.));
#609 = ( GEOMETRIC_REPRESENTATION_CONTEXT(2) 
PARAMETRIC_REPRESENTATION_CONTEXT() REPRESENTATION_CONTEXT('2D SPACE',''
  ) );
#610 = ADVANCED_FACE('',(#611),#221,.F.);
#611 = FACE_BOUND('',#612,.F.);
#612 = EDGE_LOOP('',(#613,#638,#662,#683,#684,#707,#729,#730));
#613 = ORIENTED_EDGE('',*,*,#614,.T.);
#614 = EDGE_CURVE('',#615,#617,#619,.T.);
#615 = VERTEX_POINT('',#616);
#616 = CARTESIAN_POINT('',(47.960726448711,130.,4.));
#617 = VERTEX_POINT('',#618);
#618 = CARTESIAN_POINT('',(47.960726448711,130.,0.));
#619 = SEAM_CURVE('',#620,(#624,#631),.PCURVE_S1.);
#620 = LINE('',#621,#622);
#621 = CARTESIAN_POINT('',(47.960726448711,130.,4.));
#622 = VECTOR('',#623,1.);
#623 = DIRECTION('',(0.,0.,-1.));
#624 = PCURVE('',#221,#625);
#625 = DEFINITIONAL_REPRESENTATION('',(#626),#630);
#626 = LINE('',#627,#628);
#627 = CARTESIAN_POINT('',(9.424777960769,0.));
#628 = VECTOR('',#629,1.);
#629 = DIRECTION('',(0.,1.));
#630 = ( GEOMETRIC_REPRESENTATION_CONTEXT(2) 
PARAMETRIC_REPRESENTATION_CONTEXT() REPRESENTATION_CONTEXT('2D SPACE',''
  ) );
#631 = PCURVE('',#221,#632);
#632 = DEFINITIONAL_REPRESENTATION('',(#633),#637);
#633 = LINE('',#634,#635);
#634 = CARTESIAN_POINT('',(3.14159265359,0.));
#635 = VECTOR('',#636,1.);
#636 = DIRECTION('',(0.,1.));
#637 = ( GEOMETRIC_REPRESENTATION_CONTEXT(2) 
PARAMETRIC_REPRESENTATION_CONTEXT() REPRESENTATION_CONTEXT('2D SPACE',''
  ) );
#638 = ORIENTED_EDGE('',*,*,#639,.T.);
#639 = EDGE_CURVE('',#617,#640,#642,.T.);
#640 = VERTEX_POINT('',#641);
#641 = CARTESIAN_POINT('',(45.47909961996,131.13419961606,0.));
#642 = SURFACE_CURVE('',#643,(#648,#655),.PCURVE_S1.);
#643 = CIRCLE('',#644,1.5);
#644 = AXIS2_PLACEMENT_3D('',#645,#646,#647);
#645 = CARTESIAN_POINT('',(46.460726448711,130.,0.));
#646 = DIRECTION('',(0.,0.,1.));
#647 = DIRECTION('',(-1.,0.,0.));
#648 = PCURVE('',#221,#649);
#649 = DEFINITIONAL_REPRESENTATION('',(#650),#654);
#650 = LINE('',#651,#652);
#651 = CARTESIAN_POINT('',(12.566370614359,4.));
#652 = VECTOR('',#653,1.);
#653 = DIRECTION('',(-1.,0.));
#654 = ( GEOMETRIC_REPRESENTATION_CONTEXT(2) 
PARAMETRIC_REPRESENTATION_CONTEXT() REPRESENTATION_CONTEXT('2D SPACE',''
  ) );
#655 = PCURVE('',#387,#656);
#656 = DEFINITIONAL_REPRESENTATION('',(#657),#661);
#657 = CIRCLE('',#658,1.5);
#658 = AXIS2_PLACEMENT_2D('',#659,#660);
#659 = CARTESIAN_POINT('',(-77.01837317124,88.761877398761));
#660 = DIRECTION('',(-1.,0.));
#661 = ( GEOMETRIC_REPRESENTATION_CONTEXT(2) 
PARAMETRIC_REPRESENTATION_CONTEXT() REPRESENTATION_CONTEXT('2D SPACE',''
  ) );
#662 = ORIENTED_EDGE('',*,*,#663,.T.);
#663 = EDGE_CURVE('',#640,#177,#664,.T.);
#664 = SURFACE_CURVE('',#665,(#669,#676),.PCURVE_S1.);
#665 = LINE('',#666,#667);
#666 = CARTESIAN_POINT('',(45.47909961996,131.13419961606,0.));
#667 = VECTOR('',#668,1.);
#668 = DIRECTION('',(0.,0.,-1.));
#669 = PCURVE('',#221,#670);
#670 = DEFINITIONAL_REPRESENTATION('',(#671),#675);
#671 = LINE('',#672,#673);
#672 = CARTESIAN_POINT('',(7.140569126988,4.));
#673 = VECTOR('',#674,1.);
#674 = DIRECTION('',(0.,1.));
#675 = ( GEOMETRIC_REPRESENTATION_CONTEXT(2) 
PARAMETRIC_REPRESENTATION_CONTEXT() REPRESENTATION_CONTEXT('2D SPACE',''
  ) );
#676 = PCURVE('',#192,#677);
#677 = DEFINITIONAL_REPRESENTATION('',(#678),#682);
#678 = LINE('',#679,#680);
#679 = CARTESIAN_POINT('',(0.514560812894,0.));
#680 = VECTOR('',#681,1.);
#681 = DIRECTION('',(0.,1.));
#682 = ( GEOMETRIC_REPRESENTATION_CONTEXT(2) 
PARAMETRIC_REPRESENTATION_CONTEXT() REPRESENTATION_CONTEXT('2D SPACE',''
  ) );
#683 = ORIENTED_EDGE('',*,*,#204,.F.);
#684 = ORIENTED_EDGE('',*,*,#685,.F.);
#685 = EDGE_CURVE('',#686,#205,#688,.T.);
#686 = VERTEX_POINT('',#687);
#687 = CARTESIAN_POINT('',(45.47909961996,128.86580038393,0.));
#688 = SURFACE_CURVE('',#689,(#693,#700),.PCURVE_S1.);
#689 = LINE('',#690,#691);
#690 = CARTESIAN_POINT('',(45.47909961996,128.86580038393,0.));
#691 = VECTOR('',#692,1.);
#692 = DIRECTION('',(0.,0.,-1.));
#693 = PCURVE('',#221,#694);
#694 = DEFINITIONAL_REPRESENTATION('',(#695),#699);
#695 = LINE('',#696,#697);
#696 = CARTESIAN_POINT('',(5.425801487371,4.));
#697 = VECTOR('',#698,1.);
#698 = DIRECTION('',(0.,1.));
#699 = ( GEOMETRIC_REPRESENTATION_CONTEXT(2) 
PARAMETRIC_REPRESENTATION_CONTEXT() REPRESENTATION_CONTEXT('2D SPACE',''
  ) );
#700 = PCURVE('',#249,#701);
#701 = DEFINITIONAL_REPRESENTATION('',(#702),#706);
#702 = LINE('',#703,#704);
#703 = CARTESIAN_POINT('',(0.,0.));
#704 = VECTOR('',#705,1.);
#705 = DIRECTION('',(0.,1.));
#706 = ( GEOMETRIC_REPRESENTATION_CONTEXT(2) 
PARAMETRIC_REPRESENTATION_CONTEXT() REPRESENTATION_CONTEXT('2D SPACE',''
  ) );
#707 = ORIENTED_EDGE('',*,*,#708,.T.);
#708 = EDGE_CURVE('',#686,#617,#709,.T.);
#709 = SURFACE_CURVE('',#710,(#715,#722),.PCURVE_S1.);
#710 = CIRCLE('',#711,1.5);
#711 = AXIS2_PLACEMENT_3D('',#712,#713,#714);
#712 = CARTESIAN_POINT('',(46.460726448711,130.,0.));
#713 = DIRECTION('',(0.,0.,1.));
#714 = DIRECTION('',(-1.,0.,0.));
#715 = PCURVE('',#221,#716);
#716 = DEFINITIONAL_REPRESENTATION('',(#717),#721);
#717 = LINE('',#718,#719);
#718 = CARTESIAN_POINT('',(6.28318530718,4.));
#719 = VECTOR('',#720,1.);
#720 = DIRECTION('',(-1.,0.));
#721 = ( GEOMETRIC_REPRESENTATION_CONTEXT(2) 
PARAMETRIC_REPRESENTATION_CONTEXT() REPRESENTATION_CONTEXT('2D SPACE',''
  ) );
#722 = PCURVE('',#387,#723);
#723 = DEFINITIONAL_REPRESENTATION('',(#724),#728);
#724 = CIRCLE('',#725,1.5);
#725 = AXIS2_PLACEMENT_2D('',#726,#727);
#726 = CARTESIAN_POINT('',(-77.01837317124,88.761877398761));
#727 = DIRECTION('',(-1.,0.));
#728 = ( GEOMETRIC_REPRESENTATION_CONTEXT(2) 
PARAMETRIC_REPRESENTATION_CONTEXT() REPRESENTATION_CONTEXT('2D SPACE',''
  ) );
#729 = ORIENTED_EDGE('',*,*,#614,.F.);
#730 = ORIENTED_EDGE('',*,*,#731,.T.);
#731 = EDGE_CURVE('',#615,#615,#732,.T.);
#732 = SURFACE_CURVE('',#733,(#738,#745),.PCURVE_S1.);
#733 = CIRCLE('',#734,1.5);
#734 = AXIS2_PLACEMENT_3D('',#735,#736,#737);
#735 = CARTESIAN_POINT('',(46.460726448711,130.,4.));
#736 = DIRECTION('',(0.,0.,-1.));
#737 = DIRECTION('',(-1.,0.,0.));
#738 = PCURVE('',#221,#739);
#739 = DEFINITIONAL_REPRESENTATION('',(#740),#744);
#740 = LINE('',#741,#742);
#741 = CARTESIAN_POINT('',(0.,0.));
#742 = VECTOR('',#743,1.);
#743 = DIRECTION('',(1.,0.));
#744 = ( GEOMETRIC_REPRESENTATION_CONTEXT(2) 
PARAMETRIC_REPRESENTATION_CONTEXT() REPRESENTATION_CONTEXT('2D SPACE',''
  ) );
#745 = PCURVE('',#514,#746);
#746 = DEFINITIONAL_REPRESENTATION('',(#747),#755);
#747 = ( BOUNDED_CURVE() B_SPLINE_CURVE(2,(#748,#749,#750,#751,#752,#753
,#754),.UNSPECIFIED.,.T.,.F.) B_SPLINE_CURVE_WITH_KNOTS((1,2,2,2,2,1),(
    -2.094395102393,0.,2.094395102393,4.188790204786,6.28318530718,
8.377580409573),.UNSPECIFIED.) CURVE() GEOMETRIC_REPRESENTATION_ITEM() 
RATIONAL_B_SPLINE_CURVE((1.,0.5,1.,0.5,1.,0.5,1.)) REPRESENTATION_ITEM(
  '') );
#748 = CARTESIAN_POINT('',(-78.51837317124,88.761877398761));
#749 = CARTESIAN_POINT('',(-78.51837317124,91.359953610114));
#750 = CARTESIAN_POINT('',(-76.26837317124,90.060915504437));
#751 = CARTESIAN_POINT('',(-74.01837317124,88.761877398761));
#752 = CARTESIAN_POINT('',(-76.26837317124,87.462839293084));
#753 = CARTESIAN_POINT('',(-78.51837317124,86.163801187407));
#754 = CARTESIAN_POINT('',(-78.51837317124,88.761877398761));
#755 = ( GEOMETRIC_REPRESENTATION_CONTEXT(2) 
PARAMETRIC_REPRESENTATION_CONTEXT() REPRESENTATION_CONTEXT('2D SPACE',''
  ) );
#756 = ADVANCED_FACE('',(#757),#192,.T.);
#757 = FACE_BOUND('',#758,.T.);
#758 = EDGE_LOOP('',(#759,#760,#783,#804));
#759 = ORIENTED_EDGE('',*,*,#176,.T.);
#760 = ORIENTED_EDGE('',*,*,#761,.F.);
#761 = EDGE_CURVE('',#762,#142,#764,.T.);
#762 = VERTEX_POINT('',#763);
#763 = CARTESIAN_POINT('',(45.47909961996,131.64876042895,0.));
#764 = SURFACE_CURVE('',#765,(#769,#776),.PCURVE_S1.);
#765 = LINE('',#766,#767);
#766 = CARTESIAN_POINT('',(45.47909961996,131.64876042895,0.));
#767 = VECTOR('',#768,1.);
#768 = DIRECTION('',(0.,0.,-1.));
#769 = PCURVE('',#192,#770);
#770 = DEFINITIONAL_REPRESENTATION('',(#771),#775);
#771 = LINE('',#772,#773);
#772 = CARTESIAN_POINT('',(0.,0.));
#773 = VECTOR('',#774,1.);
#774 = DIRECTION('',(0.,1.));
#775 = ( GEOMETRIC_REPRESENTATION_CONTEXT(2) 
PARAMETRIC_REPRESENTATION_CONTEXT() REPRESENTATION_CONTEXT('2D SPACE',''
  ) );
#776 = PCURVE('',#164,#777);
#777 = DEFINITIONAL_REPRESENTATION('',(#778),#782);
#778 = LINE('',#779,#780);
#779 = CARTESIAN_POINT('',(7.,0.));
#780 = VECTOR('',#781,1.);
#781 = DIRECTION('',(0.,1.));
#782 = ( GEOMETRIC_REPRESENTATION_CONTEXT(2) 
PARAMETRIC_REPRESENTATION_CONTEXT() REPRESENTATION_CONTEXT('2D SPACE',''
  ) );
#783 = ORIENTED_EDGE('',*,*,#784,.F.);
#784 = EDGE_CURVE('',#640,#762,#785,.T.);
#785 = SURFACE_CURVE('',#786,(#790,#797),.PCURVE_S1.);
#786 = LINE('',#787,#788);
#787 = CARTESIAN_POINT('',(45.47909961996,86.443441515098,0.));
#788 = VECTOR('',#789,1.);
#789 = DIRECTION('',(0.,1.,0.));
#790 = PCURVE('',#192,#791);
#791 = DEFINITIONAL_REPRESENTATION('',(#792),#796);
#792 = LINE('',#793,#794);
#793 = CARTESIAN_POINT('',(45.205318913859,0.));
#794 = VECTOR('',#795,1.);
#795 = DIRECTION('',(-1.,0.));
#796 = ( GEOMETRIC_REPRESENTATION_CONTEXT(2) 
PARAMETRIC_REPRESENTATION_CONTEXT() REPRESENTATION_CONTEXT('2D SPACE',''
  ) );
#797 = PCURVE('',#387,#798);
#798 = DEFINITIONAL_REPRESENTATION('',(#799),#803);
#799 = LINE('',#800,#801);
#800 = CARTESIAN_POINT('',(-78.,45.205318913859));
#801 = VECTOR('',#802,1.);
#802 = DIRECTION('',(0.,1.));
#803 = ( GEOMETRIC_REPRESENTATION_CONTEXT(2) 
PARAMETRIC_REPRESENTATION_CONTEXT() REPRESENTATION_CONTEXT('2D SPACE',''
  ) );
#804 = ORIENTED_EDGE('',*,*,#663,.T.);
#805 = ADVANCED_FACE('',(#806),#164,.T.);
#806 = FACE_BOUND('',#807,.T.);
#807 = EDGE_LOOP('',(#808,#809,#832,#853));
#808 = ORIENTED_EDGE('',*,*,#141,.T.);
#809 = ORIENTED_EDGE('',*,*,#810,.F.);
#810 = EDGE_CURVE('',#811,#144,#813,.T.);
#811 = VERTEX_POINT('',#812);
#812 = CARTESIAN_POINT('',(38.47909961996,131.64876042895,0.));
#813 = SURFACE_CURVE('',#814,(#818,#825),.PCURVE_S1.);
#814 = LINE('',#815,#816);
#815 = CARTESIAN_POINT('',(38.47909961996,131.64876042895,0.));
#816 = VECTOR('',#817,1.);
#817 = DIRECTION('',(0.,0.,-1.));
#818 = PCURVE('',#164,#819);
#819 = DEFINITIONAL_REPRESENTATION('',(#820),#824);
#820 = LINE('',#821,#822);
#821 = CARTESIAN_POINT('',(0.,0.));
#822 = VECTOR('',#823,1.);
#823 = DIRECTION('',(0.,1.));
#824 = ( GEOMETRIC_REPRESENTATION_CONTEXT(2) 
PARAMETRIC_REPRESENTATION_CONTEXT() REPRESENTATION_CONTEXT('2D SPACE',''
  ) );
#825 = PCURVE('',#332,#826);
#826 = DEFINITIONAL_REPRESENTATION('',(#827),#831);
#827 = LINE('',#828,#829);
#828 = CARTESIAN_POINT('',(9.589362172282,0.));
#829 = VECTOR('',#830,1.);
#830 = DIRECTION('',(0.,-1.));
#831 = ( GEOMETRIC_REPRESENTATION_CONTEXT(2) 
PARAMETRIC_REPRESENTATION_CONTEXT() REPRESENTATION_CONTEXT('2D SPACE',''
  ) );
#832 = ORIENTED_EDGE('',*,*,#833,.F.);
#833 = EDGE_CURVE('',#762,#811,#834,.T.);
#834 = SURFACE_CURVE('',#835,(#839,#846),.PCURVE_S1.);
#835 = LINE('',#836,#837);
#836 = CARTESIAN_POINT('',(80.97909961996,131.64876042895,0.));
#837 = VECTOR('',#838,1.);
#838 = DIRECTION('',(-1.,0.,0.));
#839 = PCURVE('',#164,#840);
#840 = DEFINITIONAL_REPRESENTATION('',(#841),#845);
#841 = LINE('',#842,#843);
#842 = CARTESIAN_POINT('',(42.5,0.));
#843 = VECTOR('',#844,1.);
#844 = DIRECTION('',(-1.,0.));
#845 = ( GEOMETRIC_REPRESENTATION_CONTEXT(2) 
PARAMETRIC_REPRESENTATION_CONTEXT() REPRESENTATION_CONTEXT('2D SPACE',''
  ) );
#846 = PCURVE('',#387,#847);
#847 = DEFINITIONAL_REPRESENTATION('',(#848),#852);
#848 = LINE('',#849,#850);
#849 = CARTESIAN_POINT('',(-42.5,90.410637827718));
#850 = VECTOR('',#851,1.);
#851 = DIRECTION('',(-1.,0.));
#852 = ( GEOMETRIC_REPRESENTATION_CONTEXT(2) 
PARAMETRIC_REPRESENTATION_CONTEXT() REPRESENTATION_CONTEXT('2D SPACE',''
  ) );
#853 = ORIENTED_EDGE('',*,*,#761,.T.);
#854 = ADVANCED_FACE('',(#855),#869,.T.);
#855 = FACE_BOUND('',#856,.T.);
#856 = EDGE_LOOP('',(#857,#887));
#857 = ORIENTED_EDGE('',*,*,#858,.F.);
#858 = EDGE_CURVE('',#859,#861,#863,.T.);
#859 = VERTEX_POINT('',#860);
#860 = CARTESIAN_POINT('',(45.47909961996,111.55938060643,0.));
#861 = VERTEX_POINT('',#862);
#862 = CARTESIAN_POINT('',(45.47909961996,123.27640124932,0.));
#863 = SURFACE_CURVE('',#864,(#868,#880),.PCURVE_S1.);
#864 = LINE('',#865,#866);
#865 = CARTESIAN_POINT('',(45.47909961996,85.051961492588,0.));
#866 = VECTOR('',#867,1.);
#867 = DIRECTION('',(0.,1.,0.));
#868 = PCURVE('',#869,#874);
#869 = PLANE('',#870);
#870 = AXIS2_PLACEMENT_3D('',#871,#872,#873);
#871 = CARTESIAN_POINT('',(45.47909961996,117.41789092788,
    -9.310094350408));
#872 = DIRECTION('',(-1.,0.,0.));
#873 = DIRECTION('',(0.,-1.,0.));
#874 = DEFINITIONAL_REPRESENTATION('',(#875),#879);
#875 = LINE('',#876,#877);
#876 = CARTESIAN_POINT('',(32.365929435292,9.310094350408));
#877 = VECTOR('',#878,1.);
#878 = DIRECTION('',(-1.,0.));
#879 = ( GEOMETRIC_REPRESENTATION_CONTEXT(2) 
PARAMETRIC_REPRESENTATION_CONTEXT() REPRESENTATION_CONTEXT('2D SPACE',''
  ) );
#880 = PCURVE('',#387,#881);
#881 = DEFINITIONAL_REPRESENTATION('',(#882),#886);
#882 = LINE('',#883,#884);
#883 = CARTESIAN_POINT('',(-78.,43.813838891349));
#884 = VECTOR('',#885,1.);
#885 = DIRECTION('',(0.,1.));
#886 = ( GEOMETRIC_REPRESENTATION_CONTEXT(2) 
PARAMETRIC_REPRESENTATION_CONTEXT() REPRESENTATION_CONTEXT('2D SPACE',''
  ) );
#887 = ORIENTED_EDGE('',*,*,#888,.F.);
#888 = EDGE_CURVE('',#861,#859,#889,.T.);
#889 = SURFACE_CURVE('',#890,(#895,#906),.PCURVE_S1.);
#890 = CIRCLE('',#891,11.);
#891 = AXIS2_PLACEMENT_3D('',#892,#893,#894);
#892 = CARTESIAN_POINT('',(45.47909961996,117.41789092788,
    -9.310094350408));
#893 = DIRECTION('',(1.,0.,0.));
#894 = DIRECTION('',(0.,-1.,0.));
#895 = PCURVE('',#869,#896);
#896 = DEFINITIONAL_REPRESENTATION('',(#897),#905);
#897 = ( BOUNDED_CURVE() B_SPLINE_CURVE(2,(#898,#899,#900,#901,#902,#903
,#904),.UNSPECIFIED.,.T.,.F.) B_SPLINE_CURVE_WITH_KNOTS((1,2,2,2,2,1),(
    -2.094395102393,0.,2.094395102393,4.188790204786,6.28318530718,
8.377580409573),.UNSPECIFIED.) CURVE() GEOMETRIC_REPRESENTATION_ITEM() 
RATIONAL_B_SPLINE_CURVE((1.,0.5,1.,0.5,1.,0.5,1.)) REPRESENTATION_ITEM(
  '') );
#898 = CARTESIAN_POINT('',(11.,0.));
#899 = CARTESIAN_POINT('',(11.,-19.05255888325));
#900 = CARTESIAN_POINT('',(-5.5,-9.526279441629));
#901 = CARTESIAN_POINT('',(-22.,-2.694222958124E-15));
#902 = CARTESIAN_POINT('',(-5.5,9.526279441629));
#903 = CARTESIAN_POINT('',(11.,19.052558883258));
#904 = CARTESIAN_POINT('',(11.,0.));
#905 = ( GEOMETRIC_REPRESENTATION_CONTEXT(2) 
PARAMETRIC_REPRESENTATION_CONTEXT() REPRESENTATION_CONTEXT('2D SPACE',''
  ) );
#906 = PCURVE('',#907,#912);
#907 = CYLINDRICAL_SURFACE('',#908,11.);
#908 = AXIS2_PLACEMENT_3D('',#909,#910,#911);
#909 = CARTESIAN_POINT('',(38.47909961996,117.41789092788,
    -9.310094350408));
#910 = DIRECTION('',(1.,0.,0.));
#911 = DIRECTION('',(0.,-1.,0.));
#912 = DEFINITIONAL_REPRESENTATION('',(#913),#917);
#913 = LINE('',#914,#915);
#914 = CARTESIAN_POINT('',(0.,7.));
#915 = VECTOR('',#916,1.);
#916 = DIRECTION('',(1.,0.));
#917 = ( GEOMETRIC_REPRESENTATION_CONTEXT(2) 
PARAMETRIC_REPRESENTATION_CONTEXT() REPRESENTATION_CONTEXT('2D SPACE',''
  ) );
#918 = ADVANCED_FACE('',(#919),#907,.F.);
#919 = FACE_BOUND('',#920,.F.);
#920 = EDGE_LOOP('',(#921,#946,#972,#973,#999,#1000));
#921 = ORIENTED_EDGE('',*,*,#922,.T.);
#922 = EDGE_CURVE('',#923,#925,#927,.T.);
#923 = VERTEX_POINT('',#924);
#924 = CARTESIAN_POINT('',(38.47909961996,128.41789092788,
    -9.310094350408));
#925 = VERTEX_POINT('',#926);
#926 = CARTESIAN_POINT('',(45.47909961996,128.41789092788,
    -9.310094350408));
#927 = SEAM_CURVE('',#928,(#932,#939),.PCURVE_S1.);
#928 = LINE('',#929,#930);
#929 = CARTESIAN_POINT('',(38.47909961996,128.41789092788,
    -9.310094350408));
#930 = VECTOR('',#931,1.);
#931 = DIRECTION('',(1.,0.,0.));
#932 = PCURVE('',#907,#933);
#933 = DEFINITIONAL_REPRESENTATION('',(#934),#938);
#934 = LINE('',#935,#936);
#935 = CARTESIAN_POINT('',(9.424777960769,0.));
#936 = VECTOR('',#937,1.);
#937 = DIRECTION('',(0.,1.));
#938 = ( GEOMETRIC_REPRESENTATION_CONTEXT(2) 
PARAMETRIC_REPRESENTATION_CONTEXT() REPRESENTATION_CONTEXT('2D SPACE',''
  ) );
#939 = PCURVE('',#907,#940);
#940 = DEFINITIONAL_REPRESENTATION('',(#941),#945);
#941 = LINE('',#942,#943);
#942 = CARTESIAN_POINT('',(3.14159265359,0.));
#943 = VECTOR('',#944,1.);
#944 = DIRECTION('',(0.,1.));
#945 = ( GEOMETRIC_REPRESENTATION_CONTEXT(2) 
PARAMETRIC_REPRESENTATION_CONTEXT() REPRESENTATION_CONTEXT('2D SPACE',''
  ) );
#946 = ORIENTED_EDGE('',*,*,#947,.T.);
#947 = EDGE_CURVE('',#925,#859,#948,.T.);
#948 = SURFACE_CURVE('',#949,(#954,#961),.PCURVE_S1.);
#949 = CIRCLE('',#950,11.);
#950 = AXIS2_PLACEMENT_3D('',#951,#952,#953);
#951 = CARTESIAN_POINT('',(45.47909961996,117.41789092788,
    -9.310094350408));
#952 = DIRECTION('',(-1.,0.,0.));
#953 = DIRECTION('',(0.,-1.,0.));
#954 = PCURVE('',#907,#955);
#955 = DEFINITIONAL_REPRESENTATION('',(#956),#960);
#956 = LINE('',#957,#958);
#957 = CARTESIAN_POINT('',(12.566370614359,7.));
#958 = VECTOR('',#959,1.);
#959 = DIRECTION('',(-1.,0.));
#960 = ( GEOMETRIC_REPRESENTATION_CONTEXT(2) 
PARAMETRIC_REPRESENTATION_CONTEXT() REPRESENTATION_CONTEXT('2D SPACE',''
  ) );
#961 = PCURVE('',#249,#962);
#962 = DEFINITIONAL_REPRESENTATION('',(#963),#971);
#963 = ( BOUNDED_CURVE() B_SPLINE_CURVE(2,(#964,#965,#966,#967,#968,#969
,#970),.UNSPECIFIED.,.T.,.F.) B_SPLINE_CURVE_WITH_KNOTS((1,2,2,2,2,1),(
    -2.094395102393,0.,2.094395102393,4.188790204786,6.28318530718,
8.377580409573),.UNSPECIFIED.) CURVE() GEOMETRIC_REPRESENTATION_ITEM() 
RATIONAL_B_SPLINE_CURVE((1.,0.5,1.,0.5,1.,0.5,1.)) REPRESENTATION_ITEM(
  '') );
#964 = CARTESIAN_POINT('',(22.447909456057,9.310094350408));
#965 = CARTESIAN_POINT('',(22.447909456057,-9.742464532849));
#966 = CARTESIAN_POINT('',(5.947909456057,-0.216185091221));
#967 = CARTESIAN_POINT('',(-10.55209054394,9.310094350408));
#968 = CARTESIAN_POINT('',(5.947909456057,18.836373792037));
#969 = CARTESIAN_POINT('',(22.447909456057,28.362653233666));
#970 = CARTESIAN_POINT('',(22.447909456057,9.310094350408));
#971 = ( GEOMETRIC_REPRESENTATION_CONTEXT(2) 
PARAMETRIC_REPRESENTATION_CONTEXT() REPRESENTATION_CONTEXT('2D SPACE',''
  ) );
#972 = ORIENTED_EDGE('',*,*,#888,.F.);
#973 = ORIENTED_EDGE('',*,*,#974,.T.);
#974 = EDGE_CURVE('',#861,#925,#975,.T.);
#975 = SURFACE_CURVE('',#976,(#981,#988),.PCURVE_S1.);
#976 = CIRCLE('',#977,11.);
#977 = AXIS2_PLACEMENT_3D('',#978,#979,#980);
#978 = CARTESIAN_POINT('',(45.47909961996,117.41789092788,
    -9.310094350408));
#979 = DIRECTION('',(-1.,0.,0.));
#980 = DIRECTION('',(0.,-1.,0.));
#981 = PCURVE('',#907,#982);
#982 = DEFINITIONAL_REPRESENTATION('',(#983),#987);
#983 = LINE('',#984,#985);
#984 = CARTESIAN_POINT('',(6.28318530718,7.));
#985 = VECTOR('',#986,1.);
#986 = DIRECTION('',(-1.,0.));
#987 = ( GEOMETRIC_REPRESENTATION_CONTEXT(2) 
PARAMETRIC_REPRESENTATION_CONTEXT() REPRESENTATION_CONTEXT('2D SPACE',''
  ) );
#988 = PCURVE('',#249,#989);
#989 = DEFINITIONAL_REPRESENTATION('',(#990),#998);
#990 = ( BOUNDED_CURVE() B_SPLINE_CURVE(2,(#991,#992,#993,#994,#995,#996
,#997),.UNSPECIFIED.,.T.,.F.) B_SPLINE_CURVE_WITH_KNOTS((1,2,2,2,2,1),(
    -2.094395102393,0.,2.094395102393,4.188790204786,6.28318530718,
8.377580409573),.UNSPECIFIED.) CURVE() GEOMETRIC_REPRESENTATION_ITEM() 
RATIONAL_B_SPLINE_CURVE((1.,0.5,1.,0.5,1.,0.5,1.)) REPRESENTATION_ITEM(
  '') );
#991 = CARTESIAN_POINT('',(22.447909456057,9.310094350408));
#992 = CARTESIAN_POINT('',(22.447909456057,-9.742464532849));
#993 = CARTESIAN_POINT('',(5.947909456057,-0.216185091221));
#994 = CARTESIAN_POINT('',(-10.55209054394,9.310094350408));
#995 = CARTESIAN_POINT('',(5.947909456057,18.836373792037));
#996 = CARTESIAN_POINT('',(22.447909456057,28.362653233666));
#997 = CARTESIAN_POINT('',(22.447909456057,9.310094350408));
#998 = ( GEOMETRIC_REPRESENTATION_CONTEXT(2) 
PARAMETRIC_REPRESENTATION_CONTEXT() REPRESENTATION_CONTEXT('2D SPACE',''
  ) );
#999 = ORIENTED_EDGE('',*,*,#922,.F.);
#1000 = ORIENTED_EDGE('',*,*,#1001,.T.);
#1001 = EDGE_CURVE('',#923,#923,#1002,.T.);
#1002 = SURFACE_CURVE('',#1003,(#1008,#1015),.PCURVE_S1.);
#1003 = CIRCLE('',#1004,11.);
#1004 = AXIS2_PLACEMENT_3D('',#1005,#1006,#1007);
#1005 = CARTESIAN_POINT('',(38.47909961996,117.41789092788,
    -9.310094350408));
#1006 = DIRECTION('',(1.,0.,0.));
#1007 = DIRECTION('',(0.,-1.,0.));
#1008 = PCURVE('',#907,#1009);
#1009 = DEFINITIONAL_REPRESENTATION('',(#1010),#1014);
#1010 = LINE('',#1011,#1012);
#1011 = CARTESIAN_POINT('',(0.,0.));
#1012 = VECTOR('',#1013,1.);
#1013 = DIRECTION('',(1.,0.));
#1014 = ( GEOMETRIC_REPRESENTATION_CONTEXT(2) 
PARAMETRIC_REPRESENTATION_CONTEXT() REPRESENTATION_CONTEXT('2D SPACE',''
  ) );
#1015 = PCURVE('',#332,#1016);
#1016 = DEFINITIONAL_REPRESENTATION('',(#1017),#1025);
#1017 = ( BOUNDED_CURVE() B_SPLINE_CURVE(2,(#1018,#1019,#1020,#1021,
#1022,#1023,#1024),.UNSPECIFIED.,.T.,.F.) B_SPLINE_CURVE_WITH_KNOTS((1,2
    ,2,2,2,1),(-2.094395102393,0.,2.094395102393,4.188790204786,
6.28318530718,8.377580409573),.UNSPECIFIED.) CURVE() 
GEOMETRIC_REPRESENTATION_ITEM() RATIONAL_B_SPLINE_CURVE((1.,0.5,1.,0.5,
1.,0.5,1.)) REPRESENTATION_ITEM('') );
#1018 = CARTESIAN_POINT('',(34.820231673359,-9.310094350408));
#1019 = CARTESIAN_POINT('',(34.820231673359,-28.36265323366));
#1020 = CARTESIAN_POINT('',(18.320231673359,-18.83637379203));
#1021 = CARTESIAN_POINT('',(1.820231673359,-9.310094350408));
#1022 = CARTESIAN_POINT('',(18.320231673359,0.216185091221));
#1023 = CARTESIAN_POINT('',(34.820231673359,9.742464532849));
#1024 = CARTESIAN_POINT('',(34.820231673359,-9.310094350408));
#1025 = ( GEOMETRIC_REPRESENTATION_CONTEXT(2) 
PARAMETRIC_REPRESENTATION_CONTEXT() REPRESENTATION_CONTEXT('2D SPACE',''
  ) );
#1026 = ADVANCED_FACE('',(#1027),#1041,.T.);
#1027 = FACE_BOUND('',#1028,.T.);
#1028 = EDGE_LOOP('',(#1029,#1059));
#1029 = ORIENTED_EDGE('',*,*,#1030,.F.);
#1030 = EDGE_CURVE('',#1031,#1033,#1035,.T.);
#1031 = VERTEX_POINT('',#1032);
#1032 = CARTESIAN_POINT('',(201.47872004536,123.27640124932,0.));
#1033 = VERTEX_POINT('',#1034);
#1034 = CARTESIAN_POINT('',(201.47872004536,111.55938060643,0.));
#1035 = SURFACE_CURVE('',#1036,(#1040,#1052),.PCURVE_S1.);
#1036 = LINE('',#1037,#1038);
#1037 = CARTESIAN_POINT('',(201.47872004536,79.328006764559,0.));
#1038 = VECTOR('',#1039,1.);
#1039 = DIRECTION('',(-2.22044604925E-16,-1.,0.));
#1040 = PCURVE('',#1041,#1046);
#1041 = PLANE('',#1042);
#1042 = AXIS2_PLACEMENT_3D('',#1043,#1044,#1045);
#1043 = CARTESIAN_POINT('',(201.47872004536,117.41789092788,
    -9.310094350408));
#1044 = DIRECTION('',(1.,-2.22044604925E-16,4.930380657631E-32));
#1045 = DIRECTION('',(2.22044604925E-16,1.,-2.22044604925E-16));
#1046 = DEFINITIONAL_REPRESENTATION('',(#1047),#1051);
#1047 = LINE('',#1048,#1049);
#1048 = CARTESIAN_POINT('',(-38.08988416332,9.310094350408));
#1049 = VECTOR('',#1050,1.);
#1050 = DIRECTION('',(-1.,-2.22044604925E-16));
#1051 = ( GEOMETRIC_REPRESENTATION_CONTEXT(2) 
PARAMETRIC_REPRESENTATION_CONTEXT() REPRESENTATION_CONTEXT('2D SPACE',''
  ) );
#1052 = PCURVE('',#387,#1053);
#1053 = DEFINITIONAL_REPRESENTATION('',(#1054),#1058);
#1054 = LINE('',#1055,#1056);
#1055 = CARTESIAN_POINT('',(77.999620425409,38.08988416332));
#1056 = VECTOR('',#1057,1.);
#1057 = DIRECTION('',(-2.22044604925E-16,-1.));
#1058 = ( GEOMETRIC_REPRESENTATION_CONTEXT(2) 
PARAMETRIC_REPRESENTATION_CONTEXT() REPRESENTATION_CONTEXT('2D SPACE',''
  ) );
#1059 = ORIENTED_EDGE('',*,*,#1060,.F.);
#1060 = EDGE_CURVE('',#1033,#1031,#1061,.T.);
#1061 = SURFACE_CURVE('',#1062,(#1067,#1078),.PCURVE_S1.);
#1062 = CIRCLE('',#1063,11.);
#1063 = AXIS2_PLACEMENT_3D('',#1064,#1065,#1066);
#1064 = CARTESIAN_POINT('',(201.47872004536,117.41789092788,
    -9.310094350408));
#1065 = DIRECTION('',(-1.,2.22044604925E-16,-4.930380657631E-32));
#1066 = DIRECTION('',(2.22044604925E-16,1.,-2.22044604925E-16));
#1067 = PCURVE('',#1041,#1068);
#1068 = DEFINITIONAL_REPRESENTATION('',(#1069),#1077);
#1069 = ( BOUNDED_CURVE() B_SPLINE_CURVE(2,(#1070,#1071,#1072,#1073,
#1074,#1075,#1076),.UNSPECIFIED.,.T.,.F.) B_SPLINE_CURVE_WITH_KNOTS((1,2
    ,2,2,2,1),(-2.094395102393,0.,2.094395102393,4.188790204786,
6.28318530718,8.377580409573),.UNSPECIFIED.) CURVE() 
GEOMETRIC_REPRESENTATION_ITEM() RATIONAL_B_SPLINE_CURVE((1.,0.5,1.,0.5,
1.,0.5,1.)) REPRESENTATION_ITEM('') );
#1070 = CARTESIAN_POINT('',(11.,0.));
#1071 = CARTESIAN_POINT('',(11.,-19.05255888325));
#1072 = CARTESIAN_POINT('',(-5.5,-9.526279441629));
#1073 = CARTESIAN_POINT('',(-22.,-2.694222958124E-15));
#1074 = CARTESIAN_POINT('',(-5.5,9.526279441629));
#1075 = CARTESIAN_POINT('',(11.,19.052558883258));
#1076 = CARTESIAN_POINT('',(11.,0.));
#1077 = ( GEOMETRIC_REPRESENTATION_CONTEXT(2) 
PARAMETRIC_REPRESENTATION_CONTEXT() REPRESENTATION_CONTEXT('2D SPACE',''
  ) );
#1078 = PCURVE('',#599,#1079);
#1079 = DEFINITIONAL_REPRESENTATION('',(#1080),#1084);
#1080 = LINE('',#1081,#1082);
#1081 = CARTESIAN_POINT('',(0.,7.241));
#1082 = VECTOR('',#1083,1.);
#1083 = DIRECTION('',(1.,0.));
#1084 = ( GEOMETRIC_REPRESENTATION_CONTEXT(2) 
PARAMETRIC_REPRESENTATION_CONTEXT() REPRESENTATION_CONTEXT('2D SPACE',''
  ) );
#1085 = ADVANCED_FACE('',(#1086),#599,.F.);
#1086 = FACE_BOUND('',#1087,.F.);
#1087 = EDGE_LOOP('',(#1088,#1111,#1139,#1160,#1161,#1184,#1210,#1211));
#1088 = ORIENTED_EDGE('',*,*,#1089,.T.);
#1089 = EDGE_CURVE('',#579,#1090,#1092,.T.);
#1090 = VERTEX_POINT('',#1091);
#1091 = CARTESIAN_POINT('',(201.47909961996,106.41789092788,
    -9.310094350408));
#1092 = SEAM_CURVE('',#1093,(#1097,#1104),.PCURVE_S1.);
#1093 = LINE('',#1094,#1095);
#1094 = CARTESIAN_POINT('',(208.71972004536,106.41789092788,
    -9.310094350408));
#1095 = VECTOR('',#1096,1.);
#1096 = DIRECTION('',(-1.,0.,0.));
#1097 = PCURVE('',#599,#1098);
#1098 = DEFINITIONAL_REPRESENTATION('',(#1099),#1103);
#1099 = LINE('',#1100,#1101);
#1100 = CARTESIAN_POINT('',(9.424777960769,0.));
#1101 = VECTOR('',#1102,1.);
#1102 = DIRECTION('',(0.,1.));
#1103 = ( GEOMETRIC_REPRESENTATION_CONTEXT(2) 
PARAMETRIC_REPRESENTATION_CONTEXT() REPRESENTATION_CONTEXT('2D SPACE',''
  ) );
#1104 = PCURVE('',#599,#1105);
#1105 = DEFINITIONAL_REPRESENTATION('',(#1106),#1110);
#1106 = LINE('',#1107,#1108);
#1107 = CARTESIAN_POINT('',(3.14159265359,0.));
#1108 = VECTOR('',#1109,1.);
#1109 = DIRECTION('',(0.,1.));
#1110 = ( GEOMETRIC_REPRESENTATION_CONTEXT(2) 
PARAMETRIC_REPRESENTATION_CONTEXT() REPRESENTATION_CONTEXT('2D SPACE',''
  ) );
#1111 = ORIENTED_EDGE('',*,*,#1112,.T.);
#1112 = EDGE_CURVE('',#1090,#1113,#1115,.T.);
#1113 = VERTEX_POINT('',#1114);
#1114 = CARTESIAN_POINT('',(201.47909961996,123.27640124932,0.));
#1115 = SURFACE_CURVE('',#1116,(#1121,#1128),.PCURVE_S1.);
#1116 = CIRCLE('',#1117,11.);
#1117 = AXIS2_PLACEMENT_3D('',#1118,#1119,#1120);
#1118 = CARTESIAN_POINT('',(201.47909961996,117.41789092788,
    -9.310094350408));
#1119 = DIRECTION('',(1.,0.,0.));
#1120 = DIRECTION('',(0.,1.,-2.22044604925E-16));
#1121 = PCURVE('',#599,#1122);
#1122 = DEFINITIONAL_REPRESENTATION('',(#1123),#1127);
#1123 = LINE('',#1124,#1125);
#1124 = CARTESIAN_POINT('',(12.566370614359,7.240620425409));
#1125 = VECTOR('',#1126,1.);
#1126 = DIRECTION('',(-1.,0.));
#1127 = ( GEOMETRIC_REPRESENTATION_CONTEXT(2) 
PARAMETRIC_REPRESENTATION_CONTEXT() REPRESENTATION_CONTEXT('2D SPACE',''
  ) );
#1128 = PCURVE('',#100,#1129);
#1129 = DEFINITIONAL_REPRESENTATION('',(#1130),#1138);
#1130 = ( BOUNDED_CURVE() B_SPLINE_CURVE(2,(#1131,#1132,#1133,#1134,
#1135,#1136,#1137),.UNSPECIFIED.,.T.,.F.) B_SPLINE_CURVE_WITH_KNOTS((1,2
    ,2,2,2,1),(-2.094395102393,0.,2.094395102393,4.188790204786,
6.28318530718,8.377580409573),.UNSPECIFIED.) CURVE() 
GEOMETRIC_REPRESENTATION_ITEM() RATIONAL_B_SPLINE_CURVE((1.,0.5,1.,0.5,
1.,0.5,1.)) REPRESENTATION_ITEM('') );
#1131 = CARTESIAN_POINT('',(24.769130498923,9.310094350408));
#1132 = CARTESIAN_POINT('',(24.769130498923,-9.742464532849));
#1133 = CARTESIAN_POINT('',(8.269130498923,-0.216185091221));
#1134 = CARTESIAN_POINT('',(-8.230869501077,9.310094350408));
#1135 = CARTESIAN_POINT('',(8.269130498923,18.836373792037));
#1136 = CARTESIAN_POINT('',(24.769130498923,28.362653233666));
#1137 = CARTESIAN_POINT('',(24.769130498923,9.310094350408));
#1138 = ( GEOMETRIC_REPRESENTATION_CONTEXT(2) 
PARAMETRIC_REPRESENTATION_CONTEXT() REPRESENTATION_CONTEXT('2D SPACE',''
  ) );
#1139 = ORIENTED_EDGE('',*,*,#1140,.T.);
#1140 = EDGE_CURVE('',#1113,#1031,#1141,.T.);
#1141 = SURFACE_CURVE('',#1142,(#1146,#1153),.PCURVE_S1.);
#1142 = LINE('',#1143,#1144);
#1143 = CARTESIAN_POINT('',(208.71972004536,123.27640124932,0.));
#1144 = VECTOR('',#1145,1.);
#1145 = DIRECTION('',(-1.,0.,0.));
#1146 = PCURVE('',#599,#1147);
#1147 = DEFINITIONAL_REPRESENTATION('',(#1148),#1152);
#1148 = LINE('',#1149,#1150);
#1149 = CARTESIAN_POINT('',(5.274048907737,0.));
#1150 = VECTOR('',#1151,1.);
#1151 = DIRECTION('',(0.,1.));
#1152 = ( GEOMETRIC_REPRESENTATION_CONTEXT(2) 
PARAMETRIC_REPRESENTATION_CONTEXT() REPRESENTATION_CONTEXT('2D SPACE',''
  ) );
#1153 = PCURVE('',#387,#1154);
#1154 = DEFINITIONAL_REPRESENTATION('',(#1155),#1159);
#1155 = LINE('',#1156,#1157);
#1156 = CARTESIAN_POINT('',(85.240620425409,82.038278648087));
#1157 = VECTOR('',#1158,1.);
#1158 = DIRECTION('',(-1.,0.));
#1159 = ( GEOMETRIC_REPRESENTATION_CONTEXT(2) 
PARAMETRIC_REPRESENTATION_CONTEXT() REPRESENTATION_CONTEXT('2D SPACE',''
  ) );
#1160 = ORIENTED_EDGE('',*,*,#1060,.F.);
#1161 = ORIENTED_EDGE('',*,*,#1162,.T.);
#1162 = EDGE_CURVE('',#1033,#1163,#1165,.T.);
#1163 = VERTEX_POINT('',#1164);
#1164 = CARTESIAN_POINT('',(201.47909961996,111.55938060643,0.));
#1165 = SURFACE_CURVE('',#1166,(#1170,#1177),.PCURVE_S1.);
#1166 = LINE('',#1167,#1168);
#1167 = CARTESIAN_POINT('',(208.71972004536,111.55938060643,0.));
#1168 = VECTOR('',#1169,1.);
#1169 = DIRECTION('',(1.,0.,0.));
#1170 = PCURVE('',#599,#1171);
#1171 = DEFINITIONAL_REPRESENTATION('',(#1172),#1176);
#1172 = LINE('',#1173,#1174);
#1173 = CARTESIAN_POINT('',(4.150729053032,0.));
#1174 = VECTOR('',#1175,1.);
#1175 = DIRECTION('',(0.,-1.));
#1176 = ( GEOMETRIC_REPRESENTATION_CONTEXT(2) 
PARAMETRIC_REPRESENTATION_CONTEXT() REPRESENTATION_CONTEXT('2D SPACE',''
  ) );
#1177 = PCURVE('',#387,#1178);
#1178 = DEFINITIONAL_REPRESENTATION('',(#1179),#1183);
#1179 = LINE('',#1180,#1181);
#1180 = CARTESIAN_POINT('',(85.240620425409,70.321258005194));
#1181 = VECTOR('',#1182,1.);
#1182 = DIRECTION('',(1.,0.));
#1183 = ( GEOMETRIC_REPRESENTATION_CONTEXT(2) 
PARAMETRIC_REPRESENTATION_CONTEXT() REPRESENTATION_CONTEXT('2D SPACE',''
  ) );
#1184 = ORIENTED_EDGE('',*,*,#1185,.T.);
#1185 = EDGE_CURVE('',#1163,#1090,#1186,.T.);
#1186 = SURFACE_CURVE('',#1187,(#1192,#1199),.PCURVE_S1.);
#1187 = CIRCLE('',#1188,11.);
#1188 = AXIS2_PLACEMENT_3D('',#1189,#1190,#1191);
#1189 = CARTESIAN_POINT('',(201.47909961996,117.41789092788,
    -9.310094350408));
#1190 = DIRECTION('',(1.,0.,0.));
#1191 = DIRECTION('',(0.,1.,-2.22044604925E-16));
#1192 = PCURVE('',#599,#1193);
#1193 = DEFINITIONAL_REPRESENTATION('',(#1194),#1198);
#1194 = LINE('',#1195,#1196);
#1195 = CARTESIAN_POINT('',(6.28318530718,7.240620425409));
#1196 = VECTOR('',#1197,1.);
#1197 = DIRECTION('',(-1.,0.));
#1198 = ( GEOMETRIC_REPRESENTATION_CONTEXT(2) 
PARAMETRIC_REPRESENTATION_CONTEXT() REPRESENTATION_CONTEXT('2D SPACE',''
  ) );
#1199 = PCURVE('',#100,#1200);
#1200 = DEFINITIONAL_REPRESENTATION('',(#1201),#1209);
#1201 = ( BOUNDED_CURVE() B_SPLINE_CURVE(2,(#1202,#1203,#1204,#1205,
#1206,#1207,#1208),.UNSPECIFIED.,.T.,.F.) B_SPLINE_CURVE_WITH_KNOTS((1,2
    ,2,2,2,1),(-2.094395102393,0.,2.094395102393,4.188790204786,
6.28318530718,8.377580409573),.UNSPECIFIED.) CURVE() 
GEOMETRIC_REPRESENTATION_ITEM() RATIONAL_B_SPLINE_CURVE((1.,0.5,1.,0.5,
1.,0.5,1.)) REPRESENTATION_ITEM('') );
#1202 = CARTESIAN_POINT('',(24.769130498923,9.310094350408));
#1203 = CARTESIAN_POINT('',(24.769130498923,-9.742464532849));
#1204 = CARTESIAN_POINT('',(8.269130498923,-0.216185091221));
#1205 = CARTESIAN_POINT('',(-8.230869501077,9.310094350408));
#1206 = CARTESIAN_POINT('',(8.269130498923,18.836373792037));
#1207 = CARTESIAN_POINT('',(24.769130498923,28.362653233666));
#1208 = CARTESIAN_POINT('',(24.769130498923,9.310094350408));
#1209 = ( GEOMETRIC_REPRESENTATION_CONTEXT(2) 
PARAMETRIC_REPRESENTATION_CONTEXT() REPRESENTATION_CONTEXT('2D SPACE',''
  ) );
#1210 = ORIENTED_EDGE('',*,*,#1089,.F.);
#1211 = ORIENTED_EDGE('',*,*,#578,.T.);
#1212 = ADVANCED_FACE('',(#1213,#1882,#1913,#1944,#1975,#2006,#2037,
    #2068,#2099,#2130,#2161,#2192,#2223,#2254,#2285,#2316,#2347,#2461,
    #2575,#2689,#2720,#2751,#2782,#2813,#2844,#2875,#2906,#2937,#2968,
    #2999,#3030),#387,.F.);
#1213 = FACE_BOUND('',#1214,.T.);
#1214 = EDGE_LOOP('',(#1215,#1216,#1217,#1218,#1239,#1240,#1241,#1264,
    #1292,#1320,#1348,#1371,#1477,#1505,#1533,#1561,#1629,#1652,#1675,
    #1698,#1722,#1746,#1767,#1768,#1789,#1790,#1791,#1792,#1793,#1816,
    #1837,#1838,#1861));
#1215 = ORIENTED_EDGE('',*,*,#1140,.T.);
#1216 = ORIENTED_EDGE('',*,*,#1030,.T.);
#1217 = ORIENTED_EDGE('',*,*,#1162,.T.);
#1218 = ORIENTED_EDGE('',*,*,#1219,.T.);
#1219 = EDGE_CURVE('',#1163,#372,#1220,.T.);
#1220 = SURFACE_CURVE('',#1221,(#1225,#1232),.PCURVE_S1.);
#1221 = LINE('',#1222,#1223);
#1222 = CARTESIAN_POINT('',(201.47909961996,72.443441515098,0.));
#1223 = VECTOR('',#1224,1.);
#1224 = DIRECTION('',(0.,-1.,0.));
#1225 = PCURVE('',#387,#1226);
#1226 = DEFINITIONAL_REPRESENTATION('',(#1227),#1231);
#1227 = LINE('',#1228,#1229);
#1228 = CARTESIAN_POINT('',(78.,31.205318913859));
#1229 = VECTOR('',#1230,1.);
#1230 = DIRECTION('',(0.,-1.));
#1231 = ( GEOMETRIC_REPRESENTATION_CONTEXT(2) 
PARAMETRIC_REPRESENTATION_CONTEXT() REPRESENTATION_CONTEXT('2D SPACE',''
  ) );
#1232 = PCURVE('',#100,#1233);
#1233 = DEFINITIONAL_REPRESENTATION('',(#1234),#1238);
#1234 = LINE('',#1235,#1236);
#1235 = CARTESIAN_POINT('',(-31.20531891385,0.));
#1236 = VECTOR('',#1237,1.);
#1237 = DIRECTION('',(-1.,0.));
#1238 = ( GEOMETRIC_REPRESENTATION_CONTEXT(2) 
PARAMETRIC_REPRESENTATION_CONTEXT() REPRESENTATION_CONTEXT('2D SPACE',''
  ) );
#1239 = ORIENTED_EDGE('',*,*,#371,.T.);
#1240 = ORIENTED_EDGE('',*,*,#554,.T.);
#1241 = ORIENTED_EDGE('',*,*,#1242,.T.);
#1242 = EDGE_CURVE('',#527,#1243,#1245,.T.);
#1243 = VERTEX_POINT('',#1244);
#1244 = CARTESIAN_POINT('',(200.95819855446,-58.76187739876,0.));
#1245 = SURFACE_CURVE('',#1246,(#1250,#1257),.PCURVE_S1.);
#1246 = LINE('',#1247,#1248);
#1247 = CARTESIAN_POINT('',(208.47909961996,-58.76187739876,0.));
#1248 = VECTOR('',#1249,1.);
#1249 = DIRECTION('',(-1.,0.,0.));
#1250 = PCURVE('',#387,#1251);
#1251 = DEFINITIONAL_REPRESENTATION('',(#1252),#1256);
#1252 = LINE('',#1253,#1254);
#1253 = CARTESIAN_POINT('',(85.,-100.));
#1254 = VECTOR('',#1255,1.);
#1255 = DIRECTION('',(-1.,0.));
#1256 = ( GEOMETRIC_REPRESENTATION_CONTEXT(2) 
PARAMETRIC_REPRESENTATION_CONTEXT() REPRESENTATION_CONTEXT('2D SPACE',''
  ) );
#1257 = PCURVE('',#542,#1258);
#1258 = DEFINITIONAL_REPRESENTATION('',(#1259),#1263);
#1259 = LINE('',#1260,#1261);
#1260 = CARTESIAN_POINT('',(170.,0.));
#1261 = VECTOR('',#1262,1.);
#1262 = DIRECTION('',(-1.,0.));
#1263 = ( GEOMETRIC_REPRESENTATION_CONTEXT(2) 
PARAMETRIC_REPRESENTATION_CONTEXT() REPRESENTATION_CONTEXT('2D SPACE',''
  ) );
#1264 = ORIENTED_EDGE('',*,*,#1265,.T.);
#1265 = EDGE_CURVE('',#1243,#1266,#1268,.T.);
#1266 = VERTEX_POINT('',#1267);
#1267 = CARTESIAN_POINT('',(200.95819855446,-50.00000074505,0.));
#1268 = SURFACE_CURVE('',#1269,(#1273,#1280),.PCURVE_S1.);
#1269 = LINE('',#1270,#1271);
#1270 = CARTESIAN_POINT('',(200.95819855446,-4.380939071909,0.));
#1271 = VECTOR('',#1272,1.);
#1272 = DIRECTION('',(0.,1.,0.));
#1273 = PCURVE('',#387,#1274);
#1274 = DEFINITIONAL_REPRESENTATION('',(#1275),#1279);
#1275 = LINE('',#1276,#1277);
#1276 = CARTESIAN_POINT('',(77.479098934507,-45.61906167314));
#1277 = VECTOR('',#1278,1.);
#1278 = DIRECTION('',(0.,1.));
#1279 = ( GEOMETRIC_REPRESENTATION_CONTEXT(2) 
PARAMETRIC_REPRESENTATION_CONTEXT() REPRESENTATION_CONTEXT('2D SPACE',''
  ) );
#1280 = PCURVE('',#1281,#1286);
#1281 = PLANE('',#1282);
#1282 = AXIS2_PLACEMENT_3D('',#1283,#1284,#1285);
#1283 = CARTESIAN_POINT('',(200.95819855446,-50.00000074505,0.));
#1284 = DIRECTION('',(1.,0.,0.));
#1285 = DIRECTION('',(0.,-1.,0.));
#1286 = DEFINITIONAL_REPRESENTATION('',(#1287),#1291);
#1287 = LINE('',#1288,#1289);
#1288 = CARTESIAN_POINT('',(-45.61906167314,0.));
#1289 = VECTOR('',#1290,1.);
#1290 = DIRECTION('',(-1.,0.));
#1291 = ( GEOMETRIC_REPRESENTATION_CONTEXT(2) 
PARAMETRIC_REPRESENTATION_CONTEXT() REPRESENTATION_CONTEXT('2D SPACE',''
  ) );
#1292 = ORIENTED_EDGE('',*,*,#1293,.T.);
#1293 = EDGE_CURVE('',#1266,#1294,#1296,.T.);
#1294 = VERTEX_POINT('',#1295);
#1295 = CARTESIAN_POINT('',(192.45819855446,-50.00000074505,0.));
#1296 = SURFACE_CURVE('',#1297,(#1301,#1308),.PCURVE_S1.);
#1297 = LINE('',#1298,#1299);
#1298 = CARTESIAN_POINT('',(159.71864908721,-50.00000074505,0.));
#1299 = VECTOR('',#1300,1.);
#1300 = DIRECTION('',(-1.,0.,0.));
#1301 = PCURVE('',#387,#1302);
#1302 = DEFINITIONAL_REPRESENTATION('',(#1303),#1307);
#1303 = LINE('',#1304,#1305);
#1304 = CARTESIAN_POINT('',(36.239549467254,-91.23812334629));
#1305 = VECTOR('',#1306,1.);
#1306 = DIRECTION('',(-1.,0.));
#1307 = ( GEOMETRIC_REPRESENTATION_CONTEXT(2) 
PARAMETRIC_REPRESENTATION_CONTEXT() REPRESENTATION_CONTEXT('2D SPACE',''
  ) );
#1308 = PCURVE('',#1309,#1314);
#1309 = PLANE('',#1310);
#1310 = AXIS2_PLACEMENT_3D('',#1311,#1312,#1313);
#1311 = CARTESIAN_POINT('',(195.95819855446,-50.00000074505,0.));
#1312 = DIRECTION('',(0.,1.,0.));
#1313 = DIRECTION('',(1.,0.,0.));
#1314 = DEFINITIONAL_REPRESENTATION('',(#1315),#1319);
#1315 = LINE('',#1316,#1317);
#1316 = CARTESIAN_POINT('',(-36.23954946725,0.));
#1317 = VECTOR('',#1318,1.);
#1318 = DIRECTION('',(-1.,0.));
#1319 = ( GEOMETRIC_REPRESENTATION_CONTEXT(2) 
PARAMETRIC_REPRESENTATION_CONTEXT() REPRESENTATION_CONTEXT('2D SPACE',''
  ) );
#1320 = ORIENTED_EDGE('',*,*,#1321,.F.);
#1321 = EDGE_CURVE('',#1322,#1294,#1324,.T.);
#1322 = VERTEX_POINT('',#1323);
#1323 = CARTESIAN_POINT('',(192.45819855446,-58.76187739876,0.));
#1324 = SURFACE_CURVE('',#1325,(#1329,#1336),.PCURVE_S1.);
#1325 = LINE('',#1326,#1327);
#1326 = CARTESIAN_POINT('',(192.45819855446,-7.684140137608,0.));
#1327 = VECTOR('',#1328,1.);
#1328 = DIRECTION('',(0.,1.,0.));
#1329 = PCURVE('',#387,#1330);
#1330 = DEFINITIONAL_REPRESENTATION('',(#1331),#1335);
#1331 = LINE('',#1332,#1333);
#1332 = CARTESIAN_POINT('',(68.979098934507,-48.92226273884));
#1333 = VECTOR('',#1334,1.);
#1334 = DIRECTION('',(0.,1.));
#1335 = ( GEOMETRIC_REPRESENTATION_CONTEXT(2) 
PARAMETRIC_REPRESENTATION_CONTEXT() REPRESENTATION_CONTEXT('2D SPACE',''
  ) );
#1336 = PCURVE('',#1337,#1342);
#1337 = CYLINDRICAL_SURFACE('',#1338,3.5);
#1338 = AXIS2_PLACEMENT_3D('',#1339,#1340,#1341);
#1339 = CARTESIAN_POINT('',(192.45819855446,-7.684140137608,-3.5));
#1340 = DIRECTION('',(0.,-1.,0.));
#1341 = DIRECTION('',(0.707106781187,0.,0.707106781187));
#1342 = DEFINITIONAL_REPRESENTATION('',(#1343),#1347);
#1343 = LINE('',#1344,#1345);
#1344 = CARTESIAN_POINT('',(0.785398163397,0.));
#1345 = VECTOR('',#1346,1.);
#1346 = DIRECTION('',(0.,-1.));
#1347 = ( GEOMETRIC_REPRESENTATION_CONTEXT(2) 
PARAMETRIC_REPRESENTATION_CONTEXT() REPRESENTATION_CONTEXT('2D SPACE',''
  ) );
#1348 = ORIENTED_EDGE('',*,*,#1349,.T.);
#1349 = EDGE_CURVE('',#1322,#1350,#1352,.T.);
#1350 = VERTEX_POINT('',#1351);
#1351 = CARTESIAN_POINT('',(55.790154306166,-58.76187739876,0.));
#1352 = SURFACE_CURVE('',#1353,(#1357,#1364),.PCURVE_S1.);
#1353 = LINE('',#1354,#1355);
#1354 = CARTESIAN_POINT('',(208.47909961996,-58.76187739876,0.));
#1355 = VECTOR('',#1356,1.);
#1356 = DIRECTION('',(-1.,0.,0.));
#1357 = PCURVE('',#387,#1358);
#1358 = DEFINITIONAL_REPRESENTATION('',(#1359),#1363);
#1359 = LINE('',#1360,#1361);
#1360 = CARTESIAN_POINT('',(85.,-100.));
#1361 = VECTOR('',#1362,1.);
#1362 = DIRECTION('',(-1.,0.));
#1363 = ( GEOMETRIC_REPRESENTATION_CONTEXT(2) 
PARAMETRIC_REPRESENTATION_CONTEXT() REPRESENTATION_CONTEXT('2D SPACE',''
  ) );
#1364 = PCURVE('',#542,#1365);
#1365 = DEFINITIONAL_REPRESENTATION('',(#1366),#1370);
#1366 = LINE('',#1367,#1368);
#1367 = CARTESIAN_POINT('',(170.,0.));
#1368 = VECTOR('',#1369,1.);
#1369 = DIRECTION('',(-1.,0.));
#1370 = ( GEOMETRIC_REPRESENTATION_CONTEXT(2) 
PARAMETRIC_REPRESENTATION_CONTEXT() REPRESENTATION_CONTEXT('2D SPACE',''
  ) );
#1371 = ORIENTED_EDGE('',*,*,#1372,.F.);
#1372 = EDGE_CURVE('',#1373,#1350,#1375,.T.);
#1373 = VERTEX_POINT('',#1374);
#1374 = CARTESIAN_POINT('',(54.500000685453,-58.40876928357,
    -5.551115123126E-16));
#1375 = SURFACE_CURVE('',#1376,(#1385,#1397),.PCURVE_S1.);
#1376 = B_SPLINE_CURVE_WITH_KNOTS('',3,(#1377,#1378,#1379,#1380,#1381,
    #1382,#1383,#1384),.UNSPECIFIED.,.F.,.F.,(4,2,2,4),(
    -4.816985184208E-04,0.,4.138647371613E-02,9.262161109606E-02),
  .UNSPECIFIED.);
#1377 = CARTESIAN_POINT('',(54.500000685453,-58.40876928357,
    -2.775557561563E-16));
#1378 = CARTESIAN_POINT('',(54.501281560406,-58.40973753402,
    -2.711120599511E-16));
#1379 = CARTESIAN_POINT('',(54.502564064891,-58.41070361134,
    -1.387778570838E-15));
#1380 = CARTESIAN_POINT('',(54.614179027138,-58.49448459994,
    -1.387796818672E-15));
#1381 = CARTESIAN_POINT('',(54.763844278544,-58.58216013333,
    -2.500610829514E-11));
#1382 = CARTESIAN_POINT('',(55.234082381234,-58.73267080321,
    -2.500610829514E-11));
#1383 = CARTESIAN_POINT('',(55.517139926793,-58.76187739876,
    -7.362227042412E-17));
#1384 = CARTESIAN_POINT('',(55.790154306137,-58.76187739876,
    -7.374105940148E-17));
#1385 = PCURVE('',#387,#1386);
#1386 = DEFINITIONAL_REPRESENTATION('',(#1387),#1396);
#1387 = B_SPLINE_CURVE_WITH_KNOTS('',3,(#1388,#1389,#1390,#1391,#1392,
    #1393,#1394,#1395),.UNSPECIFIED.,.F.,.F.,(4,2,2,4),(
    -4.816985184208E-04,0.,4.138647371613E-02,9.262161109606E-02),
  .UNSPECIFIED.);
#1388 = CARTESIAN_POINT('',(-68.9790989345,-99.64689188481));
#1389 = CARTESIAN_POINT('',(-68.97781805955,-99.64786013526));
#1390 = CARTESIAN_POINT('',(-68.97653555506,-99.64882621258));
#1391 = CARTESIAN_POINT('',(-68.86492059282,-99.73260720118));
#1392 = CARTESIAN_POINT('',(-68.71525534141,-99.82028273457));
#1393 = CARTESIAN_POINT('',(-68.24501723872,-99.97079340445));
#1394 = CARTESIAN_POINT('',(-67.96195969316,-100.));
#1395 = CARTESIAN_POINT('',(-67.68894531382,-100.));
#1396 = ( GEOMETRIC_REPRESENTATION_CONTEXT(2) 
PARAMETRIC_REPRESENTATION_CONTEXT() REPRESENTATION_CONTEXT('2D SPACE',''
  ) );
#1397 = PCURVE('',#1398,#1449);
#1398 = B_SPLINE_SURFACE_WITH_KNOTS('',3,3,(
    (#1399,#1400,#1401,#1402,#1403,#1404,#1405,#1406,#1407,#1408)
    ,(#1409,#1410,#1411,#1412,#1413,#1414,#1415,#1416,#1417,#1418)
    ,(#1419,#1420,#1421,#1422,#1423,#1424,#1425,#1426,#1427,#1428)
    ,(#1429,#1430,#1431,#1432,#1433,#1434,#1435,#1436,#1437,#1438)
    ,(#1439,#1440,#1441,#1442,#1443,#1444,#1445,#1446,#1447,#1448
  )),.UNSPECIFIED.,.F.,.F.,.F.,(4,1,4),(4,1,1,1,1,1,1,4),(0.,
    0.571428571429,1.),(-0.276501911625,-0.199846267967,-0.123190624309,
    3.012066300779E-02,0.183431950324,0.490054524957,0.643365812274,
    0.79667709959),.UNSPECIFIED.);
#1399 = CARTESIAN_POINT('',(55.790154306137,-58.76187739876,
    -1.110223024625E-15));
#1400 = CARTESIAN_POINT('',(55.573770240689,-58.84173700513,
    3.322761213854E-02));
#1401 = CARTESIAN_POINT('',(55.125126580584,-58.99086492077,
    8.668555130224E-02));
#1402 = CARTESIAN_POINT('',(54.073959001459,-59.07630220363,
    0.114014281783));
#1403 = CARTESIAN_POINT('',(52.922586318127,-58.68169863634,
    -1.626800442951E-02));
#1404 = CARTESIAN_POINT('',(51.40580142013,-57.92671602185,
    -0.43052679652));
#1405 = CARTESIAN_POINT('',(50.095040460934,-57.18032715557,
    -1.166144434033));
#1406 = CARTESIAN_POINT('',(49.228434113528,-56.70044677624,
    -2.263123382966));
#1407 = CARTESIAN_POINT('',(49.031513845329,-56.60640287648,
    -2.906629376099));
#1408 = CARTESIAN_POINT('',(49.006561015015,-56.60640287645,
    -3.231447235807));
#1409 = CARTESIAN_POINT('',(55.69760921851,-58.62585360413,
    -5.659614534399E-02));
#1410 = CARTESIAN_POINT('',(55.497331364329,-58.71191615881,
    -1.682484218348E-02));
#1411 = CARTESIAN_POINT('',(55.081160353964,-58.87371087935,
    4.745790544171E-02));
#1412 = CARTESIAN_POINT('',(54.103435751107,-58.96647294125,
    8.082208954127E-02));
#1413 = CARTESIAN_POINT('',(53.034462253565,-58.53607610202,
    -7.759202340783E-02));
#1414 = CARTESIAN_POINT('',(51.640487818344,-57.73574103522,
    -0.565651528373));
#1415 = CARTESIAN_POINT('',(50.477713887145,-57.01703084838,
    -1.401987248314));
#1416 = CARTESIAN_POINT('',(49.774937831489,-56.65827899227,
    -2.45344334504));
#1417 = CARTESIAN_POINT('',(49.624709072352,-56.60360691862,
    -2.992147603619));
#1418 = CARTESIAN_POINT('',(49.60424585351,-56.60640287645,
    -3.260665708245));
#1419 = CARTESIAN_POINT('',(55.535667702333,-58.37247519828,
    -0.118727516551));
#1420 = CARTESIAN_POINT('',(55.363564168946,-58.4730763975,
    -7.381373400284E-02));
#1421 = CARTESIAN_POINT('',(55.004475616357,-58.66264037657,
    -1.147975404628E-03));
#1422 = CARTESIAN_POINT('',(54.155710893131,-58.77168631059,
    3.688199358711E-02));
#1423 = CARTESIAN_POINT('',(53.231671200669,-58.26878184036,
    -0.143616731529));
#1424 = CARTESIAN_POINT('',(52.053211470949,-57.33609574468,
    -0.690316881739));
#1425 = CARTESIAN_POINT('',(51.150343995,-56.51453614539,-1.616214396085
    ));
#1426 = CARTESIAN_POINT('',(50.723623020791,-56.14405129925,
    -2.641260156307));
#1427 = CARTESIAN_POINT('',(50.652032182057,-56.1000275311,
    -3.091046541137));
#1428 = CARTESIAN_POINT('',(50.639057631297,-56.10434042451,
    -3.311253605802));
#1429 = CARTESIAN_POINT('',(55.383302635893,-58.10724477809,
    -0.112687745302));
#1430 = CARTESIAN_POINT('',(55.236013381855,-58.22527207939,
    -7.447626871579E-02));
#1431 = CARTESIAN_POINT('',(54.929366463583,-58.44620155216,
    -1.277815804138E-02));
#1432 = CARTESIAN_POINT('',(54.20691256305,-58.572928518,
    1.91222411785E-02));
#1433 = CARTESIAN_POINT('',(53.418619227141,-57.98804072448,
    -0.1325870736));
#1434 = CARTESIAN_POINT('',(52.400783629693,-56.87779477158,
    -0.603157835359));
#1435 = CARTESIAN_POINT('',(51.57983527046,-55.81029613961,
    -1.415157877038));
#1436 = CARTESIAN_POINT('',(51.113928811362,-55.17067255068,
    -2.479565851939));
#1437 = CARTESIAN_POINT('',(51.017998376152,-55.05392096599,
    -3.045874521039));
#1438 = CARTESIAN_POINT('',(51.004175440627,-55.05520182696,
    -3.329102786348));
#1439 = CARTESIAN_POINT('',(55.321007534979,-57.99357712579,
    -9.765555050175E-02));
#1440 = CARTESIAN_POINT('',(55.18330858424,-58.11907079295,
    -6.442793836321E-02));
#1441 = CARTESIAN_POINT('',(54.897808073264,-58.35341466038,
    -1.096999919952E-02));
#1442 = CARTESIAN_POINT('',(54.228883250185,-58.48767324773,
    1.635873128164E-02));
#1443 = CARTESIAN_POINT('',(53.496191542609,-57.8675819277,
    -0.113923554931));
#1444 = CARTESIAN_POINT('',(52.530964789339,-56.68118067636,
    -0.528182347022));
#1445 = CARTESIAN_POINT('',(51.696844178941,-55.50828388649,
    -1.263799984534));
#1446 = CARTESIAN_POINT('',(51.14536741241,-54.75418614754,
    -2.360778933467));
#1447 = CARTESIAN_POINT('',(51.020054514465,-54.6064028765,
    -3.004284926601));
#1448 = CARTESIAN_POINT('',(51.004175440629,-54.60640287645,
    -3.329102786308));
#1449 = DEFINITIONAL_REPRESENTATION('',(#1450),#1476);
#1450 = B_SPLINE_CURVE_WITH_KNOTS('',3,(#1451,#1452,#1453,#1454,#1455,
    #1456,#1457,#1458,#1459,#1460,#1461,#1462,#1463,#1464,#1465,#1466,
    #1467,#1468,#1469,#1470,#1471,#1472,#1473,#1474,#1475),
  .UNSPECIFIED.,.F.,.F.,(4,1,1,1,1,1,1,1,1,1,1,1,1,1,1,1,1,1,1,1,1,1,4),
  (-4.816985184208E-04,3.750270100419E-03,7.982238719259E-03,
    1.22142073381E-02,1.644617595694E-02,2.067814457578E-02,
    2.491011319462E-02,2.914208181346E-02,3.33740504323E-02,
    3.760601905114E-02,4.183798766998E-02,4.606995628882E-02,
    5.030192490766E-02,5.45338935265E-02,5.876586214534E-02,
    6.299783076418E-02,6.722979938302E-02,7.146176800186E-02,
    7.56937366207E-02,7.992570523954E-02,8.415767385838E-02,
    8.838964247722E-02,9.262161109606E-02),.UNSPECIFIED.);
#1451 = CARTESIAN_POINT('',(0.996771771135,-0.13854023453));
#1452 = CARTESIAN_POINT('',(0.983132061443,-0.140302087372));
#1453 = CARTESIAN_POINT('',(0.954919909534,-0.14386715198));
#1454 = CARTESIAN_POINT('',(0.910068384819,-0.149336861168));
#1455 = CARTESIAN_POINT('',(0.862933992921,-0.154925897903));
#1456 = CARTESIAN_POINT('',(0.8138178122,-0.160634348288));
#1457 = CARTESIAN_POINT('',(0.763018670206,-0.166466891176));
#1458 = CARTESIAN_POINT('',(0.710830078767,-0.172432674104));
#1459 = CARTESIAN_POINT('',(0.657544824556,-0.178543250423));
#1460 = CARTESIAN_POINT('',(0.603388127451,-0.184819769008));
#1461 = CARTESIAN_POINT('',(0.548738128483,-0.191265207343));
#1462 = CARTESIAN_POINT('',(0.493276862049,-0.197967658791));
#1463 = CARTESIAN_POINT('',(0.439232503622,-0.204704517446));
#1464 = CARTESIAN_POINT('',(0.387693016332,-0.211366300471));
#1465 = CARTESIAN_POINT('',(0.338459469912,-0.217994748792));
#1466 = CARTESIAN_POINT('',(0.291628943893,-0.224588707362));
#1467 = CARTESIAN_POINT('',(0.247181687806,-0.231156200309));
#1468 = CARTESIAN_POINT('',(0.205101407695,-0.237700543245));
#1469 = CARTESIAN_POINT('',(0.165350502706,-0.244224176357));
#1470 = CARTESIAN_POINT('',(0.127882351986,-0.250727768539));
#1471 = CARTESIAN_POINT('',(9.264224571218E-02,-0.257210608311));
#1472 = CARTESIAN_POINT('',(5.957012959826E-02,-0.263670608018));
#1473 = CARTESIAN_POINT('',(2.860230593315E-02,-0.270104563793));
#1474 = CARTESIAN_POINT('',(9.315122284914E-03,-0.274373357204));
#1475 = CARTESIAN_POINT('',(0.,-0.276501911625));
#1476 = ( GEOMETRIC_REPRESENTATION_CONTEXT(2) 
PARAMETRIC_REPRESENTATION_CONTEXT() REPRESENTATION_CONTEXT('2D SPACE',''
  ) );
#1477 = ORIENTED_EDGE('',*,*,#1478,.F.);
#1478 = EDGE_CURVE('',#1479,#1373,#1481,.T.);
#1479 = VERTEX_POINT('',#1480);
#1480 = CARTESIAN_POINT('',(54.500000685453,-50.00000074505,0.));
#1481 = SURFACE_CURVE('',#1482,(#1486,#1493),.PCURVE_S1.);
#1482 = LINE('',#1483,#1484);
#1483 = CARTESIAN_POINT('',(54.500000685453,-4.380939071909,0.));
#1484 = VECTOR('',#1485,1.);
#1485 = DIRECTION('',(0.,-1.,0.));
#1486 = PCURVE('',#387,#1487);
#1487 = DEFINITIONAL_REPRESENTATION('',(#1488),#1492);
#1488 = LINE('',#1489,#1490);
#1489 = CARTESIAN_POINT('',(-68.9790989345,-45.61906167314));
#1490 = VECTOR('',#1491,1.);
#1491 = DIRECTION('',(0.,-1.));
#1492 = ( GEOMETRIC_REPRESENTATION_CONTEXT(2) 
PARAMETRIC_REPRESENTATION_CONTEXT() REPRESENTATION_CONTEXT('2D SPACE',''
  ) );
#1493 = PCURVE('',#1494,#1499);
#1494 = CYLINDRICAL_SURFACE('',#1495,3.5);
#1495 = AXIS2_PLACEMENT_3D('',#1496,#1497,#1498);
#1496 = CARTESIAN_POINT('',(54.500000685453,-4.380939071909,-3.5));
#1497 = DIRECTION('',(0.,1.,0.));
#1498 = DIRECTION('',(-0.707106781187,0.,0.707106781187));
#1499 = DEFINITIONAL_REPRESENTATION('',(#1500),#1504);
#1500 = LINE('',#1501,#1502);
#1501 = CARTESIAN_POINT('',(7.068583470577,0.));
#1502 = VECTOR('',#1503,1.);
#1503 = DIRECTION('',(0.,-1.));
#1504 = ( GEOMETRIC_REPRESENTATION_CONTEXT(2) 
PARAMETRIC_REPRESENTATION_CONTEXT() REPRESENTATION_CONTEXT('2D SPACE',''
  ) );
#1505 = ORIENTED_EDGE('',*,*,#1506,.T.);
#1506 = EDGE_CURVE('',#1479,#1507,#1509,.T.);
#1507 = VERTEX_POINT('',#1508);
#1508 = CARTESIAN_POINT('',(46.000000685453,-50.00000074505,0.));
#1509 = SURFACE_CURVE('',#1510,(#1514,#1521),.PCURVE_S1.);
#1510 = LINE('',#1511,#1512);
#1511 = CARTESIAN_POINT('',(84.739550152707,-50.00000074505,0.));
#1512 = VECTOR('',#1513,1.);
#1513 = DIRECTION('',(-1.,0.,0.));
#1514 = PCURVE('',#387,#1515);
#1515 = DEFINITIONAL_REPRESENTATION('',(#1516),#1520);
#1516 = LINE('',#1517,#1518);
#1517 = CARTESIAN_POINT('',(-38.73954946725,-91.23812334629));
#1518 = VECTOR('',#1519,1.);
#1519 = DIRECTION('',(-1.,0.));
#1520 = ( GEOMETRIC_REPRESENTATION_CONTEXT(2) 
PARAMETRIC_REPRESENTATION_CONTEXT() REPRESENTATION_CONTEXT('2D SPACE',''
  ) );
#1521 = PCURVE('',#1522,#1527);
#1522 = PLANE('',#1523);
#1523 = AXIS2_PLACEMENT_3D('',#1524,#1525,#1526);
#1524 = CARTESIAN_POINT('',(46.000000685453,-50.00000074505,0.));
#1525 = DIRECTION('',(0.,1.,0.));
#1526 = DIRECTION('',(1.,0.,0.));
#1527 = DEFINITIONAL_REPRESENTATION('',(#1528),#1532);
#1528 = LINE('',#1529,#1530);
#1529 = CARTESIAN_POINT('',(38.739549467253,0.));
#1530 = VECTOR('',#1531,1.);
#1531 = DIRECTION('',(-1.,0.));
#1532 = ( GEOMETRIC_REPRESENTATION_CONTEXT(2) 
PARAMETRIC_REPRESENTATION_CONTEXT() REPRESENTATION_CONTEXT('2D SPACE',''
  ) );
#1533 = ORIENTED_EDGE('',*,*,#1534,.T.);
#1534 = EDGE_CURVE('',#1507,#1535,#1537,.T.);
#1535 = VERTEX_POINT('',#1536);
#1536 = CARTESIAN_POINT('',(46.000000685453,-55.65581316719,0.));
#1537 = SURFACE_CURVE('',#1538,(#1542,#1549),.PCURVE_S1.);
#1538 = LINE('',#1539,#1540);
#1539 = CARTESIAN_POINT('',(46.000000685453,-7.684140137608,0.));
#1540 = VECTOR('',#1541,1.);
#1541 = DIRECTION('',(0.,-1.,0.));
#1542 = PCURVE('',#387,#1543);
#1543 = DEFINITIONAL_REPRESENTATION('',(#1544),#1548);
#1544 = LINE('',#1545,#1546);
#1545 = CARTESIAN_POINT('',(-77.4790989345,-48.92226273884));
#1546 = VECTOR('',#1547,1.);
#1547 = DIRECTION('',(0.,-1.));
#1548 = ( GEOMETRIC_REPRESENTATION_CONTEXT(2) 
PARAMETRIC_REPRESENTATION_CONTEXT() REPRESENTATION_CONTEXT('2D SPACE',''
  ) );
#1549 = PCURVE('',#1550,#1555);
#1550 = PLANE('',#1551);
#1551 = AXIS2_PLACEMENT_3D('',#1552,#1553,#1554);
#1552 = CARTESIAN_POINT('',(46.000000685453,-56.60640287645,0.));
#1553 = DIRECTION('',(-1.,0.,0.));
#1554 = DIRECTION('',(0.,1.,0.));
#1555 = DEFINITIONAL_REPRESENTATION('',(#1556),#1560);
#1556 = LINE('',#1557,#1558);
#1557 = CARTESIAN_POINT('',(48.922262738848,0.));
#1558 = VECTOR('',#1559,1.);
#1559 = DIRECTION('',(-1.,0.));
#1560 = ( GEOMETRIC_REPRESENTATION_CONTEXT(2) 
PARAMETRIC_REPRESENTATION_CONTEXT() REPRESENTATION_CONTEXT('2D SPACE',''
  ) );
#1561 = ORIENTED_EDGE('',*,*,#1562,.T.);
#1562 = EDGE_CURVE('',#1535,#1563,#1565,.T.);
#1563 = VERTEX_POINT('',#1564);
#1564 = CARTESIAN_POINT('',(48.000000685453,-58.76187739876,0.));
#1565 = SURFACE_CURVE('',#1566,(#1579,#1595),.PCURVE_S1.);
#1566 = B_SPLINE_CURVE_WITH_KNOTS('',3,(#1567,#1568,#1569,#1570,#1571,
    #1572,#1573,#1574,#1575,#1576,#1577,#1578),.UNSPECIFIED.,.F.,.F.,(4,
    2,2,2,2,4),(0.321311687487,0.423277174715,0.536881415131,
    0.634233253476,0.667310466383,0.693812101203),.UNSPECIFIED.);
#1567 = CARTESIAN_POINT('',(46.000000685453,-55.65581316719,0.));
#1568 = CARTESIAN_POINT('',(46.000000685453,-55.99569812462,
    -1.477226596098E-18));
#1569 = CARTESIAN_POINT('',(46.070615548449,-56.39740063954,0.));
#1570 = CARTESIAN_POINT('',(46.292725060259,-57.0807776325,0.));
#1571 = CARTESIAN_POINT('',(46.496106018716,-57.48714072235,0.));
#1572 = CARTESIAN_POINT('',(46.89525612743,-58.06606303848,0.));
#1573 = CARTESIAN_POINT('',(47.149374073958,-58.36112600822,0.));
#1574 = CARTESIAN_POINT('',(47.504767469164,-58.61155531802,0.));
#1575 = CARTESIAN_POINT('',(47.620150289301,-58.67630434918,0.));
#1576 = CARTESIAN_POINT('',(47.807500294995,-58.74218613553,0.));
#1577 = CARTESIAN_POINT('',(47.911661902718,-58.76187739876,0.));
#1578 = CARTESIAN_POINT('',(48.000000685453,-58.76187739876,0.));
#1579 = PCURVE('',#387,#1580);
#1580 = DEFINITIONAL_REPRESENTATION('',(#1581),#1594);
#1581 = B_SPLINE_CURVE_WITH_KNOTS('',3,(#1582,#1583,#1584,#1585,#1586,
    #1587,#1588,#1589,#1590,#1591,#1592,#1593),.UNSPECIFIED.,.F.,.F.,(4,
    2,2,2,2,4),(0.321311687487,0.423277174715,0.536881415131,
    0.634233253476,0.667310466383,0.693812101203),.UNSPECIFIED.);
#1582 = CARTESIAN_POINT('',(-77.4790989345,-96.89393576843));
#1583 = CARTESIAN_POINT('',(-77.4790989345,-97.23382072586));
#1584 = CARTESIAN_POINT('',(-77.40848407151,-97.63552324078));
#1585 = CARTESIAN_POINT('',(-77.1863745597,-98.31890023374));
#1586 = CARTESIAN_POINT('',(-76.98299360124,-98.72526332358));
#1587 = CARTESIAN_POINT('',(-76.58384349253,-99.30418563971));
#1588 = CARTESIAN_POINT('',(-76.329725546,-99.59924860946));
#1589 = CARTESIAN_POINT('',(-75.97433215079,-99.84967791926));
#1590 = CARTESIAN_POINT('',(-75.85894933065,-99.91442695042));
#1591 = CARTESIAN_POINT('',(-75.67159932496,-99.98030873677));
#1592 = CARTESIAN_POINT('',(-75.56743771724,-100.));
#1593 = CARTESIAN_POINT('',(-75.4790989345,-100.));
#1594 = ( GEOMETRIC_REPRESENTATION_CONTEXT(2) 
PARAMETRIC_REPRESENTATION_CONTEXT() REPRESENTATION_CONTEXT('2D SPACE',''
  ) );
#1595 = PCURVE('',#1596,#1601);
#1596 = TOROIDAL_SURFACE('',#1597,5.5,2.);
#1597 = AXIS2_PLACEMENT_3D('',#1598,#1599,#1600);
#1598 = CARTESIAN_POINT('',(48.000000685453,-60.10640287645,
    -3.23144723612));
#1599 = DIRECTION('',(-1.,0.,0.));
#1600 = DIRECTION('',(0.,0.,1.));
#1601 = DEFINITIONAL_REPRESENTATION('',(#1602),#1628);
#1602 = B_SPLINE_CURVE_WITH_KNOTS('',3,(#1603,#1604,#1605,#1606,#1607,
    #1608,#1609,#1610,#1611,#1612,#1613,#1614,#1615,#1616,#1617,#1618,
    #1619,#1620,#1621,#1622,#1623,#1624,#1625,#1626,#1627),
  .UNSPECIFIED.,.F.,.F.,(4,1,1,1,1,1,1,1,1,1,1,1,1,1,1,1,1,1,1,1,1,1,4),
  (0.321311687487,0.338243524474,0.355175361461,0.372107198448,
    0.389039035435,0.405970872422,0.422902709409,0.439834546396,
    0.456766383384,0.473698220371,0.490630057358,0.507561894345,
    0.524493731332,0.541425568319,0.558357405306,0.575289242294,
    0.592221079281,0.609152916268,0.626084753255,0.643016590242,
    0.659948427229,0.676880264216,0.693812101203),
  .QUASI_UNIFORM_KNOTS.);
#1603 = CARTESIAN_POINT('',(0.94278602602,1.570796326795));
#1604 = CARTESIAN_POINT('',(0.936762995635,1.59362481025));
#1605 = CARTESIAN_POINT('',(0.924029438958,1.640390182415));
#1606 = CARTESIAN_POINT('',(0.903169334292,1.712455926807));
#1607 = CARTESIAN_POINT('',(0.880807343047,1.785074137834));
#1608 = CARTESIAN_POINT('',(0.857358270764,1.856731510606));
#1609 = CARTESIAN_POINT('',(0.833186797211,1.926416116633));
#1610 = CARTESIAN_POINT('',(0.809338262808,1.991787387899));
#1611 = CARTESIAN_POINT('',(0.784897997666,2.056321161151));
#1612 = CARTESIAN_POINT('',(0.758198793104,2.124087517594));
#1613 = CARTESIAN_POINT('',(0.730081634537,2.192626349652));
#1614 = CARTESIAN_POINT('',(0.700813217546,2.261297295869));
#1615 = CARTESIAN_POINT('',(0.671015853268,2.328932097173));
#1616 = CARTESIAN_POINT('',(0.641094280918,2.395183722445));
#1617 = CARTESIAN_POINT('',(0.612631275239,2.457697289062));
#1618 = CARTESIAN_POINT('',(0.582579022036,2.523790558002));
#1619 = CARTESIAN_POINT('',(0.551238694669,2.593192832064));
#1620 = CARTESIAN_POINT('',(0.519752263464,2.664540662151));
#1621 = CARTESIAN_POINT('',(0.489242774038,2.736964797902));
#1622 = CARTESIAN_POINT('',(0.460983611871,2.809769421758));
#1623 = CARTESIAN_POINT('',(0.436460926226,2.882008464754));
#1624 = CARTESIAN_POINT('',(0.413002561449,2.967914462827));
#1625 = CARTESIAN_POINT('',(0.39852407141,3.050813895849));
#1626 = CARTESIAN_POINT('',(0.394541057152,3.11039186173));
#1627 = CARTESIAN_POINT('',(0.394287153783,3.14159265359));
#1628 = ( GEOMETRIC_REPRESENTATION_CONTEXT(2) 
PARAMETRIC_REPRESENTATION_CONTEXT() REPRESENTATION_CONTEXT('2D SPACE',''
  ) );
#1629 = ORIENTED_EDGE('',*,*,#1630,.T.);
#1630 = EDGE_CURVE('',#1563,#1631,#1633,.T.);
#1631 = VERTEX_POINT('',#1632);
#1632 = CARTESIAN_POINT('',(38.47909961996,-58.76187739876,0.));
#1633 = SURFACE_CURVE('',#1634,(#1638,#1645),.PCURVE_S1.);
#1634 = LINE('',#1635,#1636);
#1635 = CARTESIAN_POINT('',(208.47909961996,-58.76187739876,0.));
#1636 = VECTOR('',#1637,1.);
#1637 = DIRECTION('',(-1.,0.,0.));
#1638 = PCURVE('',#387,#1639);
#1639 = DEFINITIONAL_REPRESENTATION('',(#1640),#1644);
#1640 = LINE('',#1641,#1642);
#1641 = CARTESIAN_POINT('',(85.,-100.));
#1642 = VECTOR('',#1643,1.);
#1643 = DIRECTION('',(-1.,0.));
#1644 = ( GEOMETRIC_REPRESENTATION_CONTEXT(2) 
PARAMETRIC_REPRESENTATION_CONTEXT() REPRESENTATION_CONTEXT('2D SPACE',''
  ) );
#1645 = PCURVE('',#542,#1646);
#1646 = DEFINITIONAL_REPRESENTATION('',(#1647),#1651);
#1647 = LINE('',#1648,#1649);
#1648 = CARTESIAN_POINT('',(170.,0.));
#1649 = VECTOR('',#1650,1.);
#1650 = DIRECTION('',(-1.,0.));
#1651 = ( GEOMETRIC_REPRESENTATION_CONTEXT(2) 
PARAMETRIC_REPRESENTATION_CONTEXT() REPRESENTATION_CONTEXT('2D SPACE',''
  ) );
#1652 = ORIENTED_EDGE('',*,*,#1653,.T.);
#1653 = EDGE_CURVE('',#1631,#1654,#1656,.T.);
#1654 = VERTEX_POINT('',#1655);
#1655 = CARTESIAN_POINT('',(38.47909961996,103.64876042895,0.));
#1656 = SURFACE_CURVE('',#1657,(#1661,#1668),.PCURVE_S1.);
#1657 = LINE('',#1658,#1659);
#1658 = CARTESIAN_POINT('',(38.47909961996,-58.76187739876,0.));
#1659 = VECTOR('',#1660,1.);
#1660 = DIRECTION('',(0.,1.,0.));
#1661 = PCURVE('',#387,#1662);
#1662 = DEFINITIONAL_REPRESENTATION('',(#1663),#1667);
#1663 = LINE('',#1664,#1665);
#1664 = CARTESIAN_POINT('',(-85.,-100.));
#1665 = VECTOR('',#1666,1.);
#1666 = DIRECTION('',(0.,1.));
#1667 = ( GEOMETRIC_REPRESENTATION_CONTEXT(2) 
PARAMETRIC_REPRESENTATION_CONTEXT() REPRESENTATION_CONTEXT('2D SPACE',''
  ) );
#1668 = PCURVE('',#332,#1669);
#1669 = DEFINITIONAL_REPRESENTATION('',(#1670),#1674);
#1670 = LINE('',#1671,#1672);
#1671 = CARTESIAN_POINT('',(200.,0.));
#1672 = VECTOR('',#1673,1.);
#1673 = DIRECTION('',(-1.,0.));
#1674 = ( GEOMETRIC_REPRESENTATION_CONTEXT(2) 
PARAMETRIC_REPRESENTATION_CONTEXT() REPRESENTATION_CONTEXT('2D SPACE',''
  ) );
#1675 = ORIENTED_EDGE('',*,*,#1676,.T.);
#1676 = EDGE_CURVE('',#1654,#1677,#1679,.T.);
#1677 = VERTEX_POINT('',#1678);
#1678 = CARTESIAN_POINT('',(45.002429234925,103.64876042895,0.));
#1679 = SURFACE_CURVE('',#1680,(#1684,#1691),.PCURVE_S1.);
#1680 = LINE('',#1681,#1682);
#1681 = CARTESIAN_POINT('',(84.240764427443,103.64876042895,0.));
#1682 = VECTOR('',#1683,1.);
#1683 = DIRECTION('',(1.,0.,0.));
#1684 = PCURVE('',#387,#1685);
#1685 = DEFINITIONAL_REPRESENTATION('',(#1686),#1690);
#1686 = LINE('',#1687,#1688);
#1687 = CARTESIAN_POINT('',(-39.23833519251,62.410637827718));
#1688 = VECTOR('',#1689,1.);
#1689 = DIRECTION('',(1.,0.));
#1690 = ( GEOMETRIC_REPRESENTATION_CONTEXT(2) 
PARAMETRIC_REPRESENTATION_CONTEXT() REPRESENTATION_CONTEXT('2D SPACE',''
  ) );
#1691 = PCURVE('',#306,#1692);
#1692 = DEFINITIONAL_REPRESENTATION('',(#1693),#1697);
#1693 = LINE('',#1694,#1695);
#1694 = CARTESIAN_POINT('',(-39.23833519251,-0.));
#1695 = VECTOR('',#1696,1.);
#1696 = DIRECTION('',(-1.,-0.));
#1697 = ( GEOMETRIC_REPRESENTATION_CONTEXT(2) 
PARAMETRIC_REPRESENTATION_CONTEXT() REPRESENTATION_CONTEXT('2D SPACE',''
  ) );
#1698 = ORIENTED_EDGE('',*,*,#1699,.T.);
#1699 = EDGE_CURVE('',#1677,#1700,#1702,.T.);
#1700 = VERTEX_POINT('',#1701);
#1701 = CARTESIAN_POINT('',(47.960726448711,104.,0.));
#1702 = SURFACE_CURVE('',#1703,(#1708,#1715),.PCURVE_S1.);
#1703 = CIRCLE('',#1704,1.5);
#1704 = AXIS2_PLACEMENT_3D('',#1705,#1706,#1707);
#1705 = CARTESIAN_POINT('',(46.460726448711,104.,0.));
#1706 = DIRECTION('',(0.,0.,1.));
#1707 = DIRECTION('',(-1.,0.,0.));
#1708 = PCURVE('',#387,#1709);
#1709 = DEFINITIONAL_REPRESENTATION('',(#1710),#1714);
#1710 = CIRCLE('',#1711,1.5);
#1711 = AXIS2_PLACEMENT_2D('',#1712,#1713);
#1712 = CARTESIAN_POINT('',(-77.01837317124,62.761877398761));
#1713 = DIRECTION('',(-1.,0.));
#1714 = ( GEOMETRIC_REPRESENTATION_CONTEXT(2) 
PARAMETRIC_REPRESENTATION_CONTEXT() REPRESENTATION_CONTEXT('2D SPACE',''
  ) );
#1715 = PCURVE('',#278,#1716);
#1716 = DEFINITIONAL_REPRESENTATION('',(#1717),#1721);
#1717 = LINE('',#1718,#1719);
#1718 = CARTESIAN_POINT('',(6.28318530718,4.));
#1719 = VECTOR('',#1720,1.);
#1720 = DIRECTION('',(-1.,0.));
#1721 = ( GEOMETRIC_REPRESENTATION_CONTEXT(2) 
PARAMETRIC_REPRESENTATION_CONTEXT() REPRESENTATION_CONTEXT('2D SPACE',''
  ) );
#1722 = ORIENTED_EDGE('',*,*,#1723,.T.);
#1723 = EDGE_CURVE('',#1700,#1724,#1726,.T.);
#1724 = VERTEX_POINT('',#1725);
#1725 = CARTESIAN_POINT('',(45.47909961996,105.13419961606,0.));
#1726 = SURFACE_CURVE('',#1727,(#1732,#1739),.PCURVE_S1.);
#1727 = CIRCLE('',#1728,1.5);
#1728 = AXIS2_PLACEMENT_3D('',#1729,#1730,#1731);
#1729 = CARTESIAN_POINT('',(46.460726448711,104.,0.));
#1730 = DIRECTION('',(0.,0.,1.));
#1731 = DIRECTION('',(-1.,0.,0.));
#1732 = PCURVE('',#387,#1733);
#1733 = DEFINITIONAL_REPRESENTATION('',(#1734),#1738);
#1734 = CIRCLE('',#1735,1.5);
#1735 = AXIS2_PLACEMENT_2D('',#1736,#1737);
#1736 = CARTESIAN_POINT('',(-77.01837317124,62.761877398761));
#1737 = DIRECTION('',(-1.,0.));
#1738 = ( GEOMETRIC_REPRESENTATION_CONTEXT(2) 
PARAMETRIC_REPRESENTATION_CONTEXT() REPRESENTATION_CONTEXT('2D SPACE',''
  ) );
#1739 = PCURVE('',#278,#1740);
#1740 = DEFINITIONAL_REPRESENTATION('',(#1741),#1745);
#1741 = LINE('',#1742,#1743);
#1742 = CARTESIAN_POINT('',(12.566370614359,4.));
#1743 = VECTOR('',#1744,1.);
#1744 = DIRECTION('',(-1.,0.));
#1745 = ( GEOMETRIC_REPRESENTATION_CONTEXT(2) 
PARAMETRIC_REPRESENTATION_CONTEXT() REPRESENTATION_CONTEXT('2D SPACE',''
  ) );
#1746 = ORIENTED_EDGE('',*,*,#1747,.T.);
#1747 = EDGE_CURVE('',#1724,#859,#1748,.T.);
#1748 = SURFACE_CURVE('',#1749,(#1753,#1760),.PCURVE_S1.);
#1749 = LINE('',#1750,#1751);
#1750 = CARTESIAN_POINT('',(45.47909961996,85.051961492588,0.));
#1751 = VECTOR('',#1752,1.);
#1752 = DIRECTION('',(0.,1.,0.));
#1753 = PCURVE('',#387,#1754);
#1754 = DEFINITIONAL_REPRESENTATION('',(#1755),#1759);
#1755 = LINE('',#1756,#1757);
#1756 = CARTESIAN_POINT('',(-78.,43.813838891349));
#1757 = VECTOR('',#1758,1.);
#1758 = DIRECTION('',(0.,1.));
#1759 = ( GEOMETRIC_REPRESENTATION_CONTEXT(2) 
PARAMETRIC_REPRESENTATION_CONTEXT() REPRESENTATION_CONTEXT('2D SPACE',''
  ) );
#1760 = PCURVE('',#249,#1761);
#1761 = DEFINITIONAL_REPRESENTATION('',(#1762),#1766);
#1762 = LINE('',#1763,#1764);
#1763 = CARTESIAN_POINT('',(43.813838891349,0.));
#1764 = VECTOR('',#1765,1.);
#1765 = DIRECTION('',(-1.,0.));
#1766 = ( GEOMETRIC_REPRESENTATION_CONTEXT(2) 
PARAMETRIC_REPRESENTATION_CONTEXT() REPRESENTATION_CONTEXT('2D SPACE',''
  ) );
#1767 = ORIENTED_EDGE('',*,*,#858,.T.);
#1768 = ORIENTED_EDGE('',*,*,#1769,.T.);
#1769 = EDGE_CURVE('',#861,#686,#1770,.T.);
#1770 = SURFACE_CURVE('',#1771,(#1775,#1782),.PCURVE_S1.);
#1771 = LINE('',#1772,#1773);
#1772 = CARTESIAN_POINT('',(45.47909961996,85.051961492588,0.));
#1773 = VECTOR('',#1774,1.);
#1774 = DIRECTION('',(0.,1.,0.));
#1775 = PCURVE('',#387,#1776);
#1776 = DEFINITIONAL_REPRESENTATION('',(#1777),#1781);
#1777 = LINE('',#1778,#1779);
#1778 = CARTESIAN_POINT('',(-78.,43.813838891349));
#1779 = VECTOR('',#1780,1.);
#1780 = DIRECTION('',(0.,1.));
#1781 = ( GEOMETRIC_REPRESENTATION_CONTEXT(2) 
PARAMETRIC_REPRESENTATION_CONTEXT() REPRESENTATION_CONTEXT('2D SPACE',''
  ) );
#1782 = PCURVE('',#249,#1783);
#1783 = DEFINITIONAL_REPRESENTATION('',(#1784),#1788);
#1784 = LINE('',#1785,#1786);
#1785 = CARTESIAN_POINT('',(43.813838891349,0.));
#1786 = VECTOR('',#1787,1.);
#1787 = DIRECTION('',(-1.,0.));
#1788 = ( GEOMETRIC_REPRESENTATION_CONTEXT(2) 
PARAMETRIC_REPRESENTATION_CONTEXT() REPRESENTATION_CONTEXT('2D SPACE',''
  ) );
#1789 = ORIENTED_EDGE('',*,*,#708,.T.);
#1790 = ORIENTED_EDGE('',*,*,#639,.T.);
#1791 = ORIENTED_EDGE('',*,*,#784,.T.);
#1792 = ORIENTED_EDGE('',*,*,#833,.T.);
#1793 = ORIENTED_EDGE('',*,*,#1794,.T.);
#1794 = EDGE_CURVE('',#811,#1795,#1797,.T.);
#1795 = VERTEX_POINT('',#1796);
#1796 = CARTESIAN_POINT('',(38.47909961996,141.23812260123,0.));
#1797 = SURFACE_CURVE('',#1798,(#1802,#1809),.PCURVE_S1.);
#1798 = LINE('',#1799,#1800);
#1799 = CARTESIAN_POINT('',(38.47909961996,-58.76187739876,0.));
#1800 = VECTOR('',#1801,1.);
#1801 = DIRECTION('',(0.,1.,0.));
#1802 = PCURVE('',#387,#1803);
#1803 = DEFINITIONAL_REPRESENTATION('',(#1804),#1808);
#1804 = LINE('',#1805,#1806);
#1805 = CARTESIAN_POINT('',(-85.,-100.));
#1806 = VECTOR('',#1807,1.);
#1807 = DIRECTION('',(0.,1.));
#1808 = ( GEOMETRIC_REPRESENTATION_CONTEXT(2) 
PARAMETRIC_REPRESENTATION_CONTEXT() REPRESENTATION_CONTEXT('2D SPACE',''
  ) );
#1809 = PCURVE('',#332,#1810);
#1810 = DEFINITIONAL_REPRESENTATION('',(#1811),#1815);
#1811 = LINE('',#1812,#1813);
#1812 = CARTESIAN_POINT('',(200.,0.));
#1813 = VECTOR('',#1814,1.);
#1814 = DIRECTION('',(-1.,0.));
#1815 = ( GEOMETRIC_REPRESENTATION_CONTEXT(2) 
PARAMETRIC_REPRESENTATION_CONTEXT() REPRESENTATION_CONTEXT('2D SPACE',''
  ) );
#1816 = ORIENTED_EDGE('',*,*,#1817,.T.);
#1817 = EDGE_CURVE('',#1795,#448,#1818,.T.);
#1818 = SURFACE_CURVE('',#1819,(#1823,#1830),.PCURVE_S1.);
#1819 = LINE('',#1820,#1821);
#1820 = CARTESIAN_POINT('',(38.47909961996,141.23812260123,0.));
#1821 = VECTOR('',#1822,1.);
#1822 = DIRECTION('',(1.,0.,0.));
#1823 = PCURVE('',#387,#1824);
#1824 = DEFINITIONAL_REPRESENTATION('',(#1825),#1829);
#1825 = LINE('',#1826,#1827);
#1826 = CARTESIAN_POINT('',(-85.,100.));
#1827 = VECTOR('',#1828,1.);
#1828 = DIRECTION('',(1.,0.));
#1829 = ( GEOMETRIC_REPRESENTATION_CONTEXT(2) 
PARAMETRIC_REPRESENTATION_CONTEXT() REPRESENTATION_CONTEXT('2D SPACE',''
  ) );
#1830 = PCURVE('',#486,#1831);
#1831 = DEFINITIONAL_REPRESENTATION('',(#1832),#1836);
#1832 = LINE('',#1833,#1834);
#1833 = CARTESIAN_POINT('',(170.,0.));
#1834 = VECTOR('',#1835,1.);
#1835 = DIRECTION('',(-1.,0.));
#1836 = ( GEOMETRIC_REPRESENTATION_CONTEXT(2) 
PARAMETRIC_REPRESENTATION_CONTEXT() REPRESENTATION_CONTEXT('2D SPACE',''
  ) );
#1837 = ORIENTED_EDGE('',*,*,#447,.T.);
#1838 = ORIENTED_EDGE('',*,*,#1839,.T.);
#1839 = EDGE_CURVE('',#425,#1840,#1842,.T.);
#1840 = VERTEX_POINT('',#1841);
#1841 = CARTESIAN_POINT('',(201.47909961996,131.64876042895,0.));
#1842 = SURFACE_CURVE('',#1843,(#1847,#1854),.PCURVE_S1.);
#1843 = LINE('',#1844,#1845);
#1844 = CARTESIAN_POINT('',(162.47909961996,131.64876042895,0.));
#1845 = VECTOR('',#1846,1.);
#1846 = DIRECTION('',(-1.,0.,0.));
#1847 = PCURVE('',#387,#1848);
#1848 = DEFINITIONAL_REPRESENTATION('',(#1849),#1853);
#1849 = LINE('',#1850,#1851);
#1850 = CARTESIAN_POINT('',(39.,90.410637827718));
#1851 = VECTOR('',#1852,1.);
#1852 = DIRECTION('',(-1.,0.));
#1853 = ( GEOMETRIC_REPRESENTATION_CONTEXT(2) 
PARAMETRIC_REPRESENTATION_CONTEXT() REPRESENTATION_CONTEXT('2D SPACE',''
  ) );
#1854 = PCURVE('',#126,#1855);
#1855 = DEFINITIONAL_REPRESENTATION('',(#1856),#1860);
#1856 = LINE('',#1857,#1858);
#1857 = CARTESIAN_POINT('',(-39.,0.));
#1858 = VECTOR('',#1859,1.);
#1859 = DIRECTION('',(-1.,0.));
#1860 = ( GEOMETRIC_REPRESENTATION_CONTEXT(2) 
PARAMETRIC_REPRESENTATION_CONTEXT() REPRESENTATION_CONTEXT('2D SPACE',''
  ) );
#1861 = ORIENTED_EDGE('',*,*,#1862,.T.);
#1862 = EDGE_CURVE('',#1840,#1113,#1863,.T.);
#1863 = SURFACE_CURVE('',#1864,(#1868,#1875),.PCURVE_S1.);
#1864 = LINE('',#1865,#1866);
#1865 = CARTESIAN_POINT('',(201.47909961996,72.443441515098,0.));
#1866 = VECTOR('',#1867,1.);
#1867 = DIRECTION('',(0.,-1.,0.));
#1868 = PCURVE('',#387,#1869);
#1869 = DEFINITIONAL_REPRESENTATION('',(#1870),#1874);
#1870 = LINE('',#1871,#1872);
#1871 = CARTESIAN_POINT('',(78.,31.205318913859));
#1872 = VECTOR('',#1873,1.);
#1873 = DIRECTION('',(0.,-1.));
#1874 = ( GEOMETRIC_REPRESENTATION_CONTEXT(2) 
PARAMETRIC_REPRESENTATION_CONTEXT() REPRESENTATION_CONTEXT('2D SPACE',''
  ) );
#1875 = PCURVE('',#100,#1876);
#1876 = DEFINITIONAL_REPRESENTATION('',(#1877),#1881);
#1877 = LINE('',#1878,#1879);
#1878 = CARTESIAN_POINT('',(-31.20531891385,0.));
#1879 = VECTOR('',#1880,1.);
#1880 = DIRECTION('',(-1.,0.));
#1881 = ( GEOMETRIC_REPRESENTATION_CONTEXT(2) 
PARAMETRIC_REPRESENTATION_CONTEXT() REPRESENTATION_CONTEXT('2D SPACE',''
  ) );
#1882 = FACE_BOUND('',#1883,.T.);
#1883 = EDGE_LOOP('',(#1884));
#1884 = ORIENTED_EDGE('',*,*,#1885,.T.);
#1885 = EDGE_CURVE('',#1886,#1886,#1888,.T.);
#1886 = VERTEX_POINT('',#1887);
#1887 = CARTESIAN_POINT('',(137.47909961996,122.23812260123,0.));
#1888 = SURFACE_CURVE('',#1889,(#1894,#1901),.PCURVE_S1.);
#1889 = CIRCLE('',#1890,14.);
#1890 = AXIS2_PLACEMENT_3D('',#1891,#1892,#1893);
#1891 = CARTESIAN_POINT('',(123.47909961996,122.23812260123,0.));
#1892 = DIRECTION('',(0.,0.,1.));
#1893 = DIRECTION('',(-1.,0.,0.));
#1894 = PCURVE('',#387,#1895);
#1895 = DEFINITIONAL_REPRESENTATION('',(#1896),#1900);
#1896 = CIRCLE('',#1897,14.);
#1897 = AXIS2_PLACEMENT_2D('',#1898,#1899);
#1898 = CARTESIAN_POINT('',(0.,81.));
#1899 = DIRECTION('',(-1.,0.));
#1900 = ( GEOMETRIC_REPRESENTATION_CONTEXT(2) 
PARAMETRIC_REPRESENTATION_CONTEXT() REPRESENTATION_CONTEXT('2D SPACE',''
  ) );
#1901 = PCURVE('',#1902,#1907);
#1902 = CYLINDRICAL_SURFACE('',#1903,14.);
#1903 = AXIS2_PLACEMENT_3D('',#1904,#1905,#1906);
#1904 = CARTESIAN_POINT('',(123.47909961996,122.23812260123,0.));
#1905 = DIRECTION('',(0.,0.,-1.));
#1906 = DIRECTION('',(-1.,0.,0.));
#1907 = DEFINITIONAL_REPRESENTATION('',(#1908),#1912);
#1908 = LINE('',#1909,#1910);
#1909 = CARTESIAN_POINT('',(6.28318530718,0.));
#1910 = VECTOR('',#1911,1.);
#1911 = DIRECTION('',(-1.,0.));
#1912 = ( GEOMETRIC_REPRESENTATION_CONTEXT(2) 
PARAMETRIC_REPRESENTATION_CONTEXT() REPRESENTATION_CONTEXT('2D SPACE',''
  ) );
#1913 = FACE_BOUND('',#1914,.T.);
#1914 = EDGE_LOOP('',(#1915));
#1915 = ORIENTED_EDGE('',*,*,#1916,.T.);
#1916 = EDGE_CURVE('',#1917,#1917,#1919,.T.);
#1917 = VERTEX_POINT('',#1918);
#1918 = CARTESIAN_POINT('',(126.5,73.333333333333,0.));
#1919 = SURFACE_CURVE('',#1920,(#1925,#1932),.PCURVE_S1.);
#1920 = CIRCLE('',#1921,1.5);
#1921 = AXIS2_PLACEMENT_3D('',#1922,#1923,#1924);
#1922 = CARTESIAN_POINT('',(125.,73.333333333333,0.));
#1923 = DIRECTION('',(0.,0.,1.));
#1924 = DIRECTION('',(-1.,0.,0.));
#1925 = PCURVE('',#387,#1926);
#1926 = DEFINITIONAL_REPRESENTATION('',(#1927),#1931);
#1927 = CIRCLE('',#1928,1.5);
#1928 = AXIS2_PLACEMENT_2D('',#1929,#1930);
#1929 = CARTESIAN_POINT('',(1.52090038004,32.095210732094));
#1930 = DIRECTION('',(-1.,0.));
#1931 = ( GEOMETRIC_REPRESENTATION_CONTEXT(2) 
PARAMETRIC_REPRESENTATION_CONTEXT() REPRESENTATION_CONTEXT('2D SPACE',''
  ) );
#1932 = PCURVE('',#1933,#1938);
#1933 = CYLINDRICAL_SURFACE('',#1934,1.5);
#1934 = AXIS2_PLACEMENT_3D('',#1935,#1936,#1937);
#1935 = CARTESIAN_POINT('',(125.,73.333333333333,4.));
#1936 = DIRECTION('',(0.,0.,-1.));
#1937 = DIRECTION('',(-1.,0.,0.));
#1938 = DEFINITIONAL_REPRESENTATION('',(#1939),#1943);
#1939 = LINE('',#1940,#1941);
#1940 = CARTESIAN_POINT('',(12.566370614359,4.));
#1941 = VECTOR('',#1942,1.);
#1942 = DIRECTION('',(-1.,0.));
#1943 = ( GEOMETRIC_REPRESENTATION_CONTEXT(2) 
PARAMETRIC_REPRESENTATION_CONTEXT() REPRESENTATION_CONTEXT('2D SPACE',''
  ) );
#1944 = FACE_BOUND('',#1945,.T.);
#1945 = EDGE_LOOP('',(#1946));
#1946 = ORIENTED_EDGE('',*,*,#1947,.T.);
#1947 = EDGE_CURVE('',#1948,#1948,#1950,.T.);
#1948 = VERTEX_POINT('',#1949);
#1949 = CARTESIAN_POINT('',(47.960726448711,26.,0.));
#1950 = SURFACE_CURVE('',#1951,(#1956,#1963),.PCURVE_S1.);
#1951 = CIRCLE('',#1952,1.5);
#1952 = AXIS2_PLACEMENT_3D('',#1953,#1954,#1955);
#1953 = CARTESIAN_POINT('',(46.460726448711,26.,0.));
#1954 = DIRECTION('',(0.,0.,1.));
#1955 = DIRECTION('',(-1.,0.,0.));
#1956 = PCURVE('',#387,#1957);
#1957 = DEFINITIONAL_REPRESENTATION('',(#1958),#1962);
#1958 = CIRCLE('',#1959,1.5);
#1959 = AXIS2_PLACEMENT_2D('',#1960,#1961);
#1960 = CARTESIAN_POINT('',(-77.01837317124,-15.23812260123));
#1961 = DIRECTION('',(-1.,0.));
#1962 = ( GEOMETRIC_REPRESENTATION_CONTEXT(2) 
PARAMETRIC_REPRESENTATION_CONTEXT() REPRESENTATION_CONTEXT('2D SPACE',''
  ) );
#1963 = PCURVE('',#1964,#1969);
#1964 = CYLINDRICAL_SURFACE('',#1965,1.5);
#1965 = AXIS2_PLACEMENT_3D('',#1966,#1967,#1968);
#1966 = CARTESIAN_POINT('',(46.460726448711,26.,4.));
#1967 = DIRECTION('',(0.,0.,-1.));
#1968 = DIRECTION('',(-1.,0.,0.));
#1969 = DEFINITIONAL_REPRESENTATION('',(#1970),#1974);
#1970 = LINE('',#1971,#1972);
#1971 = CARTESIAN_POINT('',(12.566370614359,4.));
#1972 = VECTOR('',#1973,1.);
#1973 = DIRECTION('',(-1.,0.));
#1974 = ( GEOMETRIC_REPRESENTATION_CONTEXT(2) 
PARAMETRIC_REPRESENTATION_CONTEXT() REPRESENTATION_CONTEXT('2D SPACE',''
  ) );
#1975 = FACE_BOUND('',#1976,.T.);
#1976 = EDGE_LOOP('',(#1977));
#1977 = ORIENTED_EDGE('',*,*,#1978,.T.);
#1978 = EDGE_CURVE('',#1979,#1979,#1981,.T.);
#1979 = VERTEX_POINT('',#1980);
#1980 = CARTESIAN_POINT('',(91.5,78.,0.));
#1981 = SURFACE_CURVE('',#1982,(#1987,#1994),.PCURVE_S1.);
#1982 = CIRCLE('',#1983,1.5);
#1983 = AXIS2_PLACEMENT_3D('',#1984,#1985,#1986);
#1984 = CARTESIAN_POINT('',(90.,78.,0.));
#1985 = DIRECTION('',(0.,0.,1.));
#1986 = DIRECTION('',(-1.,0.,0.));
#1987 = PCURVE('',#387,#1988);
#1988 = DEFINITIONAL_REPRESENTATION('',(#1989),#1993);
#1989 = CIRCLE('',#1990,1.5);
#1990 = AXIS2_PLACEMENT_2D('',#1991,#1992);
#1991 = CARTESIAN_POINT('',(-33.47909961996,36.761877398761));
#1992 = DIRECTION('',(-1.,0.));
#1993 = ( GEOMETRIC_REPRESENTATION_CONTEXT(2) 
PARAMETRIC_REPRESENTATION_CONTEXT() REPRESENTATION_CONTEXT('2D SPACE',''
  ) );
#1994 = PCURVE('',#1995,#2000);
#1995 = CYLINDRICAL_SURFACE('',#1996,1.5);
#1996 = AXIS2_PLACEMENT_3D('',#1997,#1998,#1999);
#1997 = CARTESIAN_POINT('',(90.,78.,4.));
#1998 = DIRECTION('',(0.,0.,-1.));
#1999 = DIRECTION('',(-1.,0.,0.));
#2000 = DEFINITIONAL_REPRESENTATION('',(#2001),#2005);
#2001 = LINE('',#2002,#2003);
#2002 = CARTESIAN_POINT('',(12.566370614359,4.));
#2003 = VECTOR('',#2004,1.);
#2004 = DIRECTION('',(-1.,0.));
#2005 = ( GEOMETRIC_REPRESENTATION_CONTEXT(2) 
PARAMETRIC_REPRESENTATION_CONTEXT() REPRESENTATION_CONTEXT('2D SPACE',''
  ) );
#2006 = FACE_BOUND('',#2007,.T.);
#2007 = EDGE_LOOP('',(#2008));
#2008 = ORIENTED_EDGE('',*,*,#2009,.T.);
#2009 = EDGE_CURVE('',#2010,#2010,#2012,.T.);
#2010 = VERTEX_POINT('',#2011);
#2011 = CARTESIAN_POINT('',(91.5,130.,0.));
#2012 = SURFACE_CURVE('',#2013,(#2018,#2025),.PCURVE_S1.);
#2013 = CIRCLE('',#2014,1.5);
#2014 = AXIS2_PLACEMENT_3D('',#2015,#2016,#2017);
#2015 = CARTESIAN_POINT('',(90.,130.,0.));
#2016 = DIRECTION('',(0.,0.,1.));
#2017 = DIRECTION('',(-1.,0.,0.));
#2018 = PCURVE('',#387,#2019);
#2019 = DEFINITIONAL_REPRESENTATION('',(#2020),#2024);
#2020 = CIRCLE('',#2021,1.5);
#2021 = AXIS2_PLACEMENT_2D('',#2022,#2023);
#2022 = CARTESIAN_POINT('',(-33.47909961996,88.761877398761));
#2023 = DIRECTION('',(-1.,0.));
#2024 = ( GEOMETRIC_REPRESENTATION_CONTEXT(2) 
PARAMETRIC_REPRESENTATION_CONTEXT() REPRESENTATION_CONTEXT('2D SPACE',''
  ) );
#2025 = PCURVE('',#2026,#2031);
#2026 = CYLINDRICAL_SURFACE('',#2027,1.5);
#2027 = AXIS2_PLACEMENT_3D('',#2028,#2029,#2030);
#2028 = CARTESIAN_POINT('',(90.,130.,4.));
#2029 = DIRECTION('',(0.,0.,-1.));
#2030 = DIRECTION('',(-1.,0.,0.));
#2031 = DEFINITIONAL_REPRESENTATION('',(#2032),#2036);
#2032 = LINE('',#2033,#2034);
#2033 = CARTESIAN_POINT('',(12.566370614359,4.));
#2034 = VECTOR('',#2035,1.);
#2035 = DIRECTION('',(-1.,0.));
#2036 = ( GEOMETRIC_REPRESENTATION_CONTEXT(2) 
PARAMETRIC_REPRESENTATION_CONTEXT() REPRESENTATION_CONTEXT('2D SPACE',''
  ) );
#2037 = FACE_BOUND('',#2038,.T.);
#2038 = EDGE_LOOP('',(#2039));
#2039 = ORIENTED_EDGE('',*,*,#2040,.T.);
#2040 = EDGE_CURVE('',#2041,#2041,#2043,.T.);
#2041 = VERTEX_POINT('',#2042);
#2042 = CARTESIAN_POINT('',(91.5,52.,0.));
#2043 = SURFACE_CURVE('',#2044,(#2049,#2056),.PCURVE_S1.);
#2044 = CIRCLE('',#2045,1.5);
#2045 = AXIS2_PLACEMENT_3D('',#2046,#2047,#2048);
#2046 = CARTESIAN_POINT('',(90.,52.,0.));
#2047 = DIRECTION('',(0.,0.,1.));
#2048 = DIRECTION('',(-1.,0.,0.));
#2049 = PCURVE('',#387,#2050);
#2050 = DEFINITIONAL_REPRESENTATION('',(#2051),#2055);
#2051 = CIRCLE('',#2052,1.5);
#2052 = AXIS2_PLACEMENT_2D('',#2053,#2054);
#2053 = CARTESIAN_POINT('',(-33.47909961996,10.761877398761));
#2054 = DIRECTION('',(-1.,0.));
#2055 = ( GEOMETRIC_REPRESENTATION_CONTEXT(2) 
PARAMETRIC_REPRESENTATION_CONTEXT() REPRESENTATION_CONTEXT('2D SPACE',''
  ) );
#2056 = PCURVE('',#2057,#2062);
#2057 = CYLINDRICAL_SURFACE('',#2058,1.5);
#2058 = AXIS2_PLACEMENT_3D('',#2059,#2060,#2061);
#2059 = CARTESIAN_POINT('',(90.,52.,4.));
#2060 = DIRECTION('',(0.,0.,-1.));
#2061 = DIRECTION('',(-1.,0.,0.));
#2062 = DEFINITIONAL_REPRESENTATION('',(#2063),#2067);
#2063 = LINE('',#2064,#2065);
#2064 = CARTESIAN_POINT('',(12.566370614359,4.));
#2065 = VECTOR('',#2066,1.);
#2066 = DIRECTION('',(-1.,0.));
#2067 = ( GEOMETRIC_REPRESENTATION_CONTEXT(2) 
PARAMETRIC_REPRESENTATION_CONTEXT() REPRESENTATION_CONTEXT('2D SPACE',''
  ) );
#2068 = FACE_BOUND('',#2069,.T.);
#2069 = EDGE_LOOP('',(#2070));
#2070 = ORIENTED_EDGE('',*,*,#2071,.T.);
#2071 = EDGE_CURVE('',#2072,#2072,#2074,.T.);
#2072 = VERTEX_POINT('',#2073);
#2073 = CARTESIAN_POINT('',(126.5,46.666666666667,0.));
#2074 = SURFACE_CURVE('',#2075,(#2080,#2087),.PCURVE_S1.);
#2075 = CIRCLE('',#2076,1.5);
#2076 = AXIS2_PLACEMENT_3D('',#2077,#2078,#2079);
#2077 = CARTESIAN_POINT('',(125.,46.666666666667,0.));
#2078 = DIRECTION('',(0.,0.,1.));
#2079 = DIRECTION('',(-1.,0.,0.));
#2080 = PCURVE('',#387,#2081);
#2081 = DEFINITIONAL_REPRESENTATION('',(#2082),#2086);
#2082 = CIRCLE('',#2083,1.5);
#2083 = AXIS2_PLACEMENT_2D('',#2084,#2085);
#2084 = CARTESIAN_POINT('',(1.52090038004,5.428544065427));
#2085 = DIRECTION('',(-1.,0.));
#2086 = ( GEOMETRIC_REPRESENTATION_CONTEXT(2) 
PARAMETRIC_REPRESENTATION_CONTEXT() REPRESENTATION_CONTEXT('2D SPACE',''
  ) );
#2087 = PCURVE('',#2088,#2093);
#2088 = CYLINDRICAL_SURFACE('',#2089,1.5);
#2089 = AXIS2_PLACEMENT_3D('',#2090,#2091,#2092);
#2090 = CARTESIAN_POINT('',(125.,46.666666666667,4.));
#2091 = DIRECTION('',(0.,0.,-1.));
#2092 = DIRECTION('',(-1.,0.,0.));
#2093 = DEFINITIONAL_REPRESENTATION('',(#2094),#2098);
#2094 = LINE('',#2095,#2096);
#2095 = CARTESIAN_POINT('',(12.566370614359,4.));
#2096 = VECTOR('',#2097,1.);
#2097 = DIRECTION('',(-1.,0.));
#2098 = ( GEOMETRIC_REPRESENTATION_CONTEXT(2) 
PARAMETRIC_REPRESENTATION_CONTEXT() REPRESENTATION_CONTEXT('2D SPACE',''
  ) );
#2099 = FACE_BOUND('',#2100,.T.);
#2100 = EDGE_LOOP('',(#2101));
#2101 = ORIENTED_EDGE('',*,*,#2102,.T.);
#2102 = EDGE_CURVE('',#2103,#2103,#2105,.T.);
#2103 = VERTEX_POINT('',#2104);
#2104 = CARTESIAN_POINT('',(126.5,100.,0.));
#2105 = SURFACE_CURVE('',#2106,(#2111,#2118),.PCURVE_S1.);
#2106 = CIRCLE('',#2107,1.5);
#2107 = AXIS2_PLACEMENT_3D('',#2108,#2109,#2110);
#2108 = CARTESIAN_POINT('',(125.,100.,0.));
#2109 = DIRECTION('',(0.,0.,1.));
#2110 = DIRECTION('',(-1.,0.,0.));
#2111 = PCURVE('',#387,#2112);
#2112 = DEFINITIONAL_REPRESENTATION('',(#2113),#2117);
#2113 = CIRCLE('',#2114,1.5);
#2114 = AXIS2_PLACEMENT_2D('',#2115,#2116);
#2115 = CARTESIAN_POINT('',(1.52090038004,58.761877398761));
#2116 = DIRECTION('',(-1.,0.));
#2117 = ( GEOMETRIC_REPRESENTATION_CONTEXT(2) 
PARAMETRIC_REPRESENTATION_CONTEXT() REPRESENTATION_CONTEXT('2D SPACE',''
  ) );
#2118 = PCURVE('',#2119,#2124);
#2119 = CYLINDRICAL_SURFACE('',#2120,1.5);
#2120 = AXIS2_PLACEMENT_3D('',#2121,#2122,#2123);
#2121 = CARTESIAN_POINT('',(125.,100.,4.));
#2122 = DIRECTION('',(0.,0.,-1.));
#2123 = DIRECTION('',(-1.,0.,0.));
#2124 = DEFINITIONAL_REPRESENTATION('',(#2125),#2129);
#2125 = LINE('',#2126,#2127);
#2126 = CARTESIAN_POINT('',(12.566370614359,4.));
#2127 = VECTOR('',#2128,1.);
#2128 = DIRECTION('',(-1.,0.));
#2129 = ( GEOMETRIC_REPRESENTATION_CONTEXT(2) 
PARAMETRIC_REPRESENTATION_CONTEXT() REPRESENTATION_CONTEXT('2D SPACE',''
  ) );
#2130 = FACE_BOUND('',#2131,.T.);
#2131 = EDGE_LOOP('',(#2132));
#2132 = ORIENTED_EDGE('',*,*,#2133,.T.);
#2133 = EDGE_CURVE('',#2134,#2134,#2136,.T.);
#2134 = VERTEX_POINT('',#2135);
#2135 = CARTESIAN_POINT('',(47.960726448711,52.,0.));
#2136 = SURFACE_CURVE('',#2137,(#2142,#2149),.PCURVE_S1.);
#2137 = CIRCLE('',#2138,1.5);
#2138 = AXIS2_PLACEMENT_3D('',#2139,#2140,#2141);
#2139 = CARTESIAN_POINT('',(46.460726448711,52.,0.));
#2140 = DIRECTION('',(0.,0.,1.));
#2141 = DIRECTION('',(-1.,0.,0.));
#2142 = PCURVE('',#387,#2143);
#2143 = DEFINITIONAL_REPRESENTATION('',(#2144),#2148);
#2144 = CIRCLE('',#2145,1.5);
#2145 = AXIS2_PLACEMENT_2D('',#2146,#2147);
#2146 = CARTESIAN_POINT('',(-77.01837317124,10.761877398761));
#2147 = DIRECTION('',(-1.,0.));
#2148 = ( GEOMETRIC_REPRESENTATION_CONTEXT(2) 
PARAMETRIC_REPRESENTATION_CONTEXT() REPRESENTATION_CONTEXT('2D SPACE',''
  ) );
#2149 = PCURVE('',#2150,#2155);
#2150 = CYLINDRICAL_SURFACE('',#2151,1.5);
#2151 = AXIS2_PLACEMENT_3D('',#2152,#2153,#2154);
#2152 = CARTESIAN_POINT('',(46.460726448711,52.,4.));
#2153 = DIRECTION('',(0.,0.,-1.));
#2154 = DIRECTION('',(-1.,0.,0.));
#2155 = DEFINITIONAL_REPRESENTATION('',(#2156),#2160);
#2156 = LINE('',#2157,#2158);
#2157 = CARTESIAN_POINT('',(12.566370614359,4.));
#2158 = VECTOR('',#2159,1.);
#2159 = DIRECTION('',(-1.,0.));
#2160 = ( GEOMETRIC_REPRESENTATION_CONTEXT(2) 
PARAMETRIC_REPRESENTATION_CONTEXT() REPRESENTATION_CONTEXT('2D SPACE',''
  ) );
#2161 = FACE_BOUND('',#2162,.T.);
#2162 = EDGE_LOOP('',(#2163));
#2163 = ORIENTED_EDGE('',*,*,#2164,.T.);
#2164 = EDGE_CURVE('',#2165,#2165,#2167,.T.);
#2165 = VERTEX_POINT('',#2166);
#2166 = CARTESIAN_POINT('',(91.5,104.,0.));
#2167 = SURFACE_CURVE('',#2168,(#2173,#2180),.PCURVE_S1.);
#2168 = CIRCLE('',#2169,1.5);
#2169 = AXIS2_PLACEMENT_3D('',#2170,#2171,#2172);
#2170 = CARTESIAN_POINT('',(90.,104.,0.));
#2171 = DIRECTION('',(0.,0.,1.));
#2172 = DIRECTION('',(-1.,0.,0.));
#2173 = PCURVE('',#387,#2174);
#2174 = DEFINITIONAL_REPRESENTATION('',(#2175),#2179);
#2175 = CIRCLE('',#2176,1.5);
#2176 = AXIS2_PLACEMENT_2D('',#2177,#2178);
#2177 = CARTESIAN_POINT('',(-33.47909961996,62.761877398761));
#2178 = DIRECTION('',(-1.,0.));
#2179 = ( GEOMETRIC_REPRESENTATION_CONTEXT(2) 
PARAMETRIC_REPRESENTATION_CONTEXT() REPRESENTATION_CONTEXT('2D SPACE',''
  ) );
#2180 = PCURVE('',#2181,#2186);
#2181 = CYLINDRICAL_SURFACE('',#2182,1.5);
#2182 = AXIS2_PLACEMENT_3D('',#2183,#2184,#2185);
#2183 = CARTESIAN_POINT('',(90.,104.,4.));
#2184 = DIRECTION('',(0.,0.,-1.));
#2185 = DIRECTION('',(-1.,0.,0.));
#2186 = DEFINITIONAL_REPRESENTATION('',(#2187),#2191);
#2187 = LINE('',#2188,#2189);
#2188 = CARTESIAN_POINT('',(12.566370614359,4.));
#2189 = VECTOR('',#2190,1.);
#2190 = DIRECTION('',(-1.,0.));
#2191 = ( GEOMETRIC_REPRESENTATION_CONTEXT(2) 
PARAMETRIC_REPRESENTATION_CONTEXT() REPRESENTATION_CONTEXT('2D SPACE',''
  ) );
#2192 = FACE_BOUND('',#2193,.T.);
#2193 = EDGE_LOOP('',(#2194));
#2194 = ORIENTED_EDGE('',*,*,#2195,.T.);
#2195 = EDGE_CURVE('',#2196,#2196,#2198,.T.);
#2196 = VERTEX_POINT('',#2197);
#2197 = CARTESIAN_POINT('',(47.960726448711,78.,0.));
#2198 = SURFACE_CURVE('',#2199,(#2204,#2211),.PCURVE_S1.);
#2199 = CIRCLE('',#2200,1.5);
#2200 = AXIS2_PLACEMENT_3D('',#2201,#2202,#2203);
#2201 = CARTESIAN_POINT('',(46.460726448711,78.,0.));
#2202 = DIRECTION('',(0.,0.,1.));
#2203 = DIRECTION('',(-1.,0.,0.));
#2204 = PCURVE('',#387,#2205);
#2205 = DEFINITIONAL_REPRESENTATION('',(#2206),#2210);
#2206 = CIRCLE('',#2207,1.5);
#2207 = AXIS2_PLACEMENT_2D('',#2208,#2209);
#2208 = CARTESIAN_POINT('',(-77.01837317124,36.761877398761));
#2209 = DIRECTION('',(-1.,0.));
#2210 = ( GEOMETRIC_REPRESENTATION_CONTEXT(2) 
PARAMETRIC_REPRESENTATION_CONTEXT() REPRESENTATION_CONTEXT('2D SPACE',''
  ) );
#2211 = PCURVE('',#2212,#2217);
#2212 = CYLINDRICAL_SURFACE('',#2213,1.5);
#2213 = AXIS2_PLACEMENT_3D('',#2214,#2215,#2216);
#2214 = CARTESIAN_POINT('',(46.460726448711,78.,4.));
#2215 = DIRECTION('',(0.,0.,-1.));
#2216 = DIRECTION('',(-1.,0.,0.));
#2217 = DEFINITIONAL_REPRESENTATION('',(#2218),#2222);
#2218 = LINE('',#2219,#2220);
#2219 = CARTESIAN_POINT('',(12.566370614359,4.));
#2220 = VECTOR('',#2221,1.);
#2221 = DIRECTION('',(-1.,0.));
#2222 = ( GEOMETRIC_REPRESENTATION_CONTEXT(2) 
PARAMETRIC_REPRESENTATION_CONTEXT() REPRESENTATION_CONTEXT('2D SPACE',''
  ) );
#2223 = FACE_BOUND('',#2224,.T.);
#2224 = EDGE_LOOP('',(#2225));
#2225 = ORIENTED_EDGE('',*,*,#2226,.T.);
#2226 = EDGE_CURVE('',#2227,#2227,#2229,.T.);
#2227 = VERTEX_POINT('',#2228);
#2228 = CARTESIAN_POINT('',(91.5,26.,0.));
#2229 = SURFACE_CURVE('',#2230,(#2235,#2242),.PCURVE_S1.);
#2230 = CIRCLE('',#2231,1.5);
#2231 = AXIS2_PLACEMENT_3D('',#2232,#2233,#2234);
#2232 = CARTESIAN_POINT('',(90.,26.,0.));
#2233 = DIRECTION('',(0.,0.,1.));
#2234 = DIRECTION('',(-1.,0.,0.));
#2235 = PCURVE('',#387,#2236);
#2236 = DEFINITIONAL_REPRESENTATION('',(#2237),#2241);
#2237 = CIRCLE('',#2238,1.5);
#2238 = AXIS2_PLACEMENT_2D('',#2239,#2240);
#2239 = CARTESIAN_POINT('',(-33.47909961996,-15.23812260123));
#2240 = DIRECTION('',(-1.,0.));
#2241 = ( GEOMETRIC_REPRESENTATION_CONTEXT(2) 
PARAMETRIC_REPRESENTATION_CONTEXT() REPRESENTATION_CONTEXT('2D SPACE',''
  ) );
#2242 = PCURVE('',#2243,#2248);
#2243 = CYLINDRICAL_SURFACE('',#2244,1.5);
#2244 = AXIS2_PLACEMENT_3D('',#2245,#2246,#2247);
#2245 = CARTESIAN_POINT('',(90.,26.,4.));
#2246 = DIRECTION('',(0.,0.,-1.));
#2247 = DIRECTION('',(-1.,0.,0.));
#2248 = DEFINITIONAL_REPRESENTATION('',(#2249),#2253);
#2249 = LINE('',#2250,#2251);
#2250 = CARTESIAN_POINT('',(12.566370614359,4.));
#2251 = VECTOR('',#2252,1.);
#2252 = DIRECTION('',(-1.,0.));
#2253 = ( GEOMETRIC_REPRESENTATION_CONTEXT(2) 
PARAMETRIC_REPRESENTATION_CONTEXT() REPRESENTATION_CONTEXT('2D SPACE',''
  ) );
#2254 = FACE_BOUND('',#2255,.T.);
#2255 = EDGE_LOOP('',(#2256));
#2256 = ORIENTED_EDGE('',*,*,#2257,.T.);
#2257 = EDGE_CURVE('',#2258,#2258,#2260,.T.);
#2258 = VERTEX_POINT('',#2259);
#2259 = CARTESIAN_POINT('',(126.5,20.,0.));
#2260 = SURFACE_CURVE('',#2261,(#2266,#2273),.PCURVE_S1.);
#2261 = CIRCLE('',#2262,1.5);
#2262 = AXIS2_PLACEMENT_3D('',#2263,#2264,#2265);
#2263 = CARTESIAN_POINT('',(125.,20.,0.));
#2264 = DIRECTION('',(0.,0.,1.));
#2265 = DIRECTION('',(-1.,0.,0.));
#2266 = PCURVE('',#387,#2267);
#2267 = DEFINITIONAL_REPRESENTATION('',(#2268),#2272);
#2268 = CIRCLE('',#2269,1.5);
#2269 = AXIS2_PLACEMENT_2D('',#2270,#2271);
#2270 = CARTESIAN_POINT('',(1.52090038004,-21.23812260123));
#2271 = DIRECTION('',(-1.,0.));
#2272 = ( GEOMETRIC_REPRESENTATION_CONTEXT(2) 
PARAMETRIC_REPRESENTATION_CONTEXT() REPRESENTATION_CONTEXT('2D SPACE',''
  ) );
#2273 = PCURVE('',#2274,#2279);
#2274 = CYLINDRICAL_SURFACE('',#2275,1.5);
#2275 = AXIS2_PLACEMENT_3D('',#2276,#2277,#2278);
#2276 = CARTESIAN_POINT('',(125.,20.,4.));
#2277 = DIRECTION('',(0.,0.,-1.));
#2278 = DIRECTION('',(-1.,0.,0.));
#2279 = DEFINITIONAL_REPRESENTATION('',(#2280),#2284);
#2280 = LINE('',#2281,#2282);
#2281 = CARTESIAN_POINT('',(12.566370614359,4.));
#2282 = VECTOR('',#2283,1.);
#2283 = DIRECTION('',(-1.,0.));
#2284 = ( GEOMETRIC_REPRESENTATION_CONTEXT(2) 
PARAMETRIC_REPRESENTATION_CONTEXT() REPRESENTATION_CONTEXT('2D SPACE',''
  ) );
#2285 = FACE_BOUND('',#2286,.T.);
#2286 = EDGE_LOOP('',(#2287));
#2287 = ORIENTED_EDGE('',*,*,#2288,.T.);
#2288 = EDGE_CURVE('',#2289,#2289,#2291,.T.);
#2289 = VERTEX_POINT('',#2290);
#2290 = CARTESIAN_POINT('',(122.63638205854,-42.93171319838,0.));
#2291 = SURFACE_CURVE('',#2292,(#2297,#2304),.PCURVE_S1.);
#2292 = CIRCLE('',#2293,0.95);
#2293 = AXIS2_PLACEMENT_3D('',#2294,#2295,#2296);
#2294 = CARTESIAN_POINT('',(123.58638205854,-42.93171319838,0.));
#2295 = DIRECTION('',(0.,0.,1.));
#2296 = DIRECTION('',(1.,0.,-0.));
#2297 = PCURVE('',#387,#2298);
#2298 = DEFINITIONAL_REPRESENTATION('',(#2299),#2303);
#2299 = CIRCLE('',#2300,0.95);
#2300 = AXIS2_PLACEMENT_2D('',#2301,#2302);
#2301 = CARTESIAN_POINT('',(0.10728243858,-84.16983579962));
#2302 = DIRECTION('',(1.,0.));
#2303 = ( GEOMETRIC_REPRESENTATION_CONTEXT(2) 
PARAMETRIC_REPRESENTATION_CONTEXT() REPRESENTATION_CONTEXT('2D SPACE',''
  ) );
#2304 = PCURVE('',#2305,#2310);
#2305 = CYLINDRICAL_SURFACE('',#2306,0.95);
#2306 = AXIS2_PLACEMENT_3D('',#2307,#2308,#2309);
#2307 = CARTESIAN_POINT('',(123.58638205854,-42.93171319838,0.));
#2308 = DIRECTION('',(0.,0.,1.));
#2309 = DIRECTION('',(1.,0.,-0.));
#2310 = DEFINITIONAL_REPRESENTATION('',(#2311),#2315);
#2311 = LINE('',#2312,#2313);
#2312 = CARTESIAN_POINT('',(0.,0.));
#2313 = VECTOR('',#2314,1.);
#2314 = DIRECTION('',(1.,0.));
#2315 = ( GEOMETRIC_REPRESENTATION_CONTEXT(2) 
PARAMETRIC_REPRESENTATION_CONTEXT() REPRESENTATION_CONTEXT('2D SPACE',''
  ) );
#2316 = FACE_BOUND('',#2317,.T.);
#2317 = EDGE_LOOP('',(#2318));
#2318 = ORIENTED_EDGE('',*,*,#2319,.T.);
#2319 = EDGE_CURVE('',#2320,#2320,#2322,.T.);
#2320 = VERTEX_POINT('',#2321);
#2321 = CARTESIAN_POINT('',(122.63638205854,-15.33171319838,0.));
#2322 = SURFACE_CURVE('',#2323,(#2328,#2335),.PCURVE_S1.);
#2323 = CIRCLE('',#2324,0.95);
#2324 = AXIS2_PLACEMENT_3D('',#2325,#2326,#2327);
#2325 = CARTESIAN_POINT('',(123.58638205854,-15.33171319838,0.));
#2326 = DIRECTION('',(0.,0.,1.));
#2327 = DIRECTION('',(1.,0.,-0.));
#2328 = PCURVE('',#387,#2329);
#2329 = DEFINITIONAL_REPRESENTATION('',(#2330),#2334);
#2330 = CIRCLE('',#2331,0.95);
#2331 = AXIS2_PLACEMENT_2D('',#2332,#2333);
#2332 = CARTESIAN_POINT('',(0.10728243858,-56.56983579962));
#2333 = DIRECTION('',(1.,0.));
#2334 = ( GEOMETRIC_REPRESENTATION_CONTEXT(2) 
PARAMETRIC_REPRESENTATION_CONTEXT() REPRESENTATION_CONTEXT('2D SPACE',''
  ) );
#2335 = PCURVE('',#2336,#2341);
#2336 = CYLINDRICAL_SURFACE('',#2337,0.95);
#2337 = AXIS2_PLACEMENT_3D('',#2338,#2339,#2340);
#2338 = CARTESIAN_POINT('',(123.58638205854,-15.33171319838,0.));
#2339 = DIRECTION('',(0.,0.,1.));
#2340 = DIRECTION('',(1.,0.,-0.));
#2341 = DEFINITIONAL_REPRESENTATION('',(#2342),#2346);
#2342 = LINE('',#2343,#2344);
#2343 = CARTESIAN_POINT('',(0.,0.));
#2344 = VECTOR('',#2345,1.);
#2345 = DIRECTION('',(1.,0.));
#2346 = ( GEOMETRIC_REPRESENTATION_CONTEXT(2) 
PARAMETRIC_REPRESENTATION_CONTEXT() REPRESENTATION_CONTEXT('2D SPACE',''
  ) );
#2347 = FACE_BOUND('',#2348,.T.);
#2348 = EDGE_LOOP('',(#2349,#2379,#2407,#2435));
#2349 = ORIENTED_EDGE('',*,*,#2350,.T.);
#2350 = EDGE_CURVE('',#2351,#2353,#2355,.T.);
#2351 = VERTEX_POINT('',#2352);
#2352 = CARTESIAN_POINT('',(117.33638205854,-40.63171319838,0.));
#2353 = VERTEX_POINT('',#2354);
#2354 = CARTESIAN_POINT('',(129.83638205854,-40.63171319838,0.));
#2355 = SURFACE_CURVE('',#2356,(#2360,#2367),.PCURVE_S1.);
#2356 = LINE('',#2357,#2358);
#2357 = CARTESIAN_POINT('',(120.40774083925,-40.63171319838,0.));
#2358 = VECTOR('',#2359,1.);
#2359 = DIRECTION('',(1.,0.,0.));
#2360 = PCURVE('',#387,#2361);
#2361 = DEFINITIONAL_REPRESENTATION('',(#2362),#2366);
#2362 = LINE('',#2363,#2364);
#2363 = CARTESIAN_POINT('',(-3.07135878071,-81.86983579962));
#2364 = VECTOR('',#2365,1.);
#2365 = DIRECTION('',(1.,0.));
#2366 = ( GEOMETRIC_REPRESENTATION_CONTEXT(2) 
PARAMETRIC_REPRESENTATION_CONTEXT() REPRESENTATION_CONTEXT('2D SPACE',''
  ) );
#2367 = PCURVE('',#2368,#2373);
#2368 = PLANE('',#2369);
#2369 = AXIS2_PLACEMENT_3D('',#2370,#2371,#2372);
#2370 = CARTESIAN_POINT('',(117.33638205854,-40.63171319838,0.));
#2371 = DIRECTION('',(0.,-1.,0.));
#2372 = DIRECTION('',(1.,0.,0.));
#2373 = DEFINITIONAL_REPRESENTATION('',(#2374),#2378);
#2374 = LINE('',#2375,#2376);
#2375 = CARTESIAN_POINT('',(3.07135878071,0.));
#2376 = VECTOR('',#2377,1.);
#2377 = DIRECTION('',(1.,0.));
#2378 = ( GEOMETRIC_REPRESENTATION_CONTEXT(2) 
PARAMETRIC_REPRESENTATION_CONTEXT() REPRESENTATION_CONTEXT('2D SPACE',''
  ) );
#2379 = ORIENTED_EDGE('',*,*,#2380,.T.);
#2380 = EDGE_CURVE('',#2353,#2381,#2383,.T.);
#2381 = VERTEX_POINT('',#2382);
#2382 = CARTESIAN_POINT('',(129.83638205854,-17.63171319838,0.));
#2383 = SURFACE_CURVE('',#2384,(#2388,#2395),.PCURVE_S1.);
#2384 = LINE('',#2385,#2386);
#2385 = CARTESIAN_POINT('',(129.83638205854,0.303204701425,0.));
#2386 = VECTOR('',#2387,1.);
#2387 = DIRECTION('',(0.,1.,0.));
#2388 = PCURVE('',#387,#2389);
#2389 = DEFINITIONAL_REPRESENTATION('',(#2390),#2394);
#2390 = LINE('',#2391,#2392);
#2391 = CARTESIAN_POINT('',(6.35728243858,-40.93491789981));
#2392 = VECTOR('',#2393,1.);
#2393 = DIRECTION('',(0.,1.));
#2394 = ( GEOMETRIC_REPRESENTATION_CONTEXT(2) 
PARAMETRIC_REPRESENTATION_CONTEXT() REPRESENTATION_CONTEXT('2D SPACE',''
  ) );
#2395 = PCURVE('',#2396,#2401);
#2396 = PLANE('',#2397);
#2397 = AXIS2_PLACEMENT_3D('',#2398,#2399,#2400);
#2398 = CARTESIAN_POINT('',(129.83638205854,-40.63171319838,0.));
#2399 = DIRECTION('',(1.,0.,0.));
#2400 = DIRECTION('',(-0.,1.,0.));
#2401 = DEFINITIONAL_REPRESENTATION('',(#2402),#2406);
#2402 = LINE('',#2403,#2404);
#2403 = CARTESIAN_POINT('',(40.934917899814,0.));
#2404 = VECTOR('',#2405,1.);
#2405 = DIRECTION('',(1.,0.));
#2406 = ( GEOMETRIC_REPRESENTATION_CONTEXT(2) 
PARAMETRIC_REPRESENTATION_CONTEXT() REPRESENTATION_CONTEXT('2D SPACE',''
  ) );
#2407 = ORIENTED_EDGE('',*,*,#2408,.T.);
#2408 = EDGE_CURVE('',#2381,#2409,#2411,.T.);
#2409 = VERTEX_POINT('',#2410);
#2410 = CARTESIAN_POINT('',(117.33638205854,-17.63171319838,0.));
#2411 = SURFACE_CURVE('',#2412,(#2416,#2423),.PCURVE_S1.);
#2412 = LINE('',#2413,#2414);
#2413 = CARTESIAN_POINT('',(126.65774083925,-17.63171319838,0.));
#2414 = VECTOR('',#2415,1.);
#2415 = DIRECTION('',(-1.,0.,0.));
#2416 = PCURVE('',#387,#2417);
#2417 = DEFINITIONAL_REPRESENTATION('',(#2418),#2422);
#2418 = LINE('',#2419,#2420);
#2419 = CARTESIAN_POINT('',(3.17864121929,-58.86983579962));
#2420 = VECTOR('',#2421,1.);
#2421 = DIRECTION('',(-1.,0.));
#2422 = ( GEOMETRIC_REPRESENTATION_CONTEXT(2) 
PARAMETRIC_REPRESENTATION_CONTEXT() REPRESENTATION_CONTEXT('2D SPACE',''
  ) );
#2423 = PCURVE('',#2424,#2429);
#2424 = PLANE('',#2425);
#2425 = AXIS2_PLACEMENT_3D('',#2426,#2427,#2428);
#2426 = CARTESIAN_POINT('',(129.83638205854,-17.63171319838,0.));
#2427 = DIRECTION('',(0.,1.,0.));
#2428 = DIRECTION('',(-1.,0.,0.));
#2429 = DEFINITIONAL_REPRESENTATION('',(#2430),#2434);
#2430 = LINE('',#2431,#2432);
#2431 = CARTESIAN_POINT('',(3.17864121929,0.));
#2432 = VECTOR('',#2433,1.);
#2433 = DIRECTION('',(1.,0.));
#2434 = ( GEOMETRIC_REPRESENTATION_CONTEXT(2) 
PARAMETRIC_REPRESENTATION_CONTEXT() REPRESENTATION_CONTEXT('2D SPACE',''
  ) );
#2435 = ORIENTED_EDGE('',*,*,#2436,.T.);
#2436 = EDGE_CURVE('',#2409,#2351,#2437,.T.);
#2437 = SURFACE_CURVE('',#2438,(#2442,#2449),.PCURVE_S1.);
#2438 = LINE('',#2439,#2440);
#2439 = CARTESIAN_POINT('',(117.33638205854,11.803204701425,0.));
#2440 = VECTOR('',#2441,1.);
#2441 = DIRECTION('',(0.,-1.,0.));
#2442 = PCURVE('',#387,#2443);
#2443 = DEFINITIONAL_REPRESENTATION('',(#2444),#2448);
#2444 = LINE('',#2445,#2446);
#2445 = CARTESIAN_POINT('',(-6.14271756142,-29.43491789981));
#2446 = VECTOR('',#2447,1.);
#2447 = DIRECTION('',(0.,-1.));
#2448 = ( GEOMETRIC_REPRESENTATION_CONTEXT(2) 
PARAMETRIC_REPRESENTATION_CONTEXT() REPRESENTATION_CONTEXT('2D SPACE',''
  ) );
#2449 = PCURVE('',#2450,#2455);
#2450 = PLANE('',#2451);
#2451 = AXIS2_PLACEMENT_3D('',#2452,#2453,#2454);
#2452 = CARTESIAN_POINT('',(117.33638205854,-17.63171319838,0.));
#2453 = DIRECTION('',(-1.,0.,0.));
#2454 = DIRECTION('',(0.,-1.,0.));
#2455 = DEFINITIONAL_REPRESENTATION('',(#2456),#2460);
#2456 = LINE('',#2457,#2458);
#2457 = CARTESIAN_POINT('',(-29.43491789981,0.));
#2458 = VECTOR('',#2459,1.);
#2459 = DIRECTION('',(1.,0.));
#2460 = ( GEOMETRIC_REPRESENTATION_CONTEXT(2) 
PARAMETRIC_REPRESENTATION_CONTEXT() REPRESENTATION_CONTEXT('2D SPACE',''
  ) );
#2461 = FACE_BOUND('',#2462,.T.);
#2462 = EDGE_LOOP('',(#2463,#2493,#2521,#2549));
#2463 = ORIENTED_EDGE('',*,*,#2464,.T.);
#2464 = EDGE_CURVE('',#2465,#2467,#2469,.T.);
#2465 = VERTEX_POINT('',#2466);
#2466 = CARTESIAN_POINT('',(200.95819855446,-9.500000745058,0.));
#2467 = VERTEX_POINT('',#2468);
#2468 = CARTESIAN_POINT('',(200.95819855446,0.60640138634,0.));
#2469 = SURFACE_CURVE('',#2470,(#2474,#2481),.PCURVE_S1.);
#2470 = LINE('',#2471,#2472);
#2471 = CARTESIAN_POINT('',(200.95819855446,19.17226199379,0.));
#2472 = VECTOR('',#2473,1.);
#2473 = DIRECTION('',(0.,1.,0.));
#2474 = PCURVE('',#387,#2475);
#2475 = DEFINITIONAL_REPRESENTATION('',(#2476),#2480);
#2476 = LINE('',#2477,#2478);
#2477 = CARTESIAN_POINT('',(77.479098934507,-22.06586060745));
#2478 = VECTOR('',#2479,1.);
#2479 = DIRECTION('',(0.,1.));
#2480 = ( GEOMETRIC_REPRESENTATION_CONTEXT(2) 
PARAMETRIC_REPRESENTATION_CONTEXT() REPRESENTATION_CONTEXT('2D SPACE',''
  ) );
#2481 = PCURVE('',#2482,#2487);
#2482 = PLANE('',#2483);
#2483 = AXIS2_PLACEMENT_3D('',#2484,#2485,#2486);
#2484 = CARTESIAN_POINT('',(200.95819855446,-2.89359861366,0.));
#2485 = DIRECTION('',(1.,0.,0.));
#2486 = DIRECTION('',(0.,-1.,0.));
#2487 = DEFINITIONAL_REPRESENTATION('',(#2488),#2492);
#2488 = LINE('',#2489,#2490);
#2489 = CARTESIAN_POINT('',(-22.06586060745,0.));
#2490 = VECTOR('',#2491,1.);
#2491 = DIRECTION('',(-1.,0.));
#2492 = ( GEOMETRIC_REPRESENTATION_CONTEXT(2) 
PARAMETRIC_REPRESENTATION_CONTEXT() REPRESENTATION_CONTEXT('2D SPACE',''
  ) );
#2493 = ORIENTED_EDGE('',*,*,#2494,.F.);
#2494 = EDGE_CURVE('',#2495,#2467,#2497,.T.);
#2495 = VERTEX_POINT('',#2496);
#2496 = CARTESIAN_POINT('',(192.45819855446,0.60640138634,0.));
#2497 = SURFACE_CURVE('',#2498,(#2502,#2509),.PCURVE_S1.);
#2498 = LINE('',#2499,#2500);
#2499 = CARTESIAN_POINT('',(159.71864908721,0.60640138634,0.));
#2500 = VECTOR('',#2501,1.);
#2501 = DIRECTION('',(1.,0.,0.));
#2502 = PCURVE('',#387,#2503);
#2503 = DEFINITIONAL_REPRESENTATION('',(#2504),#2508);
#2504 = LINE('',#2505,#2506);
#2505 = CARTESIAN_POINT('',(36.239549467254,-40.6317212149));
#2506 = VECTOR('',#2507,1.);
#2507 = DIRECTION('',(1.,0.));
#2508 = ( GEOMETRIC_REPRESENTATION_CONTEXT(2) 
PARAMETRIC_REPRESENTATION_CONTEXT() REPRESENTATION_CONTEXT('2D SPACE',''
  ) );
#2509 = PCURVE('',#2510,#2515);
#2510 = CYLINDRICAL_SURFACE('',#2511,3.5);
#2511 = AXIS2_PLACEMENT_3D('',#2512,#2513,#2514);
#2512 = CARTESIAN_POINT('',(159.71864908721,0.60640138634,-3.5));
#2513 = DIRECTION('',(-1.,0.,0.));
#2514 = DIRECTION('',(0.,-0.707106781187,0.707106781187));
#2515 = DEFINITIONAL_REPRESENTATION('',(#2516),#2520);
#2516 = LINE('',#2517,#2518);
#2517 = CARTESIAN_POINT('',(0.785398163397,0.));
#2518 = VECTOR('',#2519,1.);
#2519 = DIRECTION('',(0.,-1.));
#2520 = ( GEOMETRIC_REPRESENTATION_CONTEXT(2) 
PARAMETRIC_REPRESENTATION_CONTEXT() REPRESENTATION_CONTEXT('2D SPACE',''
  ) );
#2521 = ORIENTED_EDGE('',*,*,#2522,.F.);
#2522 = EDGE_CURVE('',#2523,#2495,#2525,.T.);
#2523 = VERTEX_POINT('',#2524);
#2524 = CARTESIAN_POINT('',(192.45819855446,-9.500000745058,0.));
#2525 = SURFACE_CURVE('',#2526,(#2530,#2537),.PCURVE_S1.);
#2526 = LINE('',#2527,#2528);
#2527 = CARTESIAN_POINT('',(192.45819855446,15.869060928091,0.));
#2528 = VECTOR('',#2529,1.);
#2529 = DIRECTION('',(0.,1.,0.));
#2530 = PCURVE('',#387,#2531);
#2531 = DEFINITIONAL_REPRESENTATION('',(#2532),#2536);
#2532 = LINE('',#2533,#2534);
#2533 = CARTESIAN_POINT('',(68.979098934507,-25.36906167314));
#2534 = VECTOR('',#2535,1.);
#2535 = DIRECTION('',(0.,1.));
#2536 = ( GEOMETRIC_REPRESENTATION_CONTEXT(2) 
PARAMETRIC_REPRESENTATION_CONTEXT() REPRESENTATION_CONTEXT('2D SPACE',''
  ) );
#2537 = PCURVE('',#2538,#2543);
#2538 = CYLINDRICAL_SURFACE('',#2539,3.5);
#2539 = AXIS2_PLACEMENT_3D('',#2540,#2541,#2542);
#2540 = CARTESIAN_POINT('',(192.45819855446,15.869060928091,-3.5));
#2541 = DIRECTION('',(0.,-1.,0.));
#2542 = DIRECTION('',(0.707106781187,0.,0.707106781187));
#2543 = DEFINITIONAL_REPRESENTATION('',(#2544),#2548);
#2544 = LINE('',#2545,#2546);
#2545 = CARTESIAN_POINT('',(0.785398163397,0.));
#2546 = VECTOR('',#2547,1.);
#2547 = DIRECTION('',(0.,-1.));
#2548 = ( GEOMETRIC_REPRESENTATION_CONTEXT(2) 
PARAMETRIC_REPRESENTATION_CONTEXT() REPRESENTATION_CONTEXT('2D SPACE',''
  ) );
#2549 = ORIENTED_EDGE('',*,*,#2550,.T.);
#2550 = EDGE_CURVE('',#2523,#2465,#2551,.T.);
#2551 = SURFACE_CURVE('',#2552,(#2556,#2563),.PCURVE_S1.);
#2552 = LINE('',#2553,#2554);
#2553 = CARTESIAN_POINT('',(162.21864908721,-9.500000745058,0.));
#2554 = VECTOR('',#2555,1.);
#2555 = DIRECTION('',(1.,0.,0.));
#2556 = PCURVE('',#387,#2557);
#2557 = DEFINITIONAL_REPRESENTATION('',(#2558),#2562);
#2558 = LINE('',#2559,#2560);
#2559 = CARTESIAN_POINT('',(38.739549467254,-50.73812334629));
#2560 = VECTOR('',#2561,1.);
#2561 = DIRECTION('',(1.,0.));
#2562 = ( GEOMETRIC_REPRESENTATION_CONTEXT(2) 
PARAMETRIC_REPRESENTATION_CONTEXT() REPRESENTATION_CONTEXT('2D SPACE',''
  ) );
#2563 = PCURVE('',#2564,#2569);
#2564 = PLANE('',#2565);
#2565 = AXIS2_PLACEMENT_3D('',#2566,#2567,#2568);
#2566 = CARTESIAN_POINT('',(200.95819855446,-9.500000745058,0.));
#2567 = DIRECTION('',(0.,-1.,0.));
#2568 = DIRECTION('',(-1.,0.,0.));
#2569 = DEFINITIONAL_REPRESENTATION('',(#2570),#2574);
#2570 = LINE('',#2571,#2572);
#2571 = CARTESIAN_POINT('',(38.739549467253,0.));
#2572 = VECTOR('',#2573,1.);
#2573 = DIRECTION('',(-1.,-0.));
#2574 = ( GEOMETRIC_REPRESENTATION_CONTEXT(2) 
PARAMETRIC_REPRESENTATION_CONTEXT() REPRESENTATION_CONTEXT('2D SPACE',''
  ) );
#2575 = FACE_BOUND('',#2576,.T.);
#2576 = EDGE_LOOP('',(#2577,#2607,#2635,#2663));
#2577 = ORIENTED_EDGE('',*,*,#2578,.T.);
#2578 = EDGE_CURVE('',#2579,#2581,#2583,.T.);
#2579 = VERTEX_POINT('',#2580);
#2580 = CARTESIAN_POINT('',(46.000000685453,-9.500000745058,0.));
#2581 = VERTEX_POINT('',#2582);
#2582 = CARTESIAN_POINT('',(54.500000685453,-9.500000745058,0.));
#2583 = SURFACE_CURVE('',#2584,(#2588,#2595),.PCURVE_S1.);
#2584 = LINE('',#2585,#2586);
#2585 = CARTESIAN_POINT('',(87.239550152707,-9.500000745058,0.));
#2586 = VECTOR('',#2587,1.);
#2587 = DIRECTION('',(1.,0.,0.));
#2588 = PCURVE('',#387,#2589);
#2589 = DEFINITIONAL_REPRESENTATION('',(#2590),#2594);
#2590 = LINE('',#2591,#2592);
#2591 = CARTESIAN_POINT('',(-36.23954946725,-50.73812334629));
#2592 = VECTOR('',#2593,1.);
#2593 = DIRECTION('',(1.,0.));
#2594 = ( GEOMETRIC_REPRESENTATION_CONTEXT(2) 
PARAMETRIC_REPRESENTATION_CONTEXT() REPRESENTATION_CONTEXT('2D SPACE',''
  ) );
#2595 = PCURVE('',#2596,#2601);
#2596 = PLANE('',#2597);
#2597 = AXIS2_PLACEMENT_3D('',#2598,#2599,#2600);
#2598 = CARTESIAN_POINT('',(51.000000685453,-9.500000745058,0.));
#2599 = DIRECTION('',(0.,-1.,0.));
#2600 = DIRECTION('',(-1.,0.,0.));
#2601 = DEFINITIONAL_REPRESENTATION('',(#2602),#2606);
#2602 = LINE('',#2603,#2604);
#2603 = CARTESIAN_POINT('',(-36.23954946725,-0.));
#2604 = VECTOR('',#2605,1.);
#2605 = DIRECTION('',(-1.,-0.));
#2606 = ( GEOMETRIC_REPRESENTATION_CONTEXT(2) 
PARAMETRIC_REPRESENTATION_CONTEXT() REPRESENTATION_CONTEXT('2D SPACE',''
  ) );
#2607 = ORIENTED_EDGE('',*,*,#2608,.F.);
#2608 = EDGE_CURVE('',#2609,#2581,#2611,.T.);
#2609 = VERTEX_POINT('',#2610);
#2610 = CARTESIAN_POINT('',(54.500000685453,0.60640138634,0.));
#2611 = SURFACE_CURVE('',#2612,(#2616,#2623),.PCURVE_S1.);
#2612 = LINE('',#2613,#2614);
#2613 = CARTESIAN_POINT('',(54.500000685453,19.17226199379,0.));
#2614 = VECTOR('',#2615,1.);
#2615 = DIRECTION('',(0.,-1.,0.));
#2616 = PCURVE('',#387,#2617);
#2617 = DEFINITIONAL_REPRESENTATION('',(#2618),#2622);
#2618 = LINE('',#2619,#2620);
#2619 = CARTESIAN_POINT('',(-68.9790989345,-22.06586060745));
#2620 = VECTOR('',#2621,1.);
#2621 = DIRECTION('',(0.,-1.));
#2622 = ( GEOMETRIC_REPRESENTATION_CONTEXT(2) 
PARAMETRIC_REPRESENTATION_CONTEXT() REPRESENTATION_CONTEXT('2D SPACE',''
  ) );
#2623 = PCURVE('',#2624,#2629);
#2624 = CYLINDRICAL_SURFACE('',#2625,3.5);
#2625 = AXIS2_PLACEMENT_3D('',#2626,#2627,#2628);
#2626 = CARTESIAN_POINT('',(54.500000685453,19.17226199379,-3.5));
#2627 = DIRECTION('',(0.,1.,0.));
#2628 = DIRECTION('',(-0.707106781187,0.,0.707106781187));
#2629 = DEFINITIONAL_REPRESENTATION('',(#2630),#2634);
#2630 = LINE('',#2631,#2632);
#2631 = CARTESIAN_POINT('',(7.068583470577,0.));
#2632 = VECTOR('',#2633,1.);
#2633 = DIRECTION('',(0.,-1.));
#2634 = ( GEOMETRIC_REPRESENTATION_CONTEXT(2) 
PARAMETRIC_REPRESENTATION_CONTEXT() REPRESENTATION_CONTEXT('2D SPACE',''
  ) );
#2635 = ORIENTED_EDGE('',*,*,#2636,.F.);
#2636 = EDGE_CURVE('',#2637,#2609,#2639,.T.);
#2637 = VERTEX_POINT('',#2638);
#2638 = CARTESIAN_POINT('',(46.000000685453,0.60640138634,0.));
#2639 = SURFACE_CURVE('',#2640,(#2644,#2651),.PCURVE_S1.);
#2640 = LINE('',#2641,#2642);
#2641 = CARTESIAN_POINT('',(84.739550152707,0.60640138634,0.));
#2642 = VECTOR('',#2643,1.);
#2643 = DIRECTION('',(1.,0.,0.));
#2644 = PCURVE('',#387,#2645);
#2645 = DEFINITIONAL_REPRESENTATION('',(#2646),#2650);
#2646 = LINE('',#2647,#2648);
#2647 = CARTESIAN_POINT('',(-38.73954946725,-40.6317212149));
#2648 = VECTOR('',#2649,1.);
#2649 = DIRECTION('',(1.,0.));
#2650 = ( GEOMETRIC_REPRESENTATION_CONTEXT(2) 
PARAMETRIC_REPRESENTATION_CONTEXT() REPRESENTATION_CONTEXT('2D SPACE',''
  ) );
#2651 = PCURVE('',#2652,#2657);
#2652 = CYLINDRICAL_SURFACE('',#2653,3.5);
#2653 = AXIS2_PLACEMENT_3D('',#2654,#2655,#2656);
#2654 = CARTESIAN_POINT('',(84.739550152707,0.60640138634,-3.5));
#2655 = DIRECTION('',(-1.,0.,0.));
#2656 = DIRECTION('',(0.,-0.707106781187,0.707106781187));
#2657 = DEFINITIONAL_REPRESENTATION('',(#2658),#2662);
#2658 = LINE('',#2659,#2660);
#2659 = CARTESIAN_POINT('',(0.785398163397,0.));
#2660 = VECTOR('',#2661,1.);
#2661 = DIRECTION('',(0.,-1.));
#2662 = ( GEOMETRIC_REPRESENTATION_CONTEXT(2) 
PARAMETRIC_REPRESENTATION_CONTEXT() REPRESENTATION_CONTEXT('2D SPACE',''
  ) );
#2663 = ORIENTED_EDGE('',*,*,#2664,.T.);
#2664 = EDGE_CURVE('',#2637,#2579,#2665,.T.);
#2665 = SURFACE_CURVE('',#2666,(#2670,#2677),.PCURVE_S1.);
#2666 = LINE('',#2667,#2668);
#2667 = CARTESIAN_POINT('',(46.000000685453,15.869060928091,0.));
#2668 = VECTOR('',#2669,1.);
#2669 = DIRECTION('',(0.,-1.,0.));
#2670 = PCURVE('',#387,#2671);
#2671 = DEFINITIONAL_REPRESENTATION('',(#2672),#2676);
#2672 = LINE('',#2673,#2674);
#2673 = CARTESIAN_POINT('',(-77.4790989345,-25.36906167314));
#2674 = VECTOR('',#2675,1.);
#2675 = DIRECTION('',(0.,-1.));
#2676 = ( GEOMETRIC_REPRESENTATION_CONTEXT(2) 
PARAMETRIC_REPRESENTATION_CONTEXT() REPRESENTATION_CONTEXT('2D SPACE',''
  ) );
#2677 = PCURVE('',#2678,#2683);
#2678 = PLANE('',#2679);
#2679 = AXIS2_PLACEMENT_3D('',#2680,#2681,#2682);
#2680 = CARTESIAN_POINT('',(46.000000685453,-9.500000745058,0.));
#2681 = DIRECTION('',(-1.,0.,0.));
#2682 = DIRECTION('',(0.,1.,0.));
#2683 = DEFINITIONAL_REPRESENTATION('',(#2684),#2688);
#2684 = LINE('',#2685,#2686);
#2685 = CARTESIAN_POINT('',(25.369061673149,0.));
#2686 = VECTOR('',#2687,1.);
#2687 = DIRECTION('',(-1.,0.));
#2688 = ( GEOMETRIC_REPRESENTATION_CONTEXT(2) 
PARAMETRIC_REPRESENTATION_CONTEXT() REPRESENTATION_CONTEXT('2D SPACE',''
  ) );
#2689 = FACE_BOUND('',#2690,.T.);
#2690 = EDGE_LOOP('',(#2691));
#2691 = ORIENTED_EDGE('',*,*,#2692,.T.);
#2692 = EDGE_CURVE('',#2693,#2693,#2695,.T.);
#2693 = VERTEX_POINT('',#2694);
#2694 = CARTESIAN_POINT('',(160.81474486566,13.779256839977,0.));
#2695 = SURFACE_CURVE('',#2696,(#2701,#2708),.PCURVE_S1.);
#2696 = CIRCLE('',#2697,1.5);
#2697 = AXIS2_PLACEMENT_3D('',#2698,#2699,#2700);
#2698 = CARTESIAN_POINT('',(159.31474486566,13.779256839977,0.));
#2699 = DIRECTION('',(0.,0.,1.));
#2700 = DIRECTION('',(-1.,0.,0.));
#2701 = PCURVE('',#387,#2702);
#2702 = DEFINITIONAL_REPRESENTATION('',(#2703),#2707);
#2703 = CIRCLE('',#2704,1.5);
#2704 = AXIS2_PLACEMENT_2D('',#2705,#2706);
#2705 = CARTESIAN_POINT('',(35.835645245702,-27.45886576126));
#2706 = DIRECTION('',(-1.,0.));
#2707 = ( GEOMETRIC_REPRESENTATION_CONTEXT(2) 
PARAMETRIC_REPRESENTATION_CONTEXT() REPRESENTATION_CONTEXT('2D SPACE',''
  ) );
#2708 = PCURVE('',#2709,#2714);
#2709 = CYLINDRICAL_SURFACE('',#2710,1.5);
#2710 = AXIS2_PLACEMENT_3D('',#2711,#2712,#2713);
#2711 = CARTESIAN_POINT('',(159.31474486566,13.779256839977,4.));
#2712 = DIRECTION('',(0.,0.,-1.));
#2713 = DIRECTION('',(-1.,0.,0.));
#2714 = DEFINITIONAL_REPRESENTATION('',(#2715),#2719);
#2715 = LINE('',#2716,#2717);
#2716 = CARTESIAN_POINT('',(12.566370614359,4.));
#2717 = VECTOR('',#2718,1.);
#2718 = DIRECTION('',(-1.,0.));
#2719 = ( GEOMETRIC_REPRESENTATION_CONTEXT(2) 
PARAMETRIC_REPRESENTATION_CONTEXT() REPRESENTATION_CONTEXT('2D SPACE',''
  ) );
#2720 = FACE_BOUND('',#2721,.T.);
#2721 = EDGE_LOOP('',(#2722));
#2722 = ORIENTED_EDGE('',*,*,#2723,.T.);
#2723 = EDGE_CURVE('',#2724,#2724,#2726,.T.);
#2724 = VERTEX_POINT('',#2725);
#2725 = CARTESIAN_POINT('',(193.60431224971,59.779256839977,0.));
#2726 = SURFACE_CURVE('',#2727,(#2732,#2739),.PCURVE_S1.);
#2727 = CIRCLE('',#2728,1.5);
#2728 = AXIS2_PLACEMENT_3D('',#2729,#2730,#2731);
#2729 = CARTESIAN_POINT('',(192.10431224971,59.779256839977,0.));
#2730 = DIRECTION('',(0.,0.,1.));
#2731 = DIRECTION('',(-1.,0.,0.));
#2732 = PCURVE('',#387,#2733);
#2733 = DEFINITIONAL_REPRESENTATION('',(#2734),#2738);
#2734 = CIRCLE('',#2735,1.5);
#2735 = AXIS2_PLACEMENT_2D('',#2736,#2737);
#2736 = CARTESIAN_POINT('',(68.625212629752,18.541134238738));
#2737 = DIRECTION('',(-1.,0.));
#2738 = ( GEOMETRIC_REPRESENTATION_CONTEXT(2) 
PARAMETRIC_REPRESENTATION_CONTEXT() REPRESENTATION_CONTEXT('2D SPACE',''
  ) );
#2739 = PCURVE('',#2740,#2745);
#2740 = CYLINDRICAL_SURFACE('',#2741,1.5);
#2741 = AXIS2_PLACEMENT_3D('',#2742,#2743,#2744);
#2742 = CARTESIAN_POINT('',(192.10431224971,59.779256839977,4.));
#2743 = DIRECTION('',(0.,0.,-1.));
#2744 = DIRECTION('',(-1.,0.,0.));
#2745 = DEFINITIONAL_REPRESENTATION('',(#2746),#2750);
#2746 = LINE('',#2747,#2748);
#2747 = CARTESIAN_POINT('',(12.566370614359,4.));
#2748 = VECTOR('',#2749,1.);
#2749 = DIRECTION('',(-1.,0.));
#2750 = ( GEOMETRIC_REPRESENTATION_CONTEXT(2) 
PARAMETRIC_REPRESENTATION_CONTEXT() REPRESENTATION_CONTEXT('2D SPACE',''
  ) );
#2751 = FACE_BOUND('',#2752,.T.);
#2752 = EDGE_LOOP('',(#2753));
#2753 = ORIENTED_EDGE('',*,*,#2754,.T.);
#2754 = EDGE_CURVE('',#2755,#2755,#2757,.T.);
#2755 = VERTEX_POINT('',#2756);
#2756 = CARTESIAN_POINT('',(160.81474486566,105.77925683997,0.));
#2757 = SURFACE_CURVE('',#2758,(#2763,#2770),.PCURVE_S1.);
#2758 = CIRCLE('',#2759,1.5);
#2759 = AXIS2_PLACEMENT_3D('',#2760,#2761,#2762);
#2760 = CARTESIAN_POINT('',(159.31474486566,105.77925683997,0.));
#2761 = DIRECTION('',(0.,0.,1.));
#2762 = DIRECTION('',(-1.,0.,0.));
#2763 = PCURVE('',#387,#2764);
#2764 = DEFINITIONAL_REPRESENTATION('',(#2765),#2769);
#2765 = CIRCLE('',#2766,1.5);
#2766 = AXIS2_PLACEMENT_2D('',#2767,#2768);
#2767 = CARTESIAN_POINT('',(35.835645245702,64.541134238738));
#2768 = DIRECTION('',(-1.,0.));
#2769 = ( GEOMETRIC_REPRESENTATION_CONTEXT(2) 
PARAMETRIC_REPRESENTATION_CONTEXT() REPRESENTATION_CONTEXT('2D SPACE',''
  ) );
#2770 = PCURVE('',#2771,#2776);
#2771 = CYLINDRICAL_SURFACE('',#2772,1.5);
#2772 = AXIS2_PLACEMENT_3D('',#2773,#2774,#2775);
#2773 = CARTESIAN_POINT('',(159.31474486566,105.77925683997,4.));
#2774 = DIRECTION('',(0.,0.,-1.));
#2775 = DIRECTION('',(-1.,0.,0.));
#2776 = DEFINITIONAL_REPRESENTATION('',(#2777),#2781);
#2777 = LINE('',#2778,#2779);
#2778 = CARTESIAN_POINT('',(12.566370614359,4.));
#2779 = VECTOR('',#2780,1.);
#2780 = DIRECTION('',(-1.,0.));
#2781 = ( GEOMETRIC_REPRESENTATION_CONTEXT(2) 
PARAMETRIC_REPRESENTATION_CONTEXT() REPRESENTATION_CONTEXT('2D SPACE',''
  ) );
#2782 = FACE_BOUND('',#2783,.T.);
#2783 = EDGE_LOOP('',(#2784));
#2784 = ORIENTED_EDGE('',*,*,#2785,.T.);
#2785 = EDGE_CURVE('',#2786,#2786,#2788,.T.);
#2786 = VERTEX_POINT('',#2787);
#2787 = CARTESIAN_POINT('',(160.81474486566,128.77925683997,0.));
#2788 = SURFACE_CURVE('',#2789,(#2794,#2801),.PCURVE_S1.);
#2789 = CIRCLE('',#2790,1.5);
#2790 = AXIS2_PLACEMENT_3D('',#2791,#2792,#2793);
#2791 = CARTESIAN_POINT('',(159.31474486566,128.77925683997,0.));
#2792 = DIRECTION('',(0.,0.,1.));
#2793 = DIRECTION('',(-1.,0.,0.));
#2794 = PCURVE('',#387,#2795);
#2795 = DEFINITIONAL_REPRESENTATION('',(#2796),#2800);
#2796 = CIRCLE('',#2797,1.5);
#2797 = AXIS2_PLACEMENT_2D('',#2798,#2799);
#2798 = CARTESIAN_POINT('',(35.835645245702,87.541134238738));
#2799 = DIRECTION('',(-1.,0.));
#2800 = ( GEOMETRIC_REPRESENTATION_CONTEXT(2) 
PARAMETRIC_REPRESENTATION_CONTEXT() REPRESENTATION_CONTEXT('2D SPACE',''
  ) );
#2801 = PCURVE('',#2802,#2807);
#2802 = CYLINDRICAL_SURFACE('',#2803,1.5);
#2803 = AXIS2_PLACEMENT_3D('',#2804,#2805,#2806);
#2804 = CARTESIAN_POINT('',(159.31474486566,128.77925683997,4.));
#2805 = DIRECTION('',(0.,0.,-1.));
#2806 = DIRECTION('',(-1.,0.,0.));
#2807 = DEFINITIONAL_REPRESENTATION('',(#2808),#2812);
#2808 = LINE('',#2809,#2810);
#2809 = CARTESIAN_POINT('',(12.566370614359,4.));
#2810 = VECTOR('',#2811,1.);
#2811 = DIRECTION('',(-1.,0.));
#2812 = ( GEOMETRIC_REPRESENTATION_CONTEXT(2) 
PARAMETRIC_REPRESENTATION_CONTEXT() REPRESENTATION_CONTEXT('2D SPACE',''
  ) );
#2813 = FACE_BOUND('',#2814,.T.);
#2814 = EDGE_LOOP('',(#2815));
#2815 = ORIENTED_EDGE('',*,*,#2816,.T.);
#2816 = EDGE_CURVE('',#2817,#2817,#2819,.T.);
#2817 = VERTEX_POINT('',#2818);
#2818 = CARTESIAN_POINT('',(193.60431224971,82.779256839977,0.));
#2819 = SURFACE_CURVE('',#2820,(#2825,#2832),.PCURVE_S1.);
#2820 = CIRCLE('',#2821,1.5);
#2821 = AXIS2_PLACEMENT_3D('',#2822,#2823,#2824);
#2822 = CARTESIAN_POINT('',(192.10431224971,82.779256839977,0.));
#2823 = DIRECTION('',(0.,0.,1.));
#2824 = DIRECTION('',(-1.,0.,0.));
#2825 = PCURVE('',#387,#2826);
#2826 = DEFINITIONAL_REPRESENTATION('',(#2827),#2831);
#2827 = CIRCLE('',#2828,1.5);
#2828 = AXIS2_PLACEMENT_2D('',#2829,#2830);
#2829 = CARTESIAN_POINT('',(68.625212629752,41.541134238738));
#2830 = DIRECTION('',(-1.,0.));
#2831 = ( GEOMETRIC_REPRESENTATION_CONTEXT(2) 
PARAMETRIC_REPRESENTATION_CONTEXT() REPRESENTATION_CONTEXT('2D SPACE',''
  ) );
#2832 = PCURVE('',#2833,#2838);
#2833 = CYLINDRICAL_SURFACE('',#2834,1.5);
#2834 = AXIS2_PLACEMENT_3D('',#2835,#2836,#2837);
#2835 = CARTESIAN_POINT('',(192.10431224971,82.779256839977,4.));
#2836 = DIRECTION('',(0.,0.,-1.));
#2837 = DIRECTION('',(-1.,0.,0.));
#2838 = DEFINITIONAL_REPRESENTATION('',(#2839),#2843);
#2839 = LINE('',#2840,#2841);
#2840 = CARTESIAN_POINT('',(12.566370614359,4.));
#2841 = VECTOR('',#2842,1.);
#2842 = DIRECTION('',(-1.,0.));
#2843 = ( GEOMETRIC_REPRESENTATION_CONTEXT(2) 
PARAMETRIC_REPRESENTATION_CONTEXT() REPRESENTATION_CONTEXT('2D SPACE',''
  ) );
#2844 = FACE_BOUND('',#2845,.T.);
#2845 = EDGE_LOOP('',(#2846));
#2846 = ORIENTED_EDGE('',*,*,#2847,.T.);
#2847 = EDGE_CURVE('',#2848,#2848,#2850,.T.);
#2848 = VERTEX_POINT('',#2849);
#2849 = CARTESIAN_POINT('',(193.60431224971,13.779256839977,0.));
#2850 = SURFACE_CURVE('',#2851,(#2856,#2863),.PCURVE_S1.);
#2851 = CIRCLE('',#2852,1.5);
#2852 = AXIS2_PLACEMENT_3D('',#2853,#2854,#2855);
#2853 = CARTESIAN_POINT('',(192.10431224971,13.779256839977,0.));
#2854 = DIRECTION('',(0.,0.,1.));
#2855 = DIRECTION('',(-1.,0.,0.));
#2856 = PCURVE('',#387,#2857);
#2857 = DEFINITIONAL_REPRESENTATION('',(#2858),#2862);
#2858 = CIRCLE('',#2859,1.5);
#2859 = AXIS2_PLACEMENT_2D('',#2860,#2861);
#2860 = CARTESIAN_POINT('',(68.625212629752,-27.45886576126));
#2861 = DIRECTION('',(-1.,0.));
#2862 = ( GEOMETRIC_REPRESENTATION_CONTEXT(2) 
PARAMETRIC_REPRESENTATION_CONTEXT() REPRESENTATION_CONTEXT('2D SPACE',''
  ) );
#2863 = PCURVE('',#2864,#2869);
#2864 = CYLINDRICAL_SURFACE('',#2865,1.5);
#2865 = AXIS2_PLACEMENT_3D('',#2866,#2867,#2868);
#2866 = CARTESIAN_POINT('',(192.10431224971,13.779256839977,4.));
#2867 = DIRECTION('',(0.,0.,-1.));
#2868 = DIRECTION('',(-1.,0.,0.));
#2869 = DEFINITIONAL_REPRESENTATION('',(#2870),#2874);
#2870 = LINE('',#2871,#2872);
#2871 = CARTESIAN_POINT('',(12.566370614359,4.));
#2872 = VECTOR('',#2873,1.);
#2873 = DIRECTION('',(-1.,0.));
#2874 = ( GEOMETRIC_REPRESENTATION_CONTEXT(2) 
PARAMETRIC_REPRESENTATION_CONTEXT() REPRESENTATION_CONTEXT('2D SPACE',''
  ) );
#2875 = FACE_BOUND('',#2876,.T.);
#2876 = EDGE_LOOP('',(#2877));
#2877 = ORIENTED_EDGE('',*,*,#2878,.T.);
#2878 = EDGE_CURVE('',#2879,#2879,#2881,.T.);
#2879 = VERTEX_POINT('',#2880);
#2880 = CARTESIAN_POINT('',(160.81474486566,36.779256839977,0.));
#2881 = SURFACE_CURVE('',#2882,(#2887,#2894),.PCURVE_S1.);
#2882 = CIRCLE('',#2883,1.5);
#2883 = AXIS2_PLACEMENT_3D('',#2884,#2885,#2886);
#2884 = CARTESIAN_POINT('',(159.31474486566,36.779256839977,0.));
#2885 = DIRECTION('',(0.,0.,1.));
#2886 = DIRECTION('',(-1.,0.,0.));
#2887 = PCURVE('',#387,#2888);
#2888 = DEFINITIONAL_REPRESENTATION('',(#2889),#2893);
#2889 = CIRCLE('',#2890,1.5);
#2890 = AXIS2_PLACEMENT_2D('',#2891,#2892);
#2891 = CARTESIAN_POINT('',(35.835645245702,-4.458865761262));
#2892 = DIRECTION('',(-1.,0.));
#2893 = ( GEOMETRIC_REPRESENTATION_CONTEXT(2) 
PARAMETRIC_REPRESENTATION_CONTEXT() REPRESENTATION_CONTEXT('2D SPACE',''
  ) );
#2894 = PCURVE('',#2895,#2900);
#2895 = CYLINDRICAL_SURFACE('',#2896,1.5);
#2896 = AXIS2_PLACEMENT_3D('',#2897,#2898,#2899);
#2897 = CARTESIAN_POINT('',(159.31474486566,36.779256839977,4.));
#2898 = DIRECTION('',(0.,0.,-1.));
#2899 = DIRECTION('',(-1.,0.,0.));
#2900 = DEFINITIONAL_REPRESENTATION('',(#2901),#2905);
#2901 = LINE('',#2902,#2903);
#2902 = CARTESIAN_POINT('',(12.566370614359,4.));
#2903 = VECTOR('',#2904,1.);
#2904 = DIRECTION('',(-1.,0.));
#2905 = ( GEOMETRIC_REPRESENTATION_CONTEXT(2) 
PARAMETRIC_REPRESENTATION_CONTEXT() REPRESENTATION_CONTEXT('2D SPACE',''
  ) );
#2906 = FACE_BOUND('',#2907,.T.);
#2907 = EDGE_LOOP('',(#2908));
#2908 = ORIENTED_EDGE('',*,*,#2909,.T.);
#2909 = EDGE_CURVE('',#2910,#2910,#2912,.T.);
#2910 = VERTEX_POINT('',#2911);
#2911 = CARTESIAN_POINT('',(160.81474486566,82.779256839977,0.));
#2912 = SURFACE_CURVE('',#2913,(#2918,#2925),.PCURVE_S1.);
#2913 = CIRCLE('',#2914,1.5);
#2914 = AXIS2_PLACEMENT_3D('',#2915,#2916,#2917);
#2915 = CARTESIAN_POINT('',(159.31474486566,82.779256839977,0.));
#2916 = DIRECTION('',(0.,0.,1.));
#2917 = DIRECTION('',(-1.,0.,0.));
#2918 = PCURVE('',#387,#2919);
#2919 = DEFINITIONAL_REPRESENTATION('',(#2920),#2924);
#2920 = CIRCLE('',#2921,1.5);
#2921 = AXIS2_PLACEMENT_2D('',#2922,#2923);
#2922 = CARTESIAN_POINT('',(35.835645245702,41.541134238738));
#2923 = DIRECTION('',(-1.,0.));
#2924 = ( GEOMETRIC_REPRESENTATION_CONTEXT(2) 
PARAMETRIC_REPRESENTATION_CONTEXT() REPRESENTATION_CONTEXT('2D SPACE',''
  ) );
#2925 = PCURVE('',#2926,#2931);
#2926 = CYLINDRICAL_SURFACE('',#2927,1.5);
#2927 = AXIS2_PLACEMENT_3D('',#2928,#2929,#2930);
#2928 = CARTESIAN_POINT('',(159.31474486566,82.779256839977,4.));
#2929 = DIRECTION('',(0.,0.,-1.));
#2930 = DIRECTION('',(-1.,0.,0.));
#2931 = DEFINITIONAL_REPRESENTATION('',(#2932),#2936);
#2932 = LINE('',#2933,#2934);
#2933 = CARTESIAN_POINT('',(12.566370614359,4.));
#2934 = VECTOR('',#2935,1.);
#2935 = DIRECTION('',(-1.,0.));
#2936 = ( GEOMETRIC_REPRESENTATION_CONTEXT(2) 
PARAMETRIC_REPRESENTATION_CONTEXT() REPRESENTATION_CONTEXT('2D SPACE',''
  ) );
#2937 = FACE_BOUND('',#2938,.T.);
#2938 = EDGE_LOOP('',(#2939));
#2939 = ORIENTED_EDGE('',*,*,#2940,.T.);
#2940 = EDGE_CURVE('',#2941,#2941,#2943,.T.);
#2941 = VERTEX_POINT('',#2942);
#2942 = CARTESIAN_POINT('',(193.60431224971,105.77925683997,0.));
#2943 = SURFACE_CURVE('',#2944,(#2949,#2956),.PCURVE_S1.);
#2944 = CIRCLE('',#2945,1.5);
#2945 = AXIS2_PLACEMENT_3D('',#2946,#2947,#2948);
#2946 = CARTESIAN_POINT('',(192.10431224971,105.77925683997,0.));
#2947 = DIRECTION('',(0.,0.,1.));
#2948 = DIRECTION('',(-1.,0.,0.));
#2949 = PCURVE('',#387,#2950);
#2950 = DEFINITIONAL_REPRESENTATION('',(#2951),#2955);
#2951 = CIRCLE('',#2952,1.5);
#2952 = AXIS2_PLACEMENT_2D('',#2953,#2954);
#2953 = CARTESIAN_POINT('',(68.625212629752,64.541134238738));
#2954 = DIRECTION('',(-1.,0.));
#2955 = ( GEOMETRIC_REPRESENTATION_CONTEXT(2) 
PARAMETRIC_REPRESENTATION_CONTEXT() REPRESENTATION_CONTEXT('2D SPACE',''
  ) );
#2956 = PCURVE('',#2957,#2962);
#2957 = CYLINDRICAL_SURFACE('',#2958,1.5);
#2958 = AXIS2_PLACEMENT_3D('',#2959,#2960,#2961);
#2959 = CARTESIAN_POINT('',(192.10431224971,105.77925683997,4.));
#2960 = DIRECTION('',(0.,0.,-1.));
#2961 = DIRECTION('',(-1.,0.,0.));
#2962 = DEFINITIONAL_REPRESENTATION('',(#2963),#2967);
#2963 = LINE('',#2964,#2965);
#2964 = CARTESIAN_POINT('',(12.566370614359,4.));
#2965 = VECTOR('',#2966,1.);
#2966 = DIRECTION('',(-1.,0.));
#2967 = ( GEOMETRIC_REPRESENTATION_CONTEXT(2) 
PARAMETRIC_REPRESENTATION_CONTEXT() REPRESENTATION_CONTEXT('2D SPACE',''
  ) );
#2968 = FACE_BOUND('',#2969,.T.);
#2969 = EDGE_LOOP('',(#2970));
#2970 = ORIENTED_EDGE('',*,*,#2971,.T.);
#2971 = EDGE_CURVE('',#2972,#2972,#2974,.T.);
#2972 = VERTEX_POINT('',#2973);
#2973 = CARTESIAN_POINT('',(193.60431224971,128.77925683997,0.));
#2974 = SURFACE_CURVE('',#2975,(#2980,#2987),.PCURVE_S1.);
#2975 = CIRCLE('',#2976,1.5);
#2976 = AXIS2_PLACEMENT_3D('',#2977,#2978,#2979);
#2977 = CARTESIAN_POINT('',(192.10431224971,128.77925683997,0.));
#2978 = DIRECTION('',(0.,0.,1.));
#2979 = DIRECTION('',(-1.,0.,0.));
#2980 = PCURVE('',#387,#2981);
#2981 = DEFINITIONAL_REPRESENTATION('',(#2982),#2986);
#2982 = CIRCLE('',#2983,1.5);
#2983 = AXIS2_PLACEMENT_2D('',#2984,#2985);
#2984 = CARTESIAN_POINT('',(68.625212629752,87.541134238738));
#2985 = DIRECTION('',(-1.,0.));
#2986 = ( GEOMETRIC_REPRESENTATION_CONTEXT(2) 
PARAMETRIC_REPRESENTATION_CONTEXT() REPRESENTATION_CONTEXT('2D SPACE',''
  ) );
#2987 = PCURVE('',#2988,#2993);
#2988 = CYLINDRICAL_SURFACE('',#2989,1.5);
#2989 = AXIS2_PLACEMENT_3D('',#2990,#2991,#2992);
#2990 = CARTESIAN_POINT('',(192.10431224971,128.77925683997,4.));
#2991 = DIRECTION('',(0.,0.,-1.));
#2992 = DIRECTION('',(-1.,0.,0.));
#2993 = DEFINITIONAL_REPRESENTATION('',(#2994),#2998);
#2994 = LINE('',#2995,#2996);
#2995 = CARTESIAN_POINT('',(12.566370614359,4.));
#2996 = VECTOR('',#2997,1.);
#2997 = DIRECTION('',(-1.,0.));
#2998 = ( GEOMETRIC_REPRESENTATION_CONTEXT(2) 
PARAMETRIC_REPRESENTATION_CONTEXT() REPRESENTATION_CONTEXT('2D SPACE',''
  ) );
#2999 = FACE_BOUND('',#3000,.T.);
#3000 = EDGE_LOOP('',(#3001));
#3001 = ORIENTED_EDGE('',*,*,#3002,.T.);
#3002 = EDGE_CURVE('',#3003,#3003,#3005,.T.);
#3003 = VERTEX_POINT('',#3004);
#3004 = CARTESIAN_POINT('',(160.81474486566,59.779256839977,0.));
#3005 = SURFACE_CURVE('',#3006,(#3011,#3018),.PCURVE_S1.);
#3006 = CIRCLE('',#3007,1.5);
#3007 = AXIS2_PLACEMENT_3D('',#3008,#3009,#3010);
#3008 = CARTESIAN_POINT('',(159.31474486566,59.779256839977,0.));
#3009 = DIRECTION('',(0.,0.,1.));
#3010 = DIRECTION('',(-1.,0.,0.));
#3011 = PCURVE('',#387,#3012);
#3012 = DEFINITIONAL_REPRESENTATION('',(#3013),#3017);
#3013 = CIRCLE('',#3014,1.5);
#3014 = AXIS2_PLACEMENT_2D('',#3015,#3016);
#3015 = CARTESIAN_POINT('',(35.835645245702,18.541134238738));
#3016 = DIRECTION('',(-1.,0.));
#3017 = ( GEOMETRIC_REPRESENTATION_CONTEXT(2) 
PARAMETRIC_REPRESENTATION_CONTEXT() REPRESENTATION_CONTEXT('2D SPACE',''
  ) );
#3018 = PCURVE('',#3019,#3024);
#3019 = CYLINDRICAL_SURFACE('',#3020,1.5);
#3020 = AXIS2_PLACEMENT_3D('',#3021,#3022,#3023);
#3021 = CARTESIAN_POINT('',(159.31474486566,59.779256839977,4.));
#3022 = DIRECTION('',(0.,0.,-1.));
#3023 = DIRECTION('',(-1.,0.,0.));
#3024 = DEFINITIONAL_REPRESENTATION('',(#3025),#3029);
#3025 = LINE('',#3026,#3027);
#3026 = CARTESIAN_POINT('',(12.566370614359,4.));
#3027 = VECTOR('',#3028,1.);
#3028 = DIRECTION('',(-1.,0.));
#3029 = ( GEOMETRIC_REPRESENTATION_CONTEXT(2) 
PARAMETRIC_REPRESENTATION_CONTEXT() REPRESENTATION_CONTEXT('2D SPACE',''
  ) );
#3030 = FACE_BOUND('',#3031,.T.);
#3031 = EDGE_LOOP('',(#3032));
#3032 = ORIENTED_EDGE('',*,*,#3033,.T.);
#3033 = EDGE_CURVE('',#3034,#3034,#3036,.T.);
#3034 = VERTEX_POINT('',#3035);
#3035 = CARTESIAN_POINT('',(193.60431224971,36.779256839977,0.));
#3036 = SURFACE_CURVE('',#3037,(#3042,#3049),.PCURVE_S1.);
#3037 = CIRCLE('',#3038,1.5);
#3038 = AXIS2_PLACEMENT_3D('',#3039,#3040,#3041);
#3039 = CARTESIAN_POINT('',(192.10431224971,36.779256839977,0.));
#3040 = DIRECTION('',(0.,0.,1.));
#3041 = DIRECTION('',(-1.,0.,0.));
#3042 = PCURVE('',#387,#3043);
#3043 = DEFINITIONAL_REPRESENTATION('',(#3044),#3048);
#3044 = CIRCLE('',#3045,1.5);
#3045 = AXIS2_PLACEMENT_2D('',#3046,#3047);
#3046 = CARTESIAN_POINT('',(68.625212629752,-4.458865761262));
#3047 = DIRECTION('',(-1.,0.));
#3048 = ( GEOMETRIC_REPRESENTATION_CONTEXT(2) 
PARAMETRIC_REPRESENTATION_CONTEXT() REPRESENTATION_CONTEXT('2D SPACE',''
  ) );
#3049 = PCURVE('',#3050,#3055);
#3050 = CYLINDRICAL_SURFACE('',#3051,1.5);
#3051 = AXIS2_PLACEMENT_3D('',#3052,#3053,#3054);
#3052 = CARTESIAN_POINT('',(192.10431224971,36.779256839977,4.));
#3053 = DIRECTION('',(0.,0.,-1.));
#3054 = DIRECTION('',(-1.,0.,0.));
#3055 = DEFINITIONAL_REPRESENTATION('',(#3056),#3060);
#3056 = LINE('',#3057,#3058);
#3057 = CARTESIAN_POINT('',(12.566370614359,4.));
#3058 = VECTOR('',#3059,1.);
#3059 = DIRECTION('',(-1.,0.));
#3060 = ( GEOMETRIC_REPRESENTATION_CONTEXT(2) 
PARAMETRIC_REPRESENTATION_CONTEXT() REPRESENTATION_CONTEXT('2D SPACE',''
  ) );
#3061 = ADVANCED_FACE('',(#3062),#126,.T.);
#3062 = FACE_BOUND('',#3063,.T.);
#3063 = EDGE_LOOP('',(#3064,#3065,#3086,#3087));
#3064 = ORIENTED_EDGE('',*,*,#112,.T.);
#3065 = ORIENTED_EDGE('',*,*,#3066,.F.);
#3066 = EDGE_CURVE('',#1840,#85,#3067,.T.);
#3067 = SURFACE_CURVE('',#3068,(#3072,#3079),.PCURVE_S1.);
#3068 = LINE('',#3069,#3070);
#3069 = CARTESIAN_POINT('',(201.47909961996,131.64876042895,0.));
#3070 = VECTOR('',#3071,1.);
#3071 = DIRECTION('',(0.,0.,-1.));
#3072 = PCURVE('',#126,#3073);
#3073 = DEFINITIONAL_REPRESENTATION('',(#3074),#3078);
#3074 = LINE('',#3075,#3076);
#3075 = CARTESIAN_POINT('',(0.,0.));
#3076 = VECTOR('',#3077,1.);
#3077 = DIRECTION('',(0.,1.));
#3078 = ( GEOMETRIC_REPRESENTATION_CONTEXT(2) 
PARAMETRIC_REPRESENTATION_CONTEXT() REPRESENTATION_CONTEXT('2D SPACE',''
  ) );
#3079 = PCURVE('',#100,#3080);
#3080 = DEFINITIONAL_REPRESENTATION('',(#3081),#3085);
#3081 = LINE('',#3082,#3083);
#3082 = CARTESIAN_POINT('',(28.,0.));
#3083 = VECTOR('',#3084,1.);
#3084 = DIRECTION('',(0.,1.));
#3085 = ( GEOMETRIC_REPRESENTATION_CONTEXT(2) 
PARAMETRIC_REPRESENTATION_CONTEXT() REPRESENTATION_CONTEXT('2D SPACE',''
  ) );
#3086 = ORIENTED_EDGE('',*,*,#1839,.F.);
#3087 = ORIENTED_EDGE('',*,*,#424,.T.);
#3088 = ADVANCED_FACE('',(#3089),#100,.T.);
#3089 = FACE_BOUND('',#3090,.T.);
#3090 = EDGE_LOOP('',(#3091,#3092,#3093,#3094,#3095,#3096,#3097));
#3091 = ORIENTED_EDGE('',*,*,#84,.T.);
#3092 = ORIENTED_EDGE('',*,*,#399,.F.);
#3093 = ORIENTED_EDGE('',*,*,#1219,.F.);
#3094 = ORIENTED_EDGE('',*,*,#1185,.T.);
#3095 = ORIENTED_EDGE('',*,*,#1112,.T.);
#3096 = ORIENTED_EDGE('',*,*,#1862,.F.);
#3097 = ORIENTED_EDGE('',*,*,#3066,.T.);
#3098 = ADVANCED_FACE('',(#3099),#306,.T.);
#3099 = FACE_BOUND('',#3100,.T.);
#3100 = EDGE_LOOP('',(#3101,#3102,#3123,#3124));
#3101 = ORIENTED_EDGE('',*,*,#290,.T.);
#3102 = ORIENTED_EDGE('',*,*,#3103,.F.);
#3103 = EDGE_CURVE('',#1677,#262,#3104,.T.);
#3104 = SURFACE_CURVE('',#3105,(#3109,#3116),.PCURVE_S1.);
#3105 = LINE('',#3106,#3107);
#3106 = CARTESIAN_POINT('',(45.002429234925,103.64876042895,0.));
#3107 = VECTOR('',#3108,1.);
#3108 = DIRECTION('',(0.,0.,-1.));
#3109 = PCURVE('',#306,#3110);
#3110 = DEFINITIONAL_REPRESENTATION('',(#3111),#3115);
#3111 = LINE('',#3112,#3113);
#3112 = CARTESIAN_POINT('',(0.,-0.));
#3113 = VECTOR('',#3114,1.);
#3114 = DIRECTION('',(0.,1.));
#3115 = ( GEOMETRIC_REPRESENTATION_CONTEXT(2) 
PARAMETRIC_REPRESENTATION_CONTEXT() REPRESENTATION_CONTEXT('2D SPACE',''
  ) );
#3116 = PCURVE('',#278,#3117);
#3117 = DEFINITIONAL_REPRESENTATION('',(#3118),#3122);
#3118 = LINE('',#3119,#3120);
#3119 = CARTESIAN_POINT('',(6.046831144725,4.));
#3120 = VECTOR('',#3121,1.);
#3121 = DIRECTION('',(0.,1.));
#3122 = ( GEOMETRIC_REPRESENTATION_CONTEXT(2) 
PARAMETRIC_REPRESENTATION_CONTEXT() REPRESENTATION_CONTEXT('2D SPACE',''
  ) );
#3123 = ORIENTED_EDGE('',*,*,#1676,.F.);
#3124 = ORIENTED_EDGE('',*,*,#3125,.T.);
#3125 = EDGE_CURVE('',#1654,#291,#3126,.T.);
#3126 = SURFACE_CURVE('',#3127,(#3131,#3138),.PCURVE_S1.);
#3127 = LINE('',#3128,#3129);
#3128 = CARTESIAN_POINT('',(38.47909961996,103.64876042895,0.));
#3129 = VECTOR('',#3130,1.);
#3130 = DIRECTION('',(0.,0.,-1.));
#3131 = PCURVE('',#306,#3132);
#3132 = DEFINITIONAL_REPRESENTATION('',(#3133),#3137);
#3133 = LINE('',#3134,#3135);
#3134 = CARTESIAN_POINT('',(6.523329614965,0.));
#3135 = VECTOR('',#3136,1.);
#3136 = DIRECTION('',(0.,1.));
#3137 = ( GEOMETRIC_REPRESENTATION_CONTEXT(2) 
PARAMETRIC_REPRESENTATION_CONTEXT() REPRESENTATION_CONTEXT('2D SPACE',''
  ) );
#3138 = PCURVE('',#332,#3139);
#3139 = DEFINITIONAL_REPRESENTATION('',(#3140),#3144);
#3140 = LINE('',#3141,#3142);
#3141 = CARTESIAN_POINT('',(37.589362172282,0.));
#3142 = VECTOR('',#3143,1.);
#3143 = DIRECTION('',(0.,-1.));
#3144 = ( GEOMETRIC_REPRESENTATION_CONTEXT(2) 
PARAMETRIC_REPRESENTATION_CONTEXT() REPRESENTATION_CONTEXT('2D SPACE',''
  ) );
#3145 = ADVANCED_FACE('',(#3146),#249,.T.);
#3146 = FACE_BOUND('',#3147,.T.);
#3147 = EDGE_LOOP('',(#3148,#3149,#3150,#3151,#3152,#3153,#3154));
#3148 = ORIENTED_EDGE('',*,*,#233,.T.);
#3149 = ORIENTED_EDGE('',*,*,#685,.F.);
#3150 = ORIENTED_EDGE('',*,*,#1769,.F.);
#3151 = ORIENTED_EDGE('',*,*,#974,.T.);
#3152 = ORIENTED_EDGE('',*,*,#947,.T.);
#3153 = ORIENTED_EDGE('',*,*,#1747,.F.);
#3154 = ORIENTED_EDGE('',*,*,#3155,.T.);
#3155 = EDGE_CURVE('',#1724,#234,#3156,.T.);
#3156 = SURFACE_CURVE('',#3157,(#3161,#3168),.PCURVE_S1.);
#3157 = LINE('',#3158,#3159);
#3158 = CARTESIAN_POINT('',(45.47909961996,105.13419961606,0.));
#3159 = VECTOR('',#3160,1.);
#3160 = DIRECTION('',(0.,0.,-1.));
#3161 = PCURVE('',#249,#3162);
#3162 = DEFINITIONAL_REPRESENTATION('',(#3163),#3167);
#3163 = LINE('',#3164,#3165);
#3164 = CARTESIAN_POINT('',(23.731600767874,0.));
#3165 = VECTOR('',#3166,1.);
#3166 = DIRECTION('',(0.,1.));
#3167 = ( GEOMETRIC_REPRESENTATION_CONTEXT(2) 
PARAMETRIC_REPRESENTATION_CONTEXT() REPRESENTATION_CONTEXT('2D SPACE',''
  ) );
#3168 = PCURVE('',#278,#3169);
#3169 = DEFINITIONAL_REPRESENTATION('',(#3170),#3174);
#3170 = LINE('',#3171,#3172);
#3171 = CARTESIAN_POINT('',(7.140569126988,4.));
#3172 = VECTOR('',#3173,1.);
#3173 = DIRECTION('',(0.,1.));
#3174 = ( GEOMETRIC_REPRESENTATION_CONTEXT(2) 
PARAMETRIC_REPRESENTATION_CONTEXT() REPRESENTATION_CONTEXT('2D SPACE',''
  ) );
#3175 = ADVANCED_FACE('',(#3176),#1902,.T.);
#3176 = FACE_BOUND('',#3177,.T.);
#3177 = EDGE_LOOP('',(#3178,#3211,#3232,#3233));
#3178 = ORIENTED_EDGE('',*,*,#3179,.F.);
#3179 = EDGE_CURVE('',#3180,#3180,#3182,.T.);
#3180 = VERTEX_POINT('',#3181);
#3181 = CARTESIAN_POINT('',(137.47909961996,122.23812260123,-3.));
#3182 = SURFACE_CURVE('',#3183,(#3188,#3195),.PCURVE_S1.);
#3183 = CIRCLE('',#3184,14.);
#3184 = AXIS2_PLACEMENT_3D('',#3185,#3186,#3187);
#3185 = CARTESIAN_POINT('',(123.47909961996,122.23812260123,-3.));
#3186 = DIRECTION('',(0.,0.,-1.));
#3187 = DIRECTION('',(-1.,0.,0.));
#3188 = PCURVE('',#1902,#3189);
#3189 = DEFINITIONAL_REPRESENTATION('',(#3190),#3194);
#3190 = LINE('',#3191,#3192);
#3191 = CARTESIAN_POINT('',(-6.28318530718,3.));
#3192 = VECTOR('',#3193,1.);
#3193 = DIRECTION('',(1.,0.));
#3194 = ( GEOMETRIC_REPRESENTATION_CONTEXT(2) 
PARAMETRIC_REPRESENTATION_CONTEXT() REPRESENTATION_CONTEXT('2D SPACE',''
  ) );
#3195 = PCURVE('',#3196,#3201);
#3196 = PLANE('',#3197);
#3197 = AXIS2_PLACEMENT_3D('',#3198,#3199,#3200);
#3198 = CARTESIAN_POINT('',(123.47909961996,122.23812260123,-3.));
#3199 = DIRECTION('',(0.,0.,1.));
#3200 = DIRECTION('',(-1.,0.,0.));
#3201 = DEFINITIONAL_REPRESENTATION('',(#3202),#3210);
#3202 = ( BOUNDED_CURVE() B_SPLINE_CURVE(2,(#3203,#3204,#3205,#3206,
#3207,#3208,#3209),.UNSPECIFIED.,.T.,.F.) B_SPLINE_CURVE_WITH_KNOTS((1,2
    ,2,2,2,1),(-2.094395102393,0.,2.094395102393,4.188790204786,
6.28318530718,8.377580409573),.UNSPECIFIED.) CURVE() 
GEOMETRIC_REPRESENTATION_ITEM() RATIONAL_B_SPLINE_CURVE((1.,0.5,1.,0.5,
1.,0.5,1.)) REPRESENTATION_ITEM('') );
#3203 = CARTESIAN_POINT('',(14.,0.));
#3204 = CARTESIAN_POINT('',(14.,-24.24871130596));
#3205 = CARTESIAN_POINT('',(-7.,-12.12435565298));
#3206 = CARTESIAN_POINT('',(-28.,-3.429011037613E-15));
#3207 = CARTESIAN_POINT('',(-7.,12.124355652982));
#3208 = CARTESIAN_POINT('',(14.,24.248711305964));
#3209 = CARTESIAN_POINT('',(14.,0.));
#3210 = ( GEOMETRIC_REPRESENTATION_CONTEXT(2) 
PARAMETRIC_REPRESENTATION_CONTEXT() REPRESENTATION_CONTEXT('2D SPACE',''
  ) );
#3211 = ORIENTED_EDGE('',*,*,#3212,.T.);
#3212 = EDGE_CURVE('',#3180,#1886,#3213,.T.);
#3213 = SEAM_CURVE('',#3214,(#3218,#3225),.PCURVE_S1.);
#3214 = LINE('',#3215,#3216);
#3215 = CARTESIAN_POINT('',(137.47909961996,122.23812260123,0.));
#3216 = VECTOR('',#3217,1.);
#3217 = DIRECTION('',(0.,0.,1.));
#3218 = PCURVE('',#1902,#3219);
#3219 = DEFINITIONAL_REPRESENTATION('',(#3220),#3224);
#3220 = LINE('',#3221,#3222);
#3221 = CARTESIAN_POINT('',(-3.14159265359,0.));
#3222 = VECTOR('',#3223,1.);
#3223 = DIRECTION('',(0.,-1.));
#3224 = ( GEOMETRIC_REPRESENTATION_CONTEXT(2) 
PARAMETRIC_REPRESENTATION_CONTEXT() REPRESENTATION_CONTEXT('2D SPACE',''
  ) );
#3225 = PCURVE('',#1902,#3226);
#3226 = DEFINITIONAL_REPRESENTATION('',(#3227),#3231);
#3227 = LINE('',#3228,#3229);
#3228 = CARTESIAN_POINT('',(3.14159265359,0.));
#3229 = VECTOR('',#3230,1.);
#3230 = DIRECTION('',(0.,-1.));
#3231 = ( GEOMETRIC_REPRESENTATION_CONTEXT(2) 
PARAMETRIC_REPRESENTATION_CONTEXT() REPRESENTATION_CONTEXT('2D SPACE',''
  ) );
#3232 = ORIENTED_EDGE('',*,*,#1885,.F.);
#3233 = ORIENTED_EDGE('',*,*,#3212,.F.);
#3234 = ADVANCED_FACE('',(#3235,#3238),#3196,.F.);
#3235 = FACE_BOUND('',#3236,.T.);
#3236 = EDGE_LOOP('',(#3237));
#3237 = ORIENTED_EDGE('',*,*,#3179,.T.);
#3238 = FACE_BOUND('',#3239,.T.);
#3239 = EDGE_LOOP('',(#3240));
#3240 = ORIENTED_EDGE('',*,*,#3241,.T.);
#3241 = EDGE_CURVE('',#3242,#3242,#3244,.T.);
#3242 = VERTEX_POINT('',#3243);
#3243 = CARTESIAN_POINT('',(134.47909961996,122.23812260123,-3.));
#3244 = SURFACE_CURVE('',#3245,(#3250,#3257),.PCURVE_S1.);
#3245 = CIRCLE('',#3246,11.);
#3246 = AXIS2_PLACEMENT_3D('',#3247,#3248,#3249);
#3247 = CARTESIAN_POINT('',(123.47909961996,122.23812260123,-3.));
#3248 = DIRECTION('',(0.,0.,1.));
#3249 = DIRECTION('',(-1.,0.,0.));
#3250 = PCURVE('',#3196,#3251);
#3251 = DEFINITIONAL_REPRESENTATION('',(#3252),#3256);
#3252 = CIRCLE('',#3253,11.);
#3253 = AXIS2_PLACEMENT_2D('',#3254,#3255);
#3254 = CARTESIAN_POINT('',(0.,0.));
#3255 = DIRECTION('',(1.,0.));
#3256 = ( GEOMETRIC_REPRESENTATION_CONTEXT(2) 
PARAMETRIC_REPRESENTATION_CONTEXT() REPRESENTATION_CONTEXT('2D SPACE',''
  ) );
#3257 = PCURVE('',#3258,#3263);
#3258 = CYLINDRICAL_SURFACE('',#3259,11.);
#3259 = AXIS2_PLACEMENT_3D('',#3260,#3261,#3262);
#3260 = CARTESIAN_POINT('',(123.47909961996,122.23812260123,4.));
#3261 = DIRECTION('',(0.,0.,-1.));
#3262 = DIRECTION('',(-1.,0.,0.));
#3263 = DEFINITIONAL_REPRESENTATION('',(#3264),#3268);
#3264 = LINE('',#3265,#3266);
#3265 = CARTESIAN_POINT('',(6.28318530718,7.));
#3266 = VECTOR('',#3267,1.);
#3267 = DIRECTION('',(-1.,0.));
#3268 = ( GEOMETRIC_REPRESENTATION_CONTEXT(2) 
PARAMETRIC_REPRESENTATION_CONTEXT() REPRESENTATION_CONTEXT('2D SPACE',''
  ) );
#3269 = ADVANCED_FACE('',(#3270),#1933,.F.);
#3270 = FACE_BOUND('',#3271,.F.);
#3271 = EDGE_LOOP('',(#3272,#3295,#3296,#3297));
#3272 = ORIENTED_EDGE('',*,*,#3273,.T.);
#3273 = EDGE_CURVE('',#3274,#1917,#3276,.T.);
#3274 = VERTEX_POINT('',#3275);
#3275 = CARTESIAN_POINT('',(126.5,73.333333333333,4.));
#3276 = SEAM_CURVE('',#3277,(#3281,#3288),.PCURVE_S1.);
#3277 = LINE('',#3278,#3279);
#3278 = CARTESIAN_POINT('',(126.5,73.333333333333,4.));
#3279 = VECTOR('',#3280,1.);
#3280 = DIRECTION('',(0.,0.,-1.));
#3281 = PCURVE('',#1933,#3282);
#3282 = DEFINITIONAL_REPRESENTATION('',(#3283),#3287);
#3283 = LINE('',#3284,#3285);
#3284 = CARTESIAN_POINT('',(9.424777960769,0.));
#3285 = VECTOR('',#3286,1.);
#3286 = DIRECTION('',(0.,1.));
#3287 = ( GEOMETRIC_REPRESENTATION_CONTEXT(2) 
PARAMETRIC_REPRESENTATION_CONTEXT() REPRESENTATION_CONTEXT('2D SPACE',''
  ) );
#3288 = PCURVE('',#1933,#3289);
#3289 = DEFINITIONAL_REPRESENTATION('',(#3290),#3294);
#3290 = LINE('',#3291,#3292);
#3291 = CARTESIAN_POINT('',(3.14159265359,0.));
#3292 = VECTOR('',#3293,1.);
#3293 = DIRECTION('',(0.,1.));
#3294 = ( GEOMETRIC_REPRESENTATION_CONTEXT(2) 
PARAMETRIC_REPRESENTATION_CONTEXT() REPRESENTATION_CONTEXT('2D SPACE',''
  ) );
#3295 = ORIENTED_EDGE('',*,*,#1916,.T.);
#3296 = ORIENTED_EDGE('',*,*,#3273,.F.);
#3297 = ORIENTED_EDGE('',*,*,#3298,.T.);
#3298 = EDGE_CURVE('',#3274,#3274,#3299,.T.);
#3299 = SURFACE_CURVE('',#3300,(#3305,#3312),.PCURVE_S1.);
#3300 = CIRCLE('',#3301,1.5);
#3301 = AXIS2_PLACEMENT_3D('',#3302,#3303,#3304);
#3302 = CARTESIAN_POINT('',(125.,73.333333333333,4.));
#3303 = DIRECTION('',(0.,0.,-1.));
#3304 = DIRECTION('',(-1.,0.,0.));
#3305 = PCURVE('',#1933,#3306);
#3306 = DEFINITIONAL_REPRESENTATION('',(#3307),#3311);
#3307 = LINE('',#3308,#3309);
#3308 = CARTESIAN_POINT('',(0.,0.));
#3309 = VECTOR('',#3310,1.);
#3310 = DIRECTION('',(1.,0.));
#3311 = ( GEOMETRIC_REPRESENTATION_CONTEXT(2) 
PARAMETRIC_REPRESENTATION_CONTEXT() REPRESENTATION_CONTEXT('2D SPACE',''
  ) );
#3312 = PCURVE('',#514,#3313);
#3313 = DEFINITIONAL_REPRESENTATION('',(#3314),#3322);
#3314 = ( BOUNDED_CURVE() B_SPLINE_CURVE(2,(#3315,#3316,#3317,#3318,
#3319,#3320,#3321),.UNSPECIFIED.,.T.,.F.) B_SPLINE_CURVE_WITH_KNOTS((1,2
    ,2,2,2,1),(-2.094395102393,0.,2.094395102393,4.188790204786,
6.28318530718,8.377580409573),.UNSPECIFIED.) CURVE() 
GEOMETRIC_REPRESENTATION_ITEM() RATIONAL_B_SPLINE_CURVE((1.,0.5,1.,0.5,
1.,0.5,1.)) REPRESENTATION_ITEM('') );
#3315 = CARTESIAN_POINT('',(2.090038004E-02,32.095210732094));
#3316 = CARTESIAN_POINT('',(2.090038004E-02,34.693286943447));
#3317 = CARTESIAN_POINT('',(2.27090038004,33.394248837771));
#3318 = CARTESIAN_POINT('',(4.52090038004,32.095210732094));
#3319 = CARTESIAN_POINT('',(2.27090038004,30.796172626417));
#3320 = CARTESIAN_POINT('',(2.090038004001E-02,29.497134520741));
#3321 = CARTESIAN_POINT('',(2.090038004E-02,32.095210732094));
#3322 = ( GEOMETRIC_REPRESENTATION_CONTEXT(2) 
PARAMETRIC_REPRESENTATION_CONTEXT() REPRESENTATION_CONTEXT('2D SPACE',''
  ) );
#3323 = ADVANCED_FACE('',(#3324),#1964,.F.);
#3324 = FACE_BOUND('',#3325,.F.);
#3325 = EDGE_LOOP('',(#3326,#3349,#3350,#3351));
#3326 = ORIENTED_EDGE('',*,*,#3327,.T.);
#3327 = EDGE_CURVE('',#3328,#1948,#3330,.T.);
#3328 = VERTEX_POINT('',#3329);
#3329 = CARTESIAN_POINT('',(47.960726448711,26.,4.));
#3330 = SEAM_CURVE('',#3331,(#3335,#3342),.PCURVE_S1.);
#3331 = LINE('',#3332,#3333);
#3332 = CARTESIAN_POINT('',(47.960726448711,26.,4.));
#3333 = VECTOR('',#3334,1.);
#3334 = DIRECTION('',(0.,0.,-1.));
#3335 = PCURVE('',#1964,#3336);
#3336 = DEFINITIONAL_REPRESENTATION('',(#3337),#3341);
#3337 = LINE('',#3338,#3339);
#3338 = CARTESIAN_POINT('',(9.424777960769,0.));
#3339 = VECTOR('',#3340,1.);
#3340 = DIRECTION('',(0.,1.));
#3341 = ( GEOMETRIC_REPRESENTATION_CONTEXT(2) 
PARAMETRIC_REPRESENTATION_CONTEXT() REPRESENTATION_CONTEXT('2D SPACE',''
  ) );
#3342 = PCURVE('',#1964,#3343);
#3343 = DEFINITIONAL_REPRESENTATION('',(#3344),#3348);
#3344 = LINE('',#3345,#3346);
#3345 = CARTESIAN_POINT('',(3.14159265359,0.));
#3346 = VECTOR('',#3347,1.);
#3347 = DIRECTION('',(0.,1.));
#3348 = ( GEOMETRIC_REPRESENTATION_CONTEXT(2) 
PARAMETRIC_REPRESENTATION_CONTEXT() REPRESENTATION_CONTEXT('2D SPACE',''
  ) );
#3349 = ORIENTED_EDGE('',*,*,#1947,.T.);
#3350 = ORIENTED_EDGE('',*,*,#3327,.F.);
#3351 = ORIENTED_EDGE('',*,*,#3352,.T.);
#3352 = EDGE_CURVE('',#3328,#3328,#3353,.T.);
#3353 = SURFACE_CURVE('',#3354,(#3359,#3366),.PCURVE_S1.);
#3354 = CIRCLE('',#3355,1.5);
#3355 = AXIS2_PLACEMENT_3D('',#3356,#3357,#3358);
#3356 = CARTESIAN_POINT('',(46.460726448711,26.,4.));
#3357 = DIRECTION('',(0.,0.,-1.));
#3358 = DIRECTION('',(-1.,0.,0.));
#3359 = PCURVE('',#1964,#3360);
#3360 = DEFINITIONAL_REPRESENTATION('',(#3361),#3365);
#3361 = LINE('',#3362,#3363);
#3362 = CARTESIAN_POINT('',(0.,0.));
#3363 = VECTOR('',#3364,1.);
#3364 = DIRECTION('',(1.,0.));
#3365 = ( GEOMETRIC_REPRESENTATION_CONTEXT(2) 
PARAMETRIC_REPRESENTATION_CONTEXT() REPRESENTATION_CONTEXT('2D SPACE',''
  ) );
#3366 = PCURVE('',#514,#3367);
#3367 = DEFINITIONAL_REPRESENTATION('',(#3368),#3376);
#3368 = ( BOUNDED_CURVE() B_SPLINE_CURVE(2,(#3369,#3370,#3371,#3372,
#3373,#3374,#3375),.UNSPECIFIED.,.T.,.F.) B_SPLINE_CURVE_WITH_KNOTS((1,2
    ,2,2,2,1),(-2.094395102393,0.,2.094395102393,4.188790204786,
6.28318530718,8.377580409573),.UNSPECIFIED.) CURVE() 
GEOMETRIC_REPRESENTATION_ITEM() RATIONAL_B_SPLINE_CURVE((1.,0.5,1.,0.5,
1.,0.5,1.)) REPRESENTATION_ITEM('') );
#3369 = CARTESIAN_POINT('',(-78.51837317124,-15.23812260123));
#3370 = CARTESIAN_POINT('',(-78.51837317124,-12.64004638988));
#3371 = CARTESIAN_POINT('',(-76.26837317124,-13.93908449556));
#3372 = CARTESIAN_POINT('',(-74.01837317124,-15.23812260123));
#3373 = CARTESIAN_POINT('',(-76.26837317124,-16.53716070691));
#3374 = CARTESIAN_POINT('',(-78.51837317124,-17.83619881259));
#3375 = CARTESIAN_POINT('',(-78.51837317124,-15.23812260123));
#3376 = ( GEOMETRIC_REPRESENTATION_CONTEXT(2) 
PARAMETRIC_REPRESENTATION_CONTEXT() REPRESENTATION_CONTEXT('2D SPACE',''
  ) );
#3377 = ADVANCED_FACE('',(#3378),#1995,.F.);
#3378 = FACE_BOUND('',#3379,.F.);
#3379 = EDGE_LOOP('',(#3380,#3403,#3404,#3405));
#3380 = ORIENTED_EDGE('',*,*,#3381,.T.);
#3381 = EDGE_CURVE('',#3382,#1979,#3384,.T.);
#3382 = VERTEX_POINT('',#3383);
#3383 = CARTESIAN_POINT('',(91.5,78.,4.));
#3384 = SEAM_CURVE('',#3385,(#3389,#3396),.PCURVE_S1.);
#3385 = LINE('',#3386,#3387);
#3386 = CARTESIAN_POINT('',(91.5,78.,4.));
#3387 = VECTOR('',#3388,1.);
#3388 = DIRECTION('',(0.,0.,-1.));
#3389 = PCURVE('',#1995,#3390);
#3390 = DEFINITIONAL_REPRESENTATION('',(#3391),#3395);
#3391 = LINE('',#3392,#3393);
#3392 = CARTESIAN_POINT('',(9.424777960769,0.));
#3393 = VECTOR('',#3394,1.);
#3394 = DIRECTION('',(0.,1.));
#3395 = ( GEOMETRIC_REPRESENTATION_CONTEXT(2) 
PARAMETRIC_REPRESENTATION_CONTEXT() REPRESENTATION_CONTEXT('2D SPACE',''
  ) );
#3396 = PCURVE('',#1995,#3397);
#3397 = DEFINITIONAL_REPRESENTATION('',(#3398),#3402);
#3398 = LINE('',#3399,#3400);
#3399 = CARTESIAN_POINT('',(3.14159265359,0.));
#3400 = VECTOR('',#3401,1.);
#3401 = DIRECTION('',(0.,1.));
#3402 = ( GEOMETRIC_REPRESENTATION_CONTEXT(2) 
PARAMETRIC_REPRESENTATION_CONTEXT() REPRESENTATION_CONTEXT('2D SPACE',''
  ) );
#3403 = ORIENTED_EDGE('',*,*,#1978,.T.);
#3404 = ORIENTED_EDGE('',*,*,#3381,.F.);
#3405 = ORIENTED_EDGE('',*,*,#3406,.T.);
#3406 = EDGE_CURVE('',#3382,#3382,#3407,.T.);
#3407 = SURFACE_CURVE('',#3408,(#3413,#3420),.PCURVE_S1.);
#3408 = CIRCLE('',#3409,1.5);
#3409 = AXIS2_PLACEMENT_3D('',#3410,#3411,#3412);
#3410 = CARTESIAN_POINT('',(90.,78.,4.));
#3411 = DIRECTION('',(0.,0.,-1.));
#3412 = DIRECTION('',(-1.,0.,0.));
#3413 = PCURVE('',#1995,#3414);
#3414 = DEFINITIONAL_REPRESENTATION('',(#3415),#3419);
#3415 = LINE('',#3416,#3417);
#3416 = CARTESIAN_POINT('',(0.,0.));
#3417 = VECTOR('',#3418,1.);
#3418 = DIRECTION('',(1.,0.));
#3419 = ( GEOMETRIC_REPRESENTATION_CONTEXT(2) 
PARAMETRIC_REPRESENTATION_CONTEXT() REPRESENTATION_CONTEXT('2D SPACE',''
  ) );
#3420 = PCURVE('',#514,#3421);
#3421 = DEFINITIONAL_REPRESENTATION('',(#3422),#3430);
#3422 = ( BOUNDED_CURVE() B_SPLINE_CURVE(2,(#3423,#3424,#3425,#3426,
#3427,#3428,#3429),.UNSPECIFIED.,.T.,.F.) B_SPLINE_CURVE_WITH_KNOTS((1,2
    ,2,2,2,1),(-2.094395102393,0.,2.094395102393,4.188790204786,
6.28318530718,8.377580409573),.UNSPECIFIED.) CURVE() 
GEOMETRIC_REPRESENTATION_ITEM() RATIONAL_B_SPLINE_CURVE((1.,0.5,1.,0.5,
1.,0.5,1.)) REPRESENTATION_ITEM('') );
#3423 = CARTESIAN_POINT('',(-34.97909961996,36.761877398761));
#3424 = CARTESIAN_POINT('',(-34.97909961996,39.359953610114));
#3425 = CARTESIAN_POINT('',(-32.72909961996,38.060915504437));
#3426 = CARTESIAN_POINT('',(-30.47909961996,36.761877398761));
#3427 = CARTESIAN_POINT('',(-32.72909961996,35.462839293084));
#3428 = CARTESIAN_POINT('',(-34.97909961996,34.163801187407));
#3429 = CARTESIAN_POINT('',(-34.97909961996,36.761877398761));
#3430 = ( GEOMETRIC_REPRESENTATION_CONTEXT(2) 
PARAMETRIC_REPRESENTATION_CONTEXT() REPRESENTATION_CONTEXT('2D SPACE',''
  ) );
#3431 = ADVANCED_FACE('',(#3432),#2026,.F.);
#3432 = FACE_BOUND('',#3433,.F.);
#3433 = EDGE_LOOP('',(#3434,#3457,#3458,#3459));
#3434 = ORIENTED_EDGE('',*,*,#3435,.T.);
#3435 = EDGE_CURVE('',#3436,#2010,#3438,.T.);
#3436 = VERTEX_POINT('',#3437);
#3437 = CARTESIAN_POINT('',(91.5,130.,4.));
#3438 = SEAM_CURVE('',#3439,(#3443,#3450),.PCURVE_S1.);
#3439 = LINE('',#3440,#3441);
#3440 = CARTESIAN_POINT('',(91.5,130.,4.));
#3441 = VECTOR('',#3442,1.);
#3442 = DIRECTION('',(0.,0.,-1.));
#3443 = PCURVE('',#2026,#3444);
#3444 = DEFINITIONAL_REPRESENTATION('',(#3445),#3449);
#3445 = LINE('',#3446,#3447);
#3446 = CARTESIAN_POINT('',(9.424777960769,0.));
#3447 = VECTOR('',#3448,1.);
#3448 = DIRECTION('',(0.,1.));
#3449 = ( GEOMETRIC_REPRESENTATION_CONTEXT(2) 
PARAMETRIC_REPRESENTATION_CONTEXT() REPRESENTATION_CONTEXT('2D SPACE',''
  ) );
#3450 = PCURVE('',#2026,#3451);
#3451 = DEFINITIONAL_REPRESENTATION('',(#3452),#3456);
#3452 = LINE('',#3453,#3454);
#3453 = CARTESIAN_POINT('',(3.14159265359,0.));
#3454 = VECTOR('',#3455,1.);
#3455 = DIRECTION('',(0.,1.));
#3456 = ( GEOMETRIC_REPRESENTATION_CONTEXT(2) 
PARAMETRIC_REPRESENTATION_CONTEXT() REPRESENTATION_CONTEXT('2D SPACE',''
  ) );
#3457 = ORIENTED_EDGE('',*,*,#2009,.T.);
#3458 = ORIENTED_EDGE('',*,*,#3435,.F.);
#3459 = ORIENTED_EDGE('',*,*,#3460,.T.);
#3460 = EDGE_CURVE('',#3436,#3436,#3461,.T.);
#3461 = SURFACE_CURVE('',#3462,(#3467,#3474),.PCURVE_S1.);
#3462 = CIRCLE('',#3463,1.5);
#3463 = AXIS2_PLACEMENT_3D('',#3464,#3465,#3466);
#3464 = CARTESIAN_POINT('',(90.,130.,4.));
#3465 = DIRECTION('',(0.,0.,-1.));
#3466 = DIRECTION('',(-1.,0.,0.));
#3467 = PCURVE('',#2026,#3468);
#3468 = DEFINITIONAL_REPRESENTATION('',(#3469),#3473);
#3469 = LINE('',#3470,#3471);
#3470 = CARTESIAN_POINT('',(0.,0.));
#3471 = VECTOR('',#3472,1.);
#3472 = DIRECTION('',(1.,0.));
#3473 = ( GEOMETRIC_REPRESENTATION_CONTEXT(2) 
PARAMETRIC_REPRESENTATION_CONTEXT() REPRESENTATION_CONTEXT('2D SPACE',''
  ) );
#3474 = PCURVE('',#514,#3475);
#3475 = DEFINITIONAL_REPRESENTATION('',(#3476),#3484);
#3476 = ( BOUNDED_CURVE() B_SPLINE_CURVE(2,(#3477,#3478,#3479,#3480,
#3481,#3482,#3483),.UNSPECIFIED.,.T.,.F.) B_SPLINE_CURVE_WITH_KNOTS((1,2
    ,2,2,2,1),(-2.094395102393,0.,2.094395102393,4.188790204786,
6.28318530718,8.377580409573),.UNSPECIFIED.) CURVE() 
GEOMETRIC_REPRESENTATION_ITEM() RATIONAL_B_SPLINE_CURVE((1.,0.5,1.,0.5,
1.,0.5,1.)) REPRESENTATION_ITEM('') );
#3477 = CARTESIAN_POINT('',(-34.97909961996,88.761877398761));
#3478 = CARTESIAN_POINT('',(-34.97909961996,91.359953610114));
#3479 = CARTESIAN_POINT('',(-32.72909961996,90.060915504437));
#3480 = CARTESIAN_POINT('',(-30.47909961996,88.761877398761));
#3481 = CARTESIAN_POINT('',(-32.72909961996,87.462839293084));
#3482 = CARTESIAN_POINT('',(-34.97909961996,86.163801187407));
#3483 = CARTESIAN_POINT('',(-34.97909961996,88.761877398761));
#3484 = ( GEOMETRIC_REPRESENTATION_CONTEXT(2) 
PARAMETRIC_REPRESENTATION_CONTEXT() REPRESENTATION_CONTEXT('2D SPACE',''
  ) );
#3485 = ADVANCED_FACE('',(#3486),#278,.F.);
#3486 = FACE_BOUND('',#3487,.F.);
#3487 = EDGE_LOOP('',(#3488,#3511,#3512,#3513,#3514,#3515,#3516,#3517));
#3488 = ORIENTED_EDGE('',*,*,#3489,.T.);
#3489 = EDGE_CURVE('',#3490,#1700,#3492,.T.);
#3490 = VERTEX_POINT('',#3491);
#3491 = CARTESIAN_POINT('',(47.960726448711,104.,4.));
#3492 = SEAM_CURVE('',#3493,(#3497,#3504),.PCURVE_S1.);
#3493 = LINE('',#3494,#3495);
#3494 = CARTESIAN_POINT('',(47.960726448711,104.,4.));
#3495 = VECTOR('',#3496,1.);
#3496 = DIRECTION('',(0.,0.,-1.));
#3497 = PCURVE('',#278,#3498);
#3498 = DEFINITIONAL_REPRESENTATION('',(#3499),#3503);
#3499 = LINE('',#3500,#3501);
#3500 = CARTESIAN_POINT('',(9.424777960769,0.));
#3501 = VECTOR('',#3502,1.);
#3502 = DIRECTION('',(0.,1.));
#3503 = ( GEOMETRIC_REPRESENTATION_CONTEXT(2) 
PARAMETRIC_REPRESENTATION_CONTEXT() REPRESENTATION_CONTEXT('2D SPACE',''
  ) );
#3504 = PCURVE('',#278,#3505);
#3505 = DEFINITIONAL_REPRESENTATION('',(#3506),#3510);
#3506 = LINE('',#3507,#3508);
#3507 = CARTESIAN_POINT('',(3.14159265359,0.));
#3508 = VECTOR('',#3509,1.);
#3509 = DIRECTION('',(0.,1.));
#3510 = ( GEOMETRIC_REPRESENTATION_CONTEXT(2) 
PARAMETRIC_REPRESENTATION_CONTEXT() REPRESENTATION_CONTEXT('2D SPACE',''
  ) );
#3511 = ORIENTED_EDGE('',*,*,#1723,.T.);
#3512 = ORIENTED_EDGE('',*,*,#3155,.T.);
#3513 = ORIENTED_EDGE('',*,*,#261,.F.);
#3514 = ORIENTED_EDGE('',*,*,#3103,.F.);
#3515 = ORIENTED_EDGE('',*,*,#1699,.T.);
#3516 = ORIENTED_EDGE('',*,*,#3489,.F.);
#3517 = ORIENTED_EDGE('',*,*,#3518,.T.);
#3518 = EDGE_CURVE('',#3490,#3490,#3519,.T.);
#3519 = SURFACE_CURVE('',#3520,(#3525,#3532),.PCURVE_S1.);
#3520 = CIRCLE('',#3521,1.5);
#3521 = AXIS2_PLACEMENT_3D('',#3522,#3523,#3524);
#3522 = CARTESIAN_POINT('',(46.460726448711,104.,4.));
#3523 = DIRECTION('',(0.,0.,-1.));
#3524 = DIRECTION('',(-1.,0.,0.));
#3525 = PCURVE('',#278,#3526);
#3526 = DEFINITIONAL_REPRESENTATION('',(#3527),#3531);
#3527 = LINE('',#3528,#3529);
#3528 = CARTESIAN_POINT('',(0.,0.));
#3529 = VECTOR('',#3530,1.);
#3530 = DIRECTION('',(1.,0.));
#3531 = ( GEOMETRIC_REPRESENTATION_CONTEXT(2) 
PARAMETRIC_REPRESENTATION_CONTEXT() REPRESENTATION_CONTEXT('2D SPACE',''
  ) );
#3532 = PCURVE('',#514,#3533);
#3533 = DEFINITIONAL_REPRESENTATION('',(#3534),#3542);
#3534 = ( BOUNDED_CURVE() B_SPLINE_CURVE(2,(#3535,#3536,#3537,#3538,
#3539,#3540,#3541),.UNSPECIFIED.,.T.,.F.) B_SPLINE_CURVE_WITH_KNOTS((1,2
    ,2,2,2,1),(-2.094395102393,0.,2.094395102393,4.188790204786,
6.28318530718,8.377580409573),.UNSPECIFIED.) CURVE() 
GEOMETRIC_REPRESENTATION_ITEM() RATIONAL_B_SPLINE_CURVE((1.,0.5,1.,0.5,
1.,0.5,1.)) REPRESENTATION_ITEM('') );
#3535 = CARTESIAN_POINT('',(-78.51837317124,62.761877398761));
#3536 = CARTESIAN_POINT('',(-78.51837317124,65.359953610114));
#3537 = CARTESIAN_POINT('',(-76.26837317124,64.060915504437));
#3538 = CARTESIAN_POINT('',(-74.01837317124,62.761877398761));
#3539 = CARTESIAN_POINT('',(-76.26837317124,61.462839293084));
#3540 = CARTESIAN_POINT('',(-78.51837317124,60.163801187407));
#3541 = CARTESIAN_POINT('',(-78.51837317124,62.761877398761));
#3542 = ( GEOMETRIC_REPRESENTATION_CONTEXT(2) 
PARAMETRIC_REPRESENTATION_CONTEXT() REPRESENTATION_CONTEXT('2D SPACE',''
  ) );
#3543 = ADVANCED_FACE('',(#3544),#2057,.F.);
#3544 = FACE_BOUND('',#3545,.F.);
#3545 = EDGE_LOOP('',(#3546,#3569,#3570,#3571));
#3546 = ORIENTED_EDGE('',*,*,#3547,.T.);
#3547 = EDGE_CURVE('',#3548,#2041,#3550,.T.);
#3548 = VERTEX_POINT('',#3549);
#3549 = CARTESIAN_POINT('',(91.5,52.,4.));
#3550 = SEAM_CURVE('',#3551,(#3555,#3562),.PCURVE_S1.);
#3551 = LINE('',#3552,#3553);
#3552 = CARTESIAN_POINT('',(91.5,52.,4.));
#3553 = VECTOR('',#3554,1.);
#3554 = DIRECTION('',(0.,0.,-1.));
#3555 = PCURVE('',#2057,#3556);
#3556 = DEFINITIONAL_REPRESENTATION('',(#3557),#3561);
#3557 = LINE('',#3558,#3559);
#3558 = CARTESIAN_POINT('',(9.424777960769,0.));
#3559 = VECTOR('',#3560,1.);
#3560 = DIRECTION('',(0.,1.));
#3561 = ( GEOMETRIC_REPRESENTATION_CONTEXT(2) 
PARAMETRIC_REPRESENTATION_CONTEXT() REPRESENTATION_CONTEXT('2D SPACE',''
  ) );
#3562 = PCURVE('',#2057,#3563);
#3563 = DEFINITIONAL_REPRESENTATION('',(#3564),#3568);
#3564 = LINE('',#3565,#3566);
#3565 = CARTESIAN_POINT('',(3.14159265359,0.));
#3566 = VECTOR('',#3567,1.);
#3567 = DIRECTION('',(0.,1.));
#3568 = ( GEOMETRIC_REPRESENTATION_CONTEXT(2) 
PARAMETRIC_REPRESENTATION_CONTEXT() REPRESENTATION_CONTEXT('2D SPACE',''
  ) );
#3569 = ORIENTED_EDGE('',*,*,#2040,.T.);
#3570 = ORIENTED_EDGE('',*,*,#3547,.F.);
#3571 = ORIENTED_EDGE('',*,*,#3572,.T.);
#3572 = EDGE_CURVE('',#3548,#3548,#3573,.T.);
#3573 = SURFACE_CURVE('',#3574,(#3579,#3586),.PCURVE_S1.);
#3574 = CIRCLE('',#3575,1.5);
#3575 = AXIS2_PLACEMENT_3D('',#3576,#3577,#3578);
#3576 = CARTESIAN_POINT('',(90.,52.,4.));
#3577 = DIRECTION('',(0.,0.,-1.));
#3578 = DIRECTION('',(-1.,0.,0.));
#3579 = PCURVE('',#2057,#3580);
#3580 = DEFINITIONAL_REPRESENTATION('',(#3581),#3585);
#3581 = LINE('',#3582,#3583);
#3582 = CARTESIAN_POINT('',(0.,0.));
#3583 = VECTOR('',#3584,1.);
#3584 = DIRECTION('',(1.,0.));
#3585 = ( GEOMETRIC_REPRESENTATION_CONTEXT(2) 
PARAMETRIC_REPRESENTATION_CONTEXT() REPRESENTATION_CONTEXT('2D SPACE',''
  ) );
#3586 = PCURVE('',#514,#3587);
#3587 = DEFINITIONAL_REPRESENTATION('',(#3588),#3596);
#3588 = ( BOUNDED_CURVE() B_SPLINE_CURVE(2,(#3589,#3590,#3591,#3592,
#3593,#3594,#3595),.UNSPECIFIED.,.T.,.F.) B_SPLINE_CURVE_WITH_KNOTS((1,2
    ,2,2,2,1),(-2.094395102393,0.,2.094395102393,4.188790204786,
6.28318530718,8.377580409573),.UNSPECIFIED.) CURVE() 
GEOMETRIC_REPRESENTATION_ITEM() RATIONAL_B_SPLINE_CURVE((1.,0.5,1.,0.5,
1.,0.5,1.)) REPRESENTATION_ITEM('') );
#3589 = CARTESIAN_POINT('',(-34.97909961996,10.761877398761));
#3590 = CARTESIAN_POINT('',(-34.97909961996,13.359953610114));
#3591 = CARTESIAN_POINT('',(-32.72909961996,12.060915504437));
#3592 = CARTESIAN_POINT('',(-30.47909961996,10.761877398761));
#3593 = CARTESIAN_POINT('',(-32.72909961996,9.462839293084));
#3594 = CARTESIAN_POINT('',(-34.97909961996,8.163801187407));
#3595 = CARTESIAN_POINT('',(-34.97909961996,10.761877398761));
#3596 = ( GEOMETRIC_REPRESENTATION_CONTEXT(2) 
PARAMETRIC_REPRESENTATION_CONTEXT() REPRESENTATION_CONTEXT('2D SPACE',''
  ) );
#3597 = ADVANCED_FACE('',(#3598),#2088,.F.);
#3598 = FACE_BOUND('',#3599,.F.);
#3599 = EDGE_LOOP('',(#3600,#3623,#3624,#3625));
#3600 = ORIENTED_EDGE('',*,*,#3601,.T.);
#3601 = EDGE_CURVE('',#3602,#2072,#3604,.T.);
#3602 = VERTEX_POINT('',#3603);
#3603 = CARTESIAN_POINT('',(126.5,46.666666666667,4.));
#3604 = SEAM_CURVE('',#3605,(#3609,#3616),.PCURVE_S1.);
#3605 = LINE('',#3606,#3607);
#3606 = CARTESIAN_POINT('',(126.5,46.666666666667,4.));
#3607 = VECTOR('',#3608,1.);
#3608 = DIRECTION('',(0.,0.,-1.));
#3609 = PCURVE('',#2088,#3610);
#3610 = DEFINITIONAL_REPRESENTATION('',(#3611),#3615);
#3611 = LINE('',#3612,#3613);
#3612 = CARTESIAN_POINT('',(9.424777960769,0.));
#3613 = VECTOR('',#3614,1.);
#3614 = DIRECTION('',(0.,1.));
#3615 = ( GEOMETRIC_REPRESENTATION_CONTEXT(2) 
PARAMETRIC_REPRESENTATION_CONTEXT() REPRESENTATION_CONTEXT('2D SPACE',''
  ) );
#3616 = PCURVE('',#2088,#3617);
#3617 = DEFINITIONAL_REPRESENTATION('',(#3618),#3622);
#3618 = LINE('',#3619,#3620);
#3619 = CARTESIAN_POINT('',(3.14159265359,0.));
#3620 = VECTOR('',#3621,1.);
#3621 = DIRECTION('',(0.,1.));
#3622 = ( GEOMETRIC_REPRESENTATION_CONTEXT(2) 
PARAMETRIC_REPRESENTATION_CONTEXT() REPRESENTATION_CONTEXT('2D SPACE',''
  ) );
#3623 = ORIENTED_EDGE('',*,*,#2071,.T.);
#3624 = ORIENTED_EDGE('',*,*,#3601,.F.);
#3625 = ORIENTED_EDGE('',*,*,#3626,.T.);
#3626 = EDGE_CURVE('',#3602,#3602,#3627,.T.);
#3627 = SURFACE_CURVE('',#3628,(#3633,#3640),.PCURVE_S1.);
#3628 = CIRCLE('',#3629,1.5);
#3629 = AXIS2_PLACEMENT_3D('',#3630,#3631,#3632);
#3630 = CARTESIAN_POINT('',(125.,46.666666666667,4.));
#3631 = DIRECTION('',(0.,0.,-1.));
#3632 = DIRECTION('',(-1.,0.,0.));
#3633 = PCURVE('',#2088,#3634);
#3634 = DEFINITIONAL_REPRESENTATION('',(#3635),#3639);
#3635 = LINE('',#3636,#3637);
#3636 = CARTESIAN_POINT('',(0.,0.));
#3637 = VECTOR('',#3638,1.);
#3638 = DIRECTION('',(1.,0.));
#3639 = ( GEOMETRIC_REPRESENTATION_CONTEXT(2) 
PARAMETRIC_REPRESENTATION_CONTEXT() REPRESENTATION_CONTEXT('2D SPACE',''
  ) );
#3640 = PCURVE('',#514,#3641);
#3641 = DEFINITIONAL_REPRESENTATION('',(#3642),#3650);
#3642 = ( BOUNDED_CURVE() B_SPLINE_CURVE(2,(#3643,#3644,#3645,#3646,
#3647,#3648,#3649),.UNSPECIFIED.,.T.,.F.) B_SPLINE_CURVE_WITH_KNOTS((1,2
    ,2,2,2,1),(-2.094395102393,0.,2.094395102393,4.188790204786,
6.28318530718,8.377580409573),.UNSPECIFIED.) CURVE() 
GEOMETRIC_REPRESENTATION_ITEM() RATIONAL_B_SPLINE_CURVE((1.,0.5,1.,0.5,
1.,0.5,1.)) REPRESENTATION_ITEM('') );
#3643 = CARTESIAN_POINT('',(2.090038004E-02,5.428544065427));
#3644 = CARTESIAN_POINT('',(2.090038004E-02,8.026620276781));
#3645 = CARTESIAN_POINT('',(2.27090038004,6.727582171104));
#3646 = CARTESIAN_POINT('',(4.52090038004,5.428544065427));
#3647 = CARTESIAN_POINT('',(2.27090038004,4.129505959751));
#3648 = CARTESIAN_POINT('',(2.090038004001E-02,2.830467854074));
#3649 = CARTESIAN_POINT('',(2.090038004E-02,5.428544065427));
#3650 = ( GEOMETRIC_REPRESENTATION_CONTEXT(2) 
PARAMETRIC_REPRESENTATION_CONTEXT() REPRESENTATION_CONTEXT('2D SPACE',''
  ) );
#3651 = ADVANCED_FACE('',(#3652),#2119,.F.);
#3652 = FACE_BOUND('',#3653,.F.);
#3653 = EDGE_LOOP('',(#3654,#3677,#3678,#3679));
#3654 = ORIENTED_EDGE('',*,*,#3655,.T.);
#3655 = EDGE_CURVE('',#3656,#2103,#3658,.T.);
#3656 = VERTEX_POINT('',#3657);
#3657 = CARTESIAN_POINT('',(126.5,100.,4.));
#3658 = SEAM_CURVE('',#3659,(#3663,#3670),.PCURVE_S1.);
#3659 = LINE('',#3660,#3661);
#3660 = CARTESIAN_POINT('',(126.5,100.,4.));
#3661 = VECTOR('',#3662,1.);
#3662 = DIRECTION('',(0.,0.,-1.));
#3663 = PCURVE('',#2119,#3664);
#3664 = DEFINITIONAL_REPRESENTATION('',(#3665),#3669);
#3665 = LINE('',#3666,#3667);
#3666 = CARTESIAN_POINT('',(9.424777960769,0.));
#3667 = VECTOR('',#3668,1.);
#3668 = DIRECTION('',(0.,1.));
#3669 = ( GEOMETRIC_REPRESENTATION_CONTEXT(2) 
PARAMETRIC_REPRESENTATION_CONTEXT() REPRESENTATION_CONTEXT('2D SPACE',''
  ) );
#3670 = PCURVE('',#2119,#3671);
#3671 = DEFINITIONAL_REPRESENTATION('',(#3672),#3676);
#3672 = LINE('',#3673,#3674);
#3673 = CARTESIAN_POINT('',(3.14159265359,0.));
#3674 = VECTOR('',#3675,1.);
#3675 = DIRECTION('',(0.,1.));
#3676 = ( GEOMETRIC_REPRESENTATION_CONTEXT(2) 
PARAMETRIC_REPRESENTATION_CONTEXT() REPRESENTATION_CONTEXT('2D SPACE',''
  ) );
#3677 = ORIENTED_EDGE('',*,*,#2102,.T.);
#3678 = ORIENTED_EDGE('',*,*,#3655,.F.);
#3679 = ORIENTED_EDGE('',*,*,#3680,.T.);
#3680 = EDGE_CURVE('',#3656,#3656,#3681,.T.);
#3681 = SURFACE_CURVE('',#3682,(#3687,#3694),.PCURVE_S1.);
#3682 = CIRCLE('',#3683,1.5);
#3683 = AXIS2_PLACEMENT_3D('',#3684,#3685,#3686);
#3684 = CARTESIAN_POINT('',(125.,100.,4.));
#3685 = DIRECTION('',(0.,0.,-1.));
#3686 = DIRECTION('',(-1.,0.,0.));
#3687 = PCURVE('',#2119,#3688);
#3688 = DEFINITIONAL_REPRESENTATION('',(#3689),#3693);
#3689 = LINE('',#3690,#3691);
#3690 = CARTESIAN_POINT('',(0.,0.));
#3691 = VECTOR('',#3692,1.);
#3692 = DIRECTION('',(1.,0.));
#3693 = ( GEOMETRIC_REPRESENTATION_CONTEXT(2) 
PARAMETRIC_REPRESENTATION_CONTEXT() REPRESENTATION_CONTEXT('2D SPACE',''
  ) );
#3694 = PCURVE('',#514,#3695);
#3695 = DEFINITIONAL_REPRESENTATION('',(#3696),#3704);
#3696 = ( BOUNDED_CURVE() B_SPLINE_CURVE(2,(#3697,#3698,#3699,#3700,
#3701,#3702,#3703),.UNSPECIFIED.,.T.,.F.) B_SPLINE_CURVE_WITH_KNOTS((1,2
    ,2,2,2,1),(-2.094395102393,0.,2.094395102393,4.188790204786,
6.28318530718,8.377580409573),.UNSPECIFIED.) CURVE() 
GEOMETRIC_REPRESENTATION_ITEM() RATIONAL_B_SPLINE_CURVE((1.,0.5,1.,0.5,
1.,0.5,1.)) REPRESENTATION_ITEM('') );
#3697 = CARTESIAN_POINT('',(2.090038004E-02,58.761877398761));
#3698 = CARTESIAN_POINT('',(2.090038004E-02,61.359953610114));
#3699 = CARTESIAN_POINT('',(2.27090038004,60.060915504437));
#3700 = CARTESIAN_POINT('',(4.52090038004,58.761877398761));
#3701 = CARTESIAN_POINT('',(2.27090038004,57.462839293084));
#3702 = CARTESIAN_POINT('',(2.090038004001E-02,56.163801187407));
#3703 = CARTESIAN_POINT('',(2.090038004E-02,58.761877398761));
#3704 = ( GEOMETRIC_REPRESENTATION_CONTEXT(2) 
PARAMETRIC_REPRESENTATION_CONTEXT() REPRESENTATION_CONTEXT('2D SPACE',''
  ) );
#3705 = ADVANCED_FACE('',(#3706),#2150,.F.);
#3706 = FACE_BOUND('',#3707,.F.);
#3707 = EDGE_LOOP('',(#3708,#3731,#3732,#3733));
#3708 = ORIENTED_EDGE('',*,*,#3709,.T.);
#3709 = EDGE_CURVE('',#3710,#2134,#3712,.T.);
#3710 = VERTEX_POINT('',#3711);
#3711 = CARTESIAN_POINT('',(47.960726448711,52.,4.));
#3712 = SEAM_CURVE('',#3713,(#3717,#3724),.PCURVE_S1.);
#3713 = LINE('',#3714,#3715);
#3714 = CARTESIAN_POINT('',(47.960726448711,52.,4.));
#3715 = VECTOR('',#3716,1.);
#3716 = DIRECTION('',(0.,0.,-1.));
#3717 = PCURVE('',#2150,#3718);
#3718 = DEFINITIONAL_REPRESENTATION('',(#3719),#3723);
#3719 = LINE('',#3720,#3721);
#3720 = CARTESIAN_POINT('',(9.424777960769,0.));
#3721 = VECTOR('',#3722,1.);
#3722 = DIRECTION('',(0.,1.));
#3723 = ( GEOMETRIC_REPRESENTATION_CONTEXT(2) 
PARAMETRIC_REPRESENTATION_CONTEXT() REPRESENTATION_CONTEXT('2D SPACE',''
  ) );
#3724 = PCURVE('',#2150,#3725);
#3725 = DEFINITIONAL_REPRESENTATION('',(#3726),#3730);
#3726 = LINE('',#3727,#3728);
#3727 = CARTESIAN_POINT('',(3.14159265359,0.));
#3728 = VECTOR('',#3729,1.);
#3729 = DIRECTION('',(0.,1.));
#3730 = ( GEOMETRIC_REPRESENTATION_CONTEXT(2) 
PARAMETRIC_REPRESENTATION_CONTEXT() REPRESENTATION_CONTEXT('2D SPACE',''
  ) );
#3731 = ORIENTED_EDGE('',*,*,#2133,.T.);
#3732 = ORIENTED_EDGE('',*,*,#3709,.F.);
#3733 = ORIENTED_EDGE('',*,*,#3734,.T.);
#3734 = EDGE_CURVE('',#3710,#3710,#3735,.T.);
#3735 = SURFACE_CURVE('',#3736,(#3741,#3748),.PCURVE_S1.);
#3736 = CIRCLE('',#3737,1.5);
#3737 = AXIS2_PLACEMENT_3D('',#3738,#3739,#3740);
#3738 = CARTESIAN_POINT('',(46.460726448711,52.,4.));
#3739 = DIRECTION('',(0.,0.,-1.));
#3740 = DIRECTION('',(-1.,0.,0.));
#3741 = PCURVE('',#2150,#3742);
#3742 = DEFINITIONAL_REPRESENTATION('',(#3743),#3747);
#3743 = LINE('',#3744,#3745);
#3744 = CARTESIAN_POINT('',(0.,0.));
#3745 = VECTOR('',#3746,1.);
#3746 = DIRECTION('',(1.,0.));
#3747 = ( GEOMETRIC_REPRESENTATION_CONTEXT(2) 
PARAMETRIC_REPRESENTATION_CONTEXT() REPRESENTATION_CONTEXT('2D SPACE',''
  ) );
#3748 = PCURVE('',#514,#3749);
#3749 = DEFINITIONAL_REPRESENTATION('',(#3750),#3758);
#3750 = ( BOUNDED_CURVE() B_SPLINE_CURVE(2,(#3751,#3752,#3753,#3754,
#3755,#3756,#3757),.UNSPECIFIED.,.T.,.F.) B_SPLINE_CURVE_WITH_KNOTS((1,2
    ,2,2,2,1),(-2.094395102393,0.,2.094395102393,4.188790204786,
6.28318530718,8.377580409573),.UNSPECIFIED.) CURVE() 
GEOMETRIC_REPRESENTATION_ITEM() RATIONAL_B_SPLINE_CURVE((1.,0.5,1.,0.5,
1.,0.5,1.)) REPRESENTATION_ITEM('') );
#3751 = CARTESIAN_POINT('',(-78.51837317124,10.761877398761));
#3752 = CARTESIAN_POINT('',(-78.51837317124,13.359953610114));
#3753 = CARTESIAN_POINT('',(-76.26837317124,12.060915504437));
#3754 = CARTESIAN_POINT('',(-74.01837317124,10.761877398761));
#3755 = CARTESIAN_POINT('',(-76.26837317124,9.462839293084));
#3756 = CARTESIAN_POINT('',(-78.51837317124,8.163801187407));
#3757 = CARTESIAN_POINT('',(-78.51837317124,10.761877398761));
#3758 = ( GEOMETRIC_REPRESENTATION_CONTEXT(2) 
PARAMETRIC_REPRESENTATION_CONTEXT() REPRESENTATION_CONTEXT('2D SPACE',''
  ) );
#3759 = ADVANCED_FACE('',(#3760),#2181,.F.);
#3760 = FACE_BOUND('',#3761,.F.);
#3761 = EDGE_LOOP('',(#3762,#3785,#3786,#3787));
#3762 = ORIENTED_EDGE('',*,*,#3763,.T.);
#3763 = EDGE_CURVE('',#3764,#2165,#3766,.T.);
#3764 = VERTEX_POINT('',#3765);
#3765 = CARTESIAN_POINT('',(91.5,104.,4.));
#3766 = SEAM_CURVE('',#3767,(#3771,#3778),.PCURVE_S1.);
#3767 = LINE('',#3768,#3769);
#3768 = CARTESIAN_POINT('',(91.5,104.,4.));
#3769 = VECTOR('',#3770,1.);
#3770 = DIRECTION('',(0.,0.,-1.));
#3771 = PCURVE('',#2181,#3772);
#3772 = DEFINITIONAL_REPRESENTATION('',(#3773),#3777);
#3773 = LINE('',#3774,#3775);
#3774 = CARTESIAN_POINT('',(9.424777960769,0.));
#3775 = VECTOR('',#3776,1.);
#3776 = DIRECTION('',(0.,1.));
#3777 = ( GEOMETRIC_REPRESENTATION_CONTEXT(2) 
PARAMETRIC_REPRESENTATION_CONTEXT() REPRESENTATION_CONTEXT('2D SPACE',''
  ) );
#3778 = PCURVE('',#2181,#3779);
#3779 = DEFINITIONAL_REPRESENTATION('',(#3780),#3784);
#3780 = LINE('',#3781,#3782);
#3781 = CARTESIAN_POINT('',(3.14159265359,0.));
#3782 = VECTOR('',#3783,1.);
#3783 = DIRECTION('',(0.,1.));
#3784 = ( GEOMETRIC_REPRESENTATION_CONTEXT(2) 
PARAMETRIC_REPRESENTATION_CONTEXT() REPRESENTATION_CONTEXT('2D SPACE',''
  ) );
#3785 = ORIENTED_EDGE('',*,*,#2164,.T.);
#3786 = ORIENTED_EDGE('',*,*,#3763,.F.);
#3787 = ORIENTED_EDGE('',*,*,#3788,.T.);
#3788 = EDGE_CURVE('',#3764,#3764,#3789,.T.);
#3789 = SURFACE_CURVE('',#3790,(#3795,#3802),.PCURVE_S1.);
#3790 = CIRCLE('',#3791,1.5);
#3791 = AXIS2_PLACEMENT_3D('',#3792,#3793,#3794);
#3792 = CARTESIAN_POINT('',(90.,104.,4.));
#3793 = DIRECTION('',(0.,0.,-1.));
#3794 = DIRECTION('',(-1.,0.,0.));
#3795 = PCURVE('',#2181,#3796);
#3796 = DEFINITIONAL_REPRESENTATION('',(#3797),#3801);
#3797 = LINE('',#3798,#3799);
#3798 = CARTESIAN_POINT('',(0.,0.));
#3799 = VECTOR('',#3800,1.);
#3800 = DIRECTION('',(1.,0.));
#3801 = ( GEOMETRIC_REPRESENTATION_CONTEXT(2) 
PARAMETRIC_REPRESENTATION_CONTEXT() REPRESENTATION_CONTEXT('2D SPACE',''
  ) );
#3802 = PCURVE('',#514,#3803);
#3803 = DEFINITIONAL_REPRESENTATION('',(#3804),#3812);
#3804 = ( BOUNDED_CURVE() B_SPLINE_CURVE(2,(#3805,#3806,#3807,#3808,
#3809,#3810,#3811),.UNSPECIFIED.,.T.,.F.) B_SPLINE_CURVE_WITH_KNOTS((1,2
    ,2,2,2,1),(-2.094395102393,0.,2.094395102393,4.188790204786,
6.28318530718,8.377580409573),.UNSPECIFIED.) CURVE() 
GEOMETRIC_REPRESENTATION_ITEM() RATIONAL_B_SPLINE_CURVE((1.,0.5,1.,0.5,
1.,0.5,1.)) REPRESENTATION_ITEM('') );
#3805 = CARTESIAN_POINT('',(-34.97909961996,62.761877398761));
#3806 = CARTESIAN_POINT('',(-34.97909961996,65.359953610114));
#3807 = CARTESIAN_POINT('',(-32.72909961996,64.060915504437));
#3808 = CARTESIAN_POINT('',(-30.47909961996,62.761877398761));
#3809 = CARTESIAN_POINT('',(-32.72909961996,61.462839293084));
#3810 = CARTESIAN_POINT('',(-34.97909961996,60.163801187407));
#3811 = CARTESIAN_POINT('',(-34.97909961996,62.761877398761));
#3812 = ( GEOMETRIC_REPRESENTATION_CONTEXT(2) 
PARAMETRIC_REPRESENTATION_CONTEXT() REPRESENTATION_CONTEXT('2D SPACE',''
  ) );
#3813 = ADVANCED_FACE('',(#3814),#2212,.F.);
#3814 = FACE_BOUND('',#3815,.F.);
#3815 = EDGE_LOOP('',(#3816,#3839,#3840,#3841));
#3816 = ORIENTED_EDGE('',*,*,#3817,.T.);
#3817 = EDGE_CURVE('',#3818,#2196,#3820,.T.);
#3818 = VERTEX_POINT('',#3819);
#3819 = CARTESIAN_POINT('',(47.960726448711,78.,4.));
#3820 = SEAM_CURVE('',#3821,(#3825,#3832),.PCURVE_S1.);
#3821 = LINE('',#3822,#3823);
#3822 = CARTESIAN_POINT('',(47.960726448711,78.,4.));
#3823 = VECTOR('',#3824,1.);
#3824 = DIRECTION('',(0.,0.,-1.));
#3825 = PCURVE('',#2212,#3826);
#3826 = DEFINITIONAL_REPRESENTATION('',(#3827),#3831);
#3827 = LINE('',#3828,#3829);
#3828 = CARTESIAN_POINT('',(9.424777960769,0.));
#3829 = VECTOR('',#3830,1.);
#3830 = DIRECTION('',(0.,1.));
#3831 = ( GEOMETRIC_REPRESENTATION_CONTEXT(2) 
PARAMETRIC_REPRESENTATION_CONTEXT() REPRESENTATION_CONTEXT('2D SPACE',''
  ) );
#3832 = PCURVE('',#2212,#3833);
#3833 = DEFINITIONAL_REPRESENTATION('',(#3834),#3838);
#3834 = LINE('',#3835,#3836);
#3835 = CARTESIAN_POINT('',(3.14159265359,0.));
#3836 = VECTOR('',#3837,1.);
#3837 = DIRECTION('',(0.,1.));
#3838 = ( GEOMETRIC_REPRESENTATION_CONTEXT(2) 
PARAMETRIC_REPRESENTATION_CONTEXT() REPRESENTATION_CONTEXT('2D SPACE',''
  ) );
#3839 = ORIENTED_EDGE('',*,*,#2195,.T.);
#3840 = ORIENTED_EDGE('',*,*,#3817,.F.);
#3841 = ORIENTED_EDGE('',*,*,#3842,.T.);
#3842 = EDGE_CURVE('',#3818,#3818,#3843,.T.);
#3843 = SURFACE_CURVE('',#3844,(#3849,#3856),.PCURVE_S1.);
#3844 = CIRCLE('',#3845,1.5);
#3845 = AXIS2_PLACEMENT_3D('',#3846,#3847,#3848);
#3846 = CARTESIAN_POINT('',(46.460726448711,78.,4.));
#3847 = DIRECTION('',(0.,0.,-1.));
#3848 = DIRECTION('',(-1.,0.,0.));
#3849 = PCURVE('',#2212,#3850);
#3850 = DEFINITIONAL_REPRESENTATION('',(#3851),#3855);
#3851 = LINE('',#3852,#3853);
#3852 = CARTESIAN_POINT('',(0.,0.));
#3853 = VECTOR('',#3854,1.);
#3854 = DIRECTION('',(1.,0.));
#3855 = ( GEOMETRIC_REPRESENTATION_CONTEXT(2) 
PARAMETRIC_REPRESENTATION_CONTEXT() REPRESENTATION_CONTEXT('2D SPACE',''
  ) );
#3856 = PCURVE('',#514,#3857);
#3857 = DEFINITIONAL_REPRESENTATION('',(#3858),#3866);
#3858 = ( BOUNDED_CURVE() B_SPLINE_CURVE(2,(#3859,#3860,#3861,#3862,
#3863,#3864,#3865),.UNSPECIFIED.,.T.,.F.) B_SPLINE_CURVE_WITH_KNOTS((1,2
    ,2,2,2,1),(-2.094395102393,0.,2.094395102393,4.188790204786,
6.28318530718,8.377580409573),.UNSPECIFIED.) CURVE() 
GEOMETRIC_REPRESENTATION_ITEM() RATIONAL_B_SPLINE_CURVE((1.,0.5,1.,0.5,
1.,0.5,1.)) REPRESENTATION_ITEM('') );
#3859 = CARTESIAN_POINT('',(-78.51837317124,36.761877398761));
#3860 = CARTESIAN_POINT('',(-78.51837317124,39.359953610114));
#3861 = CARTESIAN_POINT('',(-76.26837317124,38.060915504437));
#3862 = CARTESIAN_POINT('',(-74.01837317124,36.761877398761));
#3863 = CARTESIAN_POINT('',(-76.26837317124,35.462839293084));
#3864 = CARTESIAN_POINT('',(-78.51837317124,34.163801187407));
#3865 = CARTESIAN_POINT('',(-78.51837317124,36.761877398761));
#3866 = ( GEOMETRIC_REPRESENTATION_CONTEXT(2) 
PARAMETRIC_REPRESENTATION_CONTEXT() REPRESENTATION_CONTEXT('2D SPACE',''
  ) );
#3867 = ADVANCED_FACE('',(#3868),#2243,.F.);
#3868 = FACE_BOUND('',#3869,.F.);
#3869 = EDGE_LOOP('',(#3870,#3893,#3894,#3895));
#3870 = ORIENTED_EDGE('',*,*,#3871,.T.);
#3871 = EDGE_CURVE('',#3872,#2227,#3874,.T.);
#3872 = VERTEX_POINT('',#3873);
#3873 = CARTESIAN_POINT('',(91.5,26.,4.));
#3874 = SEAM_CURVE('',#3875,(#3879,#3886),.PCURVE_S1.);
#3875 = LINE('',#3876,#3877);
#3876 = CARTESIAN_POINT('',(91.5,26.,4.));
#3877 = VECTOR('',#3878,1.);
#3878 = DIRECTION('',(0.,0.,-1.));
#3879 = PCURVE('',#2243,#3880);
#3880 = DEFINITIONAL_REPRESENTATION('',(#3881),#3885);
#3881 = LINE('',#3882,#3883);
#3882 = CARTESIAN_POINT('',(9.424777960769,0.));
#3883 = VECTOR('',#3884,1.);
#3884 = DIRECTION('',(0.,1.));
#3885 = ( GEOMETRIC_REPRESENTATION_CONTEXT(2) 
PARAMETRIC_REPRESENTATION_CONTEXT() REPRESENTATION_CONTEXT('2D SPACE',''
  ) );
#3886 = PCURVE('',#2243,#3887);
#3887 = DEFINITIONAL_REPRESENTATION('',(#3888),#3892);
#3888 = LINE('',#3889,#3890);
#3889 = CARTESIAN_POINT('',(3.14159265359,0.));
#3890 = VECTOR('',#3891,1.);
#3891 = DIRECTION('',(0.,1.));
#3892 = ( GEOMETRIC_REPRESENTATION_CONTEXT(2) 
PARAMETRIC_REPRESENTATION_CONTEXT() REPRESENTATION_CONTEXT('2D SPACE',''
  ) );
#3893 = ORIENTED_EDGE('',*,*,#2226,.T.);
#3894 = ORIENTED_EDGE('',*,*,#3871,.F.);
#3895 = ORIENTED_EDGE('',*,*,#3896,.T.);
#3896 = EDGE_CURVE('',#3872,#3872,#3897,.T.);
#3897 = SURFACE_CURVE('',#3898,(#3903,#3910),.PCURVE_S1.);
#3898 = CIRCLE('',#3899,1.5);
#3899 = AXIS2_PLACEMENT_3D('',#3900,#3901,#3902);
#3900 = CARTESIAN_POINT('',(90.,26.,4.));
#3901 = DIRECTION('',(0.,0.,-1.));
#3902 = DIRECTION('',(-1.,0.,0.));
#3903 = PCURVE('',#2243,#3904);
#3904 = DEFINITIONAL_REPRESENTATION('',(#3905),#3909);
#3905 = LINE('',#3906,#3907);
#3906 = CARTESIAN_POINT('',(0.,0.));
#3907 = VECTOR('',#3908,1.);
#3908 = DIRECTION('',(1.,0.));
#3909 = ( GEOMETRIC_REPRESENTATION_CONTEXT(2) 
PARAMETRIC_REPRESENTATION_CONTEXT() REPRESENTATION_CONTEXT('2D SPACE',''
  ) );
#3910 = PCURVE('',#514,#3911);
#3911 = DEFINITIONAL_REPRESENTATION('',(#3912),#3920);
#3912 = ( BOUNDED_CURVE() B_SPLINE_CURVE(2,(#3913,#3914,#3915,#3916,
#3917,#3918,#3919),.UNSPECIFIED.,.T.,.F.) B_SPLINE_CURVE_WITH_KNOTS((1,2
    ,2,2,2,1),(-2.094395102393,0.,2.094395102393,4.188790204786,
6.28318530718,8.377580409573),.UNSPECIFIED.) CURVE() 
GEOMETRIC_REPRESENTATION_ITEM() RATIONAL_B_SPLINE_CURVE((1.,0.5,1.,0.5,
1.,0.5,1.)) REPRESENTATION_ITEM('') );
#3913 = CARTESIAN_POINT('',(-34.97909961996,-15.23812260123));
#3914 = CARTESIAN_POINT('',(-34.97909961996,-12.64004638988));
#3915 = CARTESIAN_POINT('',(-32.72909961996,-13.93908449556));
#3916 = CARTESIAN_POINT('',(-30.47909961996,-15.23812260123));
#3917 = CARTESIAN_POINT('',(-32.72909961996,-16.53716070691));
#3918 = CARTESIAN_POINT('',(-34.97909961996,-17.83619881259));
#3919 = CARTESIAN_POINT('',(-34.97909961996,-15.23812260123));
#3920 = ( GEOMETRIC_REPRESENTATION_CONTEXT(2) 
PARAMETRIC_REPRESENTATION_CONTEXT() REPRESENTATION_CONTEXT('2D SPACE',''
  ) );
#3921 = ADVANCED_FACE('',(#3922),#2274,.F.);
#3922 = FACE_BOUND('',#3923,.F.);
#3923 = EDGE_LOOP('',(#3924,#3947,#3948,#3949));
#3924 = ORIENTED_EDGE('',*,*,#3925,.T.);
#3925 = EDGE_CURVE('',#3926,#2258,#3928,.T.);
#3926 = VERTEX_POINT('',#3927);
#3927 = CARTESIAN_POINT('',(126.5,20.,4.));
#3928 = SEAM_CURVE('',#3929,(#3933,#3940),.PCURVE_S1.);
#3929 = LINE('',#3930,#3931);
#3930 = CARTESIAN_POINT('',(126.5,20.,4.));
#3931 = VECTOR('',#3932,1.);
#3932 = DIRECTION('',(0.,0.,-1.));
#3933 = PCURVE('',#2274,#3934);
#3934 = DEFINITIONAL_REPRESENTATION('',(#3935),#3939);
#3935 = LINE('',#3936,#3937);
#3936 = CARTESIAN_POINT('',(9.424777960769,0.));
#3937 = VECTOR('',#3938,1.);
#3938 = DIRECTION('',(0.,1.));
#3939 = ( GEOMETRIC_REPRESENTATION_CONTEXT(2) 
PARAMETRIC_REPRESENTATION_CONTEXT() REPRESENTATION_CONTEXT('2D SPACE',''
  ) );
#3940 = PCURVE('',#2274,#3941);
#3941 = DEFINITIONAL_REPRESENTATION('',(#3942),#3946);
#3942 = LINE('',#3943,#3944);
#3943 = CARTESIAN_POINT('',(3.14159265359,0.));
#3944 = VECTOR('',#3945,1.);
#3945 = DIRECTION('',(0.,1.));
#3946 = ( GEOMETRIC_REPRESENTATION_CONTEXT(2) 
PARAMETRIC_REPRESENTATION_CONTEXT() REPRESENTATION_CONTEXT('2D SPACE',''
  ) );
#3947 = ORIENTED_EDGE('',*,*,#2257,.T.);
#3948 = ORIENTED_EDGE('',*,*,#3925,.F.);
#3949 = ORIENTED_EDGE('',*,*,#3950,.T.);
#3950 = EDGE_CURVE('',#3926,#3926,#3951,.T.);
#3951 = SURFACE_CURVE('',#3952,(#3957,#3964),.PCURVE_S1.);
#3952 = CIRCLE('',#3953,1.5);
#3953 = AXIS2_PLACEMENT_3D('',#3954,#3955,#3956);
#3954 = CARTESIAN_POINT('',(125.,20.,4.));
#3955 = DIRECTION('',(0.,0.,-1.));
#3956 = DIRECTION('',(-1.,0.,0.));
#3957 = PCURVE('',#2274,#3958);
#3958 = DEFINITIONAL_REPRESENTATION('',(#3959),#3963);
#3959 = LINE('',#3960,#3961);
#3960 = CARTESIAN_POINT('',(0.,0.));
#3961 = VECTOR('',#3962,1.);
#3962 = DIRECTION('',(1.,0.));
#3963 = ( GEOMETRIC_REPRESENTATION_CONTEXT(2) 
PARAMETRIC_REPRESENTATION_CONTEXT() REPRESENTATION_CONTEXT('2D SPACE',''
  ) );
#3964 = PCURVE('',#514,#3965);
#3965 = DEFINITIONAL_REPRESENTATION('',(#3966),#3974);
#3966 = ( BOUNDED_CURVE() B_SPLINE_CURVE(2,(#3967,#3968,#3969,#3970,
#3971,#3972,#3973),.UNSPECIFIED.,.T.,.F.) B_SPLINE_CURVE_WITH_KNOTS((1,2
    ,2,2,2,1),(-2.094395102393,0.,2.094395102393,4.188790204786,
6.28318530718,8.377580409573),.UNSPECIFIED.) CURVE() 
GEOMETRIC_REPRESENTATION_ITEM() RATIONAL_B_SPLINE_CURVE((1.,0.5,1.,0.5,
1.,0.5,1.)) REPRESENTATION_ITEM('') );
#3967 = CARTESIAN_POINT('',(2.090038004E-02,-21.23812260123));
#3968 = CARTESIAN_POINT('',(2.090038004E-02,-18.64004638988));
#3969 = CARTESIAN_POINT('',(2.27090038004,-19.93908449556));
#3970 = CARTESIAN_POINT('',(4.52090038004,-21.23812260123));
#3971 = CARTESIAN_POINT('',(2.27090038004,-22.53716070691));
#3972 = CARTESIAN_POINT('',(2.090038004001E-02,-23.83619881259));
#3973 = CARTESIAN_POINT('',(2.090038004E-02,-21.23812260123));
#3974 = ( GEOMETRIC_REPRESENTATION_CONTEXT(2) 
PARAMETRIC_REPRESENTATION_CONTEXT() REPRESENTATION_CONTEXT('2D SPACE',''
  ) );
#3975 = ADVANCED_FACE('',(#3976),#3050,.F.);
#3976 = FACE_BOUND('',#3977,.F.);
#3977 = EDGE_LOOP('',(#3978,#4001,#4002,#4003));
#3978 = ORIENTED_EDGE('',*,*,#3979,.T.);
#3979 = EDGE_CURVE('',#3980,#3034,#3982,.T.);
#3980 = VERTEX_POINT('',#3981);
#3981 = CARTESIAN_POINT('',(193.60431224971,36.779256839977,4.));
#3982 = SEAM_CURVE('',#3983,(#3987,#3994),.PCURVE_S1.);
#3983 = LINE('',#3984,#3985);
#3984 = CARTESIAN_POINT('',(193.60431224971,36.779256839977,4.));
#3985 = VECTOR('',#3986,1.);
#3986 = DIRECTION('',(0.,0.,-1.));
#3987 = PCURVE('',#3050,#3988);
#3988 = DEFINITIONAL_REPRESENTATION('',(#3989),#3993);
#3989 = LINE('',#3990,#3991);
#3990 = CARTESIAN_POINT('',(9.424777960769,0.));
#3991 = VECTOR('',#3992,1.);
#3992 = DIRECTION('',(0.,1.));
#3993 = ( GEOMETRIC_REPRESENTATION_CONTEXT(2) 
PARAMETRIC_REPRESENTATION_CONTEXT() REPRESENTATION_CONTEXT('2D SPACE',''
  ) );
#3994 = PCURVE('',#3050,#3995);
#3995 = DEFINITIONAL_REPRESENTATION('',(#3996),#4000);
#3996 = LINE('',#3997,#3998);
#3997 = CARTESIAN_POINT('',(3.14159265359,0.));
#3998 = VECTOR('',#3999,1.);
#3999 = DIRECTION('',(0.,1.));
#4000 = ( GEOMETRIC_REPRESENTATION_CONTEXT(2) 
PARAMETRIC_REPRESENTATION_CONTEXT() REPRESENTATION_CONTEXT('2D SPACE',''
  ) );
#4001 = ORIENTED_EDGE('',*,*,#3033,.T.);
#4002 = ORIENTED_EDGE('',*,*,#3979,.F.);
#4003 = ORIENTED_EDGE('',*,*,#4004,.T.);
#4004 = EDGE_CURVE('',#3980,#3980,#4005,.T.);
#4005 = SURFACE_CURVE('',#4006,(#4011,#4018),.PCURVE_S1.);
#4006 = CIRCLE('',#4007,1.5);
#4007 = AXIS2_PLACEMENT_3D('',#4008,#4009,#4010);
#4008 = CARTESIAN_POINT('',(192.10431224971,36.779256839977,4.));
#4009 = DIRECTION('',(0.,0.,-1.));
#4010 = DIRECTION('',(-1.,0.,0.));
#4011 = PCURVE('',#3050,#4012);
#4012 = DEFINITIONAL_REPRESENTATION('',(#4013),#4017);
#4013 = LINE('',#4014,#4015);
#4014 = CARTESIAN_POINT('',(0.,0.));
#4015 = VECTOR('',#4016,1.);
#4016 = DIRECTION('',(1.,0.));
#4017 = ( GEOMETRIC_REPRESENTATION_CONTEXT(2) 
PARAMETRIC_REPRESENTATION_CONTEXT() REPRESENTATION_CONTEXT('2D SPACE',''
  ) );
#4018 = PCURVE('',#514,#4019);
#4019 = DEFINITIONAL_REPRESENTATION('',(#4020),#4028);
#4020 = ( BOUNDED_CURVE() B_SPLINE_CURVE(2,(#4021,#4022,#4023,#4024,
#4025,#4026,#4027),.UNSPECIFIED.,.T.,.F.) B_SPLINE_CURVE_WITH_KNOTS((1,2
    ,2,2,2,1),(-2.094395102393,0.,2.094395102393,4.188790204786,
6.28318530718,8.377580409573),.UNSPECIFIED.) CURVE() 
GEOMETRIC_REPRESENTATION_ITEM() RATIONAL_B_SPLINE_CURVE((1.,0.5,1.,0.5,
1.,0.5,1.)) REPRESENTATION_ITEM('') );
#4021 = CARTESIAN_POINT('',(67.125212629752,-4.458865761262));
#4022 = CARTESIAN_POINT('',(67.125212629752,-1.860789549909));
#4023 = CARTESIAN_POINT('',(69.375212629752,-3.159827655586));
#4024 = CARTESIAN_POINT('',(71.625212629752,-4.458865761262));
#4025 = CARTESIAN_POINT('',(69.375212629752,-5.757903866939));
#4026 = CARTESIAN_POINT('',(67.125212629752,-7.056941972616));
#4027 = CARTESIAN_POINT('',(67.125212629752,-4.458865761262));
#4028 = ( GEOMETRIC_REPRESENTATION_CONTEXT(2) 
PARAMETRIC_REPRESENTATION_CONTEXT() REPRESENTATION_CONTEXT('2D SPACE',''
  ) );
#4029 = ADVANCED_FACE('',(#4030),#3019,.F.);
#4030 = FACE_BOUND('',#4031,.F.);
#4031 = EDGE_LOOP('',(#4032,#4055,#4056,#4057));
#4032 = ORIENTED_EDGE('',*,*,#4033,.T.);
#4033 = EDGE_CURVE('',#4034,#3003,#4036,.T.);
#4034 = VERTEX_POINT('',#4035);
#4035 = CARTESIAN_POINT('',(160.81474486566,59.779256839977,4.));
#4036 = SEAM_CURVE('',#4037,(#4041,#4048),.PCURVE_S1.);
#4037 = LINE('',#4038,#4039);
#4038 = CARTESIAN_POINT('',(160.81474486566,59.779256839977,4.));
#4039 = VECTOR('',#4040,1.);
#4040 = DIRECTION('',(0.,0.,-1.));
#4041 = PCURVE('',#3019,#4042);
#4042 = DEFINITIONAL_REPRESENTATION('',(#4043),#4047);
#4043 = LINE('',#4044,#4045);
#4044 = CARTESIAN_POINT('',(9.424777960769,0.));
#4045 = VECTOR('',#4046,1.);
#4046 = DIRECTION('',(0.,1.));
#4047 = ( GEOMETRIC_REPRESENTATION_CONTEXT(2) 
PARAMETRIC_REPRESENTATION_CONTEXT() REPRESENTATION_CONTEXT('2D SPACE',''
  ) );
#4048 = PCURVE('',#3019,#4049);
#4049 = DEFINITIONAL_REPRESENTATION('',(#4050),#4054);
#4050 = LINE('',#4051,#4052);
#4051 = CARTESIAN_POINT('',(3.14159265359,0.));
#4052 = VECTOR('',#4053,1.);
#4053 = DIRECTION('',(0.,1.));
#4054 = ( GEOMETRIC_REPRESENTATION_CONTEXT(2) 
PARAMETRIC_REPRESENTATION_CONTEXT() REPRESENTATION_CONTEXT('2D SPACE',''
  ) );
#4055 = ORIENTED_EDGE('',*,*,#3002,.T.);
#4056 = ORIENTED_EDGE('',*,*,#4033,.F.);
#4057 = ORIENTED_EDGE('',*,*,#4058,.T.);
#4058 = EDGE_CURVE('',#4034,#4034,#4059,.T.);
#4059 = SURFACE_CURVE('',#4060,(#4065,#4072),.PCURVE_S1.);
#4060 = CIRCLE('',#4061,1.5);
#4061 = AXIS2_PLACEMENT_3D('',#4062,#4063,#4064);
#4062 = CARTESIAN_POINT('',(159.31474486566,59.779256839977,4.));
#4063 = DIRECTION('',(0.,0.,-1.));
#4064 = DIRECTION('',(-1.,0.,0.));
#4065 = PCURVE('',#3019,#4066);
#4066 = DEFINITIONAL_REPRESENTATION('',(#4067),#4071);
#4067 = LINE('',#4068,#4069);
#4068 = CARTESIAN_POINT('',(0.,0.));
#4069 = VECTOR('',#4070,1.);
#4070 = DIRECTION('',(1.,0.));
#4071 = ( GEOMETRIC_REPRESENTATION_CONTEXT(2) 
PARAMETRIC_REPRESENTATION_CONTEXT() REPRESENTATION_CONTEXT('2D SPACE',''
  ) );
#4072 = PCURVE('',#514,#4073);
#4073 = DEFINITIONAL_REPRESENTATION('',(#4074),#4082);
#4074 = ( BOUNDED_CURVE() B_SPLINE_CURVE(2,(#4075,#4076,#4077,#4078,
#4079,#4080,#4081),.UNSPECIFIED.,.T.,.F.) B_SPLINE_CURVE_WITH_KNOTS((1,2
    ,2,2,2,1),(-2.094395102393,0.,2.094395102393,4.188790204786,
6.28318530718,8.377580409573),.UNSPECIFIED.) CURVE() 
GEOMETRIC_REPRESENTATION_ITEM() RATIONAL_B_SPLINE_CURVE((1.,0.5,1.,0.5,
1.,0.5,1.)) REPRESENTATION_ITEM('') );
#4075 = CARTESIAN_POINT('',(34.335645245702,18.541134238738));
#4076 = CARTESIAN_POINT('',(34.335645245702,21.139210450091));
#4077 = CARTESIAN_POINT('',(36.585645245702,19.840172344414));
#4078 = CARTESIAN_POINT('',(38.835645245702,18.541134238738));
#4079 = CARTESIAN_POINT('',(36.585645245702,17.242096133061));
#4080 = CARTESIAN_POINT('',(34.335645245702,15.943058027384));
#4081 = CARTESIAN_POINT('',(34.335645245702,18.541134238738));
#4082 = ( GEOMETRIC_REPRESENTATION_CONTEXT(2) 
PARAMETRIC_REPRESENTATION_CONTEXT() REPRESENTATION_CONTEXT('2D SPACE',''
  ) );
#4083 = ADVANCED_FACE('',(#4084),#2988,.F.);
#4084 = FACE_BOUND('',#4085,.F.);
#4085 = EDGE_LOOP('',(#4086,#4109,#4110,#4111));
#4086 = ORIENTED_EDGE('',*,*,#4087,.T.);
#4087 = EDGE_CURVE('',#4088,#2972,#4090,.T.);
#4088 = VERTEX_POINT('',#4089);
#4089 = CARTESIAN_POINT('',(193.60431224971,128.77925683997,4.));
#4090 = SEAM_CURVE('',#4091,(#4095,#4102),.PCURVE_S1.);
#4091 = LINE('',#4092,#4093);
#4092 = CARTESIAN_POINT('',(193.60431224971,128.77925683997,4.));
#4093 = VECTOR('',#4094,1.);
#4094 = DIRECTION('',(0.,0.,-1.));
#4095 = PCURVE('',#2988,#4096);
#4096 = DEFINITIONAL_REPRESENTATION('',(#4097),#4101);
#4097 = LINE('',#4098,#4099);
#4098 = CARTESIAN_POINT('',(9.424777960769,0.));
#4099 = VECTOR('',#4100,1.);
#4100 = DIRECTION('',(0.,1.));
#4101 = ( GEOMETRIC_REPRESENTATION_CONTEXT(2) 
PARAMETRIC_REPRESENTATION_CONTEXT() REPRESENTATION_CONTEXT('2D SPACE',''
  ) );
#4102 = PCURVE('',#2988,#4103);
#4103 = DEFINITIONAL_REPRESENTATION('',(#4104),#4108);
#4104 = LINE('',#4105,#4106);
#4105 = CARTESIAN_POINT('',(3.14159265359,0.));
#4106 = VECTOR('',#4107,1.);
#4107 = DIRECTION('',(0.,1.));
#4108 = ( GEOMETRIC_REPRESENTATION_CONTEXT(2) 
PARAMETRIC_REPRESENTATION_CONTEXT() REPRESENTATION_CONTEXT('2D SPACE',''
  ) );
#4109 = ORIENTED_EDGE('',*,*,#2971,.T.);
#4110 = ORIENTED_EDGE('',*,*,#4087,.F.);
#4111 = ORIENTED_EDGE('',*,*,#4112,.T.);
#4112 = EDGE_CURVE('',#4088,#4088,#4113,.T.);
#4113 = SURFACE_CURVE('',#4114,(#4119,#4126),.PCURVE_S1.);
#4114 = CIRCLE('',#4115,1.5);
#4115 = AXIS2_PLACEMENT_3D('',#4116,#4117,#4118);
#4116 = CARTESIAN_POINT('',(192.10431224971,128.77925683997,4.));
#4117 = DIRECTION('',(0.,0.,-1.));
#4118 = DIRECTION('',(-1.,0.,0.));
#4119 = PCURVE('',#2988,#4120);
#4120 = DEFINITIONAL_REPRESENTATION('',(#4121),#4125);
#4121 = LINE('',#4122,#4123);
#4122 = CARTESIAN_POINT('',(0.,0.));
#4123 = VECTOR('',#4124,1.);
#4124 = DIRECTION('',(1.,0.));
#4125 = ( GEOMETRIC_REPRESENTATION_CONTEXT(2) 
PARAMETRIC_REPRESENTATION_CONTEXT() REPRESENTATION_CONTEXT('2D SPACE',''
  ) );
#4126 = PCURVE('',#514,#4127);
#4127 = DEFINITIONAL_REPRESENTATION('',(#4128),#4136);
#4128 = ( BOUNDED_CURVE() B_SPLINE_CURVE(2,(#4129,#4130,#4131,#4132,
#4133,#4134,#4135),.UNSPECIFIED.,.T.,.F.) B_SPLINE_CURVE_WITH_KNOTS((1,2
    ,2,2,2,1),(-2.094395102393,0.,2.094395102393,4.188790204786,
6.28318530718,8.377580409573),.UNSPECIFIED.) CURVE() 
GEOMETRIC_REPRESENTATION_ITEM() RATIONAL_B_SPLINE_CURVE((1.,0.5,1.,0.5,
1.,0.5,1.)) REPRESENTATION_ITEM('') );
#4129 = CARTESIAN_POINT('',(67.125212629752,87.541134238738));
#4130 = CARTESIAN_POINT('',(67.125212629752,90.139210450091));
#4131 = CARTESIAN_POINT('',(69.375212629752,88.840172344414));
#4132 = CARTESIAN_POINT('',(71.625212629752,87.541134238738));
#4133 = CARTESIAN_POINT('',(69.375212629752,86.242096133061));
#4134 = CARTESIAN_POINT('',(67.125212629752,84.943058027384));
#4135 = CARTESIAN_POINT('',(67.125212629752,87.541134238738));
#4136 = ( GEOMETRIC_REPRESENTATION_CONTEXT(2) 
PARAMETRIC_REPRESENTATION_CONTEXT() REPRESENTATION_CONTEXT('2D SPACE',''
  ) );
#4137 = ADVANCED_FACE('',(#4138),#2957,.F.);
#4138 = FACE_BOUND('',#4139,.F.);
#4139 = EDGE_LOOP('',(#4140,#4163,#4164,#4165));
#4140 = ORIENTED_EDGE('',*,*,#4141,.T.);
#4141 = EDGE_CURVE('',#4142,#2941,#4144,.T.);
#4142 = VERTEX_POINT('',#4143);
#4143 = CARTESIAN_POINT('',(193.60431224971,105.77925683997,4.));
#4144 = SEAM_CURVE('',#4145,(#4149,#4156),.PCURVE_S1.);
#4145 = LINE('',#4146,#4147);
#4146 = CARTESIAN_POINT('',(193.60431224971,105.77925683997,4.));
#4147 = VECTOR('',#4148,1.);
#4148 = DIRECTION('',(0.,0.,-1.));
#4149 = PCURVE('',#2957,#4150);
#4150 = DEFINITIONAL_REPRESENTATION('',(#4151),#4155);
#4151 = LINE('',#4152,#4153);
#4152 = CARTESIAN_POINT('',(9.424777960769,0.));
#4153 = VECTOR('',#4154,1.);
#4154 = DIRECTION('',(0.,1.));
#4155 = ( GEOMETRIC_REPRESENTATION_CONTEXT(2) 
PARAMETRIC_REPRESENTATION_CONTEXT() REPRESENTATION_CONTEXT('2D SPACE',''
  ) );
#4156 = PCURVE('',#2957,#4157);
#4157 = DEFINITIONAL_REPRESENTATION('',(#4158),#4162);
#4158 = LINE('',#4159,#4160);
#4159 = CARTESIAN_POINT('',(3.14159265359,0.));
#4160 = VECTOR('',#4161,1.);
#4161 = DIRECTION('',(0.,1.));
#4162 = ( GEOMETRIC_REPRESENTATION_CONTEXT(2) 
PARAMETRIC_REPRESENTATION_CONTEXT() REPRESENTATION_CONTEXT('2D SPACE',''
  ) );
#4163 = ORIENTED_EDGE('',*,*,#2940,.T.);
#4164 = ORIENTED_EDGE('',*,*,#4141,.F.);
#4165 = ORIENTED_EDGE('',*,*,#4166,.T.);
#4166 = EDGE_CURVE('',#4142,#4142,#4167,.T.);
#4167 = SURFACE_CURVE('',#4168,(#4173,#4180),.PCURVE_S1.);
#4168 = CIRCLE('',#4169,1.5);
#4169 = AXIS2_PLACEMENT_3D('',#4170,#4171,#4172);
#4170 = CARTESIAN_POINT('',(192.10431224971,105.77925683997,4.));
#4171 = DIRECTION('',(0.,0.,-1.));
#4172 = DIRECTION('',(-1.,0.,0.));
#4173 = PCURVE('',#2957,#4174);
#4174 = DEFINITIONAL_REPRESENTATION('',(#4175),#4179);
#4175 = LINE('',#4176,#4177);
#4176 = CARTESIAN_POINT('',(0.,0.));
#4177 = VECTOR('',#4178,1.);
#4178 = DIRECTION('',(1.,0.));
#4179 = ( GEOMETRIC_REPRESENTATION_CONTEXT(2) 
PARAMETRIC_REPRESENTATION_CONTEXT() REPRESENTATION_CONTEXT('2D SPACE',''
  ) );
#4180 = PCURVE('',#514,#4181);
#4181 = DEFINITIONAL_REPRESENTATION('',(#4182),#4190);
#4182 = ( BOUNDED_CURVE() B_SPLINE_CURVE(2,(#4183,#4184,#4185,#4186,
#4187,#4188,#4189),.UNSPECIFIED.,.T.,.F.) B_SPLINE_CURVE_WITH_KNOTS((1,2
    ,2,2,2,1),(-2.094395102393,0.,2.094395102393,4.188790204786,
6.28318530718,8.377580409573),.UNSPECIFIED.) CURVE() 
GEOMETRIC_REPRESENTATION_ITEM() RATIONAL_B_SPLINE_CURVE((1.,0.5,1.,0.5,
1.,0.5,1.)) REPRESENTATION_ITEM('') );
#4183 = CARTESIAN_POINT('',(67.125212629752,64.541134238738));
#4184 = CARTESIAN_POINT('',(67.125212629752,67.139210450091));
#4185 = CARTESIAN_POINT('',(69.375212629752,65.840172344414));
#4186 = CARTESIAN_POINT('',(71.625212629752,64.541134238738));
#4187 = CARTESIAN_POINT('',(69.375212629752,63.242096133061));
#4188 = CARTESIAN_POINT('',(67.125212629752,61.943058027384));
#4189 = CARTESIAN_POINT('',(67.125212629752,64.541134238738));
#4190 = ( GEOMETRIC_REPRESENTATION_CONTEXT(2) 
PARAMETRIC_REPRESENTATION_CONTEXT() REPRESENTATION_CONTEXT('2D SPACE',''
  ) );
#4191 = ADVANCED_FACE('',(#4192),#2926,.F.);
#4192 = FACE_BOUND('',#4193,.F.);
#4193 = EDGE_LOOP('',(#4194,#4217,#4218,#4219));
#4194 = ORIENTED_EDGE('',*,*,#4195,.T.);
#4195 = EDGE_CURVE('',#4196,#2910,#4198,.T.);
#4196 = VERTEX_POINT('',#4197);
#4197 = CARTESIAN_POINT('',(160.81474486566,82.779256839977,4.));
#4198 = SEAM_CURVE('',#4199,(#4203,#4210),.PCURVE_S1.);
#4199 = LINE('',#4200,#4201);
#4200 = CARTESIAN_POINT('',(160.81474486566,82.779256839977,4.));
#4201 = VECTOR('',#4202,1.);
#4202 = DIRECTION('',(0.,0.,-1.));
#4203 = PCURVE('',#2926,#4204);
#4204 = DEFINITIONAL_REPRESENTATION('',(#4205),#4209);
#4205 = LINE('',#4206,#4207);
#4206 = CARTESIAN_POINT('',(9.424777960769,0.));
#4207 = VECTOR('',#4208,1.);
#4208 = DIRECTION('',(0.,1.));
#4209 = ( GEOMETRIC_REPRESENTATION_CONTEXT(2) 
PARAMETRIC_REPRESENTATION_CONTEXT() REPRESENTATION_CONTEXT('2D SPACE',''
  ) );
#4210 = PCURVE('',#2926,#4211);
#4211 = DEFINITIONAL_REPRESENTATION('',(#4212),#4216);
#4212 = LINE('',#4213,#4214);
#4213 = CARTESIAN_POINT('',(3.14159265359,0.));
#4214 = VECTOR('',#4215,1.);
#4215 = DIRECTION('',(0.,1.));
#4216 = ( GEOMETRIC_REPRESENTATION_CONTEXT(2) 
PARAMETRIC_REPRESENTATION_CONTEXT() REPRESENTATION_CONTEXT('2D SPACE',''
  ) );
#4217 = ORIENTED_EDGE('',*,*,#2909,.T.);
#4218 = ORIENTED_EDGE('',*,*,#4195,.F.);
#4219 = ORIENTED_EDGE('',*,*,#4220,.T.);
#4220 = EDGE_CURVE('',#4196,#4196,#4221,.T.);
#4221 = SURFACE_CURVE('',#4222,(#4227,#4234),.PCURVE_S1.);
#4222 = CIRCLE('',#4223,1.5);
#4223 = AXIS2_PLACEMENT_3D('',#4224,#4225,#4226);
#4224 = CARTESIAN_POINT('',(159.31474486566,82.779256839977,4.));
#4225 = DIRECTION('',(0.,0.,-1.));
#4226 = DIRECTION('',(-1.,0.,0.));
#4227 = PCURVE('',#2926,#4228);
#4228 = DEFINITIONAL_REPRESENTATION('',(#4229),#4233);
#4229 = LINE('',#4230,#4231);
#4230 = CARTESIAN_POINT('',(0.,0.));
#4231 = VECTOR('',#4232,1.);
#4232 = DIRECTION('',(1.,0.));
#4233 = ( GEOMETRIC_REPRESENTATION_CONTEXT(2) 
PARAMETRIC_REPRESENTATION_CONTEXT() REPRESENTATION_CONTEXT('2D SPACE',''
  ) );
#4234 = PCURVE('',#514,#4235);
#4235 = DEFINITIONAL_REPRESENTATION('',(#4236),#4244);
#4236 = ( BOUNDED_CURVE() B_SPLINE_CURVE(2,(#4237,#4238,#4239,#4240,
#4241,#4242,#4243),.UNSPECIFIED.,.T.,.F.) B_SPLINE_CURVE_WITH_KNOTS((1,2
    ,2,2,2,1),(-2.094395102393,0.,2.094395102393,4.188790204786,
6.28318530718,8.377580409573),.UNSPECIFIED.) CURVE() 
GEOMETRIC_REPRESENTATION_ITEM() RATIONAL_B_SPLINE_CURVE((1.,0.5,1.,0.5,
1.,0.5,1.)) REPRESENTATION_ITEM('') );
#4237 = CARTESIAN_POINT('',(34.335645245702,41.541134238738));
#4238 = CARTESIAN_POINT('',(34.335645245702,44.139210450091));
#4239 = CARTESIAN_POINT('',(36.585645245702,42.840172344414));
#4240 = CARTESIAN_POINT('',(38.835645245702,41.541134238738));
#4241 = CARTESIAN_POINT('',(36.585645245702,40.242096133061));
#4242 = CARTESIAN_POINT('',(34.335645245702,38.943058027384));
#4243 = CARTESIAN_POINT('',(34.335645245702,41.541134238738));
#4244 = ( GEOMETRIC_REPRESENTATION_CONTEXT(2) 
PARAMETRIC_REPRESENTATION_CONTEXT() REPRESENTATION_CONTEXT('2D SPACE',''
  ) );
#4245 = ADVANCED_FACE('',(#4246),#2895,.F.);
#4246 = FACE_BOUND('',#4247,.F.);
#4247 = EDGE_LOOP('',(#4248,#4271,#4272,#4273));
#4248 = ORIENTED_EDGE('',*,*,#4249,.T.);
#4249 = EDGE_CURVE('',#4250,#2879,#4252,.T.);
#4250 = VERTEX_POINT('',#4251);
#4251 = CARTESIAN_POINT('',(160.81474486566,36.779256839977,4.));
#4252 = SEAM_CURVE('',#4253,(#4257,#4264),.PCURVE_S1.);
#4253 = LINE('',#4254,#4255);
#4254 = CARTESIAN_POINT('',(160.81474486566,36.779256839977,4.));
#4255 = VECTOR('',#4256,1.);
#4256 = DIRECTION('',(0.,0.,-1.));
#4257 = PCURVE('',#2895,#4258);
#4258 = DEFINITIONAL_REPRESENTATION('',(#4259),#4263);
#4259 = LINE('',#4260,#4261);
#4260 = CARTESIAN_POINT('',(9.424777960769,0.));
#4261 = VECTOR('',#4262,1.);
#4262 = DIRECTION('',(0.,1.));
#4263 = ( GEOMETRIC_REPRESENTATION_CONTEXT(2) 
PARAMETRIC_REPRESENTATION_CONTEXT() REPRESENTATION_CONTEXT('2D SPACE',''
  ) );
#4264 = PCURVE('',#2895,#4265);
#4265 = DEFINITIONAL_REPRESENTATION('',(#4266),#4270);
#4266 = LINE('',#4267,#4268);
#4267 = CARTESIAN_POINT('',(3.14159265359,0.));
#4268 = VECTOR('',#4269,1.);
#4269 = DIRECTION('',(0.,1.));
#4270 = ( GEOMETRIC_REPRESENTATION_CONTEXT(2) 
PARAMETRIC_REPRESENTATION_CONTEXT() REPRESENTATION_CONTEXT('2D SPACE',''
  ) );
#4271 = ORIENTED_EDGE('',*,*,#2878,.T.);
#4272 = ORIENTED_EDGE('',*,*,#4249,.F.);
#4273 = ORIENTED_EDGE('',*,*,#4274,.T.);
#4274 = EDGE_CURVE('',#4250,#4250,#4275,.T.);
#4275 = SURFACE_CURVE('',#4276,(#4281,#4288),.PCURVE_S1.);
#4276 = CIRCLE('',#4277,1.5);
#4277 = AXIS2_PLACEMENT_3D('',#4278,#4279,#4280);
#4278 = CARTESIAN_POINT('',(159.31474486566,36.779256839977,4.));
#4279 = DIRECTION('',(0.,0.,-1.));
#4280 = DIRECTION('',(-1.,0.,0.));
#4281 = PCURVE('',#2895,#4282);
#4282 = DEFINITIONAL_REPRESENTATION('',(#4283),#4287);
#4283 = LINE('',#4284,#4285);
#4284 = CARTESIAN_POINT('',(0.,0.));
#4285 = VECTOR('',#4286,1.);
#4286 = DIRECTION('',(1.,0.));
#4287 = ( GEOMETRIC_REPRESENTATION_CONTEXT(2) 
PARAMETRIC_REPRESENTATION_CONTEXT() REPRESENTATION_CONTEXT('2D SPACE',''
  ) );
#4288 = PCURVE('',#514,#4289);
#4289 = DEFINITIONAL_REPRESENTATION('',(#4290),#4298);
#4290 = ( BOUNDED_CURVE() B_SPLINE_CURVE(2,(#4291,#4292,#4293,#4294,
#4295,#4296,#4297),.UNSPECIFIED.,.T.,.F.) B_SPLINE_CURVE_WITH_KNOTS((1,2
    ,2,2,2,1),(-2.094395102393,0.,2.094395102393,4.188790204786,
6.28318530718,8.377580409573),.UNSPECIFIED.) CURVE() 
GEOMETRIC_REPRESENTATION_ITEM() RATIONAL_B_SPLINE_CURVE((1.,0.5,1.,0.5,
1.,0.5,1.)) REPRESENTATION_ITEM('') );
#4291 = CARTESIAN_POINT('',(34.335645245702,-4.458865761262));
#4292 = CARTESIAN_POINT('',(34.335645245702,-1.860789549909));
#4293 = CARTESIAN_POINT('',(36.585645245702,-3.159827655586));
#4294 = CARTESIAN_POINT('',(38.835645245702,-4.458865761262));
#4295 = CARTESIAN_POINT('',(36.585645245702,-5.757903866939));
#4296 = CARTESIAN_POINT('',(34.335645245702,-7.056941972616));
#4297 = CARTESIAN_POINT('',(34.335645245702,-4.458865761262));
#4298 = ( GEOMETRIC_REPRESENTATION_CONTEXT(2) 
PARAMETRIC_REPRESENTATION_CONTEXT() REPRESENTATION_CONTEXT('2D SPACE',''
  ) );
#4299 = ADVANCED_FACE('',(#4300),#2864,.F.);
#4300 = FACE_BOUND('',#4301,.F.);
#4301 = EDGE_LOOP('',(#4302,#4325,#4326,#4327));
#4302 = ORIENTED_EDGE('',*,*,#4303,.T.);
#4303 = EDGE_CURVE('',#4304,#2848,#4306,.T.);
#4304 = VERTEX_POINT('',#4305);
#4305 = CARTESIAN_POINT('',(193.60431224971,13.779256839977,4.));
#4306 = SEAM_CURVE('',#4307,(#4311,#4318),.PCURVE_S1.);
#4307 = LINE('',#4308,#4309);
#4308 = CARTESIAN_POINT('',(193.60431224971,13.779256839977,4.));
#4309 = VECTOR('',#4310,1.);
#4310 = DIRECTION('',(0.,0.,-1.));
#4311 = PCURVE('',#2864,#4312);
#4312 = DEFINITIONAL_REPRESENTATION('',(#4313),#4317);
#4313 = LINE('',#4314,#4315);
#4314 = CARTESIAN_POINT('',(9.424777960769,0.));
#4315 = VECTOR('',#4316,1.);
#4316 = DIRECTION('',(0.,1.));
#4317 = ( GEOMETRIC_REPRESENTATION_CONTEXT(2) 
PARAMETRIC_REPRESENTATION_CONTEXT() REPRESENTATION_CONTEXT('2D SPACE',''
  ) );
#4318 = PCURVE('',#2864,#4319);
#4319 = DEFINITIONAL_REPRESENTATION('',(#4320),#4324);
#4320 = LINE('',#4321,#4322);
#4321 = CARTESIAN_POINT('',(3.14159265359,0.));
#4322 = VECTOR('',#4323,1.);
#4323 = DIRECTION('',(0.,1.));
#4324 = ( GEOMETRIC_REPRESENTATION_CONTEXT(2) 
PARAMETRIC_REPRESENTATION_CONTEXT() REPRESENTATION_CONTEXT('2D SPACE',''
  ) );
#4325 = ORIENTED_EDGE('',*,*,#2847,.T.);
#4326 = ORIENTED_EDGE('',*,*,#4303,.F.);
#4327 = ORIENTED_EDGE('',*,*,#4328,.T.);
#4328 = EDGE_CURVE('',#4304,#4304,#4329,.T.);
#4329 = SURFACE_CURVE('',#4330,(#4335,#4342),.PCURVE_S1.);
#4330 = CIRCLE('',#4331,1.5);
#4331 = AXIS2_PLACEMENT_3D('',#4332,#4333,#4334);
#4332 = CARTESIAN_POINT('',(192.10431224971,13.779256839977,4.));
#4333 = DIRECTION('',(0.,0.,-1.));
#4334 = DIRECTION('',(-1.,0.,0.));
#4335 = PCURVE('',#2864,#4336);
#4336 = DEFINITIONAL_REPRESENTATION('',(#4337),#4341);
#4337 = LINE('',#4338,#4339);
#4338 = CARTESIAN_POINT('',(0.,0.));
#4339 = VECTOR('',#4340,1.);
#4340 = DIRECTION('',(1.,0.));
#4341 = ( GEOMETRIC_REPRESENTATION_CONTEXT(2) 
PARAMETRIC_REPRESENTATION_CONTEXT() REPRESENTATION_CONTEXT('2D SPACE',''
  ) );
#4342 = PCURVE('',#514,#4343);
#4343 = DEFINITIONAL_REPRESENTATION('',(#4344),#4352);
#4344 = ( BOUNDED_CURVE() B_SPLINE_CURVE(2,(#4345,#4346,#4347,#4348,
#4349,#4350,#4351),.UNSPECIFIED.,.T.,.F.) B_SPLINE_CURVE_WITH_KNOTS((1,2
    ,2,2,2,1),(-2.094395102393,0.,2.094395102393,4.188790204786,
6.28318530718,8.377580409573),.UNSPECIFIED.) CURVE() 
GEOMETRIC_REPRESENTATION_ITEM() RATIONAL_B_SPLINE_CURVE((1.,0.5,1.,0.5,
1.,0.5,1.)) REPRESENTATION_ITEM('') );
#4345 = CARTESIAN_POINT('',(67.125212629752,-27.45886576126));
#4346 = CARTESIAN_POINT('',(67.125212629752,-24.8607895499));
#4347 = CARTESIAN_POINT('',(69.375212629752,-26.15982765558));
#4348 = CARTESIAN_POINT('',(71.625212629752,-27.45886576126));
#4349 = CARTESIAN_POINT('',(69.375212629752,-28.75790386693));
#4350 = CARTESIAN_POINT('',(67.125212629752,-30.05694197261));
#4351 = CARTESIAN_POINT('',(67.125212629752,-27.45886576126));
#4352 = ( GEOMETRIC_REPRESENTATION_CONTEXT(2) 
PARAMETRIC_REPRESENTATION_CONTEXT() REPRESENTATION_CONTEXT('2D SPACE',''
  ) );
#4353 = ADVANCED_FACE('',(#4354),#2833,.F.);
#4354 = FACE_BOUND('',#4355,.F.);
#4355 = EDGE_LOOP('',(#4356,#4379,#4380,#4381));
#4356 = ORIENTED_EDGE('',*,*,#4357,.T.);
#4357 = EDGE_CURVE('',#4358,#2817,#4360,.T.);
#4358 = VERTEX_POINT('',#4359);
#4359 = CARTESIAN_POINT('',(193.60431224971,82.779256839977,4.));
#4360 = SEAM_CURVE('',#4361,(#4365,#4372),.PCURVE_S1.);
#4361 = LINE('',#4362,#4363);
#4362 = CARTESIAN_POINT('',(193.60431224971,82.779256839977,4.));
#4363 = VECTOR('',#4364,1.);
#4364 = DIRECTION('',(0.,0.,-1.));
#4365 = PCURVE('',#2833,#4366);
#4366 = DEFINITIONAL_REPRESENTATION('',(#4367),#4371);
#4367 = LINE('',#4368,#4369);
#4368 = CARTESIAN_POINT('',(9.424777960769,0.));
#4369 = VECTOR('',#4370,1.);
#4370 = DIRECTION('',(0.,1.));
#4371 = ( GEOMETRIC_REPRESENTATION_CONTEXT(2) 
PARAMETRIC_REPRESENTATION_CONTEXT() REPRESENTATION_CONTEXT('2D SPACE',''
  ) );
#4372 = PCURVE('',#2833,#4373);
#4373 = DEFINITIONAL_REPRESENTATION('',(#4374),#4378);
#4374 = LINE('',#4375,#4376);
#4375 = CARTESIAN_POINT('',(3.14159265359,0.));
#4376 = VECTOR('',#4377,1.);
#4377 = DIRECTION('',(0.,1.));
#4378 = ( GEOMETRIC_REPRESENTATION_CONTEXT(2) 
PARAMETRIC_REPRESENTATION_CONTEXT() REPRESENTATION_CONTEXT('2D SPACE',''
  ) );
#4379 = ORIENTED_EDGE('',*,*,#2816,.T.);
#4380 = ORIENTED_EDGE('',*,*,#4357,.F.);
#4381 = ORIENTED_EDGE('',*,*,#4382,.T.);
#4382 = EDGE_CURVE('',#4358,#4358,#4383,.T.);
#4383 = SURFACE_CURVE('',#4384,(#4389,#4396),.PCURVE_S1.);
#4384 = CIRCLE('',#4385,1.5);
#4385 = AXIS2_PLACEMENT_3D('',#4386,#4387,#4388);
#4386 = CARTESIAN_POINT('',(192.10431224971,82.779256839977,4.));
#4387 = DIRECTION('',(0.,0.,-1.));
#4388 = DIRECTION('',(-1.,0.,0.));
#4389 = PCURVE('',#2833,#4390);
#4390 = DEFINITIONAL_REPRESENTATION('',(#4391),#4395);
#4391 = LINE('',#4392,#4393);
#4392 = CARTESIAN_POINT('',(0.,0.));
#4393 = VECTOR('',#4394,1.);
#4394 = DIRECTION('',(1.,0.));
#4395 = ( GEOMETRIC_REPRESENTATION_CONTEXT(2) 
PARAMETRIC_REPRESENTATION_CONTEXT() REPRESENTATION_CONTEXT('2D SPACE',''
  ) );
#4396 = PCURVE('',#514,#4397);
#4397 = DEFINITIONAL_REPRESENTATION('',(#4398),#4406);
#4398 = ( BOUNDED_CURVE() B_SPLINE_CURVE(2,(#4399,#4400,#4401,#4402,
#4403,#4404,#4405),.UNSPECIFIED.,.T.,.F.) B_SPLINE_CURVE_WITH_KNOTS((1,2
    ,2,2,2,1),(-2.094395102393,0.,2.094395102393,4.188790204786,
6.28318530718,8.377580409573),.UNSPECIFIED.) CURVE() 
GEOMETRIC_REPRESENTATION_ITEM() RATIONAL_B_SPLINE_CURVE((1.,0.5,1.,0.5,
1.,0.5,1.)) REPRESENTATION_ITEM('') );
#4399 = CARTESIAN_POINT('',(67.125212629752,41.541134238738));
#4400 = CARTESIAN_POINT('',(67.125212629752,44.139210450091));
#4401 = CARTESIAN_POINT('',(69.375212629752,42.840172344414));
#4402 = CARTESIAN_POINT('',(71.625212629752,41.541134238738));
#4403 = CARTESIAN_POINT('',(69.375212629752,40.242096133061));
#4404 = CARTESIAN_POINT('',(67.125212629752,38.943058027384));
#4405 = CARTESIAN_POINT('',(67.125212629752,41.541134238738));
#4406 = ( GEOMETRIC_REPRESENTATION_CONTEXT(2) 
PARAMETRIC_REPRESENTATION_CONTEXT() REPRESENTATION_CONTEXT('2D SPACE',''
  ) );
#4407 = ADVANCED_FACE('',(#4408),#2802,.F.);
#4408 = FACE_BOUND('',#4409,.F.);
#4409 = EDGE_LOOP('',(#4410,#4433,#4434,#4435));
#4410 = ORIENTED_EDGE('',*,*,#4411,.T.);
#4411 = EDGE_CURVE('',#4412,#2786,#4414,.T.);
#4412 = VERTEX_POINT('',#4413);
#4413 = CARTESIAN_POINT('',(160.81474486566,128.77925683997,4.));
#4414 = SEAM_CURVE('',#4415,(#4419,#4426),.PCURVE_S1.);
#4415 = LINE('',#4416,#4417);
#4416 = CARTESIAN_POINT('',(160.81474486566,128.77925683997,4.));
#4417 = VECTOR('',#4418,1.);
#4418 = DIRECTION('',(0.,0.,-1.));
#4419 = PCURVE('',#2802,#4420);
#4420 = DEFINITIONAL_REPRESENTATION('',(#4421),#4425);
#4421 = LINE('',#4422,#4423);
#4422 = CARTESIAN_POINT('',(9.424777960769,0.));
#4423 = VECTOR('',#4424,1.);
#4424 = DIRECTION('',(0.,1.));
#4425 = ( GEOMETRIC_REPRESENTATION_CONTEXT(2) 
PARAMETRIC_REPRESENTATION_CONTEXT() REPRESENTATION_CONTEXT('2D SPACE',''
  ) );
#4426 = PCURVE('',#2802,#4427);
#4427 = DEFINITIONAL_REPRESENTATION('',(#4428),#4432);
#4428 = LINE('',#4429,#4430);
#4429 = CARTESIAN_POINT('',(3.14159265359,0.));
#4430 = VECTOR('',#4431,1.);
#4431 = DIRECTION('',(0.,1.));
#4432 = ( GEOMETRIC_REPRESENTATION_CONTEXT(2) 
PARAMETRIC_REPRESENTATION_CONTEXT() REPRESENTATION_CONTEXT('2D SPACE',''
  ) );
#4433 = ORIENTED_EDGE('',*,*,#2785,.T.);
#4434 = ORIENTED_EDGE('',*,*,#4411,.F.);
#4435 = ORIENTED_EDGE('',*,*,#4436,.T.);
#4436 = EDGE_CURVE('',#4412,#4412,#4437,.T.);
#4437 = SURFACE_CURVE('',#4438,(#4443,#4450),.PCURVE_S1.);
#4438 = CIRCLE('',#4439,1.5);
#4439 = AXIS2_PLACEMENT_3D('',#4440,#4441,#4442);
#4440 = CARTESIAN_POINT('',(159.31474486566,128.77925683997,4.));
#4441 = DIRECTION('',(0.,0.,-1.));
#4442 = DIRECTION('',(-1.,0.,0.));
#4443 = PCURVE('',#2802,#4444);
#4444 = DEFINITIONAL_REPRESENTATION('',(#4445),#4449);
#4445 = LINE('',#4446,#4447);
#4446 = CARTESIAN_POINT('',(0.,0.));
#4447 = VECTOR('',#4448,1.);
#4448 = DIRECTION('',(1.,0.));
#4449 = ( GEOMETRIC_REPRESENTATION_CONTEXT(2) 
PARAMETRIC_REPRESENTATION_CONTEXT() REPRESENTATION_CONTEXT('2D SPACE',''
  ) );
#4450 = PCURVE('',#514,#4451);
#4451 = DEFINITIONAL_REPRESENTATION('',(#4452),#4460);
#4452 = ( BOUNDED_CURVE() B_SPLINE_CURVE(2,(#4453,#4454,#4455,#4456,
#4457,#4458,#4459),.UNSPECIFIED.,.T.,.F.) B_SPLINE_CURVE_WITH_KNOTS((1,2
    ,2,2,2,1),(-2.094395102393,0.,2.094395102393,4.188790204786,
6.28318530718,8.377580409573),.UNSPECIFIED.) CURVE() 
GEOMETRIC_REPRESENTATION_ITEM() RATIONAL_B_SPLINE_CURVE((1.,0.5,1.,0.5,
1.,0.5,1.)) REPRESENTATION_ITEM('') );
#4453 = CARTESIAN_POINT('',(34.335645245702,87.541134238738));
#4454 = CARTESIAN_POINT('',(34.335645245702,90.139210450091));
#4455 = CARTESIAN_POINT('',(36.585645245702,88.840172344414));
#4456 = CARTESIAN_POINT('',(38.835645245702,87.541134238738));
#4457 = CARTESIAN_POINT('',(36.585645245702,86.242096133061));
#4458 = CARTESIAN_POINT('',(34.335645245702,84.943058027384));
#4459 = CARTESIAN_POINT('',(34.335645245702,87.541134238738));
#4460 = ( GEOMETRIC_REPRESENTATION_CONTEXT(2) 
PARAMETRIC_REPRESENTATION_CONTEXT() REPRESENTATION_CONTEXT('2D SPACE',''
  ) );
#4461 = ADVANCED_FACE('',(#4462),#2771,.F.);
#4462 = FACE_BOUND('',#4463,.F.);
#4463 = EDGE_LOOP('',(#4464,#4487,#4488,#4489));
#4464 = ORIENTED_EDGE('',*,*,#4465,.T.);
#4465 = EDGE_CURVE('',#4466,#2755,#4468,.T.);
#4466 = VERTEX_POINT('',#4467);
#4467 = CARTESIAN_POINT('',(160.81474486566,105.77925683997,4.));
#4468 = SEAM_CURVE('',#4469,(#4473,#4480),.PCURVE_S1.);
#4469 = LINE('',#4470,#4471);
#4470 = CARTESIAN_POINT('',(160.81474486566,105.77925683997,4.));
#4471 = VECTOR('',#4472,1.);
#4472 = DIRECTION('',(0.,0.,-1.));
#4473 = PCURVE('',#2771,#4474);
#4474 = DEFINITIONAL_REPRESENTATION('',(#4475),#4479);
#4475 = LINE('',#4476,#4477);
#4476 = CARTESIAN_POINT('',(9.424777960769,0.));
#4477 = VECTOR('',#4478,1.);
#4478 = DIRECTION('',(0.,1.));
#4479 = ( GEOMETRIC_REPRESENTATION_CONTEXT(2) 
PARAMETRIC_REPRESENTATION_CONTEXT() REPRESENTATION_CONTEXT('2D SPACE',''
  ) );
#4480 = PCURVE('',#2771,#4481);
#4481 = DEFINITIONAL_REPRESENTATION('',(#4482),#4486);
#4482 = LINE('',#4483,#4484);
#4483 = CARTESIAN_POINT('',(3.14159265359,0.));
#4484 = VECTOR('',#4485,1.);
#4485 = DIRECTION('',(0.,1.));
#4486 = ( GEOMETRIC_REPRESENTATION_CONTEXT(2) 
PARAMETRIC_REPRESENTATION_CONTEXT() REPRESENTATION_CONTEXT('2D SPACE',''
  ) );
#4487 = ORIENTED_EDGE('',*,*,#2754,.T.);
#4488 = ORIENTED_EDGE('',*,*,#4465,.F.);
#4489 = ORIENTED_EDGE('',*,*,#4490,.T.);
#4490 = EDGE_CURVE('',#4466,#4466,#4491,.T.);
#4491 = SURFACE_CURVE('',#4492,(#4497,#4504),.PCURVE_S1.);
#4492 = CIRCLE('',#4493,1.5);
#4493 = AXIS2_PLACEMENT_3D('',#4494,#4495,#4496);
#4494 = CARTESIAN_POINT('',(159.31474486566,105.77925683997,4.));
#4495 = DIRECTION('',(0.,0.,-1.));
#4496 = DIRECTION('',(-1.,0.,0.));
#4497 = PCURVE('',#2771,#4498);
#4498 = DEFINITIONAL_REPRESENTATION('',(#4499),#4503);
#4499 = LINE('',#4500,#4501);
#4500 = CARTESIAN_POINT('',(0.,0.));
#4501 = VECTOR('',#4502,1.);
#4502 = DIRECTION('',(1.,0.));
#4503 = ( GEOMETRIC_REPRESENTATION_CONTEXT(2) 
PARAMETRIC_REPRESENTATION_CONTEXT() REPRESENTATION_CONTEXT('2D SPACE',''
  ) );
#4504 = PCURVE('',#514,#4505);
#4505 = DEFINITIONAL_REPRESENTATION('',(#4506),#4514);
#4506 = ( BOUNDED_CURVE() B_SPLINE_CURVE(2,(#4507,#4508,#4509,#4510,
#4511,#4512,#4513),.UNSPECIFIED.,.T.,.F.) B_SPLINE_CURVE_WITH_KNOTS((1,2
    ,2,2,2,1),(-2.094395102393,0.,2.094395102393,4.188790204786,
6.28318530718,8.377580409573),.UNSPECIFIED.) CURVE() 
GEOMETRIC_REPRESENTATION_ITEM() RATIONAL_B_SPLINE_CURVE((1.,0.5,1.,0.5,
1.,0.5,1.)) REPRESENTATION_ITEM('') );
#4507 = CARTESIAN_POINT('',(34.335645245702,64.541134238738));
#4508 = CARTESIAN_POINT('',(34.335645245702,67.139210450091));
#4509 = CARTESIAN_POINT('',(36.585645245702,65.840172344414));
#4510 = CARTESIAN_POINT('',(38.835645245702,64.541134238738));
#4511 = CARTESIAN_POINT('',(36.585645245702,63.242096133061));
#4512 = CARTESIAN_POINT('',(34.335645245702,61.943058027384));
#4513 = CARTESIAN_POINT('',(34.335645245702,64.541134238738));
#4514 = ( GEOMETRIC_REPRESENTATION_CONTEXT(2) 
PARAMETRIC_REPRESENTATION_CONTEXT() REPRESENTATION_CONTEXT('2D SPACE',''
  ) );
#4515 = ADVANCED_FACE('',(#4516),#2740,.F.);
#4516 = FACE_BOUND('',#4517,.F.);
#4517 = EDGE_LOOP('',(#4518,#4541,#4542,#4543));
#4518 = ORIENTED_EDGE('',*,*,#4519,.T.);
#4519 = EDGE_CURVE('',#4520,#2724,#4522,.T.);
#4520 = VERTEX_POINT('',#4521);
#4521 = CARTESIAN_POINT('',(193.60431224971,59.779256839977,4.));
#4522 = SEAM_CURVE('',#4523,(#4527,#4534),.PCURVE_S1.);
#4523 = LINE('',#4524,#4525);
#4524 = CARTESIAN_POINT('',(193.60431224971,59.779256839977,4.));
#4525 = VECTOR('',#4526,1.);
#4526 = DIRECTION('',(0.,0.,-1.));
#4527 = PCURVE('',#2740,#4528);
#4528 = DEFINITIONAL_REPRESENTATION('',(#4529),#4533);
#4529 = LINE('',#4530,#4531);
#4530 = CARTESIAN_POINT('',(9.424777960769,0.));
#4531 = VECTOR('',#4532,1.);
#4532 = DIRECTION('',(0.,1.));
#4533 = ( GEOMETRIC_REPRESENTATION_CONTEXT(2) 
PARAMETRIC_REPRESENTATION_CONTEXT() REPRESENTATION_CONTEXT('2D SPACE',''
  ) );
#4534 = PCURVE('',#2740,#4535);
#4535 = DEFINITIONAL_REPRESENTATION('',(#4536),#4540);
#4536 = LINE('',#4537,#4538);
#4537 = CARTESIAN_POINT('',(3.14159265359,0.));
#4538 = VECTOR('',#4539,1.);
#4539 = DIRECTION('',(0.,1.));
#4540 = ( GEOMETRIC_REPRESENTATION_CONTEXT(2) 
PARAMETRIC_REPRESENTATION_CONTEXT() REPRESENTATION_CONTEXT('2D SPACE',''
  ) );
#4541 = ORIENTED_EDGE('',*,*,#2723,.T.);
#4542 = ORIENTED_EDGE('',*,*,#4519,.F.);
#4543 = ORIENTED_EDGE('',*,*,#4544,.T.);
#4544 = EDGE_CURVE('',#4520,#4520,#4545,.T.);
#4545 = SURFACE_CURVE('',#4546,(#4551,#4558),.PCURVE_S1.);
#4546 = CIRCLE('',#4547,1.5);
#4547 = AXIS2_PLACEMENT_3D('',#4548,#4549,#4550);
#4548 = CARTESIAN_POINT('',(192.10431224971,59.779256839977,4.));
#4549 = DIRECTION('',(0.,0.,-1.));
#4550 = DIRECTION('',(-1.,0.,0.));
#4551 = PCURVE('',#2740,#4552);
#4552 = DEFINITIONAL_REPRESENTATION('',(#4553),#4557);
#4553 = LINE('',#4554,#4555);
#4554 = CARTESIAN_POINT('',(0.,0.));
#4555 = VECTOR('',#4556,1.);
#4556 = DIRECTION('',(1.,0.));
#4557 = ( GEOMETRIC_REPRESENTATION_CONTEXT(2) 
PARAMETRIC_REPRESENTATION_CONTEXT() REPRESENTATION_CONTEXT('2D SPACE',''
  ) );
#4558 = PCURVE('',#514,#4559);
#4559 = DEFINITIONAL_REPRESENTATION('',(#4560),#4568);
#4560 = ( BOUNDED_CURVE() B_SPLINE_CURVE(2,(#4561,#4562,#4563,#4564,
#4565,#4566,#4567),.UNSPECIFIED.,.T.,.F.) B_SPLINE_CURVE_WITH_KNOTS((1,2
    ,2,2,2,1),(-2.094395102393,0.,2.094395102393,4.188790204786,
6.28318530718,8.377580409573),.UNSPECIFIED.) CURVE() 
GEOMETRIC_REPRESENTATION_ITEM() RATIONAL_B_SPLINE_CURVE((1.,0.5,1.,0.5,
1.,0.5,1.)) REPRESENTATION_ITEM('') );
#4561 = CARTESIAN_POINT('',(67.125212629752,18.541134238738));
#4562 = CARTESIAN_POINT('',(67.125212629752,21.139210450091));
#4563 = CARTESIAN_POINT('',(69.375212629752,19.840172344414));
#4564 = CARTESIAN_POINT('',(71.625212629752,18.541134238738));
#4565 = CARTESIAN_POINT('',(69.375212629752,17.242096133061));
#4566 = CARTESIAN_POINT('',(67.125212629752,15.943058027384));
#4567 = CARTESIAN_POINT('',(67.125212629752,18.541134238738));
#4568 = ( GEOMETRIC_REPRESENTATION_CONTEXT(2) 
PARAMETRIC_REPRESENTATION_CONTEXT() REPRESENTATION_CONTEXT('2D SPACE',''
  ) );
#4569 = ADVANCED_FACE('',(#4570),#2709,.F.);
#4570 = FACE_BOUND('',#4571,.F.);
#4571 = EDGE_LOOP('',(#4572,#4595,#4596,#4597));
#4572 = ORIENTED_EDGE('',*,*,#4573,.T.);
#4573 = EDGE_CURVE('',#4574,#2693,#4576,.T.);
#4574 = VERTEX_POINT('',#4575);
#4575 = CARTESIAN_POINT('',(160.81474486566,13.779256839977,4.));
#4576 = SEAM_CURVE('',#4577,(#4581,#4588),.PCURVE_S1.);
#4577 = LINE('',#4578,#4579);
#4578 = CARTESIAN_POINT('',(160.81474486566,13.779256839977,4.));
#4579 = VECTOR('',#4580,1.);
#4580 = DIRECTION('',(0.,0.,-1.));
#4581 = PCURVE('',#2709,#4582);
#4582 = DEFINITIONAL_REPRESENTATION('',(#4583),#4587);
#4583 = LINE('',#4584,#4585);
#4584 = CARTESIAN_POINT('',(9.424777960769,0.));
#4585 = VECTOR('',#4586,1.);
#4586 = DIRECTION('',(0.,1.));
#4587 = ( GEOMETRIC_REPRESENTATION_CONTEXT(2) 
PARAMETRIC_REPRESENTATION_CONTEXT() REPRESENTATION_CONTEXT('2D SPACE',''
  ) );
#4588 = PCURVE('',#2709,#4589);
#4589 = DEFINITIONAL_REPRESENTATION('',(#4590),#4594);
#4590 = LINE('',#4591,#4592);
#4591 = CARTESIAN_POINT('',(3.14159265359,0.));
#4592 = VECTOR('',#4593,1.);
#4593 = DIRECTION('',(0.,1.));
#4594 = ( GEOMETRIC_REPRESENTATION_CONTEXT(2) 
PARAMETRIC_REPRESENTATION_CONTEXT() REPRESENTATION_CONTEXT('2D SPACE',''
  ) );
#4595 = ORIENTED_EDGE('',*,*,#2692,.T.);
#4596 = ORIENTED_EDGE('',*,*,#4573,.F.);
#4597 = ORIENTED_EDGE('',*,*,#4598,.T.);
#4598 = EDGE_CURVE('',#4574,#4574,#4599,.T.);
#4599 = SURFACE_CURVE('',#4600,(#4605,#4612),.PCURVE_S1.);
#4600 = CIRCLE('',#4601,1.5);
#4601 = AXIS2_PLACEMENT_3D('',#4602,#4603,#4604);
#4602 = CARTESIAN_POINT('',(159.31474486566,13.779256839977,4.));
#4603 = DIRECTION('',(0.,0.,-1.));
#4604 = DIRECTION('',(-1.,0.,0.));
#4605 = PCURVE('',#2709,#4606);
#4606 = DEFINITIONAL_REPRESENTATION('',(#4607),#4611);
#4607 = LINE('',#4608,#4609);
#4608 = CARTESIAN_POINT('',(0.,0.));
#4609 = VECTOR('',#4610,1.);
#4610 = DIRECTION('',(1.,0.));
#4611 = ( GEOMETRIC_REPRESENTATION_CONTEXT(2) 
PARAMETRIC_REPRESENTATION_CONTEXT() REPRESENTATION_CONTEXT('2D SPACE',''
  ) );
#4612 = PCURVE('',#514,#4613);
#4613 = DEFINITIONAL_REPRESENTATION('',(#4614),#4622);
#4614 = ( BOUNDED_CURVE() B_SPLINE_CURVE(2,(#4615,#4616,#4617,#4618,
#4619,#4620,#4621),.UNSPECIFIED.,.T.,.F.) B_SPLINE_CURVE_WITH_KNOTS((1,2
    ,2,2,2,1),(-2.094395102393,0.,2.094395102393,4.188790204786,
6.28318530718,8.377580409573),.UNSPECIFIED.) CURVE() 
GEOMETRIC_REPRESENTATION_ITEM() RATIONAL_B_SPLINE_CURVE((1.,0.5,1.,0.5,
1.,0.5,1.)) REPRESENTATION_ITEM('') );
#4615 = CARTESIAN_POINT('',(34.335645245702,-27.45886576126));
#4616 = CARTESIAN_POINT('',(34.335645245702,-24.8607895499));
#4617 = CARTESIAN_POINT('',(36.585645245702,-26.15982765558));
#4618 = CARTESIAN_POINT('',(38.835645245702,-27.45886576126));
#4619 = CARTESIAN_POINT('',(36.585645245702,-28.75790386693));
#4620 = CARTESIAN_POINT('',(34.335645245702,-30.05694197261));
#4621 = CARTESIAN_POINT('',(34.335645245702,-27.45886576126));
#4622 = ( GEOMETRIC_REPRESENTATION_CONTEXT(2) 
PARAMETRIC_REPRESENTATION_CONTEXT() REPRESENTATION_CONTEXT('2D SPACE',''
  ) );
#4623 = ADVANCED_FACE('',(#4624),#3258,.F.);
#4624 = FACE_BOUND('',#4625,.F.);
#4625 = EDGE_LOOP('',(#4626,#4649,#4650,#4651));
#4626 = ORIENTED_EDGE('',*,*,#4627,.T.);
#4627 = EDGE_CURVE('',#4628,#3242,#4630,.T.);
#4628 = VERTEX_POINT('',#4629);
#4629 = CARTESIAN_POINT('',(134.47909961996,122.23812260123,4.));
#4630 = SEAM_CURVE('',#4631,(#4635,#4642),.PCURVE_S1.);
#4631 = LINE('',#4632,#4633);
#4632 = CARTESIAN_POINT('',(134.47909961996,122.23812260123,4.));
#4633 = VECTOR('',#4634,1.);
#4634 = DIRECTION('',(0.,0.,-1.));
#4635 = PCURVE('',#3258,#4636);
#4636 = DEFINITIONAL_REPRESENTATION('',(#4637),#4641);
#4637 = LINE('',#4638,#4639);
#4638 = CARTESIAN_POINT('',(3.14159265359,0.));
#4639 = VECTOR('',#4640,1.);
#4640 = DIRECTION('',(0.,1.));
#4641 = ( GEOMETRIC_REPRESENTATION_CONTEXT(2) 
PARAMETRIC_REPRESENTATION_CONTEXT() REPRESENTATION_CONTEXT('2D SPACE',''
  ) );
#4642 = PCURVE('',#3258,#4643);
#4643 = DEFINITIONAL_REPRESENTATION('',(#4644),#4648);
#4644 = LINE('',#4645,#4646);
#4645 = CARTESIAN_POINT('',(-3.14159265359,0.));
#4646 = VECTOR('',#4647,1.);
#4647 = DIRECTION('',(0.,1.));
#4648 = ( GEOMETRIC_REPRESENTATION_CONTEXT(2) 
PARAMETRIC_REPRESENTATION_CONTEXT() REPRESENTATION_CONTEXT('2D SPACE',''
  ) );
#4649 = ORIENTED_EDGE('',*,*,#3241,.T.);
#4650 = ORIENTED_EDGE('',*,*,#4627,.F.);
#4651 = ORIENTED_EDGE('',*,*,#4652,.F.);
#4652 = EDGE_CURVE('',#4628,#4628,#4653,.T.);
#4653 = SURFACE_CURVE('',#4654,(#4659,#4666),.PCURVE_S1.);
#4654 = CIRCLE('',#4655,11.);
#4655 = AXIS2_PLACEMENT_3D('',#4656,#4657,#4658);
#4656 = CARTESIAN_POINT('',(123.47909961996,122.23812260123,4.));
#4657 = DIRECTION('',(0.,0.,1.));
#4658 = DIRECTION('',(-1.,0.,0.));
#4659 = PCURVE('',#3258,#4660);
#4660 = DEFINITIONAL_REPRESENTATION('',(#4661),#4665);
#4661 = LINE('',#4662,#4663);
#4662 = CARTESIAN_POINT('',(6.28318530718,0.));
#4663 = VECTOR('',#4664,1.);
#4664 = DIRECTION('',(-1.,0.));
#4665 = ( GEOMETRIC_REPRESENTATION_CONTEXT(2) 
PARAMETRIC_REPRESENTATION_CONTEXT() REPRESENTATION_CONTEXT('2D SPACE',''
  ) );
#4666 = PCURVE('',#514,#4667);
#4667 = DEFINITIONAL_REPRESENTATION('',(#4668),#4672);
#4668 = CIRCLE('',#4669,11.);
#4669 = AXIS2_PLACEMENT_2D('',#4670,#4671);
#4670 = CARTESIAN_POINT('',(0.,81.));
#4671 = DIRECTION('',(-1.,0.));
#4672 = ( GEOMETRIC_REPRESENTATION_CONTEXT(2) 
PARAMETRIC_REPRESENTATION_CONTEXT() REPRESENTATION_CONTEXT('2D SPACE',''
  ) );
#4673 = ADVANCED_FACE('',(#4674),#1596,.T.);
#4674 = FACE_BOUND('',#4675,.T.);
#4675 = EDGE_LOOP('',(#4676,#4677,#4701,#4730));
#4676 = ORIENTED_EDGE('',*,*,#1562,.F.);
#4677 = ORIENTED_EDGE('',*,*,#4678,.T.);
#4678 = EDGE_CURVE('',#1535,#4679,#4681,.T.);
#4679 = VERTEX_POINT('',#4680);
#4680 = CARTESIAN_POINT('',(46.000000685453,-54.60640287645,
    -3.23144723612));
#4681 = SURFACE_CURVE('',#4682,(#4687,#4694),.PCURVE_S1.);
#4682 = CIRCLE('',#4683,5.5);
#4683 = AXIS2_PLACEMENT_3D('',#4684,#4685,#4686);
#4684 = CARTESIAN_POINT('',(46.000000685453,-60.10640287645,
    -3.23144723612));
#4685 = DIRECTION('',(-1.,0.,0.));
#4686 = DIRECTION('',(0.,0.831910492927,0.554909841107));
#4687 = PCURVE('',#1596,#4688);
#4688 = DEFINITIONAL_REPRESENTATION('',(#4689),#4693);
#4689 = LINE('',#4690,#4691);
#4690 = CARTESIAN_POINT('',(-5.300643566891,1.570796326795));
#4691 = VECTOR('',#4692,1.);
#4692 = DIRECTION('',(1.,1.414273649022E-15));
#4693 = ( GEOMETRIC_REPRESENTATION_CONTEXT(2) 
PARAMETRIC_REPRESENTATION_CONTEXT() REPRESENTATION_CONTEXT('2D SPACE',''
  ) );
#4694 = PCURVE('',#1550,#4695);
#4695 = DEFINITIONAL_REPRESENTATION('',(#4696),#4700);
#4696 = CIRCLE('',#4697,5.5);
#4697 = AXIS2_PLACEMENT_2D('',#4698,#4699);
#4698 = CARTESIAN_POINT('',(-3.5,3.23144723612));
#4699 = DIRECTION('',(0.831910492927,-0.554909841107));
#4700 = ( GEOMETRIC_REPRESENTATION_CONTEXT(2) 
PARAMETRIC_REPRESENTATION_CONTEXT() REPRESENTATION_CONTEXT('2D SPACE',''
  ) );
#4701 = ORIENTED_EDGE('',*,*,#4702,.T.);
#4702 = EDGE_CURVE('',#4679,#4703,#4705,.T.);
#4703 = VERTEX_POINT('',#4704);
#4704 = CARTESIAN_POINT('',(48.000000685453,-56.60640287645,
    -3.23144723612));
#4705 = SURFACE_CURVE('',#4706,(#4711,#4718),.PCURVE_S1.);
#4706 = CIRCLE('',#4707,2.);
#4707 = AXIS2_PLACEMENT_3D('',#4708,#4709,#4710);
#4708 = CARTESIAN_POINT('',(48.000000685453,-54.60640287645,
    -3.23144723612));
#4709 = DIRECTION('',(0.,-2.775557561563E-16,1.));
#4710 = DIRECTION('',(-1.,0.,0.));
#4711 = PCURVE('',#1596,#4712);
#4712 = DEFINITIONAL_REPRESENTATION('',(#4713),#4717);
#4713 = LINE('',#4714,#4715);
#4714 = CARTESIAN_POINT('',(1.570796326795,1.570796326795));
#4715 = VECTOR('',#4716,1.);
#4716 = DIRECTION('',(1.413579858428E-16,1.));
#4717 = ( GEOMETRIC_REPRESENTATION_CONTEXT(2) 
PARAMETRIC_REPRESENTATION_CONTEXT() REPRESENTATION_CONTEXT('2D SPACE',''
  ) );
#4718 = PCURVE('',#4719,#4724);
#4719 = CYLINDRICAL_SURFACE('',#4720,2.);
#4720 = AXIS2_PLACEMENT_3D('',#4721,#4722,#4723);
#4721 = CARTESIAN_POINT('',(48.000000685453,-54.60640287645,0.));
#4722 = DIRECTION('',(0.,0.,-1.));
#4723 = DIRECTION('',(-0.707106781187,-0.707106781187,-0.));
#4724 = DEFINITIONAL_REPRESENTATION('',(#4725),#4729);
#4725 = LINE('',#4726,#4727);
#4726 = CARTESIAN_POINT('',(7.068583470577,3.23144723612));
#4727 = VECTOR('',#4728,1.);
#4728 = DIRECTION('',(-1.,2.827159716856E-16));
#4729 = ( GEOMETRIC_REPRESENTATION_CONTEXT(2) 
PARAMETRIC_REPRESENTATION_CONTEXT() REPRESENTATION_CONTEXT('2D SPACE',''
  ) );
#4730 = ORIENTED_EDGE('',*,*,#4731,.T.);
#4731 = EDGE_CURVE('',#4703,#1563,#4732,.T.);
#4732 = SURFACE_CURVE('',#4733,(#4738,#4745),.PCURVE_S1.);
#4733 = CIRCLE('',#4734,3.5);
#4734 = AXIS2_PLACEMENT_3D('',#4735,#4736,#4737);
#4735 = CARTESIAN_POINT('',(48.000000685453,-60.10640287645,
    -3.23144723612));
#4736 = DIRECTION('',(1.,0.,0.));
#4737 = DIRECTION('',(-0.,0.831910492927,0.554909841107));
#4738 = PCURVE('',#1596,#4739);
#4739 = DEFINITIONAL_REPRESENTATION('',(#4740),#4744);
#4740 = LINE('',#4741,#4742);
#4741 = CARTESIAN_POINT('',(7.265727047468,3.14159265359));
#4742 = VECTOR('',#4743,1.);
#4743 = DIRECTION('',(-1.,0.));
#4744 = ( GEOMETRIC_REPRESENTATION_CONTEXT(2) 
PARAMETRIC_REPRESENTATION_CONTEXT() REPRESENTATION_CONTEXT('2D SPACE',''
  ) );
#4745 = PCURVE('',#4746,#4751);
#4746 = CYLINDRICAL_SURFACE('',#4747,3.5);
#4747 = AXIS2_PLACEMENT_3D('',#4748,#4749,#4750);
#4748 = CARTESIAN_POINT('',(208.47909961996,-60.10640287645,
    -3.23144723612));
#4749 = DIRECTION('',(-1.,0.,0.));
#4750 = DIRECTION('',(0.,0.384150136484,0.923270638891));
#4751 = DEFINITIONAL_REPRESENTATION('',(#4752),#4756);
#4752 = LINE('',#4753,#4754);
#4753 = CARTESIAN_POINT('',(6.871439893686,160.4790989345));
#4754 = VECTOR('',#4755,1.);
#4755 = DIRECTION('',(-1.,0.));
#4756 = ( GEOMETRIC_REPRESENTATION_CONTEXT(2) 
PARAMETRIC_REPRESENTATION_CONTEXT() REPRESENTATION_CONTEXT('2D SPACE',''
  ) );
#4757 = ADVANCED_FACE('',(#4758),#4719,.T.);
#4758 = FACE_BOUND('',#4759,.T.);
#4759 = EDGE_LOOP('',(#4760,#4889,#4912,#4945,#4971,#4972,#4995,#5122));
#4760 = ORIENTED_EDGE('',*,*,#4761,.T.);
#4761 = EDGE_CURVE('',#4762,#4764,#4766,.T.);
#4762 = VERTEX_POINT('',#4763);
#4763 = CARTESIAN_POINT('',(46.000000685453,-54.60640287645,
    -14.01696179351));
#4764 = VERTEX_POINT('',#4765);
#4765 = CARTESIAN_POINT('',(46.000000685453,-54.60640287645,
    -16.75639970005));
#4766 = SURFACE_CURVE('',#4767,(#4782,#4833),.PCURVE_S1.);
#4767 = B_SPLINE_CURVE_WITH_KNOTS('',3,(#4768,#4769,#4770,#4771,#4772,
    #4773,#4774,#4775,#4776,#4777,#4778,#4779,#4780,#4781),
  .UNSPECIFIED.,.F.,.F.,(4,2,2,2,2,2,4),(0.84412321353,0.889362385064,
    0.950100805595,1.010839226126,1.071577646657,1.132316067188,
    1.177555238722),.UNSPECIFIED.);
#4768 = CARTESIAN_POINT('',(46.000000685453,-54.60640287645,
    -14.01696179351));
#4769 = CARTESIAN_POINT('',(46.000000685453,-54.75172254423,
    -14.08183318799));
#4770 = CARTESIAN_POINT('',(46.017924232085,-54.89623736605,
    -14.17840818098));
#4771 = CARTESIAN_POINT('',(46.070574231947,-55.15420055,-14.4139387313)
  );
#4772 = CARTESIAN_POINT('',(46.11507279754,-55.28133412623,
    -14.58697772895));
#4773 = CARTESIAN_POINT('',(46.185095349095,-55.45174598105,
    -14.97188615154));
#4774 = CARTESIAN_POINT('',(46.208220207984,-55.49495378696,
    -15.18421934501));
#4775 = CARTESIAN_POINT('',(46.208220207984,-55.49495378696,
    -15.58914214855));
#4776 = CARTESIAN_POINT('',(46.185095349095,-55.45174598105,
    -15.80147534202));
#4777 = CARTESIAN_POINT('',(46.11507279754,-55.28133412623,
    -16.18638376461));
#4778 = CARTESIAN_POINT('',(46.070574231947,-55.15420055,-16.35942276226
    ));
#4779 = CARTESIAN_POINT('',(46.017924232085,-54.89623736605,
    -16.59495331258));
#4780 = CARTESIAN_POINT('',(46.000000685453,-54.75172254423,
    -16.69152830557));
#4781 = CARTESIAN_POINT('',(46.000000685453,-54.60640287645,
    -16.75639970005));
#4782 = PCURVE('',#4719,#4783);
#4783 = DEFINITIONAL_REPRESENTATION('',(#4784),#4832);
#4784 = B_SPLINE_CURVE_WITH_KNOTS('',3,(#4785,#4786,#4787,#4788,#4789,
    #4790,#4791,#4792,#4793,#4794,#4795,#4796,#4797,#4798,#4799,#4800,
    #4801,#4802,#4803,#4804,#4805,#4806,#4807,#4808,#4809,#4810,#4811,
    #4812,#4813,#4814,#4815,#4816,#4817,#4818,#4819,#4820,#4821,#4822,
    #4823,#4824,#4825,#4826,#4827,#4828,#4829,#4830,#4831),
  .UNSPECIFIED.,.F.,.F.,(4,1,1,1,1,1,1,1,1,1,1,1,1,1,1,1,1,1,1,1,1,1,1,1
    ,1,1,1,1,1,1,1,1,1,1,1,1,1,1,1,1,1,1,1,1,4),(0.84412321353,
    0.851701214102,0.859279214675,0.866857215247,0.87443521582,
    0.882013216393,0.889591216965,0.897169217538,0.90474721811,
    0.912325218683,0.919903219255,0.927481219828,0.935059220401,
    0.942637220973,0.950215221546,0.957793222118,0.965371222691,
    0.972949223263,0.980527223836,0.988105224408,0.995683224981,
    1.003261225554,1.010839226126,1.018417226699,1.025995227271,
    1.033573227844,1.041151228416,1.048729228989,1.056307229562,
    1.063885230134,1.071463230707,1.079041231279,1.086619231852,
    1.094197232424,1.101775232997,1.109353233569,1.116931234142,
    1.124509234715,1.132087235287,1.13966523586,1.147243236432,
    1.154821237005,1.162399237577,1.16997723815,1.177555238722),
  .QUASI_UNIFORM_KNOTS.);
#4785 = CARTESIAN_POINT('',(7.068583470577,14.016961793511));
#4786 = CARTESIAN_POINT('',(7.056413896833,14.027828382086));
#4787 = CARTESIAN_POINT('',(7.032090619115,14.051341126514));
#4788 = CARTESIAN_POINT('',(6.996096217377,14.091163200056));
#4789 = CARTESIAN_POINT('',(6.961019418581,14.134766626874));
#4790 = CARTESIAN_POINT('',(6.927342671821,14.181330308761));
#4791 = CARTESIAN_POINT('',(6.895430799669,14.230216984541));
#4792 = CARTESIAN_POINT('',(6.866114837711,14.280103539491));
#4793 = CARTESIAN_POINT('',(6.838494434983,14.332234346203));
#4794 = CARTESIAN_POINT('',(6.811582016025,14.388044390394));
#4795 = CARTESIAN_POINT('',(6.785810261765,14.446873842218));
#4796 = CARTESIAN_POINT('',(6.761239568827,14.508624131092));
#4797 = CARTESIAN_POINT('',(6.738037119335,14.57304646494));
#4798 = CARTESIAN_POINT('',(6.716346412025,14.639931678399));
#4799 = CARTESIAN_POINT('',(6.696324341657,14.709062320742));
#4800 = CARTESIAN_POINT('',(6.678118835762,14.78021445599));
#4801 = CARTESIAN_POINT('',(6.661918077318,14.853198403703));
#4802 = CARTESIAN_POINT('',(6.647777931119,14.927692246812));
#4803 = CARTESIAN_POINT('',(6.635721211927,15.003343077628));
#4804 = CARTESIAN_POINT('',(6.62578060926,15.079804392001));
#4805 = CARTESIAN_POINT('',(6.617987699648,15.156735062246));
#4806 = CARTESIAN_POINT('',(6.612376118957,15.23376605128));
#4807 = CARTESIAN_POINT('',(6.608980615528,15.310634583147));
#4808 = CARTESIAN_POINT('',(6.607836864489,15.386680746785));
#4809 = CARTESIAN_POINT('',(6.608980615528,15.462726910422));
#4810 = CARTESIAN_POINT('',(6.612376118957,15.539595442289));
#4811 = CARTESIAN_POINT('',(6.617987699648,15.616626431323));
#4812 = CARTESIAN_POINT('',(6.62578060926,15.693557101569));
#4813 = CARTESIAN_POINT('',(6.635721211927,15.770018415942));
#4814 = CARTESIAN_POINT('',(6.647777931119,15.845669246758));
#4815 = CARTESIAN_POINT('',(6.661918077318,15.920163089866));
#4816 = CARTESIAN_POINT('',(6.678118835762,15.993147037579));
#4817 = CARTESIAN_POINT('',(6.696324341657,16.064299172828));
#4818 = CARTESIAN_POINT('',(6.716346412025,16.13342981517));
#4819 = CARTESIAN_POINT('',(6.738037119335,16.200315028629));
#4820 = CARTESIAN_POINT('',(6.761239568827,16.264737362477));
#4821 = CARTESIAN_POINT('',(6.785810261765,16.326487651351));
#4822 = CARTESIAN_POINT('',(6.811582016025,16.385317103175));
#4823 = CARTESIAN_POINT('',(6.838494434983,16.441127147367));
#4824 = CARTESIAN_POINT('',(6.866114837711,16.493257954078));
#4825 = CARTESIAN_POINT('',(6.895430799669,16.543144509028));
#4826 = CARTESIAN_POINT('',(6.927342671821,16.592031184808));
#4827 = CARTESIAN_POINT('',(6.961019418581,16.638594866695));
#4828 = CARTESIAN_POINT('',(6.996096217377,16.682198293513));
#4829 = CARTESIAN_POINT('',(7.032090619115,16.722020367055));
#4830 = CARTESIAN_POINT('',(7.056413896833,16.745533111483));
#4831 = CARTESIAN_POINT('',(7.068583470577,16.756399700058));
#4832 = ( GEOMETRIC_REPRESENTATION_CONTEXT(2) 
PARAMETRIC_REPRESENTATION_CONTEXT() REPRESENTATION_CONTEXT('2D SPACE',''
  ) );
#4833 = PCURVE('',#4834,#4839);
#4834 = CYLINDRICAL_SURFACE('',#4835,1.5);
#4835 = AXIS2_PLACEMENT_3D('',#4836,#4837,#4838);
#4836 = CARTESIAN_POINT('',(46.000000685453,-53.99495378696,
    -15.38668074678));
#4837 = DIRECTION('',(1.,0.,0.));
#4838 = DIRECTION('',(0.,-1.,0.));
#4839 = DEFINITIONAL_REPRESENTATION('',(#4840),#4888);
#4840 = B_SPLINE_CURVE_WITH_KNOTS('',3,(#4841,#4842,#4843,#4844,#4845,
    #4846,#4847,#4848,#4849,#4850,#4851,#4852,#4853,#4854,#4855,#4856,
    #4857,#4858,#4859,#4860,#4861,#4862,#4863,#4864,#4865,#4866,#4867,
    #4868,#4869,#4870,#4871,#4872,#4873,#4874,#4875,#4876,#4877,#4878,
    #4879,#4880,#4881,#4882,#4883,#4884,#4885,#4886,#4887),
  .UNSPECIFIED.,.F.,.F.,(4,1,1,1,1,1,1,1,1,1,1,1,1,1,1,1,1,1,1,1,1,1,1,1
    ,1,1,1,1,1,1,1,1,1,1,1,1,1,1,1,1,1,1,1,1,4),(0.84412321353,
    0.851701214102,0.859279214675,0.866857215247,0.87443521582,
    0.882013216393,0.889591216965,0.897169217538,0.90474721811,
    0.912325218683,0.919903219255,0.927481219828,0.935059220401,
    0.942637220973,0.950215221546,0.957793222118,0.965371222691,
    0.972949223263,0.980527223836,0.988105224408,0.995683224981,
    1.003261225554,1.010839226126,1.018417226699,1.025995227271,
    1.033573227844,1.041151228416,1.048729228989,1.056307229562,
    1.063885230134,1.071463230707,1.079041231279,1.086619231852,
    1.094197232424,1.101775232997,1.109353233569,1.116931234142,
    1.124509234715,1.132087235287,1.13966523586,1.147243236432,
    1.154821237005,1.162399237577,1.16997723815,1.177555238722),
  .QUASI_UNIFORM_KNOTS.);
#4841 = CARTESIAN_POINT('',(5.132249100538,0.));
#4842 = CARTESIAN_POINT('',(5.150016994642,4.215048628857E-16));
#4843 = CARTESIAN_POINT('',(5.186024746039,1.005929379271E-03));
#4844 = CARTESIAN_POINT('',(5.240797277936,5.154798607811E-03));
#4845 = CARTESIAN_POINT('',(5.295705448531,1.156862873828E-02));
#4846 = CARTESIAN_POINT('',(5.350019976396,1.986260999133E-02));
#4847 = CARTESIAN_POINT('',(5.403211657268,2.968831595365E-02));
#4848 = CARTESIAN_POINT('',(5.454003836177,4.056158226944E-02));
#4849 = CARTESIAN_POINT('',(5.503995640575,5.250637913653E-02));
#4850 = CARTESIAN_POINT('',(5.554937560023,6.557222100053E-02));
#4851 = CARTESIAN_POINT('',(5.606253470799,7.939398569177E-02));
#4852 = CARTESIAN_POINT('',(5.657987203106,9.371789281765E-02));
#4853 = CARTESIAN_POINT('',(5.710017541669,0.108259431493));
#4854 = CARTESIAN_POINT('',(5.762272608025,0.122745671026));
#4855 = CARTESIAN_POINT('',(5.814678968868,0.13688809044));
#4856 = CARTESIAN_POINT('',(5.867172448968,0.150448949711));
#4857 = CARTESIAN_POINT('',(5.919726762935,0.163002822549));
#4858 = CARTESIAN_POINT('',(5.972299884984,0.174285428958));
#4859 = CARTESIAN_POINT('',(6.024813385152,0.18420153494));
#4860 = CARTESIAN_POINT('',(6.077181248676,0.192610610753));
#4861 = CARTESIAN_POINT('',(6.129313060102,0.199384263635));
#4862 = CARTESIAN_POINT('',(6.181095833688,0.20439084865));
#4863 = CARTESIAN_POINT('',(6.232487621239,0.207499592578));
#4864 = CARTESIAN_POINT('',(6.28318530718,0.208579487507));
#4865 = CARTESIAN_POINT('',(6.33388299312,0.207499592578));
#4866 = CARTESIAN_POINT('',(6.385274780671,0.20439084865));
#4867 = CARTESIAN_POINT('',(6.437057554257,0.199384263635));
#4868 = CARTESIAN_POINT('',(6.489189365683,0.192610610753));
#4869 = CARTESIAN_POINT('',(6.541557229207,0.18420153494));
#4870 = CARTESIAN_POINT('',(6.594070729375,0.174285428958));
#4871 = CARTESIAN_POINT('',(6.646643851424,0.163002822549));
#4872 = CARTESIAN_POINT('',(6.699198165391,0.150448949711));
#4873 = CARTESIAN_POINT('',(6.751691645492,0.13688809044));
#4874 = CARTESIAN_POINT('',(6.804098006335,0.122745671026));
#4875 = CARTESIAN_POINT('',(6.85635307269,0.108259431493));
#4876 = CARTESIAN_POINT('',(6.908383411253,9.371789281763E-02));
#4877 = CARTESIAN_POINT('',(6.960117143561,7.939398569175E-02));
#4878 = CARTESIAN_POINT('',(7.011433054336,6.557222100052E-02));
#4879 = CARTESIAN_POINT('',(7.062374973784,5.250637913653E-02));
#4880 = CARTESIAN_POINT('',(7.112366778182,4.056158226943E-02));
#4881 = CARTESIAN_POINT('',(7.163158957091,2.968831595364E-02));
#4882 = CARTESIAN_POINT('',(7.216350637963,1.986260999133E-02));
#4883 = CARTESIAN_POINT('',(7.270665165829,1.156862873828E-02));
#4884 = CARTESIAN_POINT('',(7.325573336423,5.15479860782E-03));
#4885 = CARTESIAN_POINT('',(7.38034586832,1.005929379279E-03));
#4886 = CARTESIAN_POINT('',(7.416353619718,3.947506620079E-15));
#4887 = CARTESIAN_POINT('',(7.434121513821,0.));
#4888 = ( GEOMETRIC_REPRESENTATION_CONTEXT(2) 
PARAMETRIC_REPRESENTATION_CONTEXT() REPRESENTATION_CONTEXT('2D SPACE',''
  ) );
#4889 = ORIENTED_EDGE('',*,*,#4890,.T.);
#4890 = EDGE_CURVE('',#4764,#4891,#4893,.T.);
#4891 = VERTEX_POINT('',#4892);
#4892 = CARTESIAN_POINT('',(46.000000685453,-54.60640287645,-21.));
#4893 = SURFACE_CURVE('',#4894,(#4898,#4905),.PCURVE_S1.);
#4894 = LINE('',#4895,#4896);
#4895 = CARTESIAN_POINT('',(46.000000685453,-54.60640287645,0.));
#4896 = VECTOR('',#4897,1.);
#4897 = DIRECTION('',(0.,0.,-1.));
#4898 = PCURVE('',#4719,#4899);
#4899 = DEFINITIONAL_REPRESENTATION('',(#4900),#4904);
#4900 = LINE('',#4901,#4902);
#4901 = CARTESIAN_POINT('',(7.068583470577,0.));
#4902 = VECTOR('',#4903,1.);
#4903 = DIRECTION('',(0.,1.));
#4904 = ( GEOMETRIC_REPRESENTATION_CONTEXT(2) 
PARAMETRIC_REPRESENTATION_CONTEXT() REPRESENTATION_CONTEXT('2D SPACE',''
  ) );
#4905 = PCURVE('',#1550,#4906);
#4906 = DEFINITIONAL_REPRESENTATION('',(#4907),#4911);
#4907 = LINE('',#4908,#4909);
#4908 = CARTESIAN_POINT('',(2.,0.));
#4909 = VECTOR('',#4910,1.);
#4910 = DIRECTION('',(0.,1.));
#4911 = ( GEOMETRIC_REPRESENTATION_CONTEXT(2) 
PARAMETRIC_REPRESENTATION_CONTEXT() REPRESENTATION_CONTEXT('2D SPACE',''
  ) );
#4912 = ORIENTED_EDGE('',*,*,#4913,.T.);
#4913 = EDGE_CURVE('',#4891,#4914,#4916,.T.);
#4914 = VERTEX_POINT('',#4915);
#4915 = CARTESIAN_POINT('',(48.000000685453,-56.60640287645,-21.));
#4916 = SURFACE_CURVE('',#4917,(#4922,#4929),.PCURVE_S1.);
#4917 = CIRCLE('',#4918,2.);
#4918 = AXIS2_PLACEMENT_3D('',#4919,#4920,#4921);
#4919 = CARTESIAN_POINT('',(48.000000685453,-54.60640287645,-21.));
#4920 = DIRECTION('',(0.,0.,1.));
#4921 = DIRECTION('',(-0.707106781187,-0.707106781187,0.));
#4922 = PCURVE('',#4719,#4923);
#4923 = DEFINITIONAL_REPRESENTATION('',(#4924),#4928);
#4924 = LINE('',#4925,#4926);
#4925 = CARTESIAN_POINT('',(12.566370614359,21.));
#4926 = VECTOR('',#4927,1.);
#4927 = DIRECTION('',(-1.,0.));
#4928 = ( GEOMETRIC_REPRESENTATION_CONTEXT(2) 
PARAMETRIC_REPRESENTATION_CONTEXT() REPRESENTATION_CONTEXT('2D SPACE',''
  ) );
#4929 = PCURVE('',#4930,#4935);
#4930 = PLANE('',#4931);
#4931 = AXIS2_PLACEMENT_3D('',#4932,#4933,#4934);
#4932 = CARTESIAN_POINT('',(48.500000685453,-53.30320181075,-21.));
#4933 = DIRECTION('',(0.,0.,-1.));
#4934 = DIRECTION('',(-1.,0.,0.));
#4935 = DEFINITIONAL_REPRESENTATION('',(#4936),#4944);
#4936 = ( BOUNDED_CURVE() B_SPLINE_CURVE(2,(#4937,#4938,#4939,#4940,
#4941,#4942,#4943),.UNSPECIFIED.,.T.,.F.) B_SPLINE_CURVE_WITH_KNOTS((1,2
    ,2,2,2,1),(-2.094395102393,0.,2.094395102393,4.188790204786,
6.28318530718,8.377580409573),.UNSPECIFIED.) CURVE() 
GEOMETRIC_REPRESENTATION_ITEM() RATIONAL_B_SPLINE_CURVE((1.,0.5,1.,0.5,
1.,0.5,1.)) REPRESENTATION_ITEM('') );
#4937 = CARTESIAN_POINT('',(1.914213562373,-2.717414628072));
#4938 = CARTESIAN_POINT('',(-0.53527618041,-5.166904370855));
#4939 = CARTESIAN_POINT('',(-1.431851652578,-1.820839155904));
#4940 = CARTESIAN_POINT('',(-2.328427124746,1.525226059047));
#4941 = CARTESIAN_POINT('',(1.017638090205,0.628650586879));
#4942 = CARTESIAN_POINT('',(4.363703305156,-0.267924885289));
#4943 = CARTESIAN_POINT('',(1.914213562373,-2.717414628072));
#4944 = ( GEOMETRIC_REPRESENTATION_CONTEXT(2) 
PARAMETRIC_REPRESENTATION_CONTEXT() REPRESENTATION_CONTEXT('2D SPACE',''
  ) );
#4945 = ORIENTED_EDGE('',*,*,#4946,.T.);
#4946 = EDGE_CURVE('',#4914,#4703,#4947,.T.);
#4947 = SURFACE_CURVE('',#4948,(#4952,#4959),.PCURVE_S1.);
#4948 = LINE('',#4949,#4950);
#4949 = CARTESIAN_POINT('',(48.000000685453,-56.60640287645,0.));
#4950 = VECTOR('',#4951,1.);
#4951 = DIRECTION('',(0.,0.,1.));
#4952 = PCURVE('',#4719,#4953);
#4953 = DEFINITIONAL_REPRESENTATION('',(#4954),#4958);
#4954 = LINE('',#4955,#4956);
#4955 = CARTESIAN_POINT('',(5.497787143782,0.));
#4956 = VECTOR('',#4957,1.);
#4957 = DIRECTION('',(0.,-1.));
#4958 = ( GEOMETRIC_REPRESENTATION_CONTEXT(2) 
PARAMETRIC_REPRESENTATION_CONTEXT() REPRESENTATION_CONTEXT('2D SPACE',''
  ) );
#4959 = PCURVE('',#4960,#4965);
#4960 = PLANE('',#4961);
#4961 = AXIS2_PLACEMENT_3D('',#4962,#4963,#4964);
#4962 = CARTESIAN_POINT('',(51.000000685453,-56.60640287645,0.));
#4963 = DIRECTION('',(0.,-1.,0.));
#4964 = DIRECTION('',(-1.,0.,0.));
#4965 = DEFINITIONAL_REPRESENTATION('',(#4966),#4970);
#4966 = LINE('',#4967,#4968);
#4967 = CARTESIAN_POINT('',(3.,0.));
#4968 = VECTOR('',#4969,1.);
#4969 = DIRECTION('',(0.,-1.));
#4970 = ( GEOMETRIC_REPRESENTATION_CONTEXT(2) 
PARAMETRIC_REPRESENTATION_CONTEXT() REPRESENTATION_CONTEXT('2D SPACE',''
  ) );
#4971 = ORIENTED_EDGE('',*,*,#4702,.F.);
#4972 = ORIENTED_EDGE('',*,*,#4973,.T.);
#4973 = EDGE_CURVE('',#4679,#4974,#4976,.T.);
#4974 = VERTEX_POINT('',#4975);
#4975 = CARTESIAN_POINT('',(46.000000685453,-54.60640287645,
    -4.124535395414));
#4976 = SURFACE_CURVE('',#4977,(#4981,#4988),.PCURVE_S1.);
#4977 = LINE('',#4978,#4979);
#4978 = CARTESIAN_POINT('',(46.000000685453,-54.60640287645,0.));
#4979 = VECTOR('',#4980,1.);
#4980 = DIRECTION('',(0.,0.,-1.));
#4981 = PCURVE('',#4719,#4982);
#4982 = DEFINITIONAL_REPRESENTATION('',(#4983),#4987);
#4983 = LINE('',#4984,#4985);
#4984 = CARTESIAN_POINT('',(7.068583470577,0.));
#4985 = VECTOR('',#4986,1.);
#4986 = DIRECTION('',(0.,1.));
#4987 = ( GEOMETRIC_REPRESENTATION_CONTEXT(2) 
PARAMETRIC_REPRESENTATION_CONTEXT() REPRESENTATION_CONTEXT('2D SPACE',''
  ) );
#4988 = PCURVE('',#1550,#4989);
#4989 = DEFINITIONAL_REPRESENTATION('',(#4990),#4994);
#4990 = LINE('',#4991,#4992);
#4991 = CARTESIAN_POINT('',(2.,0.));
#4992 = VECTOR('',#4993,1.);
#4993 = DIRECTION('',(0.,1.));
#4994 = ( GEOMETRIC_REPRESENTATION_CONTEXT(2) 
PARAMETRIC_REPRESENTATION_CONTEXT() REPRESENTATION_CONTEXT('2D SPACE',''
  ) );
#4995 = ORIENTED_EDGE('',*,*,#4996,.T.);
#4996 = EDGE_CURVE('',#4974,#4997,#4999,.T.);
#4997 = VERTEX_POINT('',#4998);
#4998 = CARTESIAN_POINT('',(46.000000685453,-54.60640287645,
    -6.863973301961));
#4999 = SURFACE_CURVE('',#5000,(#5015,#5066),.PCURVE_S1.);
#5000 = B_SPLINE_CURVE_WITH_KNOTS('',3,(#5001,#5002,#5003,#5004,#5005,
    #5006,#5007,#5008,#5009,#5010,#5011,#5012,#5013,#5014),
  .UNSPECIFIED.,.F.,.F.,(4,2,2,2,2,2,4),(0.84412321353,0.889362385064,
    0.950100805595,1.010839226126,1.071577646657,1.132316067188,
    1.177555238722),.UNSPECIFIED.);
#5001 = CARTESIAN_POINT('',(46.000000685453,-54.60640287645,
    -4.124535395414));
#5002 = CARTESIAN_POINT('',(46.000000685453,-54.75172254423,
    -4.1894067899));
#5003 = CARTESIAN_POINT('',(46.017924232085,-54.89623736605,
    -4.285981782891));
#5004 = CARTESIAN_POINT('',(46.070574231947,-55.15420055,-4.521512333204
    ));
#5005 = CARTESIAN_POINT('',(46.11507279754,-55.28133412623,
    -4.694551330859));
#5006 = CARTESIAN_POINT('',(46.185095349095,-55.45174598105,
    -5.07945975345));
#5007 = CARTESIAN_POINT('',(46.208220207984,-55.49495378696,
    -5.291792946918));
#5008 = CARTESIAN_POINT('',(46.208220207984,-55.49495378696,
    -5.696715750457));
#5009 = CARTESIAN_POINT('',(46.185095349095,-55.45174598105,
    -5.909048943926));
#5010 = CARTESIAN_POINT('',(46.11507279754,-55.28133412623,
    -6.293957366516));
#5011 = CARTESIAN_POINT('',(46.070574231947,-55.15420055,-6.466996364172
    ));
#5012 = CARTESIAN_POINT('',(46.017924232085,-54.89623736605,
    -6.702526914484));
#5013 = CARTESIAN_POINT('',(46.000000685453,-54.75172254423,
    -6.799101907476));
#5014 = CARTESIAN_POINT('',(46.000000685453,-54.60640287645,
    -6.863973301961));
#5015 = PCURVE('',#4719,#5016);
#5016 = DEFINITIONAL_REPRESENTATION('',(#5017),#5065);
#5017 = B_SPLINE_CURVE_WITH_KNOTS('',3,(#5018,#5019,#5020,#5021,#5022,
    #5023,#5024,#5025,#5026,#5027,#5028,#5029,#5030,#5031,#5032,#5033,
    #5034,#5035,#5036,#5037,#5038,#5039,#5040,#5041,#5042,#5043,#5044,
    #5045,#5046,#5047,#5048,#5049,#5050,#5051,#5052,#5053,#5054,#5055,
    #5056,#5057,#5058,#5059,#5060,#5061,#5062,#5063,#5064),
  .UNSPECIFIED.,.F.,.F.,(4,1,1,1,1,1,1,1,1,1,1,1,1,1,1,1,1,1,1,1,1,1,1,1
    ,1,1,1,1,1,1,1,1,1,1,1,1,1,1,1,1,1,1,1,1,4),(0.84412321353,
    0.851701214102,0.859279214675,0.866857215247,0.87443521582,
    0.882013216393,0.889591216965,0.897169217538,0.90474721811,
    0.912325218683,0.919903219255,0.927481219828,0.935059220401,
    0.942637220973,0.950215221546,0.957793222118,0.965371222691,
    0.972949223263,0.980527223836,0.988105224408,0.995683224981,
    1.003261225554,1.010839226126,1.018417226699,1.025995227271,
    1.033573227844,1.041151228416,1.048729228989,1.056307229562,
    1.063885230134,1.071463230707,1.079041231279,1.086619231852,
    1.094197232424,1.101775232997,1.109353233569,1.116931234142,
    1.124509234715,1.132087235287,1.13966523586,1.147243236432,
    1.154821237005,1.162399237577,1.16997723815,1.177555238722),
  .QUASI_UNIFORM_KNOTS.);
#5018 = CARTESIAN_POINT('',(7.068583470577,4.124535395414));
#5019 = CARTESIAN_POINT('',(7.056413896833,4.13540198399));
#5020 = CARTESIAN_POINT('',(7.032090619115,4.158914728418));
#5021 = CARTESIAN_POINT('',(6.996096217377,4.198736801959));
#5022 = CARTESIAN_POINT('',(6.961019418581,4.242340228777));
#5023 = CARTESIAN_POINT('',(6.927342671821,4.288903910664));
#5024 = CARTESIAN_POINT('',(6.895430799669,4.337790586444));
#5025 = CARTESIAN_POINT('',(6.866114837711,4.387677141395));
#5026 = CARTESIAN_POINT('',(6.838494434983,4.439807948106));
#5027 = CARTESIAN_POINT('',(6.811582016025,4.495617992297));
#5028 = CARTESIAN_POINT('',(6.785810261765,4.554447444121));
#5029 = CARTESIAN_POINT('',(6.761239568827,4.616197732996));
#5030 = CARTESIAN_POINT('',(6.738037119335,4.680620066843));
#5031 = CARTESIAN_POINT('',(6.716346412025,4.747505280303));
#5032 = CARTESIAN_POINT('',(6.696324341657,4.816635922645));
#5033 = CARTESIAN_POINT('',(6.678118835762,4.887788057893));
#5034 = CARTESIAN_POINT('',(6.661918077318,4.960772005606));
#5035 = CARTESIAN_POINT('',(6.647777931119,5.035265848715));
#5036 = CARTESIAN_POINT('',(6.635721211927,5.110916679531));
#5037 = CARTESIAN_POINT('',(6.62578060926,5.187377993904));
#5038 = CARTESIAN_POINT('',(6.617987699648,5.264308664149));
#5039 = CARTESIAN_POINT('',(6.612376118957,5.341339653184));
#5040 = CARTESIAN_POINT('',(6.608980615528,5.41820818505));
#5041 = CARTESIAN_POINT('',(6.607836864489,5.494254348688));
#5042 = CARTESIAN_POINT('',(6.608980615528,5.570300512325));
#5043 = CARTESIAN_POINT('',(6.612376118957,5.647169044192));
#5044 = CARTESIAN_POINT('',(6.617987699648,5.724200033227));
#5045 = CARTESIAN_POINT('',(6.62578060926,5.801130703472));
#5046 = CARTESIAN_POINT('',(6.635721211927,5.877592017845));
#5047 = CARTESIAN_POINT('',(6.647777931119,5.953242848661));
#5048 = CARTESIAN_POINT('',(6.661918077318,6.027736691769));
#5049 = CARTESIAN_POINT('',(6.678118835762,6.100720639482));
#5050 = CARTESIAN_POINT('',(6.696324341657,6.171872774731));
#5051 = CARTESIAN_POINT('',(6.716346412025,6.241003417073));
#5052 = CARTESIAN_POINT('',(6.738037119335,6.307888630532));
#5053 = CARTESIAN_POINT('',(6.761239568827,6.37231096438));
#5054 = CARTESIAN_POINT('',(6.785810261765,6.434061253255));
#5055 = CARTESIAN_POINT('',(6.811582016025,6.492890705078));
#5056 = CARTESIAN_POINT('',(6.838494434983,6.54870074927));
#5057 = CARTESIAN_POINT('',(6.866114837711,6.600831555981));
#5058 = CARTESIAN_POINT('',(6.895430799669,6.650718110932));
#5059 = CARTESIAN_POINT('',(6.927342671821,6.699604786712));
#5060 = CARTESIAN_POINT('',(6.961019418581,6.746168468598));
#5061 = CARTESIAN_POINT('',(6.996096217377,6.789771895417));
#5062 = CARTESIAN_POINT('',(7.032090619115,6.829593968958));
#5063 = CARTESIAN_POINT('',(7.056413896833,6.853106713386));
#5064 = CARTESIAN_POINT('',(7.068583470577,6.863973301961));
#5065 = ( GEOMETRIC_REPRESENTATION_CONTEXT(2) 
PARAMETRIC_REPRESENTATION_CONTEXT() REPRESENTATION_CONTEXT('2D SPACE',''
  ) );
#5066 = PCURVE('',#5067,#5072);
#5067 = CYLINDRICAL_SURFACE('',#5068,1.5);
#5068 = AXIS2_PLACEMENT_3D('',#5069,#5070,#5071);
#5069 = CARTESIAN_POINT('',(46.000000685453,-53.99495378696,
    -5.494254348688));
#5070 = DIRECTION('',(1.,0.,0.));
#5071 = DIRECTION('',(0.,-1.,0.));
#5072 = DEFINITIONAL_REPRESENTATION('',(#5073),#5121);
#5073 = B_SPLINE_CURVE_WITH_KNOTS('',3,(#5074,#5075,#5076,#5077,#5078,
    #5079,#5080,#5081,#5082,#5083,#5084,#5085,#5086,#5087,#5088,#5089,
    #5090,#5091,#5092,#5093,#5094,#5095,#5096,#5097,#5098,#5099,#5100,
    #5101,#5102,#5103,#5104,#5105,#5106,#5107,#5108,#5109,#5110,#5111,
    #5112,#5113,#5114,#5115,#5116,#5117,#5118,#5119,#5120),
  .UNSPECIFIED.,.F.,.F.,(4,1,1,1,1,1,1,1,1,1,1,1,1,1,1,1,1,1,1,1,1,1,1,1
    ,1,1,1,1,1,1,1,1,1,1,1,1,1,1,1,1,1,1,1,1,4),(0.84412321353,
    0.851701214102,0.859279214675,0.866857215247,0.87443521582,
    0.882013216393,0.889591216965,0.897169217538,0.90474721811,
    0.912325218683,0.919903219255,0.927481219828,0.935059220401,
    0.942637220973,0.950215221546,0.957793222118,0.965371222691,
    0.972949223263,0.980527223836,0.988105224408,0.995683224981,
    1.003261225554,1.010839226126,1.018417226699,1.025995227271,
    1.033573227844,1.041151228416,1.048729228989,1.056307229562,
    1.063885230134,1.071463230707,1.079041231279,1.086619231852,
    1.094197232424,1.101775232997,1.109353233569,1.116931234142,
    1.124509234715,1.132087235287,1.13966523586,1.147243236432,
    1.154821237005,1.162399237577,1.16997723815,1.177555238722),
  .QUASI_UNIFORM_KNOTS.);
#5074 = CARTESIAN_POINT('',(5.132249100538,0.));
#5075 = CARTESIAN_POINT('',(5.150016994642,-3.94743650949E-15));
#5076 = CARTESIAN_POINT('',(5.186024746039,1.005929379268E-03));
#5077 = CARTESIAN_POINT('',(5.240797277936,5.154798607828E-03));
#5078 = CARTESIAN_POINT('',(5.295705448531,1.156862873826E-02));
#5079 = CARTESIAN_POINT('',(5.350019976396,1.986260999135E-02));
#5080 = CARTESIAN_POINT('',(5.403211657268,2.968831595362E-02));
#5081 = CARTESIAN_POINT('',(5.454003836177,4.056158226945E-02));
#5082 = CARTESIAN_POINT('',(5.503995640575,5.250637913654E-02));
#5083 = CARTESIAN_POINT('',(5.554937560023,6.557222100054E-02));
#5084 = CARTESIAN_POINT('',(5.606253470799,7.939398569176E-02));
#5085 = CARTESIAN_POINT('',(5.657987203106,9.371789281762E-02));
#5086 = CARTESIAN_POINT('',(5.710017541669,0.108259431493));
#5087 = CARTESIAN_POINT('',(5.762272608025,0.122745671026));
#5088 = CARTESIAN_POINT('',(5.814678968868,0.13688809044));
#5089 = CARTESIAN_POINT('',(5.867172448968,0.150448949711));
#5090 = CARTESIAN_POINT('',(5.919726762935,0.163002822549));
#5091 = CARTESIAN_POINT('',(5.972299884984,0.174285428958));
#5092 = CARTESIAN_POINT('',(6.024813385152,0.18420153494));
#5093 = CARTESIAN_POINT('',(6.077181248676,0.192610610753));
#5094 = CARTESIAN_POINT('',(6.129313060102,0.199384263635));
#5095 = CARTESIAN_POINT('',(6.181095833688,0.20439084865));
#5096 = CARTESIAN_POINT('',(6.232487621239,0.207499592578));
#5097 = CARTESIAN_POINT('',(6.28318530718,0.208579487507));
#5098 = CARTESIAN_POINT('',(6.33388299312,0.207499592578));
#5099 = CARTESIAN_POINT('',(6.385274780671,0.20439084865));
#5100 = CARTESIAN_POINT('',(6.437057554257,0.199384263635));
#5101 = CARTESIAN_POINT('',(6.489189365683,0.192610610753));
#5102 = CARTESIAN_POINT('',(6.541557229207,0.18420153494));
#5103 = CARTESIAN_POINT('',(6.594070729375,0.174285428958));
#5104 = CARTESIAN_POINT('',(6.646643851424,0.163002822549));
#5105 = CARTESIAN_POINT('',(6.699198165391,0.150448949711));
#5106 = CARTESIAN_POINT('',(6.751691645492,0.13688809044));
#5107 = CARTESIAN_POINT('',(6.804098006335,0.122745671026));
#5108 = CARTESIAN_POINT('',(6.85635307269,0.108259431492));
#5109 = CARTESIAN_POINT('',(6.908383411253,9.371789281763E-02));
#5110 = CARTESIAN_POINT('',(6.960117143561,7.939398569175E-02));
#5111 = CARTESIAN_POINT('',(7.011433054336,6.557222100052E-02));
#5112 = CARTESIAN_POINT('',(7.062374973784,5.250637913653E-02));
#5113 = CARTESIAN_POINT('',(7.112366778182,4.056158226942E-02));
#5114 = CARTESIAN_POINT('',(7.163158957091,2.968831595363E-02));
#5115 = CARTESIAN_POINT('',(7.216350637963,1.986260999133E-02));
#5116 = CARTESIAN_POINT('',(7.270665165829,1.156862873828E-02));
#5117 = CARTESIAN_POINT('',(7.325573336423,5.154798607821E-03));
#5118 = CARTESIAN_POINT('',(7.38034586832,1.005929379279E-03));
#5119 = CARTESIAN_POINT('',(7.416353619718,3.947506620079E-15));
#5120 = CARTESIAN_POINT('',(7.434121513821,0.));
#5121 = ( GEOMETRIC_REPRESENTATION_CONTEXT(2) 
PARAMETRIC_REPRESENTATION_CONTEXT() REPRESENTATION_CONTEXT('2D SPACE',''
  ) );
#5122 = ORIENTED_EDGE('',*,*,#5123,.T.);
#5123 = EDGE_CURVE('',#4997,#4762,#5124,.T.);
#5124 = SURFACE_CURVE('',#5125,(#5129,#5136),.PCURVE_S1.);
#5125 = LINE('',#5126,#5127);
#5126 = CARTESIAN_POINT('',(46.000000685453,-54.60640287645,0.));
#5127 = VECTOR('',#5128,1.);
#5128 = DIRECTION('',(0.,0.,-1.));
#5129 = PCURVE('',#4719,#5130);
#5130 = DEFINITIONAL_REPRESENTATION('',(#5131),#5135);
#5131 = LINE('',#5132,#5133);
#5132 = CARTESIAN_POINT('',(7.068583470577,0.));
#5133 = VECTOR('',#5134,1.);
#5134 = DIRECTION('',(0.,1.));
#5135 = ( GEOMETRIC_REPRESENTATION_CONTEXT(2) 
PARAMETRIC_REPRESENTATION_CONTEXT() REPRESENTATION_CONTEXT('2D SPACE',''
  ) );
#5136 = PCURVE('',#1550,#5137);
#5137 = DEFINITIONAL_REPRESENTATION('',(#5138),#5142);
#5138 = LINE('',#5139,#5140);
#5139 = CARTESIAN_POINT('',(2.,0.));
#5140 = VECTOR('',#5141,1.);
#5141 = DIRECTION('',(0.,1.));
#5142 = ( GEOMETRIC_REPRESENTATION_CONTEXT(2) 
PARAMETRIC_REPRESENTATION_CONTEXT() REPRESENTATION_CONTEXT('2D SPACE',''
  ) );
#5143 = ADVANCED_FACE('',(#5144),#4746,.F.);
#5144 = FACE_BOUND('',#5145,.F.);
#5145 = EDGE_LOOP('',(#5146,#5169,#5218,#5239));
#5146 = ORIENTED_EDGE('',*,*,#5147,.F.);
#5147 = EDGE_CURVE('',#5148,#1563,#5150,.T.);
#5148 = VERTEX_POINT('',#5149);
#5149 = CARTESIAN_POINT('',(53.20984706477,-58.76187739876,
    -2.023994315869E-15));
#5150 = SURFACE_CURVE('',#5151,(#5155,#5162),.PCURVE_S1.);
#5151 = LINE('',#5152,#5153);
#5152 = CARTESIAN_POINT('',(208.47909961996,-58.76187739876,0.));
#5153 = VECTOR('',#5154,1.);
#5154 = DIRECTION('',(-1.,0.,0.));
#5155 = PCURVE('',#4746,#5156);
#5156 = DEFINITIONAL_REPRESENTATION('',(#5157),#5161);
#5157 = LINE('',#5158,#5159);
#5158 = CARTESIAN_POINT('',(0.,0.));
#5159 = VECTOR('',#5160,1.);
#5160 = DIRECTION('',(0.,1.));
#5161 = ( GEOMETRIC_REPRESENTATION_CONTEXT(2) 
PARAMETRIC_REPRESENTATION_CONTEXT() REPRESENTATION_CONTEXT('2D SPACE',''
  ) );
#5162 = PCURVE('',#542,#5163);
#5163 = DEFINITIONAL_REPRESENTATION('',(#5164),#5168);
#5164 = LINE('',#5165,#5166);
#5165 = CARTESIAN_POINT('',(170.,0.));
#5166 = VECTOR('',#5167,1.);
#5167 = DIRECTION('',(-1.,0.));
#5168 = ( GEOMETRIC_REPRESENTATION_CONTEXT(2) 
PARAMETRIC_REPRESENTATION_CONTEXT() REPRESENTATION_CONTEXT('2D SPACE',''
  ) );
#5169 = ORIENTED_EDGE('',*,*,#5170,.T.);
#5170 = EDGE_CURVE('',#5148,#5171,#5173,.T.);
#5171 = VERTEX_POINT('',#5172);
#5172 = CARTESIAN_POINT('',(49.006561015015,-56.60640287645,
    -3.231447235963));
#5173 = SURFACE_CURVE('',#5174,(#5183,#5212),.PCURVE_S1.);
#5174 = B_SPLINE_CURVE_WITH_KNOTS('',3,(#5175,#5176,#5177,#5178,#5179,
    #5180,#5181,#5182),.UNSPECIFIED.,.F.,.F.,(4,1,1,1,1,4),(
    7.498665627699E-04,3.012066300779E-02,0.183431950324,0.490054524957,
    0.643365812274,0.79667709959),.UNSPECIFIED.);
#5175 = CARTESIAN_POINT('',(53.209846769152,-58.76216477712,
    -6.934044038791E-04));
#5176 = CARTESIAN_POINT('',(53.126456425147,-58.73091081429,
    -1.361091896632E-02));
#5177 = CARTESIAN_POINT('',(52.617180669413,-58.52781465646,
    -0.100630346959));
#5178 = CARTESIAN_POINT('',(51.407768220128,-57.92511469392,
    -0.43165770441));
#5179 = CARTESIAN_POINT('',(50.098247467327,-57.17895576397,
    -1.168118242851));
#5180 = CARTESIAN_POINT('',(49.233013944007,-56.70008750232,
    -2.264716402828));
#5181 = CARTESIAN_POINT('',(49.036484929037,-56.60637277634,
    -2.907345376395));
#5182 = CARTESIAN_POINT('',(49.011569718628,-56.60639616249,
    -3.231692091722));
#5183 = PCURVE('',#4746,#5184);
#5184 = DEFINITIONAL_REPRESENTATION('',(#5185),#5211);
#5185 = B_SPLINE_CURVE_WITH_KNOTS('',3,(#5186,#5187,#5188,#5189,#5190,
    #5191,#5192,#5193,#5194,#5195,#5196,#5197,#5198,#5199,#5200,#5201,
    #5202,#5203,#5204,#5205,#5206,#5207,#5208,#5209,#5210),
  .UNSPECIFIED.,.F.,.F.,(4,1,1,1,1,1,1,1,1,1,1,1,1,1,1,1,1,1,1,1,1,1,4),
  (7.498665627699E-04,3.692837715494E-02,7.310688774711E-02,
    0.109285398339,0.145463908931,0.181642419524,0.217820930116,
    0.253999440708,0.2901779513,0.326356461892,0.362534972484,
    0.398713483077,0.434891993669,0.471070504261,0.507249014853,
    0.543427525445,0.579606036037,0.61578454663,0.651963057222,
    0.688141567814,0.724320078406,0.760498588998,0.79667709959),
  .QUASI_UNIFORM_KNOTS.);
#5186 = CARTESIAN_POINT('',(2.98176200588E-07,155.2692528508));
#5187 = CARTESIAN_POINT('',(1.20328510317E-02,155.37206266263));
#5188 = CARTESIAN_POINT('',(3.70802849743E-02,155.5727475316));
#5189 = CARTESIAN_POINT('',(7.717763133895E-02,155.86069429587));
#5190 = CARTESIAN_POINT('',(0.119274871975,156.13720947823));
#5191 = CARTESIAN_POINT('',(0.163214997477,156.4042037222));
#5192 = CARTESIAN_POINT('',(0.208759779264,156.66349369408));
#5193 = CARTESIAN_POINT('',(0.255712251616,156.91701028274));
#5194 = CARTESIAN_POINT('',(0.30399481256,157.16405980272));
#5195 = CARTESIAN_POINT('',(0.353550887841,157.40383662682));
#5196 = CARTESIAN_POINT('',(0.40433972273,157.63556488667));
#5197 = CARTESIAN_POINT('',(0.456340661094,157.85846130169));
#5198 = CARTESIAN_POINT('',(0.509553952518,158.07174248128));
#5199 = CARTESIAN_POINT('',(0.564004721351,158.27463288711));
#5200 = CARTESIAN_POINT('',(0.619735867728,158.46632568178));
#5201 = CARTESIAN_POINT('',(0.676839534959,158.64613137199));
#5202 = CARTESIAN_POINT('',(0.735321113236,158.81282014404));
#5203 = CARTESIAN_POINT('',(0.795085653377,158.96455714432));
#5204 = CARTESIAN_POINT('',(0.856085265107,159.09964244852));
#5205 = CARTESIAN_POINT('',(0.918314508733,159.21630385139));
#5206 = CARTESIAN_POINT('',(0.981734500134,159.3129314581));
#5207 = CARTESIAN_POINT('',(1.046065031722,159.38845248944));
#5208 = CARTESIAN_POINT('',(1.111067637686,159.44172202687));
#5209 = CARTESIAN_POINT('',(1.154713950283,159.46165039161));
#5210 = CARTESIAN_POINT('',(1.176579131621,159.46752990133));
#5211 = ( GEOMETRIC_REPRESENTATION_CONTEXT(2) 
PARAMETRIC_REPRESENTATION_CONTEXT() REPRESENTATION_CONTEXT('2D SPACE',''
  ) );
#5212 = PCURVE('',#1398,#5213);
#5213 = DEFINITIONAL_REPRESENTATION('',(#5214),#5217);
#5214 = B_SPLINE_CURVE_WITH_KNOTS('',1,(#5215,#5216),.UNSPECIFIED.,.F.,
  .F.,(2,2),(7.498665627699E-04,0.79667709959),
  .PIECEWISE_BEZIER_KNOTS.);
#5215 = CARTESIAN_POINT('',(1.596272785857E-03,7.498665627722E-04));
#5216 = CARTESIAN_POINT('',(7.981363948625E-04,0.796677099603));
#5217 = ( GEOMETRIC_REPRESENTATION_CONTEXT(2) 
PARAMETRIC_REPRESENTATION_CONTEXT() REPRESENTATION_CONTEXT('2D SPACE',''
  ) );
#5218 = ORIENTED_EDGE('',*,*,#5219,.F.);
#5219 = EDGE_CURVE('',#4703,#5171,#5220,.T.);
#5220 = SURFACE_CURVE('',#5221,(#5225,#5232),.PCURVE_S1.);
#5221 = LINE('',#5222,#5223);
#5222 = CARTESIAN_POINT('',(208.47909961996,-56.60640287645,
    -3.23144723612));
#5223 = VECTOR('',#5224,1.);
#5224 = DIRECTION('',(1.,0.,0.));
#5225 = PCURVE('',#4746,#5226);
#5226 = DEFINITIONAL_REPRESENTATION('',(#5227),#5231);
#5227 = LINE('',#5228,#5229);
#5228 = CARTESIAN_POINT('',(1.176509173012,0.));
#5229 = VECTOR('',#5230,1.);
#5230 = DIRECTION('',(0.,-1.));
#5231 = ( GEOMETRIC_REPRESENTATION_CONTEXT(2) 
PARAMETRIC_REPRESENTATION_CONTEXT() REPRESENTATION_CONTEXT('2D SPACE',''
  ) );
#5232 = PCURVE('',#4960,#5233);
#5233 = DEFINITIONAL_REPRESENTATION('',(#5234),#5238);
#5234 = LINE('',#5235,#5236);
#5235 = CARTESIAN_POINT('',(-157.4790989345,3.23144723612));
#5236 = VECTOR('',#5237,1.);
#5237 = DIRECTION('',(-1.,-0.));
#5238 = ( GEOMETRIC_REPRESENTATION_CONTEXT(2) 
PARAMETRIC_REPRESENTATION_CONTEXT() REPRESENTATION_CONTEXT('2D SPACE',''
  ) );
#5239 = ORIENTED_EDGE('',*,*,#4731,.T.);
#5240 = ADVANCED_FACE('',(#5241),#4960,.T.);
#5241 = FACE_BOUND('',#5242,.T.);
#5242 = EDGE_LOOP('',(#5243,#5244,#5267,#5295,#5322));
#5243 = ORIENTED_EDGE('',*,*,#4946,.F.);
#5244 = ORIENTED_EDGE('',*,*,#5245,.F.);
#5245 = EDGE_CURVE('',#5246,#4914,#5248,.T.);
#5246 = VERTEX_POINT('',#5247);
#5247 = CARTESIAN_POINT('',(49.000000685453,-56.60640287645,-21.));
#5248 = SURFACE_CURVE('',#5249,(#5253,#5260),.PCURVE_S1.);
#5249 = LINE('',#5250,#5251);
#5250 = CARTESIAN_POINT('',(51.000000685453,-56.60640287645,-21.));
#5251 = VECTOR('',#5252,1.);
#5252 = DIRECTION('',(-1.,0.,0.));
#5253 = PCURVE('',#4960,#5254);
#5254 = DEFINITIONAL_REPRESENTATION('',(#5255),#5259);
#5255 = LINE('',#5256,#5257);
#5256 = CARTESIAN_POINT('',(0.,21.));
#5257 = VECTOR('',#5258,1.);
#5258 = DIRECTION('',(1.,0.));
#5259 = ( GEOMETRIC_REPRESENTATION_CONTEXT(2) 
PARAMETRIC_REPRESENTATION_CONTEXT() REPRESENTATION_CONTEXT('2D SPACE',''
  ) );
#5260 = PCURVE('',#4930,#5261);
#5261 = DEFINITIONAL_REPRESENTATION('',(#5262),#5266);
#5262 = LINE('',#5263,#5264);
#5263 = CARTESIAN_POINT('',(-2.5,-3.303201065699));
#5264 = VECTOR('',#5265,1.);
#5265 = DIRECTION('',(1.,0.));
#5266 = ( GEOMETRIC_REPRESENTATION_CONTEXT(2) 
PARAMETRIC_REPRESENTATION_CONTEXT() REPRESENTATION_CONTEXT('2D SPACE',''
  ) );
#5267 = ORIENTED_EDGE('',*,*,#5268,.F.);
#5268 = EDGE_CURVE('',#5269,#5246,#5271,.T.);
#5269 = VERTEX_POINT('',#5270);
#5270 = CARTESIAN_POINT('',(49.000000685453,-56.60640287645,-3.5));
#5271 = SURFACE_CURVE('',#5272,(#5276,#5283),.PCURVE_S1.);
#5272 = LINE('',#5273,#5274);
#5273 = CARTESIAN_POINT('',(49.000000685453,-56.60640287645,0.));
#5274 = VECTOR('',#5275,1.);
#5275 = DIRECTION('',(0.,0.,-1.));
#5276 = PCURVE('',#4960,#5277);
#5277 = DEFINITIONAL_REPRESENTATION('',(#5278),#5282);
#5278 = LINE('',#5279,#5280);
#5279 = CARTESIAN_POINT('',(2.,0.));
#5280 = VECTOR('',#5281,1.);
#5281 = DIRECTION('',(0.,1.));
#5282 = ( GEOMETRIC_REPRESENTATION_CONTEXT(2) 
PARAMETRIC_REPRESENTATION_CONTEXT() REPRESENTATION_CONTEXT('2D SPACE',''
  ) );
#5283 = PCURVE('',#5284,#5289);
#5284 = CYLINDRICAL_SURFACE('',#5285,2.);
#5285 = AXIS2_PLACEMENT_3D('',#5286,#5287,#5288);
#5286 = CARTESIAN_POINT('',(49.000000685453,-54.60640287645,0.));
#5287 = DIRECTION('',(0.,0.,-1.));
#5288 = DIRECTION('',(0.707106781187,-0.707106781187,0.));
#5289 = DEFINITIONAL_REPRESENTATION('',(#5290),#5294);
#5290 = LINE('',#5291,#5292);
#5291 = CARTESIAN_POINT('',(7.068583470577,0.));
#5292 = VECTOR('',#5293,1.);
#5293 = DIRECTION('',(0.,1.));
#5294 = ( GEOMETRIC_REPRESENTATION_CONTEXT(2) 
PARAMETRIC_REPRESENTATION_CONTEXT() REPRESENTATION_CONTEXT('2D SPACE',''
  ) );
#5295 = ORIENTED_EDGE('',*,*,#5296,.F.);
#5296 = EDGE_CURVE('',#5171,#5269,#5297,.T.);
#5297 = SURFACE_CURVE('',#5298,(#5303,#5310),.PCURVE_S1.);
#5298 = CIRCLE('',#5299,5.5);
#5299 = AXIS2_PLACEMENT_3D('',#5300,#5301,#5302);
#5300 = CARTESIAN_POINT('',(54.500000685453,-56.60640287645,-3.5));
#5301 = DIRECTION('',(0.,-1.,0.));
#5302 = DIRECTION('',(-0.999262717481,0.,3.839298703246E-02));
#5303 = PCURVE('',#4960,#5304);
#5304 = DEFINITIONAL_REPRESENTATION('',(#5305),#5309);
#5305 = CIRCLE('',#5306,5.5);
#5306 = AXIS2_PLACEMENT_2D('',#5307,#5308);
#5307 = CARTESIAN_POINT('',(-3.5,3.5));
#5308 = DIRECTION('',(0.999262717481,-3.839298703246E-02));
#5309 = ( GEOMETRIC_REPRESENTATION_CONTEXT(2) 
PARAMETRIC_REPRESENTATION_CONTEXT() REPRESENTATION_CONTEXT('2D SPACE',''
  ) );
#5310 = PCURVE('',#5311,#5316);
#5311 = TOROIDAL_SURFACE('',#5312,5.5,2.);
#5312 = AXIS2_PLACEMENT_3D('',#5313,#5314,#5315);
#5313 = CARTESIAN_POINT('',(54.500000685453,-54.60640287645,-3.5));
#5314 = DIRECTION('',(0.,-1.,0.));
#5315 = DIRECTION('',(0.,0.,-1.));
#5316 = DEFINITIONAL_REPRESENTATION('',(#5317),#5321);
#5317 = LINE('',#5318,#5319);
#5318 = CARTESIAN_POINT('',(-1.609198752104,1.570796326795));
#5319 = VECTOR('',#5320,1.);
#5320 = DIRECTION('',(1.,-2.272848933269E-14));
#5321 = ( GEOMETRIC_REPRESENTATION_CONTEXT(2) 
PARAMETRIC_REPRESENTATION_CONTEXT() REPRESENTATION_CONTEXT('2D SPACE',''
  ) );
#5322 = ORIENTED_EDGE('',*,*,#5219,.F.);
#5323 = ADVANCED_FACE('',(#5324),#4930,.T.);
#5324 = FACE_BOUND('',#5325,.T.);
#5325 = EDGE_LOOP('',(#5326,#5327,#5350,#5373,#5401,#5427));
#5326 = ORIENTED_EDGE('',*,*,#4913,.F.);
#5327 = ORIENTED_EDGE('',*,*,#5328,.T.);
#5328 = EDGE_CURVE('',#4891,#5329,#5331,.T.);
#5329 = VERTEX_POINT('',#5330);
#5330 = CARTESIAN_POINT('',(46.000000685453,-50.00000074505,-21.));
#5331 = SURFACE_CURVE('',#5332,(#5336,#5343),.PCURVE_S1.);
#5332 = LINE('',#5333,#5334);
#5333 = CARTESIAN_POINT('',(46.000000685453,-56.60640287645,-21.));
#5334 = VECTOR('',#5335,1.);
#5335 = DIRECTION('',(0.,1.,0.));
#5336 = PCURVE('',#4930,#5337);
#5337 = DEFINITIONAL_REPRESENTATION('',(#5338),#5342);
#5338 = LINE('',#5339,#5340);
#5339 = CARTESIAN_POINT('',(2.5,-3.303201065699));
#5340 = VECTOR('',#5341,1.);
#5341 = DIRECTION('',(0.,1.));
#5342 = ( GEOMETRIC_REPRESENTATION_CONTEXT(2) 
PARAMETRIC_REPRESENTATION_CONTEXT() REPRESENTATION_CONTEXT('2D SPACE',''
  ) );
#5343 = PCURVE('',#1550,#5344);
#5344 = DEFINITIONAL_REPRESENTATION('',(#5345),#5349);
#5345 = LINE('',#5346,#5347);
#5346 = CARTESIAN_POINT('',(0.,21.));
#5347 = VECTOR('',#5348,1.);
#5348 = DIRECTION('',(1.,0.));
#5349 = ( GEOMETRIC_REPRESENTATION_CONTEXT(2) 
PARAMETRIC_REPRESENTATION_CONTEXT() REPRESENTATION_CONTEXT('2D SPACE',''
  ) );
#5350 = ORIENTED_EDGE('',*,*,#5351,.T.);
#5351 = EDGE_CURVE('',#5329,#5352,#5354,.T.);
#5352 = VERTEX_POINT('',#5353);
#5353 = CARTESIAN_POINT('',(51.000000685453,-50.00000074505,-21.));
#5354 = SURFACE_CURVE('',#5355,(#5359,#5366),.PCURVE_S1.);
#5355 = LINE('',#5356,#5357);
#5356 = CARTESIAN_POINT('',(46.000000685453,-50.00000074505,-21.));
#5357 = VECTOR('',#5358,1.);
#5358 = DIRECTION('',(1.,0.,0.));
#5359 = PCURVE('',#4930,#5360);
#5360 = DEFINITIONAL_REPRESENTATION('',(#5361),#5365);
#5361 = LINE('',#5362,#5363);
#5362 = CARTESIAN_POINT('',(2.5,3.303201065699));
#5363 = VECTOR('',#5364,1.);
#5364 = DIRECTION('',(-1.,0.));
#5365 = ( GEOMETRIC_REPRESENTATION_CONTEXT(2) 
PARAMETRIC_REPRESENTATION_CONTEXT() REPRESENTATION_CONTEXT('2D SPACE',''
  ) );
#5366 = PCURVE('',#1522,#5367);
#5367 = DEFINITIONAL_REPRESENTATION('',(#5368),#5372);
#5368 = LINE('',#5369,#5370);
#5369 = CARTESIAN_POINT('',(0.,21.));
#5370 = VECTOR('',#5371,1.);
#5371 = DIRECTION('',(1.,0.));
#5372 = ( GEOMETRIC_REPRESENTATION_CONTEXT(2) 
PARAMETRIC_REPRESENTATION_CONTEXT() REPRESENTATION_CONTEXT('2D SPACE',''
  ) );
#5373 = ORIENTED_EDGE('',*,*,#5374,.T.);
#5374 = EDGE_CURVE('',#5352,#5375,#5377,.T.);
#5375 = VERTEX_POINT('',#5376);
#5376 = CARTESIAN_POINT('',(51.000000685453,-54.60640287645,-21.));
#5377 = SURFACE_CURVE('',#5378,(#5382,#5389),.PCURVE_S1.);
#5378 = LINE('',#5379,#5380);
#5379 = CARTESIAN_POINT('',(51.000000685453,-50.00000074505,-21.));
#5380 = VECTOR('',#5381,1.);
#5381 = DIRECTION('',(0.,-1.,0.));
#5382 = PCURVE('',#4930,#5383);
#5383 = DEFINITIONAL_REPRESENTATION('',(#5384),#5388);
#5384 = LINE('',#5385,#5386);
#5385 = CARTESIAN_POINT('',(-2.5,3.303201065699));
#5386 = VECTOR('',#5387,1.);
#5387 = DIRECTION('',(0.,-1.));
#5388 = ( GEOMETRIC_REPRESENTATION_CONTEXT(2) 
PARAMETRIC_REPRESENTATION_CONTEXT() REPRESENTATION_CONTEXT('2D SPACE',''
  ) );
#5389 = PCURVE('',#5390,#5395);
#5390 = PLANE('',#5391);
#5391 = AXIS2_PLACEMENT_3D('',#5392,#5393,#5394);
#5392 = CARTESIAN_POINT('',(51.000000685453,-50.00000074505,0.));
#5393 = DIRECTION('',(1.,0.,0.));
#5394 = DIRECTION('',(0.,-1.,0.));
#5395 = DEFINITIONAL_REPRESENTATION('',(#5396),#5400);
#5396 = LINE('',#5397,#5398);
#5397 = CARTESIAN_POINT('',(0.,21.));
#5398 = VECTOR('',#5399,1.);
#5399 = DIRECTION('',(1.,0.));
#5400 = ( GEOMETRIC_REPRESENTATION_CONTEXT(2) 
PARAMETRIC_REPRESENTATION_CONTEXT() REPRESENTATION_CONTEXT('2D SPACE',''
  ) );
#5401 = ORIENTED_EDGE('',*,*,#5402,.F.);
#5402 = EDGE_CURVE('',#5246,#5375,#5403,.T.);
#5403 = SURFACE_CURVE('',#5404,(#5409,#5420),.PCURVE_S1.);
#5404 = CIRCLE('',#5405,2.);
#5405 = AXIS2_PLACEMENT_3D('',#5406,#5407,#5408);
#5406 = CARTESIAN_POINT('',(49.000000685453,-54.60640287645,-21.));
#5407 = DIRECTION('',(0.,0.,1.));
#5408 = DIRECTION('',(0.707106781187,-0.707106781187,0.));
#5409 = PCURVE('',#4930,#5410);
#5410 = DEFINITIONAL_REPRESENTATION('',(#5411),#5419);
#5411 = ( BOUNDED_CURVE() B_SPLINE_CURVE(2,(#5412,#5413,#5414,#5415,
#5416,#5417,#5418),.UNSPECIFIED.,.T.,.F.) B_SPLINE_CURVE_WITH_KNOTS((1,2
    ,2,2,2,1),(-2.094395102393,0.,2.094395102393,4.188790204786,
6.28318530718,8.377580409573),.UNSPECIFIED.) CURVE() 
GEOMETRIC_REPRESENTATION_ITEM() RATIONAL_B_SPLINE_CURVE((1.,0.5,1.,0.5,
1.,0.5,1.)) REPRESENTATION_ITEM('') );
#5412 = CARTESIAN_POINT('',(-1.914213562373,-2.717414628072));
#5413 = CARTESIAN_POINT('',(-4.363703305156,-0.267924885289));
#5414 = CARTESIAN_POINT('',(-1.017638090205,0.628650586879));
#5415 = CARTESIAN_POINT('',(2.328427124746,1.525226059047));
#5416 = CARTESIAN_POINT('',(1.431851652578,-1.820839155904));
#5417 = CARTESIAN_POINT('',(0.53527618041,-5.166904370855));
#5418 = CARTESIAN_POINT('',(-1.914213562373,-2.717414628072));
#5419 = ( GEOMETRIC_REPRESENTATION_CONTEXT(2) 
PARAMETRIC_REPRESENTATION_CONTEXT() REPRESENTATION_CONTEXT('2D SPACE',''
  ) );
#5420 = PCURVE('',#5284,#5421);
#5421 = DEFINITIONAL_REPRESENTATION('',(#5422),#5426);
#5422 = LINE('',#5423,#5424);
#5423 = CARTESIAN_POINT('',(12.566370614359,21.));
#5424 = VECTOR('',#5425,1.);
#5425 = DIRECTION('',(-1.,0.));
#5426 = ( GEOMETRIC_REPRESENTATION_CONTEXT(2) 
PARAMETRIC_REPRESENTATION_CONTEXT() REPRESENTATION_CONTEXT('2D SPACE',''
  ) );
#5427 = ORIENTED_EDGE('',*,*,#5245,.T.);
#5428 = ADVANCED_FACE('',(#5429),#4834,.F.);
#5429 = FACE_BOUND('',#5430,.F.);
#5430 = EDGE_LOOP('',(#5431,#5459,#5482,#5510,#5633,#5659,#5660,#5686));
#5431 = ORIENTED_EDGE('',*,*,#5432,.T.);
#5432 = EDGE_CURVE('',#4764,#5433,#5435,.T.);
#5433 = VERTEX_POINT('',#5434);
#5434 = CARTESIAN_POINT('',(46.000000685453,-52.49495378696,
    -15.38668074678));
#5435 = SURFACE_CURVE('',#5436,(#5441,#5448),.PCURVE_S1.);
#5436 = CIRCLE('',#5437,1.5);
#5437 = AXIS2_PLACEMENT_3D('',#5438,#5439,#5440);
#5438 = CARTESIAN_POINT('',(46.000000685453,-53.99495378696,
    -15.38668074678));
#5439 = DIRECTION('',(1.,0.,0.));
#5440 = DIRECTION('',(0.,-1.,0.));
#5441 = PCURVE('',#4834,#5442);
#5442 = DEFINITIONAL_REPRESENTATION('',(#5443),#5447);
#5443 = LINE('',#5444,#5445);
#5444 = CARTESIAN_POINT('',(6.28318530718,0.));
#5445 = VECTOR('',#5446,1.);
#5446 = DIRECTION('',(1.,0.));
#5447 = ( GEOMETRIC_REPRESENTATION_CONTEXT(2) 
PARAMETRIC_REPRESENTATION_CONTEXT() REPRESENTATION_CONTEXT('2D SPACE',''
  ) );
#5448 = PCURVE('',#1550,#5449);
#5449 = DEFINITIONAL_REPRESENTATION('',(#5450),#5458);
#5450 = ( BOUNDED_CURVE() B_SPLINE_CURVE(2,(#5451,#5452,#5453,#5454,
#5455,#5456,#5457),.UNSPECIFIED.,.T.,.F.) B_SPLINE_CURVE_WITH_KNOTS((1,2
    ,2,2,2,1),(-2.094395102393,0.,2.094395102393,4.188790204786,
6.28318530718,8.377580409573),.UNSPECIFIED.) CURVE() 
GEOMETRIC_REPRESENTATION_ITEM() RATIONAL_B_SPLINE_CURVE((1.,0.5,1.,0.5,
1.,0.5,1.)) REPRESENTATION_ITEM('') );
#5451 = CARTESIAN_POINT('',(1.111449089494,15.386680746785));
#5452 = CARTESIAN_POINT('',(1.111449089494,17.984756958138));
#5453 = CARTESIAN_POINT('',(3.361449089494,16.685718852461));
#5454 = CARTESIAN_POINT('',(5.611449089494,15.386680746785));
#5455 = CARTESIAN_POINT('',(3.361449089495,14.087642641108));
#5456 = CARTESIAN_POINT('',(1.111449089495,12.788604535431));
#5457 = CARTESIAN_POINT('',(1.111449089494,15.386680746785));
#5458 = ( GEOMETRIC_REPRESENTATION_CONTEXT(2) 
PARAMETRIC_REPRESENTATION_CONTEXT() REPRESENTATION_CONTEXT('2D SPACE',''
  ) );
#5459 = ORIENTED_EDGE('',*,*,#5460,.T.);
#5460 = EDGE_CURVE('',#5433,#5461,#5463,.T.);
#5461 = VERTEX_POINT('',#5462);
#5462 = CARTESIAN_POINT('',(51.000000685453,-52.49495378696,
    -15.38668074678));
#5463 = SEAM_CURVE('',#5464,(#5468,#5475),.PCURVE_S1.);
#5464 = LINE('',#5465,#5466);
#5465 = CARTESIAN_POINT('',(46.000000685453,-52.49495378696,
    -15.38668074678));
#5466 = VECTOR('',#5467,1.);
#5467 = DIRECTION('',(1.,0.,0.));
#5468 = PCURVE('',#4834,#5469);
#5469 = DEFINITIONAL_REPRESENTATION('',(#5470),#5474);
#5470 = LINE('',#5471,#5472);
#5471 = CARTESIAN_POINT('',(9.424777960769,0.));
#5472 = VECTOR('',#5473,1.);
#5473 = DIRECTION('',(0.,1.));
#5474 = ( GEOMETRIC_REPRESENTATION_CONTEXT(2) 
PARAMETRIC_REPRESENTATION_CONTEXT() REPRESENTATION_CONTEXT('2D SPACE',''
  ) );
#5475 = PCURVE('',#4834,#5476);
#5476 = DEFINITIONAL_REPRESENTATION('',(#5477),#5481);
#5477 = LINE('',#5478,#5479);
#5478 = CARTESIAN_POINT('',(3.14159265359,0.));
#5479 = VECTOR('',#5480,1.);
#5480 = DIRECTION('',(0.,1.));
#5481 = ( GEOMETRIC_REPRESENTATION_CONTEXT(2) 
PARAMETRIC_REPRESENTATION_CONTEXT() REPRESENTATION_CONTEXT('2D SPACE',''
  ) );
#5482 = ORIENTED_EDGE('',*,*,#5483,.T.);
#5483 = EDGE_CURVE('',#5461,#5484,#5486,.T.);
#5484 = VERTEX_POINT('',#5485);
#5485 = CARTESIAN_POINT('',(51.000000685453,-54.60640287645,
    -16.75639970005));
#5486 = SURFACE_CURVE('',#5487,(#5492,#5499),.PCURVE_S1.);
#5487 = CIRCLE('',#5488,1.5);
#5488 = AXIS2_PLACEMENT_3D('',#5489,#5490,#5491);
#5489 = CARTESIAN_POINT('',(51.000000685453,-53.99495378696,
    -15.38668074678));
#5490 = DIRECTION('',(-1.,0.,0.));
#5491 = DIRECTION('',(0.,-1.,0.));
#5492 = PCURVE('',#4834,#5493);
#5493 = DEFINITIONAL_REPRESENTATION('',(#5494),#5498);
#5494 = LINE('',#5495,#5496);
#5495 = CARTESIAN_POINT('',(12.566370614359,5.));
#5496 = VECTOR('',#5497,1.);
#5497 = DIRECTION('',(-1.,0.));
#5498 = ( GEOMETRIC_REPRESENTATION_CONTEXT(2) 
PARAMETRIC_REPRESENTATION_CONTEXT() REPRESENTATION_CONTEXT('2D SPACE',''
  ) );
#5499 = PCURVE('',#5390,#5500);
#5500 = DEFINITIONAL_REPRESENTATION('',(#5501),#5509);
#5501 = ( BOUNDED_CURVE() B_SPLINE_CURVE(2,(#5502,#5503,#5504,#5505,
#5506,#5507,#5508),.UNSPECIFIED.,.T.,.F.) B_SPLINE_CURVE_WITH_KNOTS((1,2
    ,2,2,2,1),(-2.094395102393,0.,2.094395102393,4.188790204786,
6.28318530718,8.377580409573),.UNSPECIFIED.) CURVE() 
GEOMETRIC_REPRESENTATION_ITEM() RATIONAL_B_SPLINE_CURVE((1.,0.5,1.,0.5,
1.,0.5,1.)) REPRESENTATION_ITEM('') );
#5502 = CARTESIAN_POINT('',(5.494953041903,15.386680746785));
#5503 = CARTESIAN_POINT('',(5.494953041903,12.788604535431));
#5504 = CARTESIAN_POINT('',(3.244953041903,14.087642641108));
#5505 = CARTESIAN_POINT('',(0.994953041903,15.386680746785));
#5506 = CARTESIAN_POINT('',(3.244953041903,16.685718852461));
#5507 = CARTESIAN_POINT('',(5.494953041903,17.984756958138));
#5508 = CARTESIAN_POINT('',(5.494953041903,15.386680746785));
#5509 = ( GEOMETRIC_REPRESENTATION_CONTEXT(2) 
PARAMETRIC_REPRESENTATION_CONTEXT() REPRESENTATION_CONTEXT('2D SPACE',''
  ) );
#5510 = ORIENTED_EDGE('',*,*,#5511,.T.);
#5511 = EDGE_CURVE('',#5484,#5512,#5514,.T.);
#5512 = VERTEX_POINT('',#5513);
#5513 = CARTESIAN_POINT('',(51.000000685453,-54.60640287645,
    -14.01696179351));
#5514 = SURFACE_CURVE('',#5515,(#5531,#5582),.PCURVE_S1.);
#5515 = B_SPLINE_CURVE_WITH_KNOTS('',3,(#5516,#5517,#5518,#5519,#5520,
    #5521,#5522,#5523,#5524,#5525,#5526,#5527,#5528,#5529,#5530),
  .UNSPECIFIED.,.F.,.F.,(4,2,2,3,2,2,4),(1.854962439656,1.900201611191,
    1.960940031721,2.021678452252,2.082416872783,2.143155293314,
    2.188394464849),.UNSPECIFIED.);
#5516 = CARTESIAN_POINT('',(51.000000685453,-54.60640287645,
    -16.75639970005));
#5517 = CARTESIAN_POINT('',(51.000000685453,-54.75172254423,
    -16.69152830557));
#5518 = CARTESIAN_POINT('',(50.982077138822,-54.89623736605,
    -16.59495331258));
#5519 = CARTESIAN_POINT('',(50.929427138959,-55.15420055,-16.35942276226
    ));
#5520 = CARTESIAN_POINT('',(50.884928573367,-55.28133412623,
    -16.18638376461));
#5521 = CARTESIAN_POINT('',(50.814906021812,-55.45174598105,
    -15.80147534202));
#5522 = CARTESIAN_POINT('',(50.791781162923,-55.49495378696,
    -15.58914214855));
#5523 = CARTESIAN_POINT('',(50.791781162923,-55.49495378696,
    -15.38668074678));
#5524 = CARTESIAN_POINT('',(50.791781162923,-55.49495378696,
    -15.18421934501));
#5525 = CARTESIAN_POINT('',(50.814906021812,-55.45174598105,
    -14.97188615154));
#5526 = CARTESIAN_POINT('',(50.884928573367,-55.28133412623,
    -14.58697772895));
#5527 = CARTESIAN_POINT('',(50.929427138959,-55.15420055,-14.4139387313)
  );
#5528 = CARTESIAN_POINT('',(50.982077138822,-54.89623736605,
    -14.17840818098));
#5529 = CARTESIAN_POINT('',(51.000000685453,-54.75172254423,
    -14.08183318799));
#5530 = CARTESIAN_POINT('',(51.000000685453,-54.60640287645,
    -14.01696179351));
#5531 = PCURVE('',#4834,#5532);
#5532 = DEFINITIONAL_REPRESENTATION('',(#5533),#5581);
#5533 = B_SPLINE_CURVE_WITH_KNOTS('',3,(#5534,#5535,#5536,#5537,#5538,
    #5539,#5540,#5541,#5542,#5543,#5544,#5545,#5546,#5547,#5548,#5549,
    #5550,#5551,#5552,#5553,#5554,#5555,#5556,#5557,#5558,#5559,#5560,
    #5561,#5562,#5563,#5564,#5565,#5566,#5567,#5568,#5569,#5570,#5571,
    #5572,#5573,#5574,#5575,#5576,#5577,#5578,#5579,#5580),
  .UNSPECIFIED.,.F.,.F.,(4,1,1,1,1,1,1,1,1,1,1,1,1,1,1,1,1,1,1,1,1,1,1,1
    ,1,1,1,1,1,1,1,1,1,1,1,1,1,1,1,1,1,1,1,1,4),(1.854962439656,
    1.862540440228,1.870118440801,1.877696441374,1.885274441946,
    1.892852442519,1.900430443091,1.908008443664,1.915586444236,
    1.923164444809,1.930742445382,1.938320445954,1.945898446527,
    1.953476447099,1.961054447672,1.968632448244,1.976210448817,
    1.983788449389,1.991366449962,1.998944450535,2.006522451107,
    2.01410045168,2.021678452252,2.029256452825,2.036834453397,
    2.04441245397,2.051990454543,2.059568455115,2.067146455688,
    2.07472445626,2.082302456833,2.089880457405,2.097458457978,
    2.10503645855,2.112614459123,2.120192459696,2.127770460268,
    2.135348460841,2.142926461413,2.150504461986,2.158082462558,
    2.165660463131,2.173238463704,2.180816464276,2.188394464849),
  .QUASI_UNIFORM_KNOTS.);
#5534 = CARTESIAN_POINT('',(7.434121513821,5.));
#5535 = CARTESIAN_POINT('',(7.416353619718,5.));
#5536 = CARTESIAN_POINT('',(7.38034586832,4.998994070621));
#5537 = CARTESIAN_POINT('',(7.325573336423,4.994845201392));
#5538 = CARTESIAN_POINT('',(7.270665165829,4.988431371262));
#5539 = CARTESIAN_POINT('',(7.216350637963,4.980137390009));
#5540 = CARTESIAN_POINT('',(7.163158957091,4.970311684046));
#5541 = CARTESIAN_POINT('',(7.112366778182,4.959438417731));
#5542 = CARTESIAN_POINT('',(7.062374973784,4.947493620863));
#5543 = CARTESIAN_POINT('',(7.011433054336,4.934427778999));
#5544 = CARTESIAN_POINT('',(6.96011714356,4.920606014308));
#5545 = CARTESIAN_POINT('',(6.908383411253,4.906282107182));
#5546 = CARTESIAN_POINT('',(6.85635307269,4.891740568508));
#5547 = CARTESIAN_POINT('',(6.804098006335,4.877254328974));
#5548 = CARTESIAN_POINT('',(6.751691645492,4.86311190956));
#5549 = CARTESIAN_POINT('',(6.699198165391,4.849551050289));
#5550 = CARTESIAN_POINT('',(6.646643851424,4.836997177451));
#5551 = CARTESIAN_POINT('',(6.594070729375,4.825714571042));
#5552 = CARTESIAN_POINT('',(6.541557229207,4.81579846506));
#5553 = CARTESIAN_POINT('',(6.489189365683,4.807389389247));
#5554 = CARTESIAN_POINT('',(6.437057554257,4.800615736365));
#5555 = CARTESIAN_POINT('',(6.385274780671,4.79560915135));
#5556 = CARTESIAN_POINT('',(6.33388299312,4.792500407422));
#5557 = CARTESIAN_POINT('',(6.28318530718,4.791420512493));
#5558 = CARTESIAN_POINT('',(6.232487621239,4.792500407422));
#5559 = CARTESIAN_POINT('',(6.181095833688,4.79560915135));
#5560 = CARTESIAN_POINT('',(6.129313060102,4.800615736365));
#5561 = CARTESIAN_POINT('',(6.077181248676,4.807389389247));
#5562 = CARTESIAN_POINT('',(6.024813385152,4.81579846506));
#5563 = CARTESIAN_POINT('',(5.972299884984,4.825714571042));
#5564 = CARTESIAN_POINT('',(5.919726762935,4.836997177451));
#5565 = CARTESIAN_POINT('',(5.867172448968,4.849551050289));
#5566 = CARTESIAN_POINT('',(5.814678968868,4.86311190956));
#5567 = CARTESIAN_POINT('',(5.762272608025,4.877254328974));
#5568 = CARTESIAN_POINT('',(5.710017541669,4.891740568508));
#5569 = CARTESIAN_POINT('',(5.657987203106,4.906282107182));
#5570 = CARTESIAN_POINT('',(5.606253470799,4.920606014308));
#5571 = CARTESIAN_POINT('',(5.554937560023,4.934427778999));
#5572 = CARTESIAN_POINT('',(5.503995640575,4.947493620863));
#5573 = CARTESIAN_POINT('',(5.454003836177,4.959438417731));
#5574 = CARTESIAN_POINT('',(5.403211657268,4.970311684046));
#5575 = CARTESIAN_POINT('',(5.350019976396,4.980137390009));
#5576 = CARTESIAN_POINT('',(5.295705448531,4.988431371262));
#5577 = CARTESIAN_POINT('',(5.240797277936,4.994845201392));
#5578 = CARTESIAN_POINT('',(5.186024746039,4.998994070621));
#5579 = CARTESIAN_POINT('',(5.150016994642,5.));
#5580 = CARTESIAN_POINT('',(5.132249100538,5.));
#5581 = ( GEOMETRIC_REPRESENTATION_CONTEXT(2) 
PARAMETRIC_REPRESENTATION_CONTEXT() REPRESENTATION_CONTEXT('2D SPACE',''
  ) );
#5582 = PCURVE('',#5284,#5583);
#5583 = DEFINITIONAL_REPRESENTATION('',(#5584),#5632);
#5584 = B_SPLINE_CURVE_WITH_KNOTS('',3,(#5585,#5586,#5587,#5588,#5589,
    #5590,#5591,#5592,#5593,#5594,#5595,#5596,#5597,#5598,#5599,#5600,
    #5601,#5602,#5603,#5604,#5605,#5606,#5607,#5608,#5609,#5610,#5611,
    #5612,#5613,#5614,#5615,#5616,#5617,#5618,#5619,#5620,#5621,#5622,
    #5623,#5624,#5625,#5626,#5627,#5628,#5629,#5630,#5631),
  .UNSPECIFIED.,.F.,.F.,(4,1,1,1,1,1,1,1,1,1,1,1,1,1,1,1,1,1,1,1,1,1,1,1
    ,1,1,1,1,1,1,1,1,1,1,1,1,1,1,1,1,1,1,1,1,4),(1.854962439656,
    1.862540440228,1.870118440801,1.877696441374,1.885274441946,
    1.892852442519,1.900430443091,1.908008443664,1.915586444236,
    1.923164444809,1.930742445382,1.938320445954,1.945898446527,
    1.953476447099,1.961054447672,1.968632448244,1.976210448817,
    1.983788449389,1.991366449962,1.998944450535,2.006522451107,
    2.01410045168,2.021678452252,2.029256452825,2.036834453397,
    2.04441245397,2.051990454543,2.059568455115,2.067146455688,
    2.07472445626,2.082302456833,2.089880457405,2.097458457978,
    2.10503645855,2.112614459123,2.120192459696,2.127770460268,
    2.135348460841,2.142926461413,2.150504461986,2.158082462558,
    2.165660463131,2.173238463704,2.180816464276,2.188394464849),
  .QUASI_UNIFORM_KNOTS.);
#5585 = CARTESIAN_POINT('',(5.497787143782,16.756399700058));
#5586 = CARTESIAN_POINT('',(5.509956717526,16.745533111483));
#5587 = CARTESIAN_POINT('',(5.534279995244,16.722020367055));
#5588 = CARTESIAN_POINT('',(5.570274396982,16.682198293513));
#5589 = CARTESIAN_POINT('',(5.605351195778,16.638594866695));
#5590 = CARTESIAN_POINT('',(5.639027942538,16.592031184808));
#5591 = CARTESIAN_POINT('',(5.67093981469,16.543144509028));
#5592 = CARTESIAN_POINT('',(5.700255776648,16.493257954078));
#5593 = CARTESIAN_POINT('',(5.727876179376,16.441127147367));
#5594 = CARTESIAN_POINT('',(5.754788598335,16.385317103175));
#5595 = CARTESIAN_POINT('',(5.780560352594,16.326487651351));
#5596 = CARTESIAN_POINT('',(5.805131045532,16.264737362477));
#5597 = CARTESIAN_POINT('',(5.828333495024,16.200315028629));
#5598 = CARTESIAN_POINT('',(5.850024202334,16.13342981517));
#5599 = CARTESIAN_POINT('',(5.870046272702,16.064299172828));
#5600 = CARTESIAN_POINT('',(5.888251778597,15.993147037579));
#5601 = CARTESIAN_POINT('',(5.904452537041,15.920163089866));
#5602 = CARTESIAN_POINT('',(5.91859268324,15.845669246757));
#5603 = CARTESIAN_POINT('',(5.930649402432,15.770018415942));
#5604 = CARTESIAN_POINT('',(5.940590005099,15.693557101568));
#5605 = CARTESIAN_POINT('',(5.948382914711,15.616626431323));
#5606 = CARTESIAN_POINT('',(5.953994495402,15.539595442289));
#5607 = CARTESIAN_POINT('',(5.957389998832,15.462726910422));
#5608 = CARTESIAN_POINT('',(5.95853374987,15.386680746785));
#5609 = CARTESIAN_POINT('',(5.957389998832,15.310634583147));
#5610 = CARTESIAN_POINT('',(5.953994495402,15.23376605128));
#5611 = CARTESIAN_POINT('',(5.948382914711,15.156735062246));
#5612 = CARTESIAN_POINT('',(5.940590005099,15.079804392001));
#5613 = CARTESIAN_POINT('',(5.930649402432,15.003343077628));
#5614 = CARTESIAN_POINT('',(5.91859268324,14.927692246812));
#5615 = CARTESIAN_POINT('',(5.904452537041,14.853198403703));
#5616 = CARTESIAN_POINT('',(5.888251778597,14.78021445599));
#5617 = CARTESIAN_POINT('',(5.870046272702,14.709062320742));
#5618 = CARTESIAN_POINT('',(5.850024202334,14.639931678399));
#5619 = CARTESIAN_POINT('',(5.828333495024,14.57304646494));
#5620 = CARTESIAN_POINT('',(5.805131045532,14.508624131092));
#5621 = CARTESIAN_POINT('',(5.780560352594,14.446873842218));
#5622 = CARTESIAN_POINT('',(5.754788598335,14.388044390394));
#5623 = CARTESIAN_POINT('',(5.727876179376,14.332234346203));
#5624 = CARTESIAN_POINT('',(5.700255776648,14.280103539492));
#5625 = CARTESIAN_POINT('',(5.67093981469,14.230216984541));
#5626 = CARTESIAN_POINT('',(5.639027942538,14.181330308761));
#5627 = CARTESIAN_POINT('',(5.605351195778,14.134766626874));
#5628 = CARTESIAN_POINT('',(5.570274396982,14.091163200056));
#5629 = CARTESIAN_POINT('',(5.534279995244,14.051341126514));
#5630 = CARTESIAN_POINT('',(5.509956717526,14.027828382086));
#5631 = CARTESIAN_POINT('',(5.497787143782,14.016961793511));
#5632 = ( GEOMETRIC_REPRESENTATION_CONTEXT(2) 
PARAMETRIC_REPRESENTATION_CONTEXT() REPRESENTATION_CONTEXT('2D SPACE',''
  ) );
#5633 = ORIENTED_EDGE('',*,*,#5634,.T.);
#5634 = EDGE_CURVE('',#5512,#5461,#5635,.T.);
#5635 = SURFACE_CURVE('',#5636,(#5641,#5648),.PCURVE_S1.);
#5636 = CIRCLE('',#5637,1.5);
#5637 = AXIS2_PLACEMENT_3D('',#5638,#5639,#5640);
#5638 = CARTESIAN_POINT('',(51.000000685453,-53.99495378696,
    -15.38668074678));
#5639 = DIRECTION('',(-1.,0.,0.));
#5640 = DIRECTION('',(0.,-1.,0.));
#5641 = PCURVE('',#4834,#5642);
#5642 = DEFINITIONAL_REPRESENTATION('',(#5643),#5647);
#5643 = LINE('',#5644,#5645);
#5644 = CARTESIAN_POINT('',(6.28318530718,5.));
#5645 = VECTOR('',#5646,1.);
#5646 = DIRECTION('',(-1.,0.));
#5647 = ( GEOMETRIC_REPRESENTATION_CONTEXT(2) 
PARAMETRIC_REPRESENTATION_CONTEXT() REPRESENTATION_CONTEXT('2D SPACE',''
  ) );
#5648 = PCURVE('',#5390,#5649);
#5649 = DEFINITIONAL_REPRESENTATION('',(#5650),#5658);
#5650 = ( BOUNDED_CURVE() B_SPLINE_CURVE(2,(#5651,#5652,#5653,#5654,
#5655,#5656,#5657),.UNSPECIFIED.,.T.,.F.) B_SPLINE_CURVE_WITH_KNOTS((1,2
    ,2,2,2,1),(-2.094395102393,0.,2.094395102393,4.188790204786,
6.28318530718,8.377580409573),.UNSPECIFIED.) CURVE() 
GEOMETRIC_REPRESENTATION_ITEM() RATIONAL_B_SPLINE_CURVE((1.,0.5,1.,0.5,
1.,0.5,1.)) REPRESENTATION_ITEM('') );
#5651 = CARTESIAN_POINT('',(5.494953041903,15.386680746785));
#5652 = CARTESIAN_POINT('',(5.494953041903,12.788604535431));
#5653 = CARTESIAN_POINT('',(3.244953041903,14.087642641108));
#5654 = CARTESIAN_POINT('',(0.994953041903,15.386680746785));
#5655 = CARTESIAN_POINT('',(3.244953041903,16.685718852461));
#5656 = CARTESIAN_POINT('',(5.494953041903,17.984756958138));
#5657 = CARTESIAN_POINT('',(5.494953041903,15.386680746785));
#5658 = ( GEOMETRIC_REPRESENTATION_CONTEXT(2) 
PARAMETRIC_REPRESENTATION_CONTEXT() REPRESENTATION_CONTEXT('2D SPACE',''
  ) );
#5659 = ORIENTED_EDGE('',*,*,#5460,.F.);
#5660 = ORIENTED_EDGE('',*,*,#5661,.T.);
#5661 = EDGE_CURVE('',#5433,#4762,#5662,.T.);
#5662 = SURFACE_CURVE('',#5663,(#5668,#5675),.PCURVE_S1.);
#5663 = CIRCLE('',#5664,1.5);
#5664 = AXIS2_PLACEMENT_3D('',#5665,#5666,#5667);
#5665 = CARTESIAN_POINT('',(46.000000685453,-53.99495378696,
    -15.38668074678));
#5666 = DIRECTION('',(1.,0.,0.));
#5667 = DIRECTION('',(0.,-1.,0.));
#5668 = PCURVE('',#4834,#5669);
#5669 = DEFINITIONAL_REPRESENTATION('',(#5670),#5674);
#5670 = LINE('',#5671,#5672);
#5671 = CARTESIAN_POINT('',(0.,0.));
#5672 = VECTOR('',#5673,1.);
#5673 = DIRECTION('',(1.,0.));
#5674 = ( GEOMETRIC_REPRESENTATION_CONTEXT(2) 
PARAMETRIC_REPRESENTATION_CONTEXT() REPRESENTATION_CONTEXT('2D SPACE',''
  ) );
#5675 = PCURVE('',#1550,#5676);
#5676 = DEFINITIONAL_REPRESENTATION('',(#5677),#5685);
#5677 = ( BOUNDED_CURVE() B_SPLINE_CURVE(2,(#5678,#5679,#5680,#5681,
#5682,#5683,#5684),.UNSPECIFIED.,.T.,.F.) B_SPLINE_CURVE_WITH_KNOTS((1,2
    ,2,2,2,1),(-2.094395102393,0.,2.094395102393,4.188790204786,
6.28318530718,8.377580409573),.UNSPECIFIED.) CURVE() 
GEOMETRIC_REPRESENTATION_ITEM() RATIONAL_B_SPLINE_CURVE((1.,0.5,1.,0.5,
1.,0.5,1.)) REPRESENTATION_ITEM('') );
#5678 = CARTESIAN_POINT('',(1.111449089494,15.386680746785));
#5679 = CARTESIAN_POINT('',(1.111449089494,17.984756958138));
#5680 = CARTESIAN_POINT('',(3.361449089494,16.685718852461));
#5681 = CARTESIAN_POINT('',(5.611449089494,15.386680746785));
#5682 = CARTESIAN_POINT('',(3.361449089495,14.087642641108));
#5683 = CARTESIAN_POINT('',(1.111449089495,12.788604535431));
#5684 = CARTESIAN_POINT('',(1.111449089494,15.386680746785));
#5685 = ( GEOMETRIC_REPRESENTATION_CONTEXT(2) 
PARAMETRIC_REPRESENTATION_CONTEXT() REPRESENTATION_CONTEXT('2D SPACE',''
  ) );
#5686 = ORIENTED_EDGE('',*,*,#4761,.T.);
#5687 = ADVANCED_FACE('',(#5688),#1398,.F.);
#5688 = FACE_BOUND('',#5689,.F.);
#5689 = EDGE_LOOP('',(#5690,#5691,#5927,#5948,#5949));
#5690 = ORIENTED_EDGE('',*,*,#1372,.F.);
#5691 = ORIENTED_EDGE('',*,*,#5692,.F.);
#5692 = EDGE_CURVE('',#5693,#1373,#5695,.T.);
#5693 = VERTEX_POINT('',#5694);
#5694 = CARTESIAN_POINT('',(51.004175440629,-54.60640287645,
    -3.329102786308));
#5695 = SURFACE_CURVE('',#5696,(#5782,#5788),.PCURVE_S1.);
#5696 = B_SPLINE_CURVE_WITH_KNOTS('',3,(#5697,#5698,#5699,#5700,#5701,
    #5702,#5703,#5704,#5705,#5706,#5707,#5708,#5709,#5710,#5711,#5712,
    #5713,#5714,#5715,#5716,#5717,#5718,#5719,#5720,#5721,#5722,#5723,
    #5724,#5725,#5726,#5727,#5728,#5729,#5730,#5731,#5732,#5733,#5734,
    #5735,#5736,#5737,#5738,#5739,#5740,#5741,#5742,#5743,#5744,#5745,
    #5746,#5747,#5748,#5749,#5750,#5751,#5752,#5753,#5754,#5755,#5756,
    #5757,#5758,#5759,#5760,#5761,#5762,#5763,#5764,#5765,#5766,#5767,
    #5768,#5769,#5770,#5771,#5772,#5773,#5774,#5775,#5776,#5777,#5778,
    #5779,#5780,#5781),.UNSPECIFIED.,.F.,.F.,(4,3,3,3,3,3,3,3,3,3,3,3,3,
    3,3,3,3,3,3,3,3,3,3,3,3,3,3,3,4),(-0.79667709959,-0.744479623915,
    -0.721764582495,-0.706753496912,-0.643302572475,-0.602584199733,
    -0.576747872674,-0.555034050185,-0.489857939485,-0.394989489731,
    -0.337623533561,-0.277121040332,-0.212478880745,-0.182725590197,
    -0.153716121522,-0.111193404047,-7.036111109172E-02,
    -3.21373355733E-02,-2.952881813641E-02,0.,2.664068504703E-02,
    5.321457222136E-02,7.963600642839E-02,9.283059923593E-02,
    0.107537534711,0.12062634914,0.122984886973,0.135879439162,
    0.138255907885),.UNSPECIFIED.);
#5697 = CARTESIAN_POINT('',(51.004175440629,-54.60640287645,
    -3.329102786308));
#5698 = CARTESIAN_POINT('',(51.009581745571,-54.60640287647,
    -3.218512935895));
#5699 = CARTESIAN_POINT('',(51.020414431584,-54.61497211906,
    -3.108246322422));
#5700 = CARTESIAN_POINT('',(51.036302268617,-54.6314477669,
    -2.999196057812));
#5701 = CARTESIAN_POINT('',(51.043216259603,-54.63861755851,
    -2.951740098584));
#5702 = CARTESIAN_POINT('',(51.051087208031,-54.64728405711,
    -2.904514431562));
#5703 = CARTESIAN_POINT('',(51.059882902136,-54.65739012055,
    -2.85759215225));
#5704 = CARTESIAN_POINT('',(51.065695478681,-54.66406864604,
    -2.826583872868));
#5705 = CARTESIAN_POINT('',(51.071911379903,-54.67137521256,
    -2.795710401732));
#5706 = CARTESIAN_POINT('',(51.078522745243,-54.67929498518,
    -2.764985133012));
#5707 = CARTESIAN_POINT('',(51.106468575028,-54.7127713711,
    -2.63511133454));
#5708 = CARTESIAN_POINT('',(51.141503862354,-54.75723330871,
    -2.507789017296));
#5709 = CARTESIAN_POINT('',(51.18297378374,-54.81150254715,
    -2.384533063134));
#5710 = CARTESIAN_POINT('',(51.209586283582,-54.84632875495,
    -2.305435998297));
#5711 = CARTESIAN_POINT('',(51.238848192384,-54.88519302016,
    -2.228013441151));
#5712 = CARTESIAN_POINT('',(51.270490900371,-54.92766818285,
    -2.152395439673));
#5713 = CARTESIAN_POINT('',(51.29056860234,-54.95461921555,
    -2.104414852873));
#5714 = CARTESIAN_POINT('',(51.311604766383,-54.98302392303,
    -2.057160748467));
#5715 = CARTESIAN_POINT('',(51.333530242712,-55.01277238541,
    -2.010665840566));
#5716 = CARTESIAN_POINT('',(51.35195723893,-55.03777411379,
    -1.971589768549));
#5717 = CARTESIAN_POINT('',(51.371011708051,-55.06372403754,
    -1.93305090102));
#5718 = CARTESIAN_POINT('',(51.390660279345,-55.09056742503,
    -1.895054240041));
#5719 = CARTESIAN_POINT('',(51.449637341467,-55.17114041468,
    -1.781003635479));
#5720 = CARTESIAN_POINT('',(51.513954609011,-55.25974648177,
    -1.671867569134));
#5721 = CARTESIAN_POINT('',(51.582528640964,-55.35465937266,
    -1.568158164386));
#5722 = CARTESIAN_POINT('',(51.682343005994,-55.49281181417,
    -1.417201773346));
#5723 = CARTESIAN_POINT('',(51.791176666037,-55.64432695074,
    -1.277744469748));
#5724 = CARTESIAN_POINT('',(51.907492166811,-55.80515058012,
    -1.14944024727));
#5725 = CARTESIAN_POINT('',(51.977826929703,-55.90239894138,
    -1.071856030154));
#5726 = CARTESIAN_POINT('',(52.050791086294,-56.00293866206,
    -0.998460163858));
#5727 = CARTESIAN_POINT('',(52.126114998793,-56.10595023344,
    -0.929062346946));
#5728 = CARTESIAN_POINT('',(52.20555731633,-56.21459405839,
    -0.855870139788));
#5729 = CARTESIAN_POINT('',(52.287624962637,-56.32598851309,
    -0.787124754129));
#5730 = CARTESIAN_POINT('',(52.372028348691,-56.43920937241,
    -0.722643608641));
#5731 = CARTESIAN_POINT('',(52.462206734073,-56.56017696342,
    -0.653750571768));
#5732 = CARTESIAN_POINT('',(52.555052151337,-56.68323117671,
    -0.589724859267));
#5733 = CARTESIAN_POINT('',(52.650231681301,-56.807263877,
    -0.530395592935));
#5734 = CARTESIAN_POINT('',(52.694040616946,-56.86435325941,
    -0.503087704238));
#5735 = CARTESIAN_POINT('',(52.738344244986,-56.92165002431,
    -0.476775511236));
#5736 = CARTESIAN_POINT('',(52.783110684608,-56.97904563221,
    -0.451445955383));
#5737 = CARTESIAN_POINT('',(52.826757978874,-57.03500636995,
    -0.42674962958));
#5738 = CARTESIAN_POINT('',(52.870845079731,-57.09106117652,
    -0.402987432878));
#5739 = CARTESIAN_POINT('',(52.915487985696,-57.14705001555,
    -0.380153380909));
#5740 = CARTESIAN_POINT('',(52.980926539529,-57.22911968772,
    -0.346682725121));
#5741 = CARTESIAN_POINT('',(53.047367226426,-57.31101980987,
    -0.315304965289));
#5742 = CARTESIAN_POINT('',(53.115112327787,-57.39201772186,
    -0.285990385609));
#5743 = CARTESIAN_POINT('',(53.180164327974,-57.4697956878,
    -0.257841161467));
#5744 = CARTESIAN_POINT('',(53.246419950525,-57.54674160917,
    -0.231594584749));
#5745 = CARTESIAN_POINT('',(53.314118079444,-57.62224601366,
    -0.207228227521));
#5746 = CARTESIAN_POINT('',(53.377491402261,-57.69292691839,
    -0.18441848304));
#5747 = CARTESIAN_POINT('',(53.442129148399,-57.76234471533,
    -0.163256625529));
#5748 = CARTESIAN_POINT('',(53.508193669743,-57.83003436791,
    -0.143724396934));
#5749 = CARTESIAN_POINT('',(53.512702132174,-57.8346537347,
    -0.142391452761));
#5750 = CARTESIAN_POINT('',(53.517217224491,-57.83926506721,
    -0.14106609731));
#5751 = CARTESIAN_POINT('',(53.521738991593,-57.84386822385,
    -0.139748324398));
#5752 = CARTESIAN_POINT('',(53.572926089877,-57.89597666423,
    -0.124830932579));
#5753 = CARTESIAN_POINT('',(53.624969612318,-57.94703334495,
    -0.110885726774));
#5754 = CARTESIAN_POINT('',(53.677834495567,-57.99573145117,
    -9.803549075488E-02));
#5755 = CARTESIAN_POINT('',(53.725528808904,-58.03966652857,
    -8.644210124002E-02));
#5756 = CARTESIAN_POINT('',(53.774200948621,-58.08208608248,
    -7.566356708909E-02));
#5757 = CARTESIAN_POINT('',(53.823889996067,-58.12195407076,
    -6.581505071725E-02));
#5758 = CARTESIAN_POINT('',(53.873454455024,-58.16172209552,
    -5.599122815271E-02));
#5759 = CARTESIAN_POINT('',(53.924030769597,-58.19895135487,
    -4.709278166157E-02));
#5760 = CARTESIAN_POINT('',(53.975656002949,-58.23256235806,
    -3.924114716041E-02));
#5761 = CARTESIAN_POINT('',(54.026985065103,-58.26598053672,
    -3.143455706582E-02));
#5762 = CARTESIAN_POINT('',(54.079351081796,-58.29582187434,
    -2.466283675475E-02));
#5763 = CARTESIAN_POINT('',(54.132788198266,-58.32097439995,
    -1.905202557559E-02));
#5764 = CARTESIAN_POINT('',(54.159474145255,-58.33353531285,
    -1.625004411429E-02));
#5765 = CARTESIAN_POINT('',(54.186427174767,-58.34492608387,
    -1.373768337558E-02));
#5766 = CARTESIAN_POINT('',(54.213651282278,-58.35500338801,
    -1.153122240554E-02));
#5767 = CARTESIAN_POINT('',(54.243995772507,-58.36623573628,
    -9.071860484557E-03));
#5768 = CARTESIAN_POINT('',(54.274613751112,-58.37581023989,
    -6.99859496031E-03));
#5769 = CARTESIAN_POINT('',(54.305408455273,-58.38362738186,
    -5.332074891815E-03));
#5770 = CARTESIAN_POINT('',(54.332814992066,-58.39058444786,
    -3.848912613897E-03));
#5771 = CARTESIAN_POINT('',(54.360361794412,-58.39614947341,
    -2.687628052902E-03));
#5772 = CARTESIAN_POINT('',(54.387996793325,-58.40028244467,
    -1.85555884682E-03));
#5773 = CARTESIAN_POINT('',(54.392976479668,-58.40102718508,
    -1.705624205069E-03));
#5774 = CARTESIAN_POINT('',(54.39795844173,-58.4017252846,
    -1.566382414092E-03));
#5775 = CARTESIAN_POINT('',(54.402943032805,-58.40237513879,
    -1.437837657442E-03));
#5776 = CARTESIAN_POINT('',(54.430194692222,-58.40592800904,
    -7.350602630177E-04));
#5777 = CARTESIAN_POINT('',(54.457528989691,-58.40803957463,
    -3.516487068619E-04));
#5778 = CARTESIAN_POINT('',(54.484878348254,-58.40861117428,
    -2.75431221197E-04));
#5779 = CARTESIAN_POINT('',(54.489918840881,-58.40871652022,
    -2.61384322303E-04));
#5780 = CARTESIAN_POINT('',(54.494959705789,-58.40876952977,
    -2.577810902363E-04));
#5781 = CARTESIAN_POINT('',(54.500000330002,-58.40876953981,
    -2.645536006424E-04));
#5782 = PCURVE('',#1398,#5783);
#5783 = DEFINITIONAL_REPRESENTATION('',(#5784),#5787);
#5784 = B_SPLINE_CURVE_WITH_KNOTS('',1,(#5785,#5786),.UNSPECIFIED.,.F.,
  .F.,(2,2),(-0.79667709959,0.138255907885),.PIECEWISE_BEZIER_KNOTS.);
#5785 = CARTESIAN_POINT('',(1.,0.79667709959));
#5786 = CARTESIAN_POINT('',(0.996771771135,-0.13854023453));
#5787 = ( GEOMETRIC_REPRESENTATION_CONTEXT(2) 
PARAMETRIC_REPRESENTATION_CONTEXT() REPRESENTATION_CONTEXT('2D SPACE',''
  ) );
#5788 = PCURVE('',#1494,#5789);
#5789 = DEFINITIONAL_REPRESENTATION('',(#5790),#5926);
#5790 = B_SPLINE_CURVE_WITH_KNOTS('',3,(#5791,#5792,#5793,#5794,#5795,
    #5796,#5797,#5798,#5799,#5800,#5801,#5802,#5803,#5804,#5805,#5806,
    #5807,#5808,#5809,#5810,#5811,#5812,#5813,#5814,#5815,#5816,#5817,
    #5818,#5819,#5820,#5821,#5822,#5823,#5824,#5825,#5826,#5827,#5828,
    #5829,#5830,#5831,#5832,#5833,#5834,#5835,#5836,#5837,#5838,#5839,
    #5840,#5841,#5842,#5843,#5844,#5845,#5846,#5847,#5848,#5849,#5850,
    #5851,#5852,#5853,#5854,#5855,#5856,#5857,#5858,#5859,#5860,#5861,
    #5862,#5863,#5864,#5865,#5866,#5867,#5868,#5869,#5870,#5871,#5872,
    #5873,#5874,#5875,#5876,#5877,#5878,#5879,#5880,#5881,#5882,#5883,
    #5884,#5885,#5886,#5887,#5888,#5889,#5890,#5891,#5892,#5893,#5894,
    #5895,#5896,#5897,#5898,#5899,#5900,#5901,#5902,#5903,#5904,#5905,
    #5906,#5907,#5908,#5909,#5910,#5911,#5912,#5913,#5914,#5915,#5916,
    #5917,#5918,#5919,#5920,#5921,#5922,#5923,#5924,#5925),
  .UNSPECIFIED.,.F.,.F.,(4,1,1,1,1,1,1,1,1,1,1,1,1,1,1,1,1,1,1,1,1,1,1,1
    ,1,1,1,1,1,1,1,1,1,1,1,1,1,1,1,1,1,1,1,1,1,1,1,1,1,1,1,1,1,1,1,1,1,1
    ,1,1,1,1,1,1,1,1,1,1,1,1,1,1,1,1,1,1,1,1,1,1,1,1,1,1,1,1,1,1,1,1,1,1
    ,1,1,1,1,1,1,1,1,1,1,1,1,1,1,1,1,1,1,1,1,1,1,1,1,1,1,1,1,1,1,1,1,1,1
    ,1,1,1,1,1,1,4),(-0.79667709959,-0.789594273776,-0.782511447962,
    -0.775428622148,-0.768345796334,-0.761262970519,-0.754180144705,
    -0.747097318891,-0.740014493077,-0.732931667263,-0.725848841448,
    -0.718766015634,-0.71168318982,-0.704600364006,-0.697517538192,
    -0.690434712377,-0.683351886563,-0.676269060749,-0.669186234935,
    -0.662103409121,-0.655020583306,-0.647937757492,-0.640854931678,
    -0.633772105864,-0.626689280049,-0.619606454235,-0.612523628421,
    -0.605440802607,-0.598357976793,-0.591275150978,-0.584192325164,
    -0.57710949935,-0.570026673536,-0.562943847722,-0.555861021907,
    -0.548778196093,-0.541695370279,-0.534612544465,-0.527529718651,
    -0.520446892836,-0.513364067022,-0.506281241208,-0.499198415394,
    -0.49211558958,-0.485032763765,-0.477949937951,-0.470867112137,
    -0.463784286323,-0.456701460508,-0.449618634694,-0.44253580888,
    -0.435452983066,-0.428370157252,-0.421287331437,-0.414204505623,
    -0.407121679809,-0.400038853995,-0.392956028181,-0.385873202366,
    -0.378790376552,-0.371707550738,-0.364624724924,-0.35754189911,
    -0.350459073295,-0.343376247481,-0.336293421667,-0.329210595853,
    -0.322127770039,-0.315044944224,-0.30796211841,-0.300879292596,
    -0.293796466782,-0.286713640967,-0.279630815153,-0.272547989339,
    -0.265465163525,-0.258382337711,-0.251299511896,-0.244216686082,
    -0.237133860268,-0.230051034454,-0.22296820864,-0.215885382825,
    -0.208802557011,-0.201719731197,-0.194636905383,-0.187554079569,
    -0.180471253754,-0.17338842794,-0.166305602126,-0.159222776312,
    -0.152139950498,-0.145057124683,-0.137974298869,-0.130891473055,
    -0.123808647241,-0.116725821426,-0.109642995612,-0.102560169798,
    -9.547734398384E-02,-8.839451816963E-02,-8.131169235542E-02,
    -7.422886654121E-02,-6.714604072701E-02,-6.00632149128E-02,
    -5.298038909859E-02,-4.589756328438E-02,-3.881473747017E-02,
    -3.173191165596E-02,-2.464908584175E-02,-1.756626002754E-02,
    -1.048343421334E-02,-3.400608399127E-03,3.682217415081E-03,
    1.076504322929E-02,1.78478690435E-02,2.493069485771E-02,
    3.201352067192E-02,3.909634648612E-02,4.617917230033E-02,
    5.326199811454E-02,6.034482392875E-02,6.742764974296E-02,
    7.451047555717E-02,8.159330137138E-02,8.867612718559E-02,
    9.575895299979E-02,0.102841778814,0.109924604628,0.117007430442,
    0.124090256257,0.131173082071,0.138255907885),.UNSPECIFIED.);
#5791 = CARTESIAN_POINT('',(5.546634342105,-50.22546380454));
#5792 = CARTESIAN_POINT('',(5.550926958363,-50.22546380454));
#5793 = CARTESIAN_POINT('',(5.559511602558,-50.22577936789));
#5794 = CARTESIAN_POINT('',(5.572385156225,-50.22718946657));
#5795 = CARTESIAN_POINT('',(5.585253674265,-50.22952638242));
#5796 = CARTESIAN_POINT('',(5.598115447364,-50.23278017927));
#5797 = CARTESIAN_POINT('',(5.610968715179,-50.23694091986));
#5798 = CARTESIAN_POINT('',(5.623811662358,-50.24199867098));
#5799 = CARTESIAN_POINT('',(5.636642425743,-50.24794348426));
#5800 = CARTESIAN_POINT('',(5.649459096508,-50.25476546797));
#5801 = CARTESIAN_POINT('',(5.662259734949,-50.26245399587));
#5802 = CARTESIAN_POINT('',(5.675042366579,-50.27099870006));
#5803 = CARTESIAN_POINT('',(5.687804980467,-50.28038919651));
#5804 = CARTESIAN_POINT('',(5.700545158604,-50.29061464625));
#5805 = CARTESIAN_POINT('',(5.713262049511,-50.30166539742));
#5806 = CARTESIAN_POINT('',(5.725956923596,-50.31353434197));
#5807 = CARTESIAN_POINT('',(5.738627972331,-50.32621181594));
#5808 = CARTESIAN_POINT('',(5.7512732607,-50.33968794089));
#5809 = CARTESIAN_POINT('',(5.763890876361,-50.35395289536));
#5810 = CARTESIAN_POINT('',(5.776478893877,-50.36899684444));
#5811 = CARTESIAN_POINT('',(5.789035393962,-50.38480995001));
#5812 = CARTESIAN_POINT('',(5.801558447321,-50.40138240029));
#5813 = CARTESIAN_POINT('',(5.814046184693,-50.41870428131));
#5814 = CARTESIAN_POINT('',(5.82649655705,-50.43676606154));
#5815 = CARTESIAN_POINT('',(5.838908330939,-50.45555658142));
#5816 = CARTESIAN_POINT('',(5.851281833413,-50.47506195437));
#5817 = CARTESIAN_POINT('',(5.863617053442,-50.49526879733));
#5818 = CARTESIAN_POINT('',(5.875913997058,-50.51616359316));
#5819 = CARTESIAN_POINT('',(5.88817259462,-50.53773285755));
#5820 = CARTESIAN_POINT('',(5.900392724937,-50.55996310889));
#5821 = CARTESIAN_POINT('',(5.912574224099,-50.58284075488));
#5822 = CARTESIAN_POINT('',(5.924716864782,-50.60635217975));
#5823 = CARTESIAN_POINT('',(5.936820413683,-50.63048389635));
#5824 = CARTESIAN_POINT('',(5.948884415744,-50.65522194121));
#5825 = CARTESIAN_POINT('',(5.960909269129,-50.68055436735));
#5826 = CARTESIAN_POINT('',(5.972895635778,-50.70647001162));
#5827 = CARTESIAN_POINT('',(5.984843813161,-50.73295708496));
#5828 = CARTESIAN_POINT('',(5.996752880095,-50.76000145596));
#5829 = CARTESIAN_POINT('',(6.008622464991,-50.78759004468));
#5830 = CARTESIAN_POINT('',(6.020452004512,-50.81570950142));
#5831 = CARTESIAN_POINT('',(6.032240938073,-50.84434654929));
#5832 = CARTESIAN_POINT('',(6.04398865636,-50.87348788987));
#5833 = CARTESIAN_POINT('',(6.055694522968,-50.90312023807));
#5834 = CARTESIAN_POINT('',(6.067357849656,-50.93323027705));
#5835 = CARTESIAN_POINT('',(6.078977984038,-50.96380480358));
#5836 = CARTESIAN_POINT('',(6.090553993992,-50.9948301918));
#5837 = CARTESIAN_POINT('',(6.102086425772,-51.02629541869));
#5838 = CARTESIAN_POINT('',(6.113576493023,-51.05819057626));
#5839 = CARTESIAN_POINT('',(6.125025229675,-51.09050548386));
#5840 = CARTESIAN_POINT('',(6.136433698922,-51.12323003387));
#5841 = CARTESIAN_POINT('',(6.147802936292,-51.15635409917));
#5842 = CARTESIAN_POINT('',(6.159133963869,-51.18986755761));
#5843 = CARTESIAN_POINT('',(6.170427786116,-51.22376028668));
#5844 = CARTESIAN_POINT('',(6.181685388414,-51.25802216032));
#5845 = CARTESIAN_POINT('',(6.192907743414,-51.29264306705));
#5846 = CARTESIAN_POINT('',(6.204095783663,-51.3276128406));
#5847 = CARTESIAN_POINT('',(6.215250501564,-51.36292151929));
#5848 = CARTESIAN_POINT('',(6.22637257396,-51.39855837792));
#5849 = CARTESIAN_POINT('',(6.237463761108,-51.4345155407));
#5850 = CARTESIAN_POINT('',(6.248520704205,-51.47077197875));
#5851 = CARTESIAN_POINT('',(6.259544241236,-51.50731731218));
#5852 = CARTESIAN_POINT('',(6.270535732807,-51.54414258785));
#5853 = CARTESIAN_POINT('',(6.281496370084,-51.58123847009));
#5854 = CARTESIAN_POINT('',(6.292427359312,-51.61859572654));
#5855 = CARTESIAN_POINT('',(6.303329871193,-51.65620509421));
#5856 = CARTESIAN_POINT('',(6.314205054505,-51.69405732927));
#5857 = CARTESIAN_POINT('',(6.325054028089,-51.7321431419));
#5858 = CARTESIAN_POINT('',(6.335877896688,-51.77045341895));
#5859 = CARTESIAN_POINT('',(6.346677711285,-51.80897931778));
#5860 = CARTESIAN_POINT('',(6.357454498376,-51.84771192719));
#5861 = CARTESIAN_POINT('',(6.368209262224,-51.88664235439));
#5862 = CARTESIAN_POINT('',(6.378942983616,-51.92576170157));
#5863 = CARTESIAN_POINT('',(6.389656619437,-51.96506107255));
#5864 = CARTESIAN_POINT('',(6.400351102616,-52.00453156967));
#5865 = CARTESIAN_POINT('',(6.411027339913,-52.04416429956));
#5866 = CARTESIAN_POINT('',(6.42168621809,-52.08395035317));
#5867 = CARTESIAN_POINT('',(6.43232859103,-52.12388107687));
#5868 = CARTESIAN_POINT('',(6.442955254823,-52.16394771058));
#5869 = CARTESIAN_POINT('',(6.453566992083,-52.20414151191));
#5870 = CARTESIAN_POINT('',(6.464164561761,-52.24445373371));
#5871 = CARTESIAN_POINT('',(6.474748701491,-52.28487563013));
#5872 = CARTESIAN_POINT('',(6.485320126448,-52.32539845491));
#5873 = CARTESIAN_POINT('',(6.495879529718,-52.36601346214));
#5874 = CARTESIAN_POINT('',(6.506427580179,-52.4067119049));
#5875 = CARTESIAN_POINT('',(6.51696492895,-52.44748504));
#5876 = CARTESIAN_POINT('',(6.527492162853,-52.4883241283));
#5877 = CARTESIAN_POINT('',(6.538009840542,-52.52922040253));
#5878 = CARTESIAN_POINT('',(6.548518567584,-52.57016498396));
#5879 = CARTESIAN_POINT('',(6.559018678762,-52.61114944333));
#5880 = CARTESIAN_POINT('',(6.569511517001,-52.65216350912));
#5881 = CARTESIAN_POINT('',(6.580001222191,-52.69319275953));
#5882 = CARTESIAN_POINT('',(6.590490763897,-52.73422299705));
#5883 = CARTESIAN_POINT('',(6.600986316204,-52.77524157996));
#5884 = CARTESIAN_POINT('',(6.611481178148,-52.81622866144));
#5885 = CARTESIAN_POINT('',(6.621976545756,-52.85716235004));
#5886 = CARTESIAN_POINT('',(6.632476483903,-52.89802275445));
#5887 = CARTESIAN_POINT('',(6.642984329198,-52.93878944311));
#5888 = CARTESIAN_POINT('',(6.653503648478,-52.97944214538));
#5889 = CARTESIAN_POINT('',(6.664037982871,-53.01996048721));
#5890 = CARTESIAN_POINT('',(6.674590896507,-53.06032435639));
#5891 = CARTESIAN_POINT('',(6.685165711832,-53.10051477202));
#5892 = CARTESIAN_POINT('',(6.69576578266,-53.14051262225));
#5893 = CARTESIAN_POINT('',(6.70639446964,-53.1802988197));
#5894 = CARTESIAN_POINT('',(6.717055130689,-53.21985431007));
#5895 = CARTESIAN_POINT('',(6.727751165072,-53.25915988231));
#5896 = CARTESIAN_POINT('',(6.738485803847,-53.2981970584));
#5897 = CARTESIAN_POINT('',(6.749262025869,-53.33694827491));
#5898 = CARTESIAN_POINT('',(6.760082840908,-53.37539555285));
#5899 = CARTESIAN_POINT('',(6.770951246565,-53.41352185717));
#5900 = CARTESIAN_POINT('',(6.781870166119,-53.45130679257));
#5901 = CARTESIAN_POINT('',(6.792842717597,-53.48874246707));
#5902 = CARTESIAN_POINT('',(6.803869435749,-53.52574544467));
#5903 = CARTESIAN_POINT('',(6.81494947365,-53.56220043254));
#5904 = CARTESIAN_POINT('',(6.826083686386,-53.59800514685));
#5905 = CARTESIAN_POINT('',(6.83726782607,-53.63303478654));
#5906 = CARTESIAN_POINT('',(6.848548365114,-53.667379409));
#5907 = CARTESIAN_POINT('',(6.859922218398,-53.70089882386));
#5908 = CARTESIAN_POINT('',(6.871392609117,-53.7334823362));
#5909 = CARTESIAN_POINT('',(6.882961211909,-53.76501200418));
#5910 = CARTESIAN_POINT('',(6.894630166362,-53.79536685336));
#5911 = CARTESIAN_POINT('',(6.906401570661,-53.82442382038));
#5912 = CARTESIAN_POINT('',(6.918277673528,-53.85206038929));
#5913 = CARTESIAN_POINT('',(6.93026081069,-53.87815385999));
#5914 = CARTESIAN_POINT('',(6.942353363919,-53.90257573772));
#5915 = CARTESIAN_POINT('',(6.95455767292,-53.92519733388));
#5916 = CARTESIAN_POINT('',(6.966876757931,-53.94589073414));
#5917 = CARTESIAN_POINT('',(6.979311616549,-53.96452470987));
#5918 = CARTESIAN_POINT('',(6.99187105049,-53.9809660781));
#5919 = CARTESIAN_POINT('',(7.004520761039,-53.99506634651));
#5920 = CARTESIAN_POINT('',(7.017242504119,-54.00676642098));
#5921 = CARTESIAN_POINT('',(7.030021975187,-54.01600125535));
#5922 = CARTESIAN_POINT('',(7.042846205798,-54.02275430081));
#5923 = CARTESIAN_POINT('',(7.055705138071,-54.02688909862));
#5924 = CARTESIAN_POINT('',(7.064290156724,-54.02783152779));
#5925 = CARTESIAN_POINT('',(7.068583369012,-54.0278304679));
#5926 = ( GEOMETRIC_REPRESENTATION_CONTEXT(2) 
PARAMETRIC_REPRESENTATION_CONTEXT() REPRESENTATION_CONTEXT('2D SPACE',''
  ) );
#5927 = ORIENTED_EDGE('',*,*,#5928,.F.);
#5928 = EDGE_CURVE('',#5171,#5693,#5929,.T.);
#5929 = SURFACE_CURVE('',#5930,(#5935,#5941),.PCURVE_S1.);
#5930 = CIRCLE('',#5931,2.);
#5931 = AXIS2_PLACEMENT_3D('',#5932,#5933,#5934);
#5932 = CARTESIAN_POINT('',(49.006561015015,-54.60640287645,
    -3.231447235627));
#5933 = DIRECTION('',(4.882777534048E-02,-1.678029966876E-10,
    0.998807212807));
#5934 = DIRECTION('',(1.615587133893E-27,-1.,-1.680033889784E-10));
#5935 = PCURVE('',#1398,#5936);
#5936 = DEFINITIONAL_REPRESENTATION('',(#5937),#5940);
#5937 = B_SPLINE_CURVE_WITH_KNOTS('',1,(#5938,#5939),.UNSPECIFIED.,.F.,
  .F.,(2,2),(0.,1.570796326787),.PIECEWISE_BEZIER_KNOTS.);
#5938 = CARTESIAN_POINT('',(7.981363948625E-04,0.796677099603));
#5939 = CARTESIAN_POINT('',(1.,0.79667709959));
#5940 = ( GEOMETRIC_REPRESENTATION_CONTEXT(2) 
PARAMETRIC_REPRESENTATION_CONTEXT() REPRESENTATION_CONTEXT('2D SPACE',''
  ) );
#5941 = PCURVE('',#5311,#5942);
#5942 = DEFINITIONAL_REPRESENTATION('',(#5943),#5947);
#5943 = LINE('',#5944,#5945);
#5944 = CARTESIAN_POINT('',(4.663541782123,1.570796326803));
#5945 = VECTOR('',#5946,1.);
#5946 = DIRECTION('',(-3.88463053737E-11,1.));
#5947 = ( GEOMETRIC_REPRESENTATION_CONTEXT(2) 
PARAMETRIC_REPRESENTATION_CONTEXT() REPRESENTATION_CONTEXT('2D SPACE',''
  ) );
#5948 = ORIENTED_EDGE('',*,*,#5170,.F.);
#5949 = ORIENTED_EDGE('',*,*,#5950,.F.);
#5950 = EDGE_CURVE('',#1350,#5148,#5951,.T.);
#5951 = SURFACE_CURVE('',#5952,(#5977,#6028),.PCURVE_S1.);
#5952 = B_SPLINE_CURVE_WITH_KNOTS('',3,(#5953,#5954,#5955,#5956,#5957,
    #5958,#5959,#5960,#5961,#5962,#5963,#5964,#5965,#5966,#5967,#5968,
    #5969,#5970,#5971,#5972,#5973,#5974,#5975,#5976),.UNSPECIFIED.,.F.,
  .F.,(4,2,2,2,2,2,2,2,2,2,2,4),(0.,2.805859203557E-02,
    6.946095498668E-02,0.126153842706,0.132064499881,0.134952346162,
    0.137221762534,0.139751868084,0.143961712207,0.153099406325,
    0.178130948519,0.274955690966),.UNSPECIFIED.);
#5953 = CARTESIAN_POINT('',(55.790154306137,-58.76187739876,
    2.775557561563E-16));
#5954 = CARTESIAN_POINT('',(55.696625666018,-58.76187739876,
    2.464044612398E-16));
#5955 = CARTESIAN_POINT('',(55.603366909,-58.76187739874,
    1.42366705208E-03));
#5956 = CARTESIAN_POINT('',(55.371585831882,-58.76187739874,
    7.120518237982E-03));
#5957 = CARTESIAN_POINT('',(55.226738322629,-58.76187739876,
    1.269361424943E-02));
#5958 = CARTESIAN_POINT('',(54.922849138018,-58.76187739876,
    2.39826538789E-02));
#5959 = CARTESIAN_POINT('',(54.766274684688,-58.76187739876,
    2.943874446474E-02));
#5960 = CARTESIAN_POINT('',(54.576338370277,-58.76187739876,
    3.115218555739E-02));
#5961 = CARTESIAN_POINT('',(54.558430321617,-58.76187739876,
    3.12686490714E-02));
#5962 = CARTESIAN_POINT('',(54.531735192474,-58.76187739876,
    3.137308698804E-02));
#5963 = CARTESIAN_POINT('',(54.522976254053,-58.76187739876,
    3.139627713434E-02));
#5964 = CARTESIAN_POINT('',(54.507328739275,-58.76187739876,
    3.141780399249E-02));
#5965 = CARTESIAN_POINT('',(54.500444608089,-58.76187739876,
    3.142039501257E-02));
#5966 = CARTESIAN_POINT('',(54.485882494103,-58.76187739876,
    3.141131379562E-02));
#5967 = CARTESIAN_POINT('',(54.478207979252,-58.76187739876,
    3.139797132329E-02));
#5968 = CARTESIAN_POINT('',(54.457758539004,-58.76187739876,
    3.133969396177E-02));
#5969 = CARTESIAN_POINT('',(54.44499482686,-58.76187739876,
    3.127970770863E-02));
#5970 = CARTESIAN_POINT('',(54.404498230541,-58.76187739876,
    3.101556550996E-02));
#5971 = CARTESIAN_POINT('',(54.37686355855,-58.76187739876,
    3.07257032063E-02));
#5972 = CARTESIAN_POINT('',(54.273201561836,-58.76187739876,
    2.925599669408E-02));
#5973 = CARTESIAN_POINT('',(54.19857608918,-58.76187739876,
    2.743317324396E-02));
#5974 = CARTESIAN_POINT('',(53.828962619895,-58.76187739876,
    1.616485955439E-02));
#5975 = CARTESIAN_POINT('',(53.520699116481,-58.76187739876,
    4.453696418957E-16));
#5976 = CARTESIAN_POINT('',(53.20984706477,-58.76187739876,
    1.967826943061E-16));
#5977 = PCURVE('',#1398,#5978);
#5978 = DEFINITIONAL_REPRESENTATION('',(#5979),#6027);
#5979 = B_SPLINE_CURVE_WITH_KNOTS('',3,(#5980,#5981,#5982,#5983,#5984,
    #5985,#5986,#5987,#5988,#5989,#5990,#5991,#5992,#5993,#5994,#5995,
    #5996,#5997,#5998,#5999,#6000,#6001,#6002,#6003,#6004,#6005,#6006,
    #6007,#6008,#6009,#6010,#6011,#6012,#6013,#6014,#6015,#6016,#6017,
    #6018,#6019,#6020,#6021,#6022,#6023,#6024,#6025,#6026),
  .UNSPECIFIED.,.F.,.F.,(4,1,1,1,1,1,1,1,1,1,1,1,1,1,1,1,1,1,1,1,1,1,1,1
    ,1,1,1,1,1,1,1,1,1,1,1,1,1,1,1,1,1,1,1,1,4),(0.,6.248992976491E-03,
    1.249798595298E-02,1.874697892947E-02,2.499597190596E-02,
    3.124496488245E-02,3.749395785894E-02,4.374295083543E-02,
    4.999194381192E-02,5.624093678842E-02,6.248992976491E-02,
    6.87389227414E-02,7.498791571789E-02,8.123690869438E-02,
    8.748590167087E-02,9.373489464736E-02,9.998388762385E-02,
    0.1062328806,0.112481873577,0.118730866553,0.12497985953,
    0.131228852506,0.137477845483,0.143726838459,0.149975831436,
    0.156224824412,0.162473817389,0.168722810365,0.174971803342,
    0.181220796318,0.187469789295,0.193718782271,0.199967775248,
    0.206216768224,0.212465761201,0.218714754177,0.224963747154,
    0.23121274013,0.237461733107,0.243710726083,0.24995971906,
    0.256208712036,0.262457705013,0.268706697989,0.274955690966),
  .QUASI_UNIFORM_KNOTS.);
#5980 = CARTESIAN_POINT('',(0.,-0.276501911625));
#5981 = CARTESIAN_POINT('',(8.603481907521E-03,-0.274535817415));
#5982 = CARTESIAN_POINT('',(2.593430414737E-02,-0.270585270979));
#5983 = CARTESIAN_POINT('',(5.22720256089E-02,-0.264597785221));
#5984 = CARTESIAN_POINT('',(7.892507549707E-02,-0.258542573909));
#5985 = CARTESIAN_POINT('',(0.105853547895,-0.252411713465));
#5986 = CARTESIAN_POINT('',(0.132982026875,-0.246201515347));
#5987 = CARTESIAN_POINT('',(0.160524029833,-0.239834797237));
#5988 = CARTESIAN_POINT('',(0.188080816524,-0.233370247847));
#5989 = CARTESIAN_POINT('',(0.215301155773,-0.226850105362));
#5990 = CARTESIAN_POINT('',(0.241784662493,-0.220325630919));
#5991 = CARTESIAN_POINT('',(0.267138446857,-0.213847450109));
#5992 = CARTESIAN_POINT('',(0.290933803079,-0.207481752154));
#5993 = CARTESIAN_POINT('',(0.312939650795,-0.201256977722));
#5994 = CARTESIAN_POINT('',(0.333335408555,-0.195078965134));
#5995 = CARTESIAN_POINT('',(0.3520434603,-0.188937030286));
#5996 = CARTESIAN_POINT('',(0.369075263636,-0.182794481692));
#5997 = CARTESIAN_POINT('',(0.384378022292,-0.176621897709));
#5998 = CARTESIAN_POINT('',(0.397869508063,-0.170388561095));
#5999 = CARTESIAN_POINT('',(0.409424544103,-0.164063774544));
#6000 = CARTESIAN_POINT('',(0.418868538061,-0.157621127263));
#6001 = CARTESIAN_POINT('',(0.425994404564,-0.151021827652));
#6002 = CARTESIAN_POINT('',(0.430486041468,-0.144279523502));
#6003 = CARTESIAN_POINT('',(0.432075856991,-0.137518616866));
#6004 = CARTESIAN_POINT('',(0.430669655169,-0.13072579043));
#6005 = CARTESIAN_POINT('',(0.426210851543,-0.123937544125));
#6006 = CARTESIAN_POINT('',(0.418647826931,-0.117139422818));
#6007 = CARTESIAN_POINT('',(0.408286107356,-0.110417887286));
#6008 = CARTESIAN_POINT('',(0.395394366876,-0.103756468322));
#6009 = CARTESIAN_POINT('',(0.380214682125,-9.714600354294E-02));
#6010 = CARTESIAN_POINT('',(0.362946198768,-9.056621271548E-02));
#6011 = CARTESIAN_POINT('',(0.343862129548,-8.403143299614E-02));
#6012 = CARTESIAN_POINT('',(0.323236668601,-7.755263498629E-02));
#6013 = CARTESIAN_POINT('',(0.301324443105,-7.113602264757E-02));
#6014 = CARTESIAN_POINT('',(0.278362077661,-6.478582329541E-02));
#6015 = CARTESIAN_POINT('',(0.2545628413,-5.850414427649E-02));
#6016 = CARTESIAN_POINT('',(0.230115969484,-5.229159256488E-02));
#6017 = CARTESIAN_POINT('',(0.205186752873,-4.614763022159E-02));
#6018 = CARTESIAN_POINT('',(0.179917746007,-4.007092455569E-02));
#6019 = CARTESIAN_POINT('',(0.154430453943,-3.405962097697E-02));
#6020 = CARTESIAN_POINT('',(0.128827282021,-2.811156287867E-02));
#6021 = CARTESIAN_POINT('',(0.103193503087,-2.222446211053E-02));
#6022 = CARTESIAN_POINT('',(7.759926457332E-02,-1.639602623181E-02));
#6023 = CARTESIAN_POINT('',(5.210105512993E-02,-1.062406342789E-02));
#6024 = CARTESIAN_POINT('',(2.674450864103E-02,-4.906522477136E-03));
#6025 = CARTESIAN_POINT('',(9.955775105165E-03,-1.129946929538E-03));
#6026 = CARTESIAN_POINT('',(1.596272794775E-03,7.498665622806E-04));
#6027 = ( GEOMETRIC_REPRESENTATION_CONTEXT(2) 
PARAMETRIC_REPRESENTATION_CONTEXT() REPRESENTATION_CONTEXT('2D SPACE',''
  ) );
#6028 = PCURVE('',#542,#6029);
#6029 = DEFINITIONAL_REPRESENTATION('',(#6030),#6055);
#6030 = B_SPLINE_CURVE_WITH_KNOTS('',3,(#6031,#6032,#6033,#6034,#6035,
    #6036,#6037,#6038,#6039,#6040,#6041,#6042,#6043,#6044,#6045,#6046,
    #6047,#6048,#6049,#6050,#6051,#6052,#6053,#6054),.UNSPECIFIED.,.F.,
  .F.,(4,2,2,2,2,2,2,2,2,2,2,4),(0.,2.805859203557E-02,
    6.946095498668E-02,0.126153842706,0.132064499881,0.134952346162,
    0.137221762534,0.139751868084,0.143961712207,0.153099406325,
    0.178130948519,0.274955690966),.UNSPECIFIED.);
#6031 = CARTESIAN_POINT('',(17.311054686177,2.775557561563E-16));
#6032 = CARTESIAN_POINT('',(17.217526046058,2.464044612398E-16));
#6033 = CARTESIAN_POINT('',(17.124267289039,1.42366705208E-03));
#6034 = CARTESIAN_POINT('',(16.892486211922,7.120518237982E-03));
#6035 = CARTESIAN_POINT('',(16.747638702668,1.269361424943E-02));
#6036 = CARTESIAN_POINT('',(16.443749518057,2.39826538789E-02));
#6037 = CARTESIAN_POINT('',(16.287175064728,2.943874446474E-02));
#6038 = CARTESIAN_POINT('',(16.097238750317,3.115218555739E-02));
#6039 = CARTESIAN_POINT('',(16.079330701657,3.12686490714E-02));
#6040 = CARTESIAN_POINT('',(16.052635572513,3.137308698804E-02));
#6041 = CARTESIAN_POINT('',(16.043876634093,3.139627713434E-02));
#6042 = CARTESIAN_POINT('',(16.028229119314,3.141780399249E-02));
#6043 = CARTESIAN_POINT('',(16.021344988128,3.142039501257E-02));
#6044 = CARTESIAN_POINT('',(16.006782874143,3.141131379562E-02));
#6045 = CARTESIAN_POINT('',(15.999108359291,3.139797132329E-02));
#6046 = CARTESIAN_POINT('',(15.978658919044,3.133969396177E-02));
#6047 = CARTESIAN_POINT('',(15.9658952069,3.127970770863E-02));
#6048 = CARTESIAN_POINT('',(15.925398610581,3.101556550996E-02));
#6049 = CARTESIAN_POINT('',(15.897763938589,3.07257032063E-02));
#6050 = CARTESIAN_POINT('',(15.794101941876,2.925599669408E-02));
#6051 = CARTESIAN_POINT('',(15.71947646922,2.743317324396E-02));
#6052 = CARTESIAN_POINT('',(15.349862999935,1.616485955439E-02));
#6053 = CARTESIAN_POINT('',(15.041599496521,4.453696418957E-16));
#6054 = CARTESIAN_POINT('',(14.73074744481,1.967826943061E-16));
#6055 = ( GEOMETRIC_REPRESENTATION_CONTEXT(2) 
PARAMETRIC_REPRESENTATION_CONTEXT() REPRESENTATION_CONTEXT('2D SPACE',''
  ) );
#6056 = ADVANCED_FACE('',(#6057),#5311,.T.);
#6057 = FACE_BOUND('',#6058,.T.);
#6058 = EDGE_LOOP('',(#6059,#6083,#6105,#6106));
#6059 = ORIENTED_EDGE('',*,*,#6060,.T.);
#6060 = EDGE_CURVE('',#5269,#6061,#6063,.T.);
#6061 = VERTEX_POINT('',#6062);
#6062 = CARTESIAN_POINT('',(51.000000685453,-54.60640287645,-3.5));
#6063 = SURFACE_CURVE('',#6064,(#6069,#6076),.PCURVE_S1.);
#6064 = CIRCLE('',#6065,2.);
#6065 = AXIS2_PLACEMENT_3D('',#6066,#6067,#6068);
#6066 = CARTESIAN_POINT('',(49.000000685453,-54.60640287645,-3.5));
#6067 = DIRECTION('',(0.,0.,1.));
#6068 = DIRECTION('',(0.,-1.,0.));
#6069 = PCURVE('',#5311,#6070);
#6070 = DEFINITIONAL_REPRESENTATION('',(#6071),#6075);
#6071 = LINE('',#6072,#6073);
#6072 = CARTESIAN_POINT('',(4.712388980385,1.570796326795));
#6073 = VECTOR('',#6074,1.);
#6074 = DIRECTION('',(0.,1.));
#6075 = ( GEOMETRIC_REPRESENTATION_CONTEXT(2) 
PARAMETRIC_REPRESENTATION_CONTEXT() REPRESENTATION_CONTEXT('2D SPACE',''
  ) );
#6076 = PCURVE('',#5284,#6077);
#6077 = DEFINITIONAL_REPRESENTATION('',(#6078),#6082);
#6078 = LINE('',#6079,#6080);
#6079 = CARTESIAN_POINT('',(7.068583470577,3.5));
#6080 = VECTOR('',#6081,1.);
#6081 = DIRECTION('',(-1.,0.));
#6082 = ( GEOMETRIC_REPRESENTATION_CONTEXT(2) 
PARAMETRIC_REPRESENTATION_CONTEXT() REPRESENTATION_CONTEXT('2D SPACE',''
  ) );
#6083 = ORIENTED_EDGE('',*,*,#6084,.T.);
#6084 = EDGE_CURVE('',#6061,#5693,#6085,.T.);
#6085 = SURFACE_CURVE('',#6086,(#6091,#6098),.PCURVE_S1.);
#6086 = CIRCLE('',#6087,3.5);
#6087 = AXIS2_PLACEMENT_3D('',#6088,#6089,#6090);
#6088 = CARTESIAN_POINT('',(54.500000685453,-54.60640287645,-3.5));
#6089 = DIRECTION('',(0.,1.,0.));
#6090 = DIRECTION('',(-0.999262717481,0.,3.839298703246E-02));
#6091 = PCURVE('',#5311,#6092);
#6092 = DEFINITIONAL_REPRESENTATION('',(#6093),#6097);
#6093 = LINE('',#6094,#6095);
#6094 = CARTESIAN_POINT('',(10.957171862256,3.14159265359));
#6095 = VECTOR('',#6096,1.);
#6096 = DIRECTION('',(-1.,0.));
#6097 = ( GEOMETRIC_REPRESENTATION_CONTEXT(2) 
PARAMETRIC_REPRESENTATION_CONTEXT() REPRESENTATION_CONTEXT('2D SPACE',''
  ) );
#6098 = PCURVE('',#1494,#6099);
#6099 = DEFINITIONAL_REPRESENTATION('',(#6100),#6104);
#6100 = LINE('',#6101,#6102);
#6101 = CARTESIAN_POINT('',(-0.746995738089,-50.22546380454));
#6102 = VECTOR('',#6103,1.);
#6103 = DIRECTION('',(1.,0.));
#6104 = ( GEOMETRIC_REPRESENTATION_CONTEXT(2) 
PARAMETRIC_REPRESENTATION_CONTEXT() REPRESENTATION_CONTEXT('2D SPACE',''
  ) );
#6105 = ORIENTED_EDGE('',*,*,#5928,.F.);
#6106 = ORIENTED_EDGE('',*,*,#5296,.T.);
#6107 = ADVANCED_FACE('',(#6108),#5284,.T.);
#6108 = FACE_BOUND('',#6109,.T.);
#6109 = EDGE_LOOP('',(#6110,#6235,#6256,#6257,#6258,#6259,#6280,#6281));
#6110 = ORIENTED_EDGE('',*,*,#6111,.T.);
#6111 = EDGE_CURVE('',#6112,#6114,#6116,.T.);
#6112 = VERTEX_POINT('',#6113);
#6113 = CARTESIAN_POINT('',(51.000000685453,-54.60640287645,
    -6.863973301961));
#6114 = VERTEX_POINT('',#6115);
#6115 = CARTESIAN_POINT('',(51.000000685453,-54.60640287645,
    -4.124535395414));
#6116 = SURFACE_CURVE('',#6117,(#6133,#6184),.PCURVE_S1.);
#6117 = B_SPLINE_CURVE_WITH_KNOTS('',3,(#6118,#6119,#6120,#6121,#6122,
    #6123,#6124,#6125,#6126,#6127,#6128,#6129,#6130,#6131,#6132),
  .UNSPECIFIED.,.F.,.F.,(4,2,2,3,2,2,4),(1.854962439656,1.900201611191,
    1.960940031721,2.021678452252,2.082416872783,2.143155293314,
    2.188394464849),.UNSPECIFIED.);
#6118 = CARTESIAN_POINT('',(51.000000685453,-54.60640287645,
    -6.863973301961));
#6119 = CARTESIAN_POINT('',(51.000000685453,-54.75172254423,
    -6.799101907476));
#6120 = CARTESIAN_POINT('',(50.982077138822,-54.89623736605,
    -6.702526914484));
#6121 = CARTESIAN_POINT('',(50.929427138959,-55.15420055,-6.466996364172
    ));
#6122 = CARTESIAN_POINT('',(50.884928573367,-55.28133412623,
    -6.293957366516));
#6123 = CARTESIAN_POINT('',(50.814906021812,-55.45174598105,
    -5.909048943926));
#6124 = CARTESIAN_POINT('',(50.791781162923,-55.49495378696,
    -5.696715750457));
#6125 = CARTESIAN_POINT('',(50.791781162923,-55.49495378696,
    -5.494254348688));
#6126 = CARTESIAN_POINT('',(50.791781162923,-55.49495378696,
    -5.291792946918));
#6127 = CARTESIAN_POINT('',(50.814906021812,-55.45174598105,
    -5.07945975345));
#6128 = CARTESIAN_POINT('',(50.884928573367,-55.28133412623,
    -4.694551330859));
#6129 = CARTESIAN_POINT('',(50.929427138959,-55.15420055,-4.521512333204
    ));
#6130 = CARTESIAN_POINT('',(50.982077138822,-54.89623736605,
    -4.285981782891));
#6131 = CARTESIAN_POINT('',(51.000000685453,-54.75172254423,
    -4.1894067899));
#6132 = CARTESIAN_POINT('',(51.000000685453,-54.60640287645,
    -4.124535395414));
#6133 = PCURVE('',#5284,#6134);
#6134 = DEFINITIONAL_REPRESENTATION('',(#6135),#6183);
#6135 = B_SPLINE_CURVE_WITH_KNOTS('',3,(#6136,#6137,#6138,#6139,#6140,
    #6141,#6142,#6143,#6144,#6145,#6146,#6147,#6148,#6149,#6150,#6151,
    #6152,#6153,#6154,#6155,#6156,#6157,#6158,#6159,#6160,#6161,#6162,
    #6163,#6164,#6165,#6166,#6167,#6168,#6169,#6170,#6171,#6172,#6173,
    #6174,#6175,#6176,#6177,#6178,#6179,#6180,#6181,#6182),
  .UNSPECIFIED.,.F.,.F.,(4,1,1,1,1,1,1,1,1,1,1,1,1,1,1,1,1,1,1,1,1,1,1,1
    ,1,1,1,1,1,1,1,1,1,1,1,1,1,1,1,1,1,1,1,1,4),(1.854962439656,
    1.862540440228,1.870118440801,1.877696441374,1.885274441946,
    1.892852442519,1.900430443091,1.908008443664,1.915586444236,
    1.923164444809,1.930742445382,1.938320445954,1.945898446527,
    1.953476447099,1.961054447672,1.968632448244,1.976210448817,
    1.983788449389,1.991366449962,1.998944450535,2.006522451107,
    2.01410045168,2.021678452252,2.029256452825,2.036834453397,
    2.04441245397,2.051990454543,2.059568455115,2.067146455688,
    2.07472445626,2.082302456833,2.089880457405,2.097458457978,
    2.10503645855,2.112614459123,2.120192459696,2.127770460268,
    2.135348460841,2.142926461413,2.150504461986,2.158082462558,
    2.165660463131,2.173238463704,2.180816464276,2.188394464849),
  .QUASI_UNIFORM_KNOTS.);
#6136 = CARTESIAN_POINT('',(5.497787143782,6.863973301961));
#6137 = CARTESIAN_POINT('',(5.509956717526,6.853106713386));
#6138 = CARTESIAN_POINT('',(5.534279995244,6.829593968958));
#6139 = CARTESIAN_POINT('',(5.570274396982,6.789771895417));
#6140 = CARTESIAN_POINT('',(5.605351195778,6.746168468598));
#6141 = CARTESIAN_POINT('',(5.639027942538,6.699604786712));
#6142 = CARTESIAN_POINT('',(5.67093981469,6.650718110932));
#6143 = CARTESIAN_POINT('',(5.700255776648,6.600831555981));
#6144 = CARTESIAN_POINT('',(5.727876179376,6.54870074927));
#6145 = CARTESIAN_POINT('',(5.754788598335,6.492890705078));
#6146 = CARTESIAN_POINT('',(5.780560352594,6.434061253254));
#6147 = CARTESIAN_POINT('',(5.805131045532,6.37231096438));
#6148 = CARTESIAN_POINT('',(5.828333495024,6.307888630532));
#6149 = CARTESIAN_POINT('',(5.850024202334,6.241003417073));
#6150 = CARTESIAN_POINT('',(5.870046272702,6.171872774731));
#6151 = CARTESIAN_POINT('',(5.888251778597,6.100720639482));
#6152 = CARTESIAN_POINT('',(5.904452537041,6.027736691769));
#6153 = CARTESIAN_POINT('',(5.91859268324,5.953242848661));
#6154 = CARTESIAN_POINT('',(5.930649402432,5.877592017845));
#6155 = CARTESIAN_POINT('',(5.940590005099,5.801130703472));
#6156 = CARTESIAN_POINT('',(5.948382914711,5.724200033226));
#6157 = CARTESIAN_POINT('',(5.953994495402,5.647169044192));
#6158 = CARTESIAN_POINT('',(5.957389998832,5.570300512325));
#6159 = CARTESIAN_POINT('',(5.95853374987,5.494254348688));
#6160 = CARTESIAN_POINT('',(5.957389998832,5.41820818505));
#6161 = CARTESIAN_POINT('',(5.953994495402,5.341339653184));
#6162 = CARTESIAN_POINT('',(5.948382914711,5.264308664149));
#6163 = CARTESIAN_POINT('',(5.940590005099,5.187377993904));
#6164 = CARTESIAN_POINT('',(5.930649402432,5.110916679531));
#6165 = CARTESIAN_POINT('',(5.91859268324,5.035265848715));
#6166 = CARTESIAN_POINT('',(5.904452537041,4.960772005606));
#6167 = CARTESIAN_POINT('',(5.888251778597,4.887788057893));
#6168 = CARTESIAN_POINT('',(5.870046272702,4.816635922645));
#6169 = CARTESIAN_POINT('',(5.850024202334,4.747505280303));
#6170 = CARTESIAN_POINT('',(5.828333495024,4.680620066843));
#6171 = CARTESIAN_POINT('',(5.805131045532,4.616197732996));
#6172 = CARTESIAN_POINT('',(5.780560352594,4.554447444121));
#6173 = CARTESIAN_POINT('',(5.754788598335,4.495617992297));
#6174 = CARTESIAN_POINT('',(5.727876179376,4.439807948106));
#6175 = CARTESIAN_POINT('',(5.700255776648,4.387677141395));
#6176 = CARTESIAN_POINT('',(5.67093981469,4.337790586444));
#6177 = CARTESIAN_POINT('',(5.639027942538,4.288903910664));
#6178 = CARTESIAN_POINT('',(5.605351195778,4.242340228777));
#6179 = CARTESIAN_POINT('',(5.570274396982,4.198736801959));
#6180 = CARTESIAN_POINT('',(5.534279995244,4.158914728418));
#6181 = CARTESIAN_POINT('',(5.509956717526,4.13540198399));
#6182 = CARTESIAN_POINT('',(5.497787143782,4.124535395414));
#6183 = ( GEOMETRIC_REPRESENTATION_CONTEXT(2) 
PARAMETRIC_REPRESENTATION_CONTEXT() REPRESENTATION_CONTEXT('2D SPACE',''
  ) );
#6184 = PCURVE('',#5067,#6185);
#6185 = DEFINITIONAL_REPRESENTATION('',(#6186),#6234);
#6186 = B_SPLINE_CURVE_WITH_KNOTS('',3,(#6187,#6188,#6189,#6190,#6191,
    #6192,#6193,#6194,#6195,#6196,#6197,#6198,#6199,#6200,#6201,#6202,
    #6203,#6204,#6205,#6206,#6207,#6208,#6209,#6210,#6211,#6212,#6213,
    #6214,#6215,#6216,#6217,#6218,#6219,#6220,#6221,#6222,#6223,#6224,
    #6225,#6226,#6227,#6228,#6229,#6230,#6231,#6232,#6233),
  .UNSPECIFIED.,.F.,.F.,(4,1,1,1,1,1,1,1,1,1,1,1,1,1,1,1,1,1,1,1,1,1,1,1
    ,1,1,1,1,1,1,1,1,1,1,1,1,1,1,1,1,1,1,1,1,4),(1.854962439656,
    1.862540440228,1.870118440801,1.877696441374,1.885274441946,
    1.892852442519,1.900430443091,1.908008443664,1.915586444236,
    1.923164444809,1.930742445382,1.938320445954,1.945898446527,
    1.953476447099,1.961054447672,1.968632448244,1.976210448817,
    1.983788449389,1.991366449962,1.998944450535,2.006522451107,
    2.01410045168,2.021678452252,2.029256452825,2.036834453397,
    2.04441245397,2.051990454543,2.059568455115,2.067146455688,
    2.07472445626,2.082302456833,2.089880457405,2.097458457978,
    2.10503645855,2.112614459123,2.120192459696,2.127770460268,
    2.135348460841,2.142926461413,2.150504461986,2.158082462558,
    2.165660463131,2.173238463704,2.180816464276,2.188394464849),
  .QUASI_UNIFORM_KNOTS.);
#6187 = CARTESIAN_POINT('',(7.434121513821,5.));
#6188 = CARTESIAN_POINT('',(7.416353619718,5.));
#6189 = CARTESIAN_POINT('',(7.38034586832,4.998994070621));
#6190 = CARTESIAN_POINT('',(7.325573336423,4.994845201392));
#6191 = CARTESIAN_POINT('',(7.270665165829,4.988431371262));
#6192 = CARTESIAN_POINT('',(7.216350637963,4.980137390009));
#6193 = CARTESIAN_POINT('',(7.163158957091,4.970311684046));
#6194 = CARTESIAN_POINT('',(7.112366778182,4.959438417731));
#6195 = CARTESIAN_POINT('',(7.062374973784,4.947493620863));
#6196 = CARTESIAN_POINT('',(7.011433054336,4.934427778999));
#6197 = CARTESIAN_POINT('',(6.96011714356,4.920606014308));
#6198 = CARTESIAN_POINT('',(6.908383411253,4.906282107182));
#6199 = CARTESIAN_POINT('',(6.85635307269,4.891740568508));
#6200 = CARTESIAN_POINT('',(6.804098006335,4.877254328974));
#6201 = CARTESIAN_POINT('',(6.751691645492,4.86311190956));
#6202 = CARTESIAN_POINT('',(6.699198165391,4.849551050289));
#6203 = CARTESIAN_POINT('',(6.646643851424,4.836997177451));
#6204 = CARTESIAN_POINT('',(6.594070729375,4.825714571042));
#6205 = CARTESIAN_POINT('',(6.541557229207,4.81579846506));
#6206 = CARTESIAN_POINT('',(6.489189365683,4.807389389247));
#6207 = CARTESIAN_POINT('',(6.437057554257,4.800615736365));
#6208 = CARTESIAN_POINT('',(6.385274780671,4.79560915135));
#6209 = CARTESIAN_POINT('',(6.33388299312,4.792500407422));
#6210 = CARTESIAN_POINT('',(6.28318530718,4.791420512493));
#6211 = CARTESIAN_POINT('',(6.232487621239,4.792500407422));
#6212 = CARTESIAN_POINT('',(6.181095833688,4.79560915135));
#6213 = CARTESIAN_POINT('',(6.129313060102,4.800615736365));
#6214 = CARTESIAN_POINT('',(6.077181248676,4.807389389247));
#6215 = CARTESIAN_POINT('',(6.024813385152,4.81579846506));
#6216 = CARTESIAN_POINT('',(5.972299884984,4.825714571042));
#6217 = CARTESIAN_POINT('',(5.919726762935,4.836997177451));
#6218 = CARTESIAN_POINT('',(5.867172448968,4.849551050289));
#6219 = CARTESIAN_POINT('',(5.814678968868,4.86311190956));
#6220 = CARTESIAN_POINT('',(5.762272608025,4.877254328974));
#6221 = CARTESIAN_POINT('',(5.710017541669,4.891740568508));
#6222 = CARTESIAN_POINT('',(5.657987203106,4.906282107182));
#6223 = CARTESIAN_POINT('',(5.606253470799,4.920606014308));
#6224 = CARTESIAN_POINT('',(5.554937560023,4.934427778999));
#6225 = CARTESIAN_POINT('',(5.503995640575,4.947493620863));
#6226 = CARTESIAN_POINT('',(5.454003836177,4.959438417731));
#6227 = CARTESIAN_POINT('',(5.403211657268,4.970311684046));
#6228 = CARTESIAN_POINT('',(5.350019976396,4.980137390009));
#6229 = CARTESIAN_POINT('',(5.295705448531,4.988431371262));
#6230 = CARTESIAN_POINT('',(5.240797277936,4.994845201392));
#6231 = CARTESIAN_POINT('',(5.186024746039,4.998994070621));
#6232 = CARTESIAN_POINT('',(5.150016994642,5.));
#6233 = CARTESIAN_POINT('',(5.132249100538,5.));
#6234 = ( GEOMETRIC_REPRESENTATION_CONTEXT(2) 
PARAMETRIC_REPRESENTATION_CONTEXT() REPRESENTATION_CONTEXT('2D SPACE',''
  ) );
#6235 = ORIENTED_EDGE('',*,*,#6236,.T.);
#6236 = EDGE_CURVE('',#6114,#6061,#6237,.T.);
#6237 = SURFACE_CURVE('',#6238,(#6242,#6249),.PCURVE_S1.);
#6238 = LINE('',#6239,#6240);
#6239 = CARTESIAN_POINT('',(51.000000685453,-54.60640287645,0.));
#6240 = VECTOR('',#6241,1.);
#6241 = DIRECTION('',(0.,0.,1.));
#6242 = PCURVE('',#5284,#6243);
#6243 = DEFINITIONAL_REPRESENTATION('',(#6244),#6248);
#6244 = LINE('',#6245,#6246);
#6245 = CARTESIAN_POINT('',(5.497787143782,0.));
#6246 = VECTOR('',#6247,1.);
#6247 = DIRECTION('',(0.,-1.));
#6248 = ( GEOMETRIC_REPRESENTATION_CONTEXT(2) 
PARAMETRIC_REPRESENTATION_CONTEXT() REPRESENTATION_CONTEXT('2D SPACE',''
  ) );
#6249 = PCURVE('',#5390,#6250);
#6250 = DEFINITIONAL_REPRESENTATION('',(#6251),#6255);
#6251 = LINE('',#6252,#6253);
#6252 = CARTESIAN_POINT('',(4.606402131398,0.));
#6253 = VECTOR('',#6254,1.);
#6254 = DIRECTION('',(0.,-1.));
#6255 = ( GEOMETRIC_REPRESENTATION_CONTEXT(2) 
PARAMETRIC_REPRESENTATION_CONTEXT() REPRESENTATION_CONTEXT('2D SPACE',''
  ) );
#6256 = ORIENTED_EDGE('',*,*,#6060,.F.);
#6257 = ORIENTED_EDGE('',*,*,#5268,.T.);
#6258 = ORIENTED_EDGE('',*,*,#5402,.T.);
#6259 = ORIENTED_EDGE('',*,*,#6260,.T.);
#6260 = EDGE_CURVE('',#5375,#5484,#6261,.T.);
#6261 = SURFACE_CURVE('',#6262,(#6266,#6273),.PCURVE_S1.);
#6262 = LINE('',#6263,#6264);
#6263 = CARTESIAN_POINT('',(51.000000685453,-54.60640287645,0.));
#6264 = VECTOR('',#6265,1.);
#6265 = DIRECTION('',(0.,0.,1.));
#6266 = PCURVE('',#5284,#6267);
#6267 = DEFINITIONAL_REPRESENTATION('',(#6268),#6272);
#6268 = LINE('',#6269,#6270);
#6269 = CARTESIAN_POINT('',(5.497787143782,0.));
#6270 = VECTOR('',#6271,1.);
#6271 = DIRECTION('',(0.,-1.));
#6272 = ( GEOMETRIC_REPRESENTATION_CONTEXT(2) 
PARAMETRIC_REPRESENTATION_CONTEXT() REPRESENTATION_CONTEXT('2D SPACE',''
  ) );
#6273 = PCURVE('',#5390,#6274);
#6274 = DEFINITIONAL_REPRESENTATION('',(#6275),#6279);
#6275 = LINE('',#6276,#6277);
#6276 = CARTESIAN_POINT('',(4.606402131398,0.));
#6277 = VECTOR('',#6278,1.);
#6278 = DIRECTION('',(0.,-1.));
#6279 = ( GEOMETRIC_REPRESENTATION_CONTEXT(2) 
PARAMETRIC_REPRESENTATION_CONTEXT() REPRESENTATION_CONTEXT('2D SPACE',''
  ) );
#6280 = ORIENTED_EDGE('',*,*,#5511,.T.);
#6281 = ORIENTED_EDGE('',*,*,#6282,.T.);
#6282 = EDGE_CURVE('',#5512,#6112,#6283,.T.);
#6283 = SURFACE_CURVE('',#6284,(#6288,#6295),.PCURVE_S1.);
#6284 = LINE('',#6285,#6286);
#6285 = CARTESIAN_POINT('',(51.000000685453,-54.60640287645,0.));
#6286 = VECTOR('',#6287,1.);
#6287 = DIRECTION('',(0.,0.,1.));
#6288 = PCURVE('',#5284,#6289);
#6289 = DEFINITIONAL_REPRESENTATION('',(#6290),#6294);
#6290 = LINE('',#6291,#6292);
#6291 = CARTESIAN_POINT('',(5.497787143782,0.));
#6292 = VECTOR('',#6293,1.);
#6293 = DIRECTION('',(0.,-1.));
#6294 = ( GEOMETRIC_REPRESENTATION_CONTEXT(2) 
PARAMETRIC_REPRESENTATION_CONTEXT() REPRESENTATION_CONTEXT('2D SPACE',''
  ) );
#6295 = PCURVE('',#5390,#6296);
#6296 = DEFINITIONAL_REPRESENTATION('',(#6297),#6301);
#6297 = LINE('',#6298,#6299);
#6298 = CARTESIAN_POINT('',(4.606402131398,0.));
#6299 = VECTOR('',#6300,1.);
#6300 = DIRECTION('',(0.,-1.));
#6301 = ( GEOMETRIC_REPRESENTATION_CONTEXT(2) 
PARAMETRIC_REPRESENTATION_CONTEXT() REPRESENTATION_CONTEXT('2D SPACE',''
  ) );
#6302 = ADVANCED_FACE('',(#6303),#1494,.F.);
#6303 = FACE_BOUND('',#6304,.F.);
#6304 = EDGE_LOOP('',(#6305,#6306,#6330,#6351,#6352));
#6305 = ORIENTED_EDGE('',*,*,#1478,.F.);
#6306 = ORIENTED_EDGE('',*,*,#6307,.F.);
#6307 = EDGE_CURVE('',#6308,#1479,#6310,.T.);
#6308 = VERTEX_POINT('',#6309);
#6309 = CARTESIAN_POINT('',(51.000000685453,-50.00000074505,-3.5));
#6310 = SURFACE_CURVE('',#6311,(#6316,#6323),.PCURVE_S1.);
#6311 = CIRCLE('',#6312,3.5);
#6312 = AXIS2_PLACEMENT_3D('',#6313,#6314,#6315);
#6313 = CARTESIAN_POINT('',(54.500000685453,-50.00000074505,-3.5));
#6314 = DIRECTION('',(0.,1.,0.));
#6315 = DIRECTION('',(-0.707106781187,0.,0.707106781187));
#6316 = PCURVE('',#1494,#6317);
#6317 = DEFINITIONAL_REPRESENTATION('',(#6318),#6322);
#6318 = LINE('',#6319,#6320);
#6319 = CARTESIAN_POINT('',(-8.881784197001E-16,-45.61906167314));
#6320 = VECTOR('',#6321,1.);
#6321 = DIRECTION('',(1.,0.));
#6322 = ( GEOMETRIC_REPRESENTATION_CONTEXT(2) 
PARAMETRIC_REPRESENTATION_CONTEXT() REPRESENTATION_CONTEXT('2D SPACE',''
  ) );
#6323 = PCURVE('',#1522,#6324);
#6324 = DEFINITIONAL_REPRESENTATION('',(#6325),#6329);
#6325 = CIRCLE('',#6326,3.5);
#6326 = AXIS2_PLACEMENT_2D('',#6327,#6328);
#6327 = CARTESIAN_POINT('',(8.5,3.5));
#6328 = DIRECTION('',(-0.707106781187,-0.707106781187));
#6329 = ( GEOMETRIC_REPRESENTATION_CONTEXT(2) 
PARAMETRIC_REPRESENTATION_CONTEXT() REPRESENTATION_CONTEXT('2D SPACE',''
  ) );
#6330 = ORIENTED_EDGE('',*,*,#6331,.F.);
#6331 = EDGE_CURVE('',#6061,#6308,#6332,.T.);
#6332 = SURFACE_CURVE('',#6333,(#6337,#6344),.PCURVE_S1.);
#6333 = LINE('',#6334,#6335);
#6334 = CARTESIAN_POINT('',(51.000000685453,-4.380939071909,-3.5));
#6335 = VECTOR('',#6336,1.);
#6336 = DIRECTION('',(0.,1.,0.));
#6337 = PCURVE('',#1494,#6338);
#6338 = DEFINITIONAL_REPRESENTATION('',(#6339),#6343);
#6339 = LINE('',#6340,#6341);
#6340 = CARTESIAN_POINT('',(5.497787143782,0.));
#6341 = VECTOR('',#6342,1.);
#6342 = DIRECTION('',(0.,1.));
#6343 = ( GEOMETRIC_REPRESENTATION_CONTEXT(2) 
PARAMETRIC_REPRESENTATION_CONTEXT() REPRESENTATION_CONTEXT('2D SPACE',''
  ) );
#6344 = PCURVE('',#5390,#6345);
#6345 = DEFINITIONAL_REPRESENTATION('',(#6346),#6350);
#6346 = LINE('',#6347,#6348);
#6347 = CARTESIAN_POINT('',(-45.61906167314,3.5));
#6348 = VECTOR('',#6349,1.);
#6349 = DIRECTION('',(-1.,0.));
#6350 = ( GEOMETRIC_REPRESENTATION_CONTEXT(2) 
PARAMETRIC_REPRESENTATION_CONTEXT() REPRESENTATION_CONTEXT('2D SPACE',''
  ) );
#6351 = ORIENTED_EDGE('',*,*,#6084,.T.);
#6352 = ORIENTED_EDGE('',*,*,#5692,.T.);
#6353 = ADVANCED_FACE('',(#6354),#5067,.F.);
#6354 = FACE_BOUND('',#6355,.F.);
#6355 = EDGE_LOOP('',(#6356,#6384,#6407,#6433,#6434,#6460,#6461,#6487));
#6356 = ORIENTED_EDGE('',*,*,#6357,.T.);
#6357 = EDGE_CURVE('',#4997,#6358,#6360,.T.);
#6358 = VERTEX_POINT('',#6359);
#6359 = CARTESIAN_POINT('',(46.000000685453,-52.49495378696,
    -5.494254348688));
#6360 = SURFACE_CURVE('',#6361,(#6366,#6373),.PCURVE_S1.);
#6361 = CIRCLE('',#6362,1.5);
#6362 = AXIS2_PLACEMENT_3D('',#6363,#6364,#6365);
#6363 = CARTESIAN_POINT('',(46.000000685453,-53.99495378696,
    -5.494254348688));
#6364 = DIRECTION('',(1.,0.,0.));
#6365 = DIRECTION('',(0.,-1.,0.));
#6366 = PCURVE('',#5067,#6367);
#6367 = DEFINITIONAL_REPRESENTATION('',(#6368),#6372);
#6368 = LINE('',#6369,#6370);
#6369 = CARTESIAN_POINT('',(6.28318530718,0.));
#6370 = VECTOR('',#6371,1.);
#6371 = DIRECTION('',(1.,0.));
#6372 = ( GEOMETRIC_REPRESENTATION_CONTEXT(2) 
PARAMETRIC_REPRESENTATION_CONTEXT() REPRESENTATION_CONTEXT('2D SPACE',''
  ) );
#6373 = PCURVE('',#1550,#6374);
#6374 = DEFINITIONAL_REPRESENTATION('',(#6375),#6383);
#6375 = ( BOUNDED_CURVE() B_SPLINE_CURVE(2,(#6376,#6377,#6378,#6379,
#6380,#6381,#6382),.UNSPECIFIED.,.T.,.F.) B_SPLINE_CURVE_WITH_KNOTS((1,2
    ,2,2,2,1),(-2.094395102393,0.,2.094395102393,4.188790204786,
6.28318530718,8.377580409573),.UNSPECIFIED.) CURVE() 
GEOMETRIC_REPRESENTATION_ITEM() RATIONAL_B_SPLINE_CURVE((1.,0.5,1.,0.5,
1.,0.5,1.)) REPRESENTATION_ITEM('') );
#6376 = CARTESIAN_POINT('',(1.111449089494,5.494254348688));
#6377 = CARTESIAN_POINT('',(1.111449089494,8.092330560041));
#6378 = CARTESIAN_POINT('',(3.361449089494,6.793292454364));
#6379 = CARTESIAN_POINT('',(5.611449089494,5.494254348688));
#6380 = CARTESIAN_POINT('',(3.361449089495,4.195216243011));
#6381 = CARTESIAN_POINT('',(1.111449089495,2.896178137335));
#6382 = CARTESIAN_POINT('',(1.111449089494,5.494254348688));
#6383 = ( GEOMETRIC_REPRESENTATION_CONTEXT(2) 
PARAMETRIC_REPRESENTATION_CONTEXT() REPRESENTATION_CONTEXT('2D SPACE',''
  ) );
#6384 = ORIENTED_EDGE('',*,*,#6385,.T.);
#6385 = EDGE_CURVE('',#6358,#6386,#6388,.T.);
#6386 = VERTEX_POINT('',#6387);
#6387 = CARTESIAN_POINT('',(51.000000685453,-52.49495378696,
    -5.494254348688));
#6388 = SEAM_CURVE('',#6389,(#6393,#6400),.PCURVE_S1.);
#6389 = LINE('',#6390,#6391);
#6390 = CARTESIAN_POINT('',(46.000000685453,-52.49495378696,
    -5.494254348688));
#6391 = VECTOR('',#6392,1.);
#6392 = DIRECTION('',(1.,0.,0.));
#6393 = PCURVE('',#5067,#6394);
#6394 = DEFINITIONAL_REPRESENTATION('',(#6395),#6399);
#6395 = LINE('',#6396,#6397);
#6396 = CARTESIAN_POINT('',(9.424777960769,0.));
#6397 = VECTOR('',#6398,1.);
#6398 = DIRECTION('',(0.,1.));
#6399 = ( GEOMETRIC_REPRESENTATION_CONTEXT(2) 
PARAMETRIC_REPRESENTATION_CONTEXT() REPRESENTATION_CONTEXT('2D SPACE',''
  ) );
#6400 = PCURVE('',#5067,#6401);
#6401 = DEFINITIONAL_REPRESENTATION('',(#6402),#6406);
#6402 = LINE('',#6403,#6404);
#6403 = CARTESIAN_POINT('',(3.14159265359,0.));
#6404 = VECTOR('',#6405,1.);
#6405 = DIRECTION('',(0.,1.));
#6406 = ( GEOMETRIC_REPRESENTATION_CONTEXT(2) 
PARAMETRIC_REPRESENTATION_CONTEXT() REPRESENTATION_CONTEXT('2D SPACE',''
  ) );
#6407 = ORIENTED_EDGE('',*,*,#6408,.T.);
#6408 = EDGE_CURVE('',#6386,#6112,#6409,.T.);
#6409 = SURFACE_CURVE('',#6410,(#6415,#6422),.PCURVE_S1.);
#6410 = CIRCLE('',#6411,1.5);
#6411 = AXIS2_PLACEMENT_3D('',#6412,#6413,#6414);
#6412 = CARTESIAN_POINT('',(51.000000685453,-53.99495378696,
    -5.494254348688));
#6413 = DIRECTION('',(-1.,0.,0.));
#6414 = DIRECTION('',(0.,-1.,0.));
#6415 = PCURVE('',#5067,#6416);
#6416 = DEFINITIONAL_REPRESENTATION('',(#6417),#6421);
#6417 = LINE('',#6418,#6419);
#6418 = CARTESIAN_POINT('',(12.566370614359,5.));
#6419 = VECTOR('',#6420,1.);
#6420 = DIRECTION('',(-1.,0.));
#6421 = ( GEOMETRIC_REPRESENTATION_CONTEXT(2) 
PARAMETRIC_REPRESENTATION_CONTEXT() REPRESENTATION_CONTEXT('2D SPACE',''
  ) );
#6422 = PCURVE('',#5390,#6423);
#6423 = DEFINITIONAL_REPRESENTATION('',(#6424),#6432);
#6424 = ( BOUNDED_CURVE() B_SPLINE_CURVE(2,(#6425,#6426,#6427,#6428,
#6429,#6430,#6431),.UNSPECIFIED.,.T.,.F.) B_SPLINE_CURVE_WITH_KNOTS((1,2
    ,2,2,2,1),(-2.094395102393,0.,2.094395102393,4.188790204786,
6.28318530718,8.377580409573),.UNSPECIFIED.) CURVE() 
GEOMETRIC_REPRESENTATION_ITEM() RATIONAL_B_SPLINE_CURVE((1.,0.5,1.,0.5,
1.,0.5,1.)) REPRESENTATION_ITEM('') );
#6425 = CARTESIAN_POINT('',(5.494953041903,5.494254348688));
#6426 = CARTESIAN_POINT('',(5.494953041903,2.896178137335));
#6427 = CARTESIAN_POINT('',(3.244953041903,4.195216243011));
#6428 = CARTESIAN_POINT('',(0.994953041903,5.494254348688));
#6429 = CARTESIAN_POINT('',(3.244953041903,6.793292454364));
#6430 = CARTESIAN_POINT('',(5.494953041903,8.092330560041));
#6431 = CARTESIAN_POINT('',(5.494953041903,5.494254348688));
#6432 = ( GEOMETRIC_REPRESENTATION_CONTEXT(2) 
PARAMETRIC_REPRESENTATION_CONTEXT() REPRESENTATION_CONTEXT('2D SPACE',''
  ) );
#6433 = ORIENTED_EDGE('',*,*,#6111,.T.);
#6434 = ORIENTED_EDGE('',*,*,#6435,.T.);
#6435 = EDGE_CURVE('',#6114,#6386,#6436,.T.);
#6436 = SURFACE_CURVE('',#6437,(#6442,#6449),.PCURVE_S1.);
#6437 = CIRCLE('',#6438,1.5);
#6438 = AXIS2_PLACEMENT_3D('',#6439,#6440,#6441);
#6439 = CARTESIAN_POINT('',(51.000000685453,-53.99495378696,
    -5.494254348688));
#6440 = DIRECTION('',(-1.,0.,0.));
#6441 = DIRECTION('',(0.,-1.,0.));
#6442 = PCURVE('',#5067,#6443);
#6443 = DEFINITIONAL_REPRESENTATION('',(#6444),#6448);
#6444 = LINE('',#6445,#6446);
#6445 = CARTESIAN_POINT('',(6.28318530718,5.));
#6446 = VECTOR('',#6447,1.);
#6447 = DIRECTION('',(-1.,0.));
#6448 = ( GEOMETRIC_REPRESENTATION_CONTEXT(2) 
PARAMETRIC_REPRESENTATION_CONTEXT() REPRESENTATION_CONTEXT('2D SPACE',''
  ) );
#6449 = PCURVE('',#5390,#6450);
#6450 = DEFINITIONAL_REPRESENTATION('',(#6451),#6459);
#6451 = ( BOUNDED_CURVE() B_SPLINE_CURVE(2,(#6452,#6453,#6454,#6455,
#6456,#6457,#6458),.UNSPECIFIED.,.T.,.F.) B_SPLINE_CURVE_WITH_KNOTS((1,2
    ,2,2,2,1),(-2.094395102393,0.,2.094395102393,4.188790204786,
6.28318530718,8.377580409573),.UNSPECIFIED.) CURVE() 
GEOMETRIC_REPRESENTATION_ITEM() RATIONAL_B_SPLINE_CURVE((1.,0.5,1.,0.5,
1.,0.5,1.)) REPRESENTATION_ITEM('') );
#6452 = CARTESIAN_POINT('',(5.494953041903,5.494254348688));
#6453 = CARTESIAN_POINT('',(5.494953041903,2.896178137335));
#6454 = CARTESIAN_POINT('',(3.244953041903,4.195216243011));
#6455 = CARTESIAN_POINT('',(0.994953041903,5.494254348688));
#6456 = CARTESIAN_POINT('',(3.244953041903,6.793292454364));
#6457 = CARTESIAN_POINT('',(5.494953041903,8.092330560041));
#6458 = CARTESIAN_POINT('',(5.494953041903,5.494254348688));
#6459 = ( GEOMETRIC_REPRESENTATION_CONTEXT(2) 
PARAMETRIC_REPRESENTATION_CONTEXT() REPRESENTATION_CONTEXT('2D SPACE',''
  ) );
#6460 = ORIENTED_EDGE('',*,*,#6385,.F.);
#6461 = ORIENTED_EDGE('',*,*,#6462,.T.);
#6462 = EDGE_CURVE('',#6358,#4974,#6463,.T.);
#6463 = SURFACE_CURVE('',#6464,(#6469,#6476),.PCURVE_S1.);
#6464 = CIRCLE('',#6465,1.5);
#6465 = AXIS2_PLACEMENT_3D('',#6466,#6467,#6468);
#6466 = CARTESIAN_POINT('',(46.000000685453,-53.99495378696,
    -5.494254348688));
#6467 = DIRECTION('',(1.,0.,0.));
#6468 = DIRECTION('',(0.,-1.,0.));
#6469 = PCURVE('',#5067,#6470);
#6470 = DEFINITIONAL_REPRESENTATION('',(#6471),#6475);
#6471 = LINE('',#6472,#6473);
#6472 = CARTESIAN_POINT('',(0.,0.));
#6473 = VECTOR('',#6474,1.);
#6474 = DIRECTION('',(1.,0.));
#6475 = ( GEOMETRIC_REPRESENTATION_CONTEXT(2) 
PARAMETRIC_REPRESENTATION_CONTEXT() REPRESENTATION_CONTEXT('2D SPACE',''
  ) );
#6476 = PCURVE('',#1550,#6477);
#6477 = DEFINITIONAL_REPRESENTATION('',(#6478),#6486);
#6478 = ( BOUNDED_CURVE() B_SPLINE_CURVE(2,(#6479,#6480,#6481,#6482,
#6483,#6484,#6485),.UNSPECIFIED.,.T.,.F.) B_SPLINE_CURVE_WITH_KNOTS((1,2
    ,2,2,2,1),(-2.094395102393,0.,2.094395102393,4.188790204786,
6.28318530718,8.377580409573),.UNSPECIFIED.) CURVE() 
GEOMETRIC_REPRESENTATION_ITEM() RATIONAL_B_SPLINE_CURVE((1.,0.5,1.,0.5,
1.,0.5,1.)) REPRESENTATION_ITEM('') );
#6479 = CARTESIAN_POINT('',(1.111449089494,5.494254348688));
#6480 = CARTESIAN_POINT('',(1.111449089494,8.092330560041));
#6481 = CARTESIAN_POINT('',(3.361449089494,6.793292454364));
#6482 = CARTESIAN_POINT('',(5.611449089494,5.494254348688));
#6483 = CARTESIAN_POINT('',(3.361449089495,4.195216243011));
#6484 = CARTESIAN_POINT('',(1.111449089495,2.896178137335));
#6485 = CARTESIAN_POINT('',(1.111449089494,5.494254348688));
#6486 = ( GEOMETRIC_REPRESENTATION_CONTEXT(2) 
PARAMETRIC_REPRESENTATION_CONTEXT() REPRESENTATION_CONTEXT('2D SPACE',''
  ) );
#6487 = ORIENTED_EDGE('',*,*,#4996,.T.);
#6488 = ADVANCED_FACE('',(#6489),#5390,.T.);
#6489 = FACE_BOUND('',#6490,.T.);
#6490 = EDGE_LOOP('',(#6491,#6492,#6493,#6494,#6495,#6496,#6497,#6498,
    #6499,#6520));
#6491 = ORIENTED_EDGE('',*,*,#6236,.F.);
#6492 = ORIENTED_EDGE('',*,*,#6435,.T.);
#6493 = ORIENTED_EDGE('',*,*,#6408,.T.);
#6494 = ORIENTED_EDGE('',*,*,#6282,.F.);
#6495 = ORIENTED_EDGE('',*,*,#5634,.T.);
#6496 = ORIENTED_EDGE('',*,*,#5483,.T.);
#6497 = ORIENTED_EDGE('',*,*,#6260,.F.);
#6498 = ORIENTED_EDGE('',*,*,#5374,.F.);
#6499 = ORIENTED_EDGE('',*,*,#6500,.F.);
#6500 = EDGE_CURVE('',#6308,#5352,#6501,.T.);
#6501 = SURFACE_CURVE('',#6502,(#6506,#6513),.PCURVE_S1.);
#6502 = LINE('',#6503,#6504);
#6503 = CARTESIAN_POINT('',(51.000000685453,-50.00000074505,0.));
#6504 = VECTOR('',#6505,1.);
#6505 = DIRECTION('',(0.,0.,-1.));
#6506 = PCURVE('',#5390,#6507);
#6507 = DEFINITIONAL_REPRESENTATION('',(#6508),#6512);
#6508 = LINE('',#6509,#6510);
#6509 = CARTESIAN_POINT('',(0.,0.));
#6510 = VECTOR('',#6511,1.);
#6511 = DIRECTION('',(0.,1.));
#6512 = ( GEOMETRIC_REPRESENTATION_CONTEXT(2) 
PARAMETRIC_REPRESENTATION_CONTEXT() REPRESENTATION_CONTEXT('2D SPACE',''
  ) );
#6513 = PCURVE('',#1522,#6514);
#6514 = DEFINITIONAL_REPRESENTATION('',(#6515),#6519);
#6515 = LINE('',#6516,#6517);
#6516 = CARTESIAN_POINT('',(5.,0.));
#6517 = VECTOR('',#6518,1.);
#6518 = DIRECTION('',(0.,1.));
#6519 = ( GEOMETRIC_REPRESENTATION_CONTEXT(2) 
PARAMETRIC_REPRESENTATION_CONTEXT() REPRESENTATION_CONTEXT('2D SPACE',''
  ) );
#6520 = ORIENTED_EDGE('',*,*,#6331,.F.);
#6521 = ADVANCED_FACE('',(#6522),#2305,.F.);
#6522 = FACE_BOUND('',#6523,.F.);
#6523 = EDGE_LOOP('',(#6524,#6547,#6573,#6574));
#6524 = ORIENTED_EDGE('',*,*,#6525,.T.);
#6525 = EDGE_CURVE('',#2289,#6526,#6528,.T.);
#6526 = VERTEX_POINT('',#6527);
#6527 = CARTESIAN_POINT('',(122.63638205854,-42.93171319838,4.));
#6528 = SEAM_CURVE('',#6529,(#6533,#6540),.PCURVE_S1.);
#6529 = LINE('',#6530,#6531);
#6530 = CARTESIAN_POINT('',(122.63638205854,-42.93171319838,0.));
#6531 = VECTOR('',#6532,1.);
#6532 = DIRECTION('',(0.,0.,1.));
#6533 = PCURVE('',#2305,#6534);
#6534 = DEFINITIONAL_REPRESENTATION('',(#6535),#6539);
#6535 = LINE('',#6536,#6537);
#6536 = CARTESIAN_POINT('',(9.424777960769,0.));
#6537 = VECTOR('',#6538,1.);
#6538 = DIRECTION('',(0.,1.));
#6539 = ( GEOMETRIC_REPRESENTATION_CONTEXT(2) 
PARAMETRIC_REPRESENTATION_CONTEXT() REPRESENTATION_CONTEXT('2D SPACE',''
  ) );
#6540 = PCURVE('',#2305,#6541);
#6541 = DEFINITIONAL_REPRESENTATION('',(#6542),#6546);
#6542 = LINE('',#6543,#6544);
#6543 = CARTESIAN_POINT('',(3.14159265359,0.));
#6544 = VECTOR('',#6545,1.);
#6545 = DIRECTION('',(0.,1.));
#6546 = ( GEOMETRIC_REPRESENTATION_CONTEXT(2) 
PARAMETRIC_REPRESENTATION_CONTEXT() REPRESENTATION_CONTEXT('2D SPACE',''
  ) );
#6547 = ORIENTED_EDGE('',*,*,#6548,.T.);
#6548 = EDGE_CURVE('',#6526,#6526,#6549,.T.);
#6549 = SURFACE_CURVE('',#6550,(#6555,#6562),.PCURVE_S1.);
#6550 = CIRCLE('',#6551,0.95);
#6551 = AXIS2_PLACEMENT_3D('',#6552,#6553,#6554);
#6552 = CARTESIAN_POINT('',(123.58638205854,-42.93171319838,4.));
#6553 = DIRECTION('',(0.,0.,-1.));
#6554 = DIRECTION('',(1.,0.,0.));
#6555 = PCURVE('',#2305,#6556);
#6556 = DEFINITIONAL_REPRESENTATION('',(#6557),#6561);
#6557 = LINE('',#6558,#6559);
#6558 = CARTESIAN_POINT('',(12.566370614359,4.));
#6559 = VECTOR('',#6560,1.);
#6560 = DIRECTION('',(-1.,0.));
#6561 = ( GEOMETRIC_REPRESENTATION_CONTEXT(2) 
PARAMETRIC_REPRESENTATION_CONTEXT() REPRESENTATION_CONTEXT('2D SPACE',''
  ) );
#6562 = PCURVE('',#514,#6563);
#6563 = DEFINITIONAL_REPRESENTATION('',(#6564),#6572);
#6564 = ( BOUNDED_CURVE() B_SPLINE_CURVE(2,(#6565,#6566,#6567,#6568,
#6569,#6570,#6571),.UNSPECIFIED.,.T.,.F.) B_SPLINE_CURVE_WITH_KNOTS((1,2
    ,2,2,2,1),(-2.094395102393,0.,2.094395102393,4.188790204786,
6.28318530718,8.377580409573),.UNSPECIFIED.) CURVE() 
GEOMETRIC_REPRESENTATION_ITEM() RATIONAL_B_SPLINE_CURVE((1.,0.5,1.,0.5,
1.,0.5,1.)) REPRESENTATION_ITEM('') );
#6565 = CARTESIAN_POINT('',(1.05728243858,-84.16983579962));
#6566 = CARTESIAN_POINT('',(1.05728243858,-85.81528406681));
#6567 = CARTESIAN_POINT('',(-0.36771756142,-84.99255993322));
#6568 = CARTESIAN_POINT('',(-1.79271756142,-84.16983579962));
#6569 = CARTESIAN_POINT('',(-0.36771756142,-83.34711166603));
#6570 = CARTESIAN_POINT('',(1.05728243858,-82.52438753243));
#6571 = CARTESIAN_POINT('',(1.05728243858,-84.16983579962));
#6572 = ( GEOMETRIC_REPRESENTATION_CONTEXT(2) 
PARAMETRIC_REPRESENTATION_CONTEXT() REPRESENTATION_CONTEXT('2D SPACE',''
  ) );
#6573 = ORIENTED_EDGE('',*,*,#6525,.F.);
#6574 = ORIENTED_EDGE('',*,*,#2288,.T.);
#6575 = ADVANCED_FACE('',(#6576),#2336,.F.);
#6576 = FACE_BOUND('',#6577,.F.);
#6577 = EDGE_LOOP('',(#6578,#6601,#6627,#6628));
#6578 = ORIENTED_EDGE('',*,*,#6579,.T.);
#6579 = EDGE_CURVE('',#2320,#6580,#6582,.T.);
#6580 = VERTEX_POINT('',#6581);
#6581 = CARTESIAN_POINT('',(122.63638205854,-15.33171319838,4.));
#6582 = SEAM_CURVE('',#6583,(#6587,#6594),.PCURVE_S1.);
#6583 = LINE('',#6584,#6585);
#6584 = CARTESIAN_POINT('',(122.63638205854,-15.33171319838,0.));
#6585 = VECTOR('',#6586,1.);
#6586 = DIRECTION('',(0.,0.,1.));
#6587 = PCURVE('',#2336,#6588);
#6588 = DEFINITIONAL_REPRESENTATION('',(#6589),#6593);
#6589 = LINE('',#6590,#6591);
#6590 = CARTESIAN_POINT('',(9.424777960769,0.));
#6591 = VECTOR('',#6592,1.);
#6592 = DIRECTION('',(0.,1.));
#6593 = ( GEOMETRIC_REPRESENTATION_CONTEXT(2) 
PARAMETRIC_REPRESENTATION_CONTEXT() REPRESENTATION_CONTEXT('2D SPACE',''
  ) );
#6594 = PCURVE('',#2336,#6595);
#6595 = DEFINITIONAL_REPRESENTATION('',(#6596),#6600);
#6596 = LINE('',#6597,#6598);
#6597 = CARTESIAN_POINT('',(3.14159265359,0.));
#6598 = VECTOR('',#6599,1.);
#6599 = DIRECTION('',(0.,1.));
#6600 = ( GEOMETRIC_REPRESENTATION_CONTEXT(2) 
PARAMETRIC_REPRESENTATION_CONTEXT() REPRESENTATION_CONTEXT('2D SPACE',''
  ) );
#6601 = ORIENTED_EDGE('',*,*,#6602,.T.);
#6602 = EDGE_CURVE('',#6580,#6580,#6603,.T.);
#6603 = SURFACE_CURVE('',#6604,(#6609,#6616),.PCURVE_S1.);
#6604 = CIRCLE('',#6605,0.95);
#6605 = AXIS2_PLACEMENT_3D('',#6606,#6607,#6608);
#6606 = CARTESIAN_POINT('',(123.58638205854,-15.33171319838,4.));
#6607 = DIRECTION('',(0.,0.,-1.));
#6608 = DIRECTION('',(1.,0.,0.));
#6609 = PCURVE('',#2336,#6610);
#6610 = DEFINITIONAL_REPRESENTATION('',(#6611),#6615);
#6611 = LINE('',#6612,#6613);
#6612 = CARTESIAN_POINT('',(12.566370614359,4.));
#6613 = VECTOR('',#6614,1.);
#6614 = DIRECTION('',(-1.,0.));
#6615 = ( GEOMETRIC_REPRESENTATION_CONTEXT(2) 
PARAMETRIC_REPRESENTATION_CONTEXT() REPRESENTATION_CONTEXT('2D SPACE',''
  ) );
#6616 = PCURVE('',#514,#6617);
#6617 = DEFINITIONAL_REPRESENTATION('',(#6618),#6626);
#6618 = ( BOUNDED_CURVE() B_SPLINE_CURVE(2,(#6619,#6620,#6621,#6622,
#6623,#6624,#6625),.UNSPECIFIED.,.T.,.F.) B_SPLINE_CURVE_WITH_KNOTS((1,2
    ,2,2,2,1),(-2.094395102393,0.,2.094395102393,4.188790204786,
6.28318530718,8.377580409573),.UNSPECIFIED.) CURVE() 
GEOMETRIC_REPRESENTATION_ITEM() RATIONAL_B_SPLINE_CURVE((1.,0.5,1.,0.5,
1.,0.5,1.)) REPRESENTATION_ITEM('') );
#6619 = CARTESIAN_POINT('',(1.05728243858,-56.56983579962));
#6620 = CARTESIAN_POINT('',(1.05728243858,-58.21528406681));
#6621 = CARTESIAN_POINT('',(-0.36771756142,-57.39255993322));
#6622 = CARTESIAN_POINT('',(-1.79271756142,-56.56983579962));
#6623 = CARTESIAN_POINT('',(-0.36771756142,-55.74711166603));
#6624 = CARTESIAN_POINT('',(1.05728243858,-54.92438753243));
#6625 = CARTESIAN_POINT('',(1.05728243858,-56.56983579962));
#6626 = ( GEOMETRIC_REPRESENTATION_CONTEXT(2) 
PARAMETRIC_REPRESENTATION_CONTEXT() REPRESENTATION_CONTEXT('2D SPACE',''
  ) );
#6627 = ORIENTED_EDGE('',*,*,#6579,.F.);
#6628 = ORIENTED_EDGE('',*,*,#2319,.T.);
#6629 = ADVANCED_FACE('',(#6630),#2424,.F.);
#6630 = FACE_BOUND('',#6631,.T.);
#6631 = EDGE_LOOP('',(#6632,#6657,#6678,#6679));
#6632 = ORIENTED_EDGE('',*,*,#6633,.F.);
#6633 = EDGE_CURVE('',#6634,#6636,#6638,.T.);
#6634 = VERTEX_POINT('',#6635);
#6635 = CARTESIAN_POINT('',(117.33638205854,-17.63171319838,4.));
#6636 = VERTEX_POINT('',#6637);
#6637 = CARTESIAN_POINT('',(129.83638205854,-17.63171319838,4.));
#6638 = SURFACE_CURVE('',#6639,(#6643,#6650),.PCURVE_S1.);
#6639 = LINE('',#6640,#6641);
#6640 = CARTESIAN_POINT('',(126.65774083925,-17.63171319838,4.));
#6641 = VECTOR('',#6642,1.);
#6642 = DIRECTION('',(1.,0.,0.));
#6643 = PCURVE('',#2424,#6644);
#6644 = DEFINITIONAL_REPRESENTATION('',(#6645),#6649);
#6645 = LINE('',#6646,#6647);
#6646 = CARTESIAN_POINT('',(3.17864121929,4.));
#6647 = VECTOR('',#6648,1.);
#6648 = DIRECTION('',(-1.,0.));
#6649 = ( GEOMETRIC_REPRESENTATION_CONTEXT(2) 
PARAMETRIC_REPRESENTATION_CONTEXT() REPRESENTATION_CONTEXT('2D SPACE',''
  ) );
#6650 = PCURVE('',#514,#6651);
#6651 = DEFINITIONAL_REPRESENTATION('',(#6652),#6656);
#6652 = LINE('',#6653,#6654);
#6653 = CARTESIAN_POINT('',(3.17864121929,-58.86983579962));
#6654 = VECTOR('',#6655,1.);
#6655 = DIRECTION('',(1.,0.));
#6656 = ( GEOMETRIC_REPRESENTATION_CONTEXT(2) 
PARAMETRIC_REPRESENTATION_CONTEXT() REPRESENTATION_CONTEXT('2D SPACE',''
  ) );
#6657 = ORIENTED_EDGE('',*,*,#6658,.F.);
#6658 = EDGE_CURVE('',#2409,#6634,#6659,.T.);
#6659 = SURFACE_CURVE('',#6660,(#6664,#6671),.PCURVE_S1.);
#6660 = LINE('',#6661,#6662);
#6661 = CARTESIAN_POINT('',(117.33638205854,-17.63171319838,0.));
#6662 = VECTOR('',#6663,1.);
#6663 = DIRECTION('',(0.,0.,1.));
#6664 = PCURVE('',#2424,#6665);
#6665 = DEFINITIONAL_REPRESENTATION('',(#6666),#6670);
#6666 = LINE('',#6667,#6668);
#6667 = CARTESIAN_POINT('',(12.5,0.));
#6668 = VECTOR('',#6669,1.);
#6669 = DIRECTION('',(0.,1.));
#6670 = ( GEOMETRIC_REPRESENTATION_CONTEXT(2) 
PARAMETRIC_REPRESENTATION_CONTEXT() REPRESENTATION_CONTEXT('2D SPACE',''
  ) );
#6671 = PCURVE('',#2450,#6672);
#6672 = DEFINITIONAL_REPRESENTATION('',(#6673),#6677);
#6673 = LINE('',#6674,#6675);
#6674 = CARTESIAN_POINT('',(0.,0.));
#6675 = VECTOR('',#6676,1.);
#6676 = DIRECTION('',(0.,1.));
#6677 = ( GEOMETRIC_REPRESENTATION_CONTEXT(2) 
PARAMETRIC_REPRESENTATION_CONTEXT() REPRESENTATION_CONTEXT('2D SPACE',''
  ) );
#6678 = ORIENTED_EDGE('',*,*,#2408,.F.);
#6679 = ORIENTED_EDGE('',*,*,#6680,.T.);
#6680 = EDGE_CURVE('',#2381,#6636,#6681,.T.);
#6681 = SURFACE_CURVE('',#6682,(#6686,#6693),.PCURVE_S1.);
#6682 = LINE('',#6683,#6684);
#6683 = CARTESIAN_POINT('',(129.83638205854,-17.63171319838,0.));
#6684 = VECTOR('',#6685,1.);
#6685 = DIRECTION('',(0.,0.,1.));
#6686 = PCURVE('',#2424,#6687);
#6687 = DEFINITIONAL_REPRESENTATION('',(#6688),#6692);
#6688 = LINE('',#6689,#6690);
#6689 = CARTESIAN_POINT('',(0.,0.));
#6690 = VECTOR('',#6691,1.);
#6691 = DIRECTION('',(0.,1.));
#6692 = ( GEOMETRIC_REPRESENTATION_CONTEXT(2) 
PARAMETRIC_REPRESENTATION_CONTEXT() REPRESENTATION_CONTEXT('2D SPACE',''
  ) );
#6693 = PCURVE('',#2396,#6694);
#6694 = DEFINITIONAL_REPRESENTATION('',(#6695),#6699);
#6695 = LINE('',#6696,#6697);
#6696 = CARTESIAN_POINT('',(23.,0.));
#6697 = VECTOR('',#6698,1.);
#6698 = DIRECTION('',(0.,1.));
#6699 = ( GEOMETRIC_REPRESENTATION_CONTEXT(2) 
PARAMETRIC_REPRESENTATION_CONTEXT() REPRESENTATION_CONTEXT('2D SPACE',''
  ) );
#6700 = ADVANCED_FACE('',(#6701),#2396,.F.);
#6701 = FACE_BOUND('',#6702,.T.);
#6702 = EDGE_LOOP('',(#6703,#6726,#6727,#6728));
#6703 = ORIENTED_EDGE('',*,*,#6704,.F.);
#6704 = EDGE_CURVE('',#6636,#6705,#6707,.T.);
#6705 = VERTEX_POINT('',#6706);
#6706 = CARTESIAN_POINT('',(129.83638205854,-40.63171319838,4.));
#6707 = SURFACE_CURVE('',#6708,(#6712,#6719),.PCURVE_S1.);
#6708 = LINE('',#6709,#6710);
#6709 = CARTESIAN_POINT('',(129.83638205854,0.303204701425,4.));
#6710 = VECTOR('',#6711,1.);
#6711 = DIRECTION('',(0.,-1.,0.));
#6712 = PCURVE('',#2396,#6713);
#6713 = DEFINITIONAL_REPRESENTATION('',(#6714),#6718);
#6714 = LINE('',#6715,#6716);
#6715 = CARTESIAN_POINT('',(40.934917899814,4.));
#6716 = VECTOR('',#6717,1.);
#6717 = DIRECTION('',(-1.,0.));
#6718 = ( GEOMETRIC_REPRESENTATION_CONTEXT(2) 
PARAMETRIC_REPRESENTATION_CONTEXT() REPRESENTATION_CONTEXT('2D SPACE',''
  ) );
#6719 = PCURVE('',#514,#6720);
#6720 = DEFINITIONAL_REPRESENTATION('',(#6721),#6725);
#6721 = LINE('',#6722,#6723);
#6722 = CARTESIAN_POINT('',(6.35728243858,-40.93491789981));
#6723 = VECTOR('',#6724,1.);
#6724 = DIRECTION('',(0.,-1.));
#6725 = ( GEOMETRIC_REPRESENTATION_CONTEXT(2) 
PARAMETRIC_REPRESENTATION_CONTEXT() REPRESENTATION_CONTEXT('2D SPACE',''
  ) );
#6726 = ORIENTED_EDGE('',*,*,#6680,.F.);
#6727 = ORIENTED_EDGE('',*,*,#2380,.F.);
#6728 = ORIENTED_EDGE('',*,*,#6729,.T.);
#6729 = EDGE_CURVE('',#2353,#6705,#6730,.T.);
#6730 = SURFACE_CURVE('',#6731,(#6735,#6742),.PCURVE_S1.);
#6731 = LINE('',#6732,#6733);
#6732 = CARTESIAN_POINT('',(129.83638205854,-40.63171319838,0.));
#6733 = VECTOR('',#6734,1.);
#6734 = DIRECTION('',(0.,0.,1.));
#6735 = PCURVE('',#2396,#6736);
#6736 = DEFINITIONAL_REPRESENTATION('',(#6737),#6741);
#6737 = LINE('',#6738,#6739);
#6738 = CARTESIAN_POINT('',(0.,0.));
#6739 = VECTOR('',#6740,1.);
#6740 = DIRECTION('',(0.,1.));
#6741 = ( GEOMETRIC_REPRESENTATION_CONTEXT(2) 
PARAMETRIC_REPRESENTATION_CONTEXT() REPRESENTATION_CONTEXT('2D SPACE',''
  ) );
#6742 = PCURVE('',#2368,#6743);
#6743 = DEFINITIONAL_REPRESENTATION('',(#6744),#6748);
#6744 = LINE('',#6745,#6746);
#6745 = CARTESIAN_POINT('',(12.5,0.));
#6746 = VECTOR('',#6747,1.);
#6747 = DIRECTION('',(0.,1.));
#6748 = ( GEOMETRIC_REPRESENTATION_CONTEXT(2) 
PARAMETRIC_REPRESENTATION_CONTEXT() REPRESENTATION_CONTEXT('2D SPACE',''
  ) );
#6749 = ADVANCED_FACE('',(#6750),#2368,.F.);
#6750 = FACE_BOUND('',#6751,.T.);
#6751 = EDGE_LOOP('',(#6752,#6775,#6776,#6777));
#6752 = ORIENTED_EDGE('',*,*,#6753,.F.);
#6753 = EDGE_CURVE('',#6705,#6754,#6756,.T.);
#6754 = VERTEX_POINT('',#6755);
#6755 = CARTESIAN_POINT('',(117.33638205854,-40.63171319838,4.));
#6756 = SURFACE_CURVE('',#6757,(#6761,#6768),.PCURVE_S1.);
#6757 = LINE('',#6758,#6759);
#6758 = CARTESIAN_POINT('',(120.40774083925,-40.63171319838,4.));
#6759 = VECTOR('',#6760,1.);
#6760 = DIRECTION('',(-1.,0.,0.));
#6761 = PCURVE('',#2368,#6762);
#6762 = DEFINITIONAL_REPRESENTATION('',(#6763),#6767);
#6763 = LINE('',#6764,#6765);
#6764 = CARTESIAN_POINT('',(3.07135878071,4.));
#6765 = VECTOR('',#6766,1.);
#6766 = DIRECTION('',(-1.,0.));
#6767 = ( GEOMETRIC_REPRESENTATION_CONTEXT(2) 
PARAMETRIC_REPRESENTATION_CONTEXT() REPRESENTATION_CONTEXT('2D SPACE',''
  ) );
#6768 = PCURVE('',#514,#6769);
#6769 = DEFINITIONAL_REPRESENTATION('',(#6770),#6774);
#6770 = LINE('',#6771,#6772);
#6771 = CARTESIAN_POINT('',(-3.07135878071,-81.86983579962));
#6772 = VECTOR('',#6773,1.);
#6773 = DIRECTION('',(-1.,0.));
#6774 = ( GEOMETRIC_REPRESENTATION_CONTEXT(2) 
PARAMETRIC_REPRESENTATION_CONTEXT() REPRESENTATION_CONTEXT('2D SPACE',''
  ) );
#6775 = ORIENTED_EDGE('',*,*,#6729,.F.);
#6776 = ORIENTED_EDGE('',*,*,#2350,.F.);
#6777 = ORIENTED_EDGE('',*,*,#6778,.T.);
#6778 = EDGE_CURVE('',#2351,#6754,#6779,.T.);
#6779 = SURFACE_CURVE('',#6780,(#6784,#6791),.PCURVE_S1.);
#6780 = LINE('',#6781,#6782);
#6781 = CARTESIAN_POINT('',(117.33638205854,-40.63171319838,0.));
#6782 = VECTOR('',#6783,1.);
#6783 = DIRECTION('',(0.,0.,1.));
#6784 = PCURVE('',#2368,#6785);
#6785 = DEFINITIONAL_REPRESENTATION('',(#6786),#6790);
#6786 = LINE('',#6787,#6788);
#6787 = CARTESIAN_POINT('',(0.,0.));
#6788 = VECTOR('',#6789,1.);
#6789 = DIRECTION('',(0.,1.));
#6790 = ( GEOMETRIC_REPRESENTATION_CONTEXT(2) 
PARAMETRIC_REPRESENTATION_CONTEXT() REPRESENTATION_CONTEXT('2D SPACE',''
  ) );
#6791 = PCURVE('',#2450,#6792);
#6792 = DEFINITIONAL_REPRESENTATION('',(#6793),#6797);
#6793 = LINE('',#6794,#6795);
#6794 = CARTESIAN_POINT('',(23.,0.));
#6795 = VECTOR('',#6796,1.);
#6796 = DIRECTION('',(0.,1.));
#6797 = ( GEOMETRIC_REPRESENTATION_CONTEXT(2) 
PARAMETRIC_REPRESENTATION_CONTEXT() REPRESENTATION_CONTEXT('2D SPACE',''
  ) );
#6798 = ADVANCED_FACE('',(#6799),#2450,.F.);
#6799 = FACE_BOUND('',#6800,.T.);
#6800 = EDGE_LOOP('',(#6801,#6822,#6823,#6824));
#6801 = ORIENTED_EDGE('',*,*,#6802,.F.);
#6802 = EDGE_CURVE('',#6754,#6634,#6803,.T.);
#6803 = SURFACE_CURVE('',#6804,(#6808,#6815),.PCURVE_S1.);
#6804 = LINE('',#6805,#6806);
#6805 = CARTESIAN_POINT('',(117.33638205854,11.803204701425,4.));
#6806 = VECTOR('',#6807,1.);
#6807 = DIRECTION('',(0.,1.,0.));
#6808 = PCURVE('',#2450,#6809);
#6809 = DEFINITIONAL_REPRESENTATION('',(#6810),#6814);
#6810 = LINE('',#6811,#6812);
#6811 = CARTESIAN_POINT('',(-29.43491789981,4.));
#6812 = VECTOR('',#6813,1.);
#6813 = DIRECTION('',(-1.,0.));
#6814 = ( GEOMETRIC_REPRESENTATION_CONTEXT(2) 
PARAMETRIC_REPRESENTATION_CONTEXT() REPRESENTATION_CONTEXT('2D SPACE',''
  ) );
#6815 = PCURVE('',#514,#6816);
#6816 = DEFINITIONAL_REPRESENTATION('',(#6817),#6821);
#6817 = LINE('',#6818,#6819);
#6818 = CARTESIAN_POINT('',(-6.14271756142,-29.43491789981));
#6819 = VECTOR('',#6820,1.);
#6820 = DIRECTION('',(0.,1.));
#6821 = ( GEOMETRIC_REPRESENTATION_CONTEXT(2) 
PARAMETRIC_REPRESENTATION_CONTEXT() REPRESENTATION_CONTEXT('2D SPACE',''
  ) );
#6822 = ORIENTED_EDGE('',*,*,#6778,.F.);
#6823 = ORIENTED_EDGE('',*,*,#2436,.F.);
#6824 = ORIENTED_EDGE('',*,*,#6658,.T.);
#6825 = ADVANCED_FACE('',(#6826),#6840,.F.);
#6826 = FACE_BOUND('',#6827,.F.);
#6827 = EDGE_LOOP('',(#6828,#6858,#6884,#6885));
#6828 = ORIENTED_EDGE('',*,*,#6829,.T.);
#6829 = EDGE_CURVE('',#6830,#6832,#6834,.T.);
#6830 = VERTEX_POINT('',#6831);
#6831 = CARTESIAN_POINT('',(195.95819855446,-52.49495378696,
    -5.494254348688));
#6832 = VERTEX_POINT('',#6833);
#6833 = CARTESIAN_POINT('',(200.95819855446,-52.49495378696,
    -5.494254348688));
#6834 = SEAM_CURVE('',#6835,(#6839,#6851),.PCURVE_S1.);
#6835 = LINE('',#6836,#6837);
#6836 = CARTESIAN_POINT('',(46.000000685453,-52.49495378696,
    -5.494254348688));
#6837 = VECTOR('',#6838,1.);
#6838 = DIRECTION('',(1.,0.,0.));
#6839 = PCURVE('',#6840,#6845);
#6840 = CYLINDRICAL_SURFACE('',#6841,1.5);
#6841 = AXIS2_PLACEMENT_3D('',#6842,#6843,#6844);
#6842 = CARTESIAN_POINT('',(46.000000685453,-53.99495378696,
    -5.494254348688));
#6843 = DIRECTION('',(1.,0.,0.));
#6844 = DIRECTION('',(0.,-1.,0.));
#6845 = DEFINITIONAL_REPRESENTATION('',(#6846),#6850);
#6846 = LINE('',#6847,#6848);
#6847 = CARTESIAN_POINT('',(9.424777960769,0.));
#6848 = VECTOR('',#6849,1.);
#6849 = DIRECTION('',(0.,1.));
#6850 = ( GEOMETRIC_REPRESENTATION_CONTEXT(2) 
PARAMETRIC_REPRESENTATION_CONTEXT() REPRESENTATION_CONTEXT('2D SPACE',''
  ) );
#6851 = PCURVE('',#6840,#6852);
#6852 = DEFINITIONAL_REPRESENTATION('',(#6853),#6857);
#6853 = LINE('',#6854,#6855);
#6854 = CARTESIAN_POINT('',(3.14159265359,0.));
#6855 = VECTOR('',#6856,1.);
#6856 = DIRECTION('',(0.,1.));
#6857 = ( GEOMETRIC_REPRESENTATION_CONTEXT(2) 
PARAMETRIC_REPRESENTATION_CONTEXT() REPRESENTATION_CONTEXT('2D SPACE',''
  ) );
#6858 = ORIENTED_EDGE('',*,*,#6859,.T.);
#6859 = EDGE_CURVE('',#6832,#6832,#6860,.T.);
#6860 = SURFACE_CURVE('',#6861,(#6866,#6873),.PCURVE_S1.);
#6861 = CIRCLE('',#6862,1.5);
#6862 = AXIS2_PLACEMENT_3D('',#6863,#6864,#6865);
#6863 = CARTESIAN_POINT('',(200.95819855446,-53.99495378696,
    -5.494254348688));
#6864 = DIRECTION('',(-1.,0.,0.));
#6865 = DIRECTION('',(0.,-1.,0.));
#6866 = PCURVE('',#6840,#6867);
#6867 = DEFINITIONAL_REPRESENTATION('',(#6868),#6872);
#6868 = LINE('',#6869,#6870);
#6869 = CARTESIAN_POINT('',(12.566370614359,154.95819786901));
#6870 = VECTOR('',#6871,1.);
#6871 = DIRECTION('',(-1.,0.));
#6872 = ( GEOMETRIC_REPRESENTATION_CONTEXT(2) 
PARAMETRIC_REPRESENTATION_CONTEXT() REPRESENTATION_CONTEXT('2D SPACE',''
  ) );
#6873 = PCURVE('',#1281,#6874);
#6874 = DEFINITIONAL_REPRESENTATION('',(#6875),#6883);
#6875 = ( BOUNDED_CURVE() B_SPLINE_CURVE(2,(#6876,#6877,#6878,#6879,
#6880,#6881,#6882),.UNSPECIFIED.,.T.,.F.) B_SPLINE_CURVE_WITH_KNOTS((1,2
    ,2,2,2,1),(-2.094395102393,0.,2.094395102393,4.188790204786,
6.28318530718,8.377580409573),.UNSPECIFIED.) CURVE() 
GEOMETRIC_REPRESENTATION_ITEM() RATIONAL_B_SPLINE_CURVE((1.,0.5,1.,0.5,
1.,0.5,1.)) REPRESENTATION_ITEM('') );
#6876 = CARTESIAN_POINT('',(5.494953041903,5.494254348688));
#6877 = CARTESIAN_POINT('',(5.494953041903,2.896178137335));
#6878 = CARTESIAN_POINT('',(3.244953041903,4.195216243011));
#6879 = CARTESIAN_POINT('',(0.994953041903,5.494254348688));
#6880 = CARTESIAN_POINT('',(3.244953041903,6.793292454364));
#6881 = CARTESIAN_POINT('',(5.494953041903,8.092330560041));
#6882 = CARTESIAN_POINT('',(5.494953041903,5.494254348688));
#6883 = ( GEOMETRIC_REPRESENTATION_CONTEXT(2) 
PARAMETRIC_REPRESENTATION_CONTEXT() REPRESENTATION_CONTEXT('2D SPACE',''
  ) );
#6884 = ORIENTED_EDGE('',*,*,#6829,.F.);
#6885 = ORIENTED_EDGE('',*,*,#6886,.T.);
#6886 = EDGE_CURVE('',#6830,#6830,#6887,.T.);
#6887 = SURFACE_CURVE('',#6888,(#6893,#6900),.PCURVE_S1.);
#6888 = CIRCLE('',#6889,1.5);
#6889 = AXIS2_PLACEMENT_3D('',#6890,#6891,#6892);
#6890 = CARTESIAN_POINT('',(195.95819855446,-53.99495378696,
    -5.494254348688));
#6891 = DIRECTION('',(1.,0.,0.));
#6892 = DIRECTION('',(0.,-1.,0.));
#6893 = PCURVE('',#6840,#6894);
#6894 = DEFINITIONAL_REPRESENTATION('',(#6895),#6899);
#6895 = LINE('',#6896,#6897);
#6896 = CARTESIAN_POINT('',(0.,149.95819786901));
#6897 = VECTOR('',#6898,1.);
#6898 = DIRECTION('',(1.,0.));
#6899 = ( GEOMETRIC_REPRESENTATION_CONTEXT(2) 
PARAMETRIC_REPRESENTATION_CONTEXT() REPRESENTATION_CONTEXT('2D SPACE',''
  ) );
#6900 = PCURVE('',#6901,#6906);
#6901 = PLANE('',#6902);
#6902 = AXIS2_PLACEMENT_3D('',#6903,#6904,#6905);
#6903 = CARTESIAN_POINT('',(195.95819855446,-56.60640287645,0.));
#6904 = DIRECTION('',(-1.,0.,0.));
#6905 = DIRECTION('',(0.,1.,0.));
#6906 = DEFINITIONAL_REPRESENTATION('',(#6907),#6915);
#6907 = ( BOUNDED_CURVE() B_SPLINE_CURVE(2,(#6908,#6909,#6910,#6911,
#6912,#6913,#6914),.UNSPECIFIED.,.T.,.F.) B_SPLINE_CURVE_WITH_KNOTS((1,2
    ,2,2,2,1),(-2.094395102393,0.,2.094395102393,4.188790204786,
6.28318530718,8.377580409573),.UNSPECIFIED.) CURVE() 
GEOMETRIC_REPRESENTATION_ITEM() RATIONAL_B_SPLINE_CURVE((1.,0.5,1.,0.5,
1.,0.5,1.)) REPRESENTATION_ITEM('') );
#6908 = CARTESIAN_POINT('',(1.111449089494,5.494254348688));
#6909 = CARTESIAN_POINT('',(1.111449089494,8.092330560041));
#6910 = CARTESIAN_POINT('',(3.361449089494,6.793292454364));
#6911 = CARTESIAN_POINT('',(5.611449089494,5.494254348688));
#6912 = CARTESIAN_POINT('',(3.361449089495,4.195216243011));
#6913 = CARTESIAN_POINT('',(1.111449089495,2.896178137335));
#6914 = CARTESIAN_POINT('',(1.111449089494,5.494254348688));
#6915 = ( GEOMETRIC_REPRESENTATION_CONTEXT(2) 
PARAMETRIC_REPRESENTATION_CONTEXT() REPRESENTATION_CONTEXT('2D SPACE',''
  ) );
#6916 = ADVANCED_FACE('',(#6917),#6931,.F.);
#6917 = FACE_BOUND('',#6918,.F.);
#6918 = EDGE_LOOP('',(#6919,#6949,#6980,#6981));
#6919 = ORIENTED_EDGE('',*,*,#6920,.T.);
#6920 = EDGE_CURVE('',#6921,#6923,#6925,.T.);
#6921 = VERTEX_POINT('',#6922);
#6922 = CARTESIAN_POINT('',(46.000000685453,-3.699764460792,
    -15.38756474698));
#6923 = VERTEX_POINT('',#6924);
#6924 = CARTESIAN_POINT('',(51.000000685453,-3.699764460792,
    -15.38756474698));
#6925 = SEAM_CURVE('',#6926,(#6930,#6942),.PCURVE_S1.);
#6926 = LINE('',#6927,#6928);
#6927 = CARTESIAN_POINT('',(46.000000685453,-3.699764460792,
    -15.38756474698));
#6928 = VECTOR('',#6929,1.);
#6929 = DIRECTION('',(1.,0.,0.));
#6930 = PCURVE('',#6931,#6936);
#6931 = CYLINDRICAL_SURFACE('',#6932,1.5);
#6932 = AXIS2_PLACEMENT_3D('',#6933,#6934,#6935);
#6933 = CARTESIAN_POINT('',(46.000000685453,-5.199764460792,
    -15.38756474698));
#6934 = DIRECTION('',(1.,0.,0.));
#6935 = DIRECTION('',(0.,-1.,0.));
#6936 = DEFINITIONAL_REPRESENTATION('',(#6937),#6941);
#6937 = LINE('',#6938,#6939);
#6938 = CARTESIAN_POINT('',(9.424777960769,0.));
#6939 = VECTOR('',#6940,1.);
#6940 = DIRECTION('',(0.,1.));
#6941 = ( GEOMETRIC_REPRESENTATION_CONTEXT(2) 
PARAMETRIC_REPRESENTATION_CONTEXT() REPRESENTATION_CONTEXT('2D SPACE',''
  ) );
#6942 = PCURVE('',#6931,#6943);
#6943 = DEFINITIONAL_REPRESENTATION('',(#6944),#6948);
#6944 = LINE('',#6945,#6946);
#6945 = CARTESIAN_POINT('',(3.14159265359,0.));
#6946 = VECTOR('',#6947,1.);
#6947 = DIRECTION('',(0.,1.));
#6948 = ( GEOMETRIC_REPRESENTATION_CONTEXT(2) 
PARAMETRIC_REPRESENTATION_CONTEXT() REPRESENTATION_CONTEXT('2D SPACE',''
  ) );
#6949 = ORIENTED_EDGE('',*,*,#6950,.T.);
#6950 = EDGE_CURVE('',#6923,#6923,#6951,.T.);
#6951 = SURFACE_CURVE('',#6952,(#6957,#6964),.PCURVE_S1.);
#6952 = CIRCLE('',#6953,1.5);
#6953 = AXIS2_PLACEMENT_3D('',#6954,#6955,#6956);
#6954 = CARTESIAN_POINT('',(51.000000685453,-5.199764460792,
    -15.38756474698));
#6955 = DIRECTION('',(-1.,0.,0.));
#6956 = DIRECTION('',(0.,-1.,0.));
#6957 = PCURVE('',#6931,#6958);
#6958 = DEFINITIONAL_REPRESENTATION('',(#6959),#6963);
#6959 = LINE('',#6960,#6961);
#6960 = CARTESIAN_POINT('',(12.566370614359,5.));
#6961 = VECTOR('',#6962,1.);
#6962 = DIRECTION('',(-1.,0.));
#6963 = ( GEOMETRIC_REPRESENTATION_CONTEXT(2) 
PARAMETRIC_REPRESENTATION_CONTEXT() REPRESENTATION_CONTEXT('2D SPACE',''
  ) );
#6964 = PCURVE('',#6965,#6970);
#6965 = PLANE('',#6966);
#6966 = AXIS2_PLACEMENT_3D('',#6967,#6968,#6969);
#6967 = CARTESIAN_POINT('',(51.000000685453,-2.89359861366,0.));
#6968 = DIRECTION('',(1.,0.,0.));
#6969 = DIRECTION('',(0.,-1.,0.));
#6970 = DEFINITIONAL_REPRESENTATION('',(#6971),#6979);
#6971 = ( BOUNDED_CURVE() B_SPLINE_CURVE(2,(#6972,#6973,#6974,#6975,
#6976,#6977,#6978),.UNSPECIFIED.,.T.,.F.) B_SPLINE_CURVE_WITH_KNOTS((1,2
    ,2,2,2,1),(-2.094395102393,0.,2.094395102393,4.188790204786,
6.28318530718,8.377580409573),.UNSPECIFIED.) CURVE() 
GEOMETRIC_REPRESENTATION_ITEM() RATIONAL_B_SPLINE_CURVE((1.,0.5,1.,0.5,
1.,0.5,1.)) REPRESENTATION_ITEM('') );
#6972 = CARTESIAN_POINT('',(3.806165847132,15.387564746987));
#6973 = CARTESIAN_POINT('',(3.806165847132,12.789488535633));
#6974 = CARTESIAN_POINT('',(1.556165847132,14.08852664131));
#6975 = CARTESIAN_POINT('',(-0.693834152868,15.387564746987));
#6976 = CARTESIAN_POINT('',(1.556165847132,16.686602852663));
#6977 = CARTESIAN_POINT('',(3.806165847132,17.98564095834));
#6978 = CARTESIAN_POINT('',(3.806165847132,15.387564746987));
#6979 = ( GEOMETRIC_REPRESENTATION_CONTEXT(2) 
PARAMETRIC_REPRESENTATION_CONTEXT() REPRESENTATION_CONTEXT('2D SPACE',''
  ) );
#6980 = ORIENTED_EDGE('',*,*,#6920,.F.);
#6981 = ORIENTED_EDGE('',*,*,#6982,.T.);
#6982 = EDGE_CURVE('',#6921,#6921,#6983,.T.);
#6983 = SURFACE_CURVE('',#6984,(#6989,#6996),.PCURVE_S1.);
#6984 = CIRCLE('',#6985,1.5);
#6985 = AXIS2_PLACEMENT_3D('',#6986,#6987,#6988);
#6986 = CARTESIAN_POINT('',(46.000000685453,-5.199764460792,
    -15.38756474698));
#6987 = DIRECTION('',(1.,0.,0.));
#6988 = DIRECTION('',(0.,-1.,0.));
#6989 = PCURVE('',#6931,#6990);
#6990 = DEFINITIONAL_REPRESENTATION('',(#6991),#6995);
#6991 = LINE('',#6992,#6993);
#6992 = CARTESIAN_POINT('',(0.,0.));
#6993 = VECTOR('',#6994,1.);
#6994 = DIRECTION('',(1.,0.));
#6995 = ( GEOMETRIC_REPRESENTATION_CONTEXT(2) 
PARAMETRIC_REPRESENTATION_CONTEXT() REPRESENTATION_CONTEXT('2D SPACE',''
  ) );
#6996 = PCURVE('',#2678,#6997);
#6997 = DEFINITIONAL_REPRESENTATION('',(#6998),#7006);
#6998 = ( BOUNDED_CURVE() B_SPLINE_CURVE(2,(#6999,#7000,#7001,#7002,
#7003,#7004,#7005),.UNSPECIFIED.,.T.,.F.) B_SPLINE_CURVE_WITH_KNOTS((1,2
    ,2,2,2,1),(-2.094395102393,0.,2.094395102393,4.188790204786,
6.28318530718,8.377580409573),.UNSPECIFIED.) CURVE() 
GEOMETRIC_REPRESENTATION_ITEM() RATIONAL_B_SPLINE_CURVE((1.,0.5,1.,0.5,
1.,0.5,1.)) REPRESENTATION_ITEM('') );
#6999 = CARTESIAN_POINT('',(2.800236284266,15.387564746987));
#7000 = CARTESIAN_POINT('',(2.800236284266,17.98564095834));
#7001 = CARTESIAN_POINT('',(5.050236284266,16.686602852663));
#7002 = CARTESIAN_POINT('',(7.300236284266,15.387564746987));
#7003 = CARTESIAN_POINT('',(5.050236284266,14.08852664131));
#7004 = CARTESIAN_POINT('',(2.800236284266,12.789488535633));
#7005 = CARTESIAN_POINT('',(2.800236284266,15.387564746987));
#7006 = ( GEOMETRIC_REPRESENTATION_CONTEXT(2) 
PARAMETRIC_REPRESENTATION_CONTEXT() REPRESENTATION_CONTEXT('2D SPACE',''
  ) );
#7007 = ADVANCED_FACE('',(#7008),#7022,.F.);
#7008 = FACE_BOUND('',#7009,.F.);
#7009 = EDGE_LOOP('',(#7010,#7040,#7066,#7067));
#7010 = ORIENTED_EDGE('',*,*,#7011,.T.);
#7011 = EDGE_CURVE('',#7012,#7014,#7016,.T.);
#7012 = VERTEX_POINT('',#7013);
#7013 = CARTESIAN_POINT('',(195.95819855446,-3.699764460792,
    -15.38756474698));
#7014 = VERTEX_POINT('',#7015);
#7015 = CARTESIAN_POINT('',(200.95819855446,-3.699764460792,
    -15.38756474698));
#7016 = SEAM_CURVE('',#7017,(#7021,#7033),.PCURVE_S1.);
#7017 = LINE('',#7018,#7019);
#7018 = CARTESIAN_POINT('',(46.000000685453,-3.699764460792,
    -15.38756474698));
#7019 = VECTOR('',#7020,1.);
#7020 = DIRECTION('',(1.,0.,0.));
#7021 = PCURVE('',#7022,#7027);
#7022 = CYLINDRICAL_SURFACE('',#7023,1.5);
#7023 = AXIS2_PLACEMENT_3D('',#7024,#7025,#7026);
#7024 = CARTESIAN_POINT('',(46.000000685453,-5.199764460792,
    -15.38756474698));
#7025 = DIRECTION('',(1.,0.,0.));
#7026 = DIRECTION('',(0.,-1.,0.));
#7027 = DEFINITIONAL_REPRESENTATION('',(#7028),#7032);
#7028 = LINE('',#7029,#7030);
#7029 = CARTESIAN_POINT('',(9.424777960769,0.));
#7030 = VECTOR('',#7031,1.);
#7031 = DIRECTION('',(0.,1.));
#7032 = ( GEOMETRIC_REPRESENTATION_CONTEXT(2) 
PARAMETRIC_REPRESENTATION_CONTEXT() REPRESENTATION_CONTEXT('2D SPACE',''
  ) );
#7033 = PCURVE('',#7022,#7034);
#7034 = DEFINITIONAL_REPRESENTATION('',(#7035),#7039);
#7035 = LINE('',#7036,#7037);
#7036 = CARTESIAN_POINT('',(3.14159265359,0.));
#7037 = VECTOR('',#7038,1.);
#7038 = DIRECTION('',(0.,1.));
#7039 = ( GEOMETRIC_REPRESENTATION_CONTEXT(2) 
PARAMETRIC_REPRESENTATION_CONTEXT() REPRESENTATION_CONTEXT('2D SPACE',''
  ) );
#7040 = ORIENTED_EDGE('',*,*,#7041,.T.);
#7041 = EDGE_CURVE('',#7014,#7014,#7042,.T.);
#7042 = SURFACE_CURVE('',#7043,(#7048,#7055),.PCURVE_S1.);
#7043 = CIRCLE('',#7044,1.5);
#7044 = AXIS2_PLACEMENT_3D('',#7045,#7046,#7047);
#7045 = CARTESIAN_POINT('',(200.95819855446,-5.199764460792,
    -15.38756474698));
#7046 = DIRECTION('',(-1.,0.,0.));
#7047 = DIRECTION('',(0.,-1.,0.));
#7048 = PCURVE('',#7022,#7049);
#7049 = DEFINITIONAL_REPRESENTATION('',(#7050),#7054);
#7050 = LINE('',#7051,#7052);
#7051 = CARTESIAN_POINT('',(12.566370614359,154.95819786901));
#7052 = VECTOR('',#7053,1.);
#7053 = DIRECTION('',(-1.,0.));
#7054 = ( GEOMETRIC_REPRESENTATION_CONTEXT(2) 
PARAMETRIC_REPRESENTATION_CONTEXT() REPRESENTATION_CONTEXT('2D SPACE',''
  ) );
#7055 = PCURVE('',#2482,#7056);
#7056 = DEFINITIONAL_REPRESENTATION('',(#7057),#7065);
#7057 = ( BOUNDED_CURVE() B_SPLINE_CURVE(2,(#7058,#7059,#7060,#7061,
#7062,#7063,#7064),.UNSPECIFIED.,.T.,.F.) B_SPLINE_CURVE_WITH_KNOTS((1,2
    ,2,2,2,1),(-2.094395102393,0.,2.094395102393,4.188790204786,
6.28318530718,8.377580409573),.UNSPECIFIED.) CURVE() 
GEOMETRIC_REPRESENTATION_ITEM() RATIONAL_B_SPLINE_CURVE((1.,0.5,1.,0.5,
1.,0.5,1.)) REPRESENTATION_ITEM('') );
#7058 = CARTESIAN_POINT('',(3.806165847132,15.387564746987));
#7059 = CARTESIAN_POINT('',(3.806165847132,12.789488535633));
#7060 = CARTESIAN_POINT('',(1.556165847132,14.08852664131));
#7061 = CARTESIAN_POINT('',(-0.693834152868,15.387564746987));
#7062 = CARTESIAN_POINT('',(1.556165847132,16.686602852663));
#7063 = CARTESIAN_POINT('',(3.806165847132,17.98564095834));
#7064 = CARTESIAN_POINT('',(3.806165847132,15.387564746987));
#7065 = ( GEOMETRIC_REPRESENTATION_CONTEXT(2) 
PARAMETRIC_REPRESENTATION_CONTEXT() REPRESENTATION_CONTEXT('2D SPACE',''
  ) );
#7066 = ORIENTED_EDGE('',*,*,#7011,.F.);
#7067 = ORIENTED_EDGE('',*,*,#7068,.T.);
#7068 = EDGE_CURVE('',#7012,#7012,#7069,.T.);
#7069 = SURFACE_CURVE('',#7070,(#7075,#7082),.PCURVE_S1.);
#7070 = CIRCLE('',#7071,1.5);
#7071 = AXIS2_PLACEMENT_3D('',#7072,#7073,#7074);
#7072 = CARTESIAN_POINT('',(195.95819855446,-5.199764460792,
    -15.38756474698));
#7073 = DIRECTION('',(1.,0.,0.));
#7074 = DIRECTION('',(0.,-1.,0.));
#7075 = PCURVE('',#7022,#7076);
#7076 = DEFINITIONAL_REPRESENTATION('',(#7077),#7081);
#7077 = LINE('',#7078,#7079);
#7078 = CARTESIAN_POINT('',(0.,149.95819786901));
#7079 = VECTOR('',#7080,1.);
#7080 = DIRECTION('',(1.,0.));
#7081 = ( GEOMETRIC_REPRESENTATION_CONTEXT(2) 
PARAMETRIC_REPRESENTATION_CONTEXT() REPRESENTATION_CONTEXT('2D SPACE',''
  ) );
#7082 = PCURVE('',#7083,#7088);
#7083 = PLANE('',#7084);
#7084 = AXIS2_PLACEMENT_3D('',#7085,#7086,#7087);
#7085 = CARTESIAN_POINT('',(195.95819855446,-9.500000745058,0.));
#7086 = DIRECTION('',(-1.,0.,0.));
#7087 = DIRECTION('',(0.,1.,0.));
#7088 = DEFINITIONAL_REPRESENTATION('',(#7089),#7097);
#7089 = ( BOUNDED_CURVE() B_SPLINE_CURVE(2,(#7090,#7091,#7092,#7093,
#7094,#7095,#7096),.UNSPECIFIED.,.T.,.F.) B_SPLINE_CURVE_WITH_KNOTS((1,2
    ,2,2,2,1),(-2.094395102393,0.,2.094395102393,4.188790204786,
6.28318530718,8.377580409573),.UNSPECIFIED.) CURVE() 
GEOMETRIC_REPRESENTATION_ITEM() RATIONAL_B_SPLINE_CURVE((1.,0.5,1.,0.5,
1.,0.5,1.)) REPRESENTATION_ITEM('') );
#7090 = CARTESIAN_POINT('',(2.800236284266,15.387564746987));
#7091 = CARTESIAN_POINT('',(2.800236284266,17.98564095834));
#7092 = CARTESIAN_POINT('',(5.050236284266,16.686602852663));
#7093 = CARTESIAN_POINT('',(7.300236284266,15.387564746987));
#7094 = CARTESIAN_POINT('',(5.050236284266,14.08852664131));
#7095 = CARTESIAN_POINT('',(2.800236284266,12.789488535633));
#7096 = CARTESIAN_POINT('',(2.800236284266,15.387564746987));
#7097 = ( GEOMETRIC_REPRESENTATION_CONTEXT(2) 
PARAMETRIC_REPRESENTATION_CONTEXT() REPRESENTATION_CONTEXT('2D SPACE',''
  ) );
#7098 = ADVANCED_FACE('',(#7099),#7113,.F.);
#7099 = FACE_BOUND('',#7100,.F.);
#7100 = EDGE_LOOP('',(#7101,#7131,#7157,#7158));
#7101 = ORIENTED_EDGE('',*,*,#7102,.T.);
#7102 = EDGE_CURVE('',#7103,#7105,#7107,.T.);
#7103 = VERTEX_POINT('',#7104);
#7104 = CARTESIAN_POINT('',(195.95819855446,-52.49495378696,
    -15.38668074678));
#7105 = VERTEX_POINT('',#7106);
#7106 = CARTESIAN_POINT('',(200.95819855446,-52.49495378696,
    -15.38668074678));
#7107 = SEAM_CURVE('',#7108,(#7112,#7124),.PCURVE_S1.);
#7108 = LINE('',#7109,#7110);
#7109 = CARTESIAN_POINT('',(46.000000685453,-52.49495378696,
    -15.38668074678));
#7110 = VECTOR('',#7111,1.);
#7111 = DIRECTION('',(1.,0.,0.));
#7112 = PCURVE('',#7113,#7118);
#7113 = CYLINDRICAL_SURFACE('',#7114,1.5);
#7114 = AXIS2_PLACEMENT_3D('',#7115,#7116,#7117);
#7115 = CARTESIAN_POINT('',(46.000000685453,-53.99495378696,
    -15.38668074678));
#7116 = DIRECTION('',(1.,0.,0.));
#7117 = DIRECTION('',(0.,-1.,0.));
#7118 = DEFINITIONAL_REPRESENTATION('',(#7119),#7123);
#7119 = LINE('',#7120,#7121);
#7120 = CARTESIAN_POINT('',(9.424777960769,0.));
#7121 = VECTOR('',#7122,1.);
#7122 = DIRECTION('',(0.,1.));
#7123 = ( GEOMETRIC_REPRESENTATION_CONTEXT(2) 
PARAMETRIC_REPRESENTATION_CONTEXT() REPRESENTATION_CONTEXT('2D SPACE',''
  ) );
#7124 = PCURVE('',#7113,#7125);
#7125 = DEFINITIONAL_REPRESENTATION('',(#7126),#7130);
#7126 = LINE('',#7127,#7128);
#7127 = CARTESIAN_POINT('',(3.14159265359,0.));
#7128 = VECTOR('',#7129,1.);
#7129 = DIRECTION('',(0.,1.));
#7130 = ( GEOMETRIC_REPRESENTATION_CONTEXT(2) 
PARAMETRIC_REPRESENTATION_CONTEXT() REPRESENTATION_CONTEXT('2D SPACE',''
  ) );
#7131 = ORIENTED_EDGE('',*,*,#7132,.T.);
#7132 = EDGE_CURVE('',#7105,#7105,#7133,.T.);
#7133 = SURFACE_CURVE('',#7134,(#7139,#7146),.PCURVE_S1.);
#7134 = CIRCLE('',#7135,1.5);
#7135 = AXIS2_PLACEMENT_3D('',#7136,#7137,#7138);
#7136 = CARTESIAN_POINT('',(200.95819855446,-53.99495378696,
    -15.38668074678));
#7137 = DIRECTION('',(-1.,0.,0.));
#7138 = DIRECTION('',(0.,-1.,0.));
#7139 = PCURVE('',#7113,#7140);
#7140 = DEFINITIONAL_REPRESENTATION('',(#7141),#7145);
#7141 = LINE('',#7142,#7143);
#7142 = CARTESIAN_POINT('',(12.566370614359,154.95819786901));
#7143 = VECTOR('',#7144,1.);
#7144 = DIRECTION('',(-1.,0.));
#7145 = ( GEOMETRIC_REPRESENTATION_CONTEXT(2) 
PARAMETRIC_REPRESENTATION_CONTEXT() REPRESENTATION_CONTEXT('2D SPACE',''
  ) );
#7146 = PCURVE('',#1281,#7147);
#7147 = DEFINITIONAL_REPRESENTATION('',(#7148),#7156);
#7148 = ( BOUNDED_CURVE() B_SPLINE_CURVE(2,(#7149,#7150,#7151,#7152,
#7153,#7154,#7155),.UNSPECIFIED.,.T.,.F.) B_SPLINE_CURVE_WITH_KNOTS((1,2
    ,2,2,2,1),(-2.094395102393,0.,2.094395102393,4.188790204786,
6.28318530718,8.377580409573),.UNSPECIFIED.) CURVE() 
GEOMETRIC_REPRESENTATION_ITEM() RATIONAL_B_SPLINE_CURVE((1.,0.5,1.,0.5,
1.,0.5,1.)) REPRESENTATION_ITEM('') );
#7149 = CARTESIAN_POINT('',(5.494953041903,15.386680746785));
#7150 = CARTESIAN_POINT('',(5.494953041903,12.788604535431));
#7151 = CARTESIAN_POINT('',(3.244953041903,14.087642641108));
#7152 = CARTESIAN_POINT('',(0.994953041903,15.386680746785));
#7153 = CARTESIAN_POINT('',(3.244953041903,16.685718852461));
#7154 = CARTESIAN_POINT('',(5.494953041903,17.984756958138));
#7155 = CARTESIAN_POINT('',(5.494953041903,15.386680746785));
#7156 = ( GEOMETRIC_REPRESENTATION_CONTEXT(2) 
PARAMETRIC_REPRESENTATION_CONTEXT() REPRESENTATION_CONTEXT('2D SPACE',''
  ) );
#7157 = ORIENTED_EDGE('',*,*,#7102,.F.);
#7158 = ORIENTED_EDGE('',*,*,#7159,.T.);
#7159 = EDGE_CURVE('',#7103,#7103,#7160,.T.);
#7160 = SURFACE_CURVE('',#7161,(#7166,#7173),.PCURVE_S1.);
#7161 = CIRCLE('',#7162,1.5);
#7162 = AXIS2_PLACEMENT_3D('',#7163,#7164,#7165);
#7163 = CARTESIAN_POINT('',(195.95819855446,-53.99495378696,
    -15.38668074678));
#7164 = DIRECTION('',(1.,0.,0.));
#7165 = DIRECTION('',(0.,-1.,0.));
#7166 = PCURVE('',#7113,#7167);
#7167 = DEFINITIONAL_REPRESENTATION('',(#7168),#7172);
#7168 = LINE('',#7169,#7170);
#7169 = CARTESIAN_POINT('',(0.,149.95819786901));
#7170 = VECTOR('',#7171,1.);
#7171 = DIRECTION('',(1.,0.));
#7172 = ( GEOMETRIC_REPRESENTATION_CONTEXT(2) 
PARAMETRIC_REPRESENTATION_CONTEXT() REPRESENTATION_CONTEXT('2D SPACE',''
  ) );
#7173 = PCURVE('',#6901,#7174);
#7174 = DEFINITIONAL_REPRESENTATION('',(#7175),#7183);
#7175 = ( BOUNDED_CURVE() B_SPLINE_CURVE(2,(#7176,#7177,#7178,#7179,
#7180,#7181,#7182),.UNSPECIFIED.,.T.,.F.) B_SPLINE_CURVE_WITH_KNOTS((1,2
    ,2,2,2,1),(-2.094395102393,0.,2.094395102393,4.188790204786,
6.28318530718,8.377580409573),.UNSPECIFIED.) CURVE() 
GEOMETRIC_REPRESENTATION_ITEM() RATIONAL_B_SPLINE_CURVE((1.,0.5,1.,0.5,
1.,0.5,1.)) REPRESENTATION_ITEM('') );
#7176 = CARTESIAN_POINT('',(1.111449089494,15.386680746785));
#7177 = CARTESIAN_POINT('',(1.111449089494,17.984756958138));
#7178 = CARTESIAN_POINT('',(3.361449089494,16.685718852461));
#7179 = CARTESIAN_POINT('',(5.611449089494,15.386680746785));
#7180 = CARTESIAN_POINT('',(3.361449089495,14.087642641108));
#7181 = CARTESIAN_POINT('',(1.111449089495,12.788604535431));
#7182 = CARTESIAN_POINT('',(1.111449089494,15.386680746785));
#7183 = ( GEOMETRIC_REPRESENTATION_CONTEXT(2) 
PARAMETRIC_REPRESENTATION_CONTEXT() REPRESENTATION_CONTEXT('2D SPACE',''
  ) );
#7184 = ADVANCED_FACE('',(#7185),#7199,.F.);
#7185 = FACE_BOUND('',#7186,.F.);
#7186 = EDGE_LOOP('',(#7187,#7217,#7243,#7244));
#7187 = ORIENTED_EDGE('',*,*,#7188,.T.);
#7188 = EDGE_CURVE('',#7189,#7191,#7193,.T.);
#7189 = VERTEX_POINT('',#7190);
#7190 = CARTESIAN_POINT('',(46.000000685453,-3.699764460792,
    -5.337078417857));
#7191 = VERTEX_POINT('',#7192);
#7192 = CARTESIAN_POINT('',(51.000000685453,-3.699764460792,
    -5.337078417857));
#7193 = SEAM_CURVE('',#7194,(#7198,#7210),.PCURVE_S1.);
#7194 = LINE('',#7195,#7196);
#7195 = CARTESIAN_POINT('',(46.000000685453,-3.699764460792,
    -5.337078417857));
#7196 = VECTOR('',#7197,1.);
#7197 = DIRECTION('',(1.,0.,0.));
#7198 = PCURVE('',#7199,#7204);
#7199 = CYLINDRICAL_SURFACE('',#7200,1.5);
#7200 = AXIS2_PLACEMENT_3D('',#7201,#7202,#7203);
#7201 = CARTESIAN_POINT('',(46.000000685453,-5.199764460792,
    -5.337078417857));
#7202 = DIRECTION('',(1.,0.,0.));
#7203 = DIRECTION('',(0.,-1.,0.));
#7204 = DEFINITIONAL_REPRESENTATION('',(#7205),#7209);
#7205 = LINE('',#7206,#7207);
#7206 = CARTESIAN_POINT('',(9.424777960769,0.));
#7207 = VECTOR('',#7208,1.);
#7208 = DIRECTION('',(0.,1.));
#7209 = ( GEOMETRIC_REPRESENTATION_CONTEXT(2) 
PARAMETRIC_REPRESENTATION_CONTEXT() REPRESENTATION_CONTEXT('2D SPACE',''
  ) );
#7210 = PCURVE('',#7199,#7211);
#7211 = DEFINITIONAL_REPRESENTATION('',(#7212),#7216);
#7212 = LINE('',#7213,#7214);
#7213 = CARTESIAN_POINT('',(3.14159265359,0.));
#7214 = VECTOR('',#7215,1.);
#7215 = DIRECTION('',(0.,1.));
#7216 = ( GEOMETRIC_REPRESENTATION_CONTEXT(2) 
PARAMETRIC_REPRESENTATION_CONTEXT() REPRESENTATION_CONTEXT('2D SPACE',''
  ) );
#7217 = ORIENTED_EDGE('',*,*,#7218,.T.);
#7218 = EDGE_CURVE('',#7191,#7191,#7219,.T.);
#7219 = SURFACE_CURVE('',#7220,(#7225,#7232),.PCURVE_S1.);
#7220 = CIRCLE('',#7221,1.5);
#7221 = AXIS2_PLACEMENT_3D('',#7222,#7223,#7224);
#7222 = CARTESIAN_POINT('',(51.000000685453,-5.199764460792,
    -5.337078417857));
#7223 = DIRECTION('',(-1.,0.,0.));
#7224 = DIRECTION('',(0.,-1.,0.));
#7225 = PCURVE('',#7199,#7226);
#7226 = DEFINITIONAL_REPRESENTATION('',(#7227),#7231);
#7227 = LINE('',#7228,#7229);
#7228 = CARTESIAN_POINT('',(12.566370614359,5.));
#7229 = VECTOR('',#7230,1.);
#7230 = DIRECTION('',(-1.,0.));
#7231 = ( GEOMETRIC_REPRESENTATION_CONTEXT(2) 
PARAMETRIC_REPRESENTATION_CONTEXT() REPRESENTATION_CONTEXT('2D SPACE',''
  ) );
#7232 = PCURVE('',#6965,#7233);
#7233 = DEFINITIONAL_REPRESENTATION('',(#7234),#7242);
#7234 = ( BOUNDED_CURVE() B_SPLINE_CURVE(2,(#7235,#7236,#7237,#7238,
#7239,#7240,#7241),.UNSPECIFIED.,.T.,.F.) B_SPLINE_CURVE_WITH_KNOTS((1,2
    ,2,2,2,1),(-2.094395102393,0.,2.094395102393,4.188790204786,
6.28318530718,8.377580409573),.UNSPECIFIED.) CURVE() 
GEOMETRIC_REPRESENTATION_ITEM() RATIONAL_B_SPLINE_CURVE((1.,0.5,1.,0.5,
1.,0.5,1.)) REPRESENTATION_ITEM('') );
#7235 = CARTESIAN_POINT('',(3.806165847132,5.337078417857));
#7236 = CARTESIAN_POINT('',(3.806165847132,2.739002206504));
#7237 = CARTESIAN_POINT('',(1.556165847132,4.038040312181));
#7238 = CARTESIAN_POINT('',(-0.693834152868,5.337078417857));
#7239 = CARTESIAN_POINT('',(1.556165847132,6.636116523534));
#7240 = CARTESIAN_POINT('',(3.806165847132,7.935154629211));
#7241 = CARTESIAN_POINT('',(3.806165847132,5.337078417857));
#7242 = ( GEOMETRIC_REPRESENTATION_CONTEXT(2) 
PARAMETRIC_REPRESENTATION_CONTEXT() REPRESENTATION_CONTEXT('2D SPACE',''
  ) );
#7243 = ORIENTED_EDGE('',*,*,#7188,.F.);
#7244 = ORIENTED_EDGE('',*,*,#7245,.T.);
#7245 = EDGE_CURVE('',#7189,#7189,#7246,.T.);
#7246 = SURFACE_CURVE('',#7247,(#7252,#7259),.PCURVE_S1.);
#7247 = CIRCLE('',#7248,1.5);
#7248 = AXIS2_PLACEMENT_3D('',#7249,#7250,#7251);
#7249 = CARTESIAN_POINT('',(46.000000685453,-5.199764460792,
    -5.337078417857));
#7250 = DIRECTION('',(1.,0.,0.));
#7251 = DIRECTION('',(0.,-1.,0.));
#7252 = PCURVE('',#7199,#7253);
#7253 = DEFINITIONAL_REPRESENTATION('',(#7254),#7258);
#7254 = LINE('',#7255,#7256);
#7255 = CARTESIAN_POINT('',(0.,0.));
#7256 = VECTOR('',#7257,1.);
#7257 = DIRECTION('',(1.,0.));
#7258 = ( GEOMETRIC_REPRESENTATION_CONTEXT(2) 
PARAMETRIC_REPRESENTATION_CONTEXT() REPRESENTATION_CONTEXT('2D SPACE',''
  ) );
#7259 = PCURVE('',#2678,#7260);
#7260 = DEFINITIONAL_REPRESENTATION('',(#7261),#7269);
#7261 = ( BOUNDED_CURVE() B_SPLINE_CURVE(2,(#7262,#7263,#7264,#7265,
#7266,#7267,#7268),.UNSPECIFIED.,.T.,.F.) B_SPLINE_CURVE_WITH_KNOTS((1,2
    ,2,2,2,1),(-2.094395102393,0.,2.094395102393,4.188790204786,
6.28318530718,8.377580409573),.UNSPECIFIED.) CURVE() 
GEOMETRIC_REPRESENTATION_ITEM() RATIONAL_B_SPLINE_CURVE((1.,0.5,1.,0.5,
1.,0.5,1.)) REPRESENTATION_ITEM('') );
#7262 = CARTESIAN_POINT('',(2.800236284266,5.337078417857));
#7263 = CARTESIAN_POINT('',(2.800236284266,7.935154629211));
#7264 = CARTESIAN_POINT('',(5.050236284266,6.636116523534));
#7265 = CARTESIAN_POINT('',(7.300236284266,5.337078417857));
#7266 = CARTESIAN_POINT('',(5.050236284266,4.038040312181));
#7267 = CARTESIAN_POINT('',(2.800236284266,2.739002206504));
#7268 = CARTESIAN_POINT('',(2.800236284266,5.337078417857));
#7269 = ( GEOMETRIC_REPRESENTATION_CONTEXT(2) 
PARAMETRIC_REPRESENTATION_CONTEXT() REPRESENTATION_CONTEXT('2D SPACE',''
  ) );
#7270 = ADVANCED_FACE('',(#7271),#7285,.F.);
#7271 = FACE_BOUND('',#7272,.F.);
#7272 = EDGE_LOOP('',(#7273,#7303,#7329,#7330));
#7273 = ORIENTED_EDGE('',*,*,#7274,.T.);
#7274 = EDGE_CURVE('',#7275,#7277,#7279,.T.);
#7275 = VERTEX_POINT('',#7276);
#7276 = CARTESIAN_POINT('',(195.95819855446,-3.699764460792,
    -5.337078417857));
#7277 = VERTEX_POINT('',#7278);
#7278 = CARTESIAN_POINT('',(200.95819855446,-3.699764460792,
    -5.337078417857));
#7279 = SEAM_CURVE('',#7280,(#7284,#7296),.PCURVE_S1.);
#7280 = LINE('',#7281,#7282);
#7281 = CARTESIAN_POINT('',(46.000000685453,-3.699764460792,
    -5.337078417857));
#7282 = VECTOR('',#7283,1.);
#7283 = DIRECTION('',(1.,0.,0.));
#7284 = PCURVE('',#7285,#7290);
#7285 = CYLINDRICAL_SURFACE('',#7286,1.5);
#7286 = AXIS2_PLACEMENT_3D('',#7287,#7288,#7289);
#7287 = CARTESIAN_POINT('',(46.000000685453,-5.199764460792,
    -5.337078417857));
#7288 = DIRECTION('',(1.,0.,0.));
#7289 = DIRECTION('',(0.,-1.,0.));
#7290 = DEFINITIONAL_REPRESENTATION('',(#7291),#7295);
#7291 = LINE('',#7292,#7293);
#7292 = CARTESIAN_POINT('',(9.424777960769,0.));
#7293 = VECTOR('',#7294,1.);
#7294 = DIRECTION('',(0.,1.));
#7295 = ( GEOMETRIC_REPRESENTATION_CONTEXT(2) 
PARAMETRIC_REPRESENTATION_CONTEXT() REPRESENTATION_CONTEXT('2D SPACE',''
  ) );
#7296 = PCURVE('',#7285,#7297);
#7297 = DEFINITIONAL_REPRESENTATION('',(#7298),#7302);
#7298 = LINE('',#7299,#7300);
#7299 = CARTESIAN_POINT('',(3.14159265359,0.));
#7300 = VECTOR('',#7301,1.);
#7301 = DIRECTION('',(0.,1.));
#7302 = ( GEOMETRIC_REPRESENTATION_CONTEXT(2) 
PARAMETRIC_REPRESENTATION_CONTEXT() REPRESENTATION_CONTEXT('2D SPACE',''
  ) );
#7303 = ORIENTED_EDGE('',*,*,#7304,.T.);
#7304 = EDGE_CURVE('',#7277,#7277,#7305,.T.);
#7305 = SURFACE_CURVE('',#7306,(#7311,#7318),.PCURVE_S1.);
#7306 = CIRCLE('',#7307,1.5);
#7307 = AXIS2_PLACEMENT_3D('',#7308,#7309,#7310);
#7308 = CARTESIAN_POINT('',(200.95819855446,-5.199764460792,
    -5.337078417857));
#7309 = DIRECTION('',(-1.,0.,0.));
#7310 = DIRECTION('',(0.,-1.,0.));
#7311 = PCURVE('',#7285,#7312);
#7312 = DEFINITIONAL_REPRESENTATION('',(#7313),#7317);
#7313 = LINE('',#7314,#7315);
#7314 = CARTESIAN_POINT('',(12.566370614359,154.95819786901));
#7315 = VECTOR('',#7316,1.);
#7316 = DIRECTION('',(-1.,0.));
#7317 = ( GEOMETRIC_REPRESENTATION_CONTEXT(2) 
PARAMETRIC_REPRESENTATION_CONTEXT() REPRESENTATION_CONTEXT('2D SPACE',''
  ) );
#7318 = PCURVE('',#2482,#7319);
#7319 = DEFINITIONAL_REPRESENTATION('',(#7320),#7328);
#7320 = ( BOUNDED_CURVE() B_SPLINE_CURVE(2,(#7321,#7322,#7323,#7324,
#7325,#7326,#7327),.UNSPECIFIED.,.T.,.F.) B_SPLINE_CURVE_WITH_KNOTS((1,2
    ,2,2,2,1),(-2.094395102393,0.,2.094395102393,4.188790204786,
6.28318530718,8.377580409573),.UNSPECIFIED.) CURVE() 
GEOMETRIC_REPRESENTATION_ITEM() RATIONAL_B_SPLINE_CURVE((1.,0.5,1.,0.5,
1.,0.5,1.)) REPRESENTATION_ITEM('') );
#7321 = CARTESIAN_POINT('',(3.806165847132,5.337078417857));
#7322 = CARTESIAN_POINT('',(3.806165847132,2.739002206504));
#7323 = CARTESIAN_POINT('',(1.556165847132,4.038040312181));
#7324 = CARTESIAN_POINT('',(-0.693834152868,5.337078417857));
#7325 = CARTESIAN_POINT('',(1.556165847132,6.636116523534));
#7326 = CARTESIAN_POINT('',(3.806165847132,7.935154629211));
#7327 = CARTESIAN_POINT('',(3.806165847132,5.337078417857));
#7328 = ( GEOMETRIC_REPRESENTATION_CONTEXT(2) 
PARAMETRIC_REPRESENTATION_CONTEXT() REPRESENTATION_CONTEXT('2D SPACE',''
  ) );
#7329 = ORIENTED_EDGE('',*,*,#7274,.F.);
#7330 = ORIENTED_EDGE('',*,*,#7331,.T.);
#7331 = EDGE_CURVE('',#7275,#7275,#7332,.T.);
#7332 = SURFACE_CURVE('',#7333,(#7338,#7345),.PCURVE_S1.);
#7333 = CIRCLE('',#7334,1.5);
#7334 = AXIS2_PLACEMENT_3D('',#7335,#7336,#7337);
#7335 = CARTESIAN_POINT('',(195.95819855446,-5.199764460792,
    -5.337078417857));
#7336 = DIRECTION('',(1.,0.,0.));
#7337 = DIRECTION('',(0.,-1.,0.));
#7338 = PCURVE('',#7285,#7339);
#7339 = DEFINITIONAL_REPRESENTATION('',(#7340),#7344);
#7340 = LINE('',#7341,#7342);
#7341 = CARTESIAN_POINT('',(0.,149.95819786901));
#7342 = VECTOR('',#7343,1.);
#7343 = DIRECTION('',(1.,0.));
#7344 = ( GEOMETRIC_REPRESENTATION_CONTEXT(2) 
PARAMETRIC_REPRESENTATION_CONTEXT() REPRESENTATION_CONTEXT('2D SPACE',''
  ) );
#7345 = PCURVE('',#7083,#7346);
#7346 = DEFINITIONAL_REPRESENTATION('',(#7347),#7355);
#7347 = ( BOUNDED_CURVE() B_SPLINE_CURVE(2,(#7348,#7349,#7350,#7351,
#7352,#7353,#7354),.UNSPECIFIED.,.T.,.F.) B_SPLINE_CURVE_WITH_KNOTS((1,2
    ,2,2,2,1),(-2.094395102393,0.,2.094395102393,4.188790204786,
6.28318530718,8.377580409573),.UNSPECIFIED.) CURVE() 
GEOMETRIC_REPRESENTATION_ITEM() RATIONAL_B_SPLINE_CURVE((1.,0.5,1.,0.5,
1.,0.5,1.)) REPRESENTATION_ITEM('') );
#7348 = CARTESIAN_POINT('',(2.800236284266,5.337078417857));
#7349 = CARTESIAN_POINT('',(2.800236284266,7.935154629211));
#7350 = CARTESIAN_POINT('',(5.050236284266,6.636116523534));
#7351 = CARTESIAN_POINT('',(7.300236284266,5.337078417857));
#7352 = CARTESIAN_POINT('',(5.050236284266,4.038040312181));
#7353 = CARTESIAN_POINT('',(2.800236284266,2.739002206504));
#7354 = CARTESIAN_POINT('',(2.800236284266,5.337078417857));
#7355 = ( GEOMETRIC_REPRESENTATION_CONTEXT(2) 
PARAMETRIC_REPRESENTATION_CONTEXT() REPRESENTATION_CONTEXT('2D SPACE',''
  ) );
#7356 = ADVANCED_FACE('',(#7357),#2510,.F.);
#7357 = FACE_BOUND('',#7358,.F.);
#7358 = EDGE_LOOP('',(#7359,#7427,#7455,#7477));
#7359 = ORIENTED_EDGE('',*,*,#7360,.F.);
#7360 = EDGE_CURVE('',#7361,#2495,#7363,.T.);
#7361 = VERTEX_POINT('',#7362);
#7362 = CARTESIAN_POINT('',(195.95819855446,-2.89359861366,-3.5));
#7363 = SURFACE_CURVE('',#7364,(#7369,#7398),.PCURVE_S1.);
#7364 = ELLIPSE('',#7365,4.949747468306,3.5);
#7365 = AXIS2_PLACEMENT_3D('',#7366,#7367,#7368);
#7366 = CARTESIAN_POINT('',(192.45819855446,0.60640138634,-3.5));
#7367 = DIRECTION('',(-0.707106781187,-0.707106781187,0.));
#7368 = DIRECTION('',(0.707106781187,-0.707106781187,0.));
#7369 = PCURVE('',#2510,#7370);
#7370 = DEFINITIONAL_REPRESENTATION('',(#7371),#7397);
#7371 = B_SPLINE_CURVE_WITH_KNOTS('',3,(#7372,#7373,#7374,#7375,#7376,
    #7377,#7378,#7379,#7380,#7381,#7382,#7383,#7384,#7385,#7386,#7387,
    #7388,#7389,#7390,#7391,#7392,#7393,#7394,#7395,#7396),
  .UNSPECIFIED.,.F.,.F.,(4,1,1,1,1,1,1,1,1,1,1,1,1,1,1,1,1,1,1,1,1,1,4),
  (0.,7.139983303613E-02,0.142799666072,0.214199499108,0.285599332145,
    0.356999165181,0.428398998217,0.499798831253,0.571198664289,
    0.642598497325,0.713998330361,0.785398163397,0.856797996434,
    0.92819782947,0.999597662506,1.070997495542,1.142397328578,
    1.213797161614,1.28519699465,1.356596827687,1.427996660723,
    1.499396493759,1.570796326795),.QUASI_UNIFORM_KNOTS.);
#7372 = CARTESIAN_POINT('',(-0.785398163397,-36.23954946725));
#7373 = CARTESIAN_POINT('',(-0.761598219052,-36.23955701519));
#7374 = CARTESIAN_POINT('',(-0.713998330361,-36.23359584492));
#7375 = CARTESIAN_POINT('',(-0.642598497325,-36.2068702303));
#7376 = CARTESIAN_POINT('',(-0.571198664289,-36.16247031686));
#7377 = CARTESIAN_POINT('',(-0.499798831253,-36.10062949113));
#7378 = CARTESIAN_POINT('',(-0.428398998217,-36.02166096802));
#7379 = CARTESIAN_POINT('',(-0.356999165181,-35.92596766528));
#7380 = CARTESIAN_POINT('',(-0.285599332145,-35.81403707679));
#7381 = CARTESIAN_POINT('',(-0.214199499108,-35.68643961195));
#7382 = CARTESIAN_POINT('',(-0.142799666072,-35.54382546834));
#7383 = CARTESIAN_POINT('',(-7.139983303613E-02,-35.38692137758));
#7384 = CARTESIAN_POINT('',(8.868722755467E-16,-35.21652688625));
#7385 = CARTESIAN_POINT('',(7.139983303613E-02,-35.03351028581));
#7386 = CARTESIAN_POINT('',(0.142799666072,-34.83880418684));
#7387 = CARTESIAN_POINT('',(0.214199499108,-34.63340076706));
#7388 = CARTESIAN_POINT('',(0.285599332145,-34.41834671498));
#7389 = CARTESIAN_POINT('',(0.356999165181,-34.19473789763));
#7390 = CARTESIAN_POINT('',(0.428398998217,-33.96371377105));
#7391 = CARTESIAN_POINT('',(0.499798831253,-33.72645159325));
#7392 = CARTESIAN_POINT('',(0.571198664289,-33.4841603531));
#7393 = CARTESIAN_POINT('',(0.642598497325,-33.23807487845));
#7394 = CARTESIAN_POINT('',(0.713998330361,-32.98944854032));
#7395 = CARTESIAN_POINT('',(0.761598219052,-32.82284992074));
#7396 = CARTESIAN_POINT('',(0.785398163397,-32.73954946725));
#7397 = ( GEOMETRIC_REPRESENTATION_CONTEXT(2) 
PARAMETRIC_REPRESENTATION_CONTEXT() REPRESENTATION_CONTEXT('2D SPACE',''
  ) );
#7398 = PCURVE('',#2538,#7399);
#7399 = DEFINITIONAL_REPRESENTATION('',(#7400),#7426);
#7400 = B_SPLINE_CURVE_WITH_KNOTS('',3,(#7401,#7402,#7403,#7404,#7405,
    #7406,#7407,#7408,#7409,#7410,#7411,#7412,#7413,#7414,#7415,#7416,
    #7417,#7418,#7419,#7420,#7421,#7422,#7423,#7424,#7425),
  .UNSPECIFIED.,.F.,.F.,(4,1,1,1,1,1,1,1,1,1,1,1,1,1,1,1,1,1,1,1,1,1,4),
  (0.,7.139983303613E-02,0.142799666072,0.214199499108,0.285599332145,
    0.356999165181,0.428398998217,0.499798831253,0.571198664289,
    0.642598497325,0.713998330361,0.785398163397,0.856797996434,
    0.92819782947,0.999597662506,1.070997495542,1.142397328578,
    1.213797161614,1.28519699465,1.356596827687,1.427996660723,
    1.499396493759,1.570796326795),.QUASI_UNIFORM_KNOTS.);
#7401 = CARTESIAN_POINT('',(-0.785398163397,18.762659541751));
#7402 = CARTESIAN_POINT('',(-0.761598219052,18.762667089695));
#7403 = CARTESIAN_POINT('',(-0.713998330361,18.756705919421));
#7404 = CARTESIAN_POINT('',(-0.642598497325,18.729980304805));
#7405 = CARTESIAN_POINT('',(-0.571198664289,18.685580391366));
#7406 = CARTESIAN_POINT('',(-0.499798831253,18.623739565631));
#7407 = CARTESIAN_POINT('',(-0.428398998217,18.544771042522));
#7408 = CARTESIAN_POINT('',(-0.356999165181,18.449077739784));
#7409 = CARTESIAN_POINT('',(-0.285599332145,18.337147151295));
#7410 = CARTESIAN_POINT('',(-0.214199499108,18.209549686456));
#7411 = CARTESIAN_POINT('',(-0.142799666072,18.066935542844));
#7412 = CARTESIAN_POINT('',(-7.139983303615E-02,17.910031452087));
#7413 = CARTESIAN_POINT('',(5.770247604107E-15,17.739636960756));
#7414 = CARTESIAN_POINT('',(7.139983303613E-02,17.556620360315));
#7415 = CARTESIAN_POINT('',(0.142799666072,17.361914261342));
#7416 = CARTESIAN_POINT('',(0.214199499108,17.156510841562));
#7417 = CARTESIAN_POINT('',(0.285599332145,16.941456789485));
#7418 = CARTESIAN_POINT('',(0.356999165181,16.717847972128));
#7419 = CARTESIAN_POINT('',(0.428398998217,16.486823845551));
#7420 = CARTESIAN_POINT('',(0.499798831253,16.249561667756));
#7421 = CARTESIAN_POINT('',(0.571198664289,16.007270427602));
#7422 = CARTESIAN_POINT('',(0.642598497325,15.761184952956));
#7423 = CARTESIAN_POINT('',(0.713998330361,15.512558614821));
#7424 = CARTESIAN_POINT('',(0.761598219052,15.345959995241));
#7425 = CARTESIAN_POINT('',(0.785398163397,15.262659541751));
#7426 = ( GEOMETRIC_REPRESENTATION_CONTEXT(2) 
PARAMETRIC_REPRESENTATION_CONTEXT() REPRESENTATION_CONTEXT('2D SPACE',''
  ) );
#7427 = ORIENTED_EDGE('',*,*,#7428,.F.);
#7428 = EDGE_CURVE('',#7429,#7361,#7431,.T.);
#7429 = VERTEX_POINT('',#7430);
#7430 = CARTESIAN_POINT('',(200.95819855446,-2.89359861366,-3.5));
#7431 = SURFACE_CURVE('',#7432,(#7436,#7443),.PCURVE_S1.);
#7432 = LINE('',#7433,#7434);
#7433 = CARTESIAN_POINT('',(159.71864908721,-2.89359861366,-3.5));
#7434 = VECTOR('',#7435,1.);
#7435 = DIRECTION('',(-1.,0.,0.));
#7436 = PCURVE('',#2510,#7437);
#7437 = DEFINITIONAL_REPRESENTATION('',(#7438),#7442);
#7438 = LINE('',#7439,#7440);
#7439 = CARTESIAN_POINT('',(-0.785398163397,0.));
#7440 = VECTOR('',#7441,1.);
#7441 = DIRECTION('',(0.,1.));
#7442 = ( GEOMETRIC_REPRESENTATION_CONTEXT(2) 
PARAMETRIC_REPRESENTATION_CONTEXT() REPRESENTATION_CONTEXT('2D SPACE',''
  ) );
#7443 = PCURVE('',#7444,#7449);
#7444 = PLANE('',#7445);
#7445 = AXIS2_PLACEMENT_3D('',#7446,#7447,#7448);
#7446 = CARTESIAN_POINT('',(195.95819855446,-2.89359861366,0.));
#7447 = DIRECTION('',(0.,1.,0.));
#7448 = DIRECTION('',(1.,0.,0.));
#7449 = DEFINITIONAL_REPRESENTATION('',(#7450),#7454);
#7450 = LINE('',#7451,#7452);
#7451 = CARTESIAN_POINT('',(-36.23954946725,3.5));
#7452 = VECTOR('',#7453,1.);
#7453 = DIRECTION('',(-1.,0.));
#7454 = ( GEOMETRIC_REPRESENTATION_CONTEXT(2) 
PARAMETRIC_REPRESENTATION_CONTEXT() REPRESENTATION_CONTEXT('2D SPACE',''
  ) );
#7455 = ORIENTED_EDGE('',*,*,#7456,.F.);
#7456 = EDGE_CURVE('',#2467,#7429,#7457,.T.);
#7457 = SURFACE_CURVE('',#7458,(#7463,#7470),.PCURVE_S1.);
#7458 = CIRCLE('',#7459,3.5);
#7459 = AXIS2_PLACEMENT_3D('',#7460,#7461,#7462);
#7460 = CARTESIAN_POINT('',(200.95819855446,0.60640138634,-3.5));
#7461 = DIRECTION('',(1.,0.,0.));
#7462 = DIRECTION('',(0.,-0.707106781187,0.707106781187));
#7463 = PCURVE('',#2510,#7464);
#7464 = DEFINITIONAL_REPRESENTATION('',(#7465),#7469);
#7465 = LINE('',#7466,#7467);
#7466 = CARTESIAN_POINT('',(6.28318530718,-41.23954946725));
#7467 = VECTOR('',#7468,1.);
#7468 = DIRECTION('',(-1.,0.));
#7469 = ( GEOMETRIC_REPRESENTATION_CONTEXT(2) 
PARAMETRIC_REPRESENTATION_CONTEXT() REPRESENTATION_CONTEXT('2D SPACE',''
  ) );
#7470 = PCURVE('',#2482,#7471);
#7471 = DEFINITIONAL_REPRESENTATION('',(#7472),#7476);
#7472 = CIRCLE('',#7473,3.5);
#7473 = AXIS2_PLACEMENT_2D('',#7474,#7475);
#7474 = CARTESIAN_POINT('',(-3.5,3.5));
#7475 = DIRECTION('',(0.707106781187,-0.707106781187));
#7476 = ( GEOMETRIC_REPRESENTATION_CONTEXT(2) 
PARAMETRIC_REPRESENTATION_CONTEXT() REPRESENTATION_CONTEXT('2D SPACE',''
  ) );
#7477 = ORIENTED_EDGE('',*,*,#2494,.F.);
#7478 = ADVANCED_FACE('',(#7479),#2538,.F.);
#7479 = FACE_BOUND('',#7480,.F.);
#7480 = EDGE_LOOP('',(#7481,#7482,#7483,#7507));
#7481 = ORIENTED_EDGE('',*,*,#7360,.T.);
#7482 = ORIENTED_EDGE('',*,*,#2522,.F.);
#7483 = ORIENTED_EDGE('',*,*,#7484,.F.);
#7484 = EDGE_CURVE('',#7485,#2523,#7487,.T.);
#7485 = VERTEX_POINT('',#7486);
#7486 = CARTESIAN_POINT('',(195.95819855446,-9.500000745058,-3.5));
#7487 = SURFACE_CURVE('',#7488,(#7493,#7500),.PCURVE_S1.);
#7488 = CIRCLE('',#7489,3.5);
#7489 = AXIS2_PLACEMENT_3D('',#7490,#7491,#7492);
#7490 = CARTESIAN_POINT('',(192.45819855446,-9.500000745058,-3.5));
#7491 = DIRECTION('',(0.,-1.,0.));
#7492 = DIRECTION('',(0.707106781187,0.,0.707106781187));
#7493 = PCURVE('',#2538,#7494);
#7494 = DEFINITIONAL_REPRESENTATION('',(#7495),#7499);
#7495 = LINE('',#7496,#7497);
#7496 = CARTESIAN_POINT('',(-6.28318530718,25.369061673149));
#7497 = VECTOR('',#7498,1.);
#7498 = DIRECTION('',(1.,0.));
#7499 = ( GEOMETRIC_REPRESENTATION_CONTEXT(2) 
PARAMETRIC_REPRESENTATION_CONTEXT() REPRESENTATION_CONTEXT('2D SPACE',''
  ) );
#7500 = PCURVE('',#2564,#7501);
#7501 = DEFINITIONAL_REPRESENTATION('',(#7502),#7506);
#7502 = CIRCLE('',#7503,3.5);
#7503 = AXIS2_PLACEMENT_2D('',#7504,#7505);
#7504 = CARTESIAN_POINT('',(8.5,3.5));
#7505 = DIRECTION('',(-0.707106781187,-0.707106781187));
#7506 = ( GEOMETRIC_REPRESENTATION_CONTEXT(2) 
PARAMETRIC_REPRESENTATION_CONTEXT() REPRESENTATION_CONTEXT('2D SPACE',''
  ) );
#7507 = ORIENTED_EDGE('',*,*,#7508,.F.);
#7508 = EDGE_CURVE('',#7361,#7485,#7509,.T.);
#7509 = SURFACE_CURVE('',#7510,(#7514,#7521),.PCURVE_S1.);
#7510 = LINE('',#7511,#7512);
#7511 = CARTESIAN_POINT('',(195.95819855446,15.869060928091,-3.5));
#7512 = VECTOR('',#7513,1.);
#7513 = DIRECTION('',(0.,-1.,0.));
#7514 = PCURVE('',#2538,#7515);
#7515 = DEFINITIONAL_REPRESENTATION('',(#7516),#7520);
#7516 = LINE('',#7517,#7518);
#7517 = CARTESIAN_POINT('',(-0.785398163397,0.));
#7518 = VECTOR('',#7519,1.);
#7519 = DIRECTION('',(0.,1.));
#7520 = ( GEOMETRIC_REPRESENTATION_CONTEXT(2) 
PARAMETRIC_REPRESENTATION_CONTEXT() REPRESENTATION_CONTEXT('2D SPACE',''
  ) );
#7521 = PCURVE('',#7083,#7522);
#7522 = DEFINITIONAL_REPRESENTATION('',(#7523),#7527);
#7523 = LINE('',#7524,#7525);
#7524 = CARTESIAN_POINT('',(25.369061673149,3.5));
#7525 = VECTOR('',#7526,1.);
#7526 = DIRECTION('',(-1.,0.));
#7527 = ( GEOMETRIC_REPRESENTATION_CONTEXT(2) 
PARAMETRIC_REPRESENTATION_CONTEXT() REPRESENTATION_CONTEXT('2D SPACE',''
  ) );
#7528 = ADVANCED_FACE('',(#7529),#7539,.F.);
#7529 = FACE_BOUND('',#7530,.F.);
#7530 = EDGE_LOOP('',(#7531,#7557,#7581,#7609));
#7531 = ORIENTED_EDGE('',*,*,#7532,.F.);
#7532 = EDGE_CURVE('',#1243,#1322,#7533,.T.);
#7533 = SURFACE_CURVE('',#7534,(#7538,#7550),.PCURVE_S1.);
#7534 = LINE('',#7535,#7536);
#7535 = CARTESIAN_POINT('',(208.47909961996,-58.76187739876,0.));
#7536 = VECTOR('',#7537,1.);
#7537 = DIRECTION('',(-1.,0.,0.));
#7538 = PCURVE('',#7539,#7544);
#7539 = CYLINDRICAL_SURFACE('',#7540,3.5);
#7540 = AXIS2_PLACEMENT_3D('',#7541,#7542,#7543);
#7541 = CARTESIAN_POINT('',(208.47909961996,-60.10640287645,
    -3.23144723612));
#7542 = DIRECTION('',(-1.,0.,0.));
#7543 = DIRECTION('',(0.,0.384150136484,0.923270638891));
#7544 = DEFINITIONAL_REPRESENTATION('',(#7545),#7549);
#7545 = LINE('',#7546,#7547);
#7546 = CARTESIAN_POINT('',(0.,0.));
#7547 = VECTOR('',#7548,1.);
#7548 = DIRECTION('',(0.,1.));
#7549 = ( GEOMETRIC_REPRESENTATION_CONTEXT(2) 
PARAMETRIC_REPRESENTATION_CONTEXT() REPRESENTATION_CONTEXT('2D SPACE',''
  ) );
#7550 = PCURVE('',#542,#7551);
#7551 = DEFINITIONAL_REPRESENTATION('',(#7552),#7556);
#7552 = LINE('',#7553,#7554);
#7553 = CARTESIAN_POINT('',(170.,0.));
#7554 = VECTOR('',#7555,1.);
#7555 = DIRECTION('',(-1.,0.));
#7556 = ( GEOMETRIC_REPRESENTATION_CONTEXT(2) 
PARAMETRIC_REPRESENTATION_CONTEXT() REPRESENTATION_CONTEXT('2D SPACE',''
  ) );
#7557 = ORIENTED_EDGE('',*,*,#7558,.F.);
#7558 = EDGE_CURVE('',#7559,#1243,#7561,.T.);
#7559 = VERTEX_POINT('',#7560);
#7560 = CARTESIAN_POINT('',(200.95819855446,-56.60640287645,
    -3.23144723612));
#7561 = SURFACE_CURVE('',#7562,(#7567,#7574),.PCURVE_S1.);
#7562 = CIRCLE('',#7563,3.5);
#7563 = AXIS2_PLACEMENT_3D('',#7564,#7565,#7566);
#7564 = CARTESIAN_POINT('',(200.95819855446,-60.10640287645,
    -3.23144723612));
#7565 = DIRECTION('',(1.,0.,0.));
#7566 = DIRECTION('',(-0.,0.384150136484,0.923270638891));
#7567 = PCURVE('',#7539,#7568);
#7568 = DEFINITIONAL_REPRESENTATION('',(#7569),#7573);
#7569 = LINE('',#7570,#7571);
#7570 = CARTESIAN_POINT('',(6.28318530718,7.520901065493));
#7571 = VECTOR('',#7572,1.);
#7572 = DIRECTION('',(-1.,0.));
#7573 = ( GEOMETRIC_REPRESENTATION_CONTEXT(2) 
PARAMETRIC_REPRESENTATION_CONTEXT() REPRESENTATION_CONTEXT('2D SPACE',''
  ) );
#7574 = PCURVE('',#1281,#7575);
#7575 = DEFINITIONAL_REPRESENTATION('',(#7576),#7580);
#7576 = CIRCLE('',#7577,3.5);
#7577 = AXIS2_PLACEMENT_2D('',#7578,#7579);
#7578 = CARTESIAN_POINT('',(10.106402131398,3.23144723612));
#7579 = DIRECTION('',(-0.384150136484,-0.923270638891));
#7580 = ( GEOMETRIC_REPRESENTATION_CONTEXT(2) 
PARAMETRIC_REPRESENTATION_CONTEXT() REPRESENTATION_CONTEXT('2D SPACE',''
  ) );
#7581 = ORIENTED_EDGE('',*,*,#7582,.F.);
#7582 = EDGE_CURVE('',#7583,#7559,#7585,.T.);
#7583 = VERTEX_POINT('',#7584);
#7584 = CARTESIAN_POINT('',(195.94788040429,-56.60640287645,
    -3.23144723612));
#7585 = SURFACE_CURVE('',#7586,(#7590,#7597),.PCURVE_S1.);
#7586 = LINE('',#7587,#7588);
#7587 = CARTESIAN_POINT('',(208.47909961996,-56.60640287645,
    -3.23144723612));
#7588 = VECTOR('',#7589,1.);
#7589 = DIRECTION('',(1.,0.,0.));
#7590 = PCURVE('',#7539,#7591);
#7591 = DEFINITIONAL_REPRESENTATION('',(#7592),#7596);
#7592 = LINE('',#7593,#7594);
#7593 = CARTESIAN_POINT('',(1.176509173012,0.));
#7594 = VECTOR('',#7595,1.);
#7595 = DIRECTION('',(0.,-1.));
#7596 = ( GEOMETRIC_REPRESENTATION_CONTEXT(2) 
PARAMETRIC_REPRESENTATION_CONTEXT() REPRESENTATION_CONTEXT('2D SPACE',''
  ) );
#7597 = PCURVE('',#7598,#7603);
#7598 = PLANE('',#7599);
#7599 = AXIS2_PLACEMENT_3D('',#7600,#7601,#7602);
#7600 = CARTESIAN_POINT('',(200.95819855446,-56.60640287645,0.));
#7601 = DIRECTION('',(0.,-1.,0.));
#7602 = DIRECTION('',(-1.,0.,0.));
#7603 = DEFINITIONAL_REPRESENTATION('',(#7604),#7608);
#7604 = LINE('',#7605,#7606);
#7605 = CARTESIAN_POINT('',(-7.520901065493,3.23144723612));
#7606 = VECTOR('',#7607,1.);
#7607 = DIRECTION('',(-1.,-0.));
#7608 = ( GEOMETRIC_REPRESENTATION_CONTEXT(2) 
PARAMETRIC_REPRESENTATION_CONTEXT() REPRESENTATION_CONTEXT('2D SPACE',''
  ) );
#7609 = ORIENTED_EDGE('',*,*,#7610,.F.);
#7610 = EDGE_CURVE('',#1322,#7583,#7611,.T.);
#7611 = SURFACE_CURVE('',#7612,(#7629,#7680),.PCURVE_S1.);
#7612 = B_SPLINE_CURVE_WITH_KNOTS('',3,(#7613,#7614,#7615,#7616,#7617,
    #7618,#7619,#7620,#7621,#7622,#7623,#7624,#7625,#7626,#7627,#7628),
  .UNSPECIFIED.,.F.,.F.,(4,2,2,2,2,2,2,4),(0.,5.558104767587E-02,
    0.111162095352,0.222324190703,0.303062518354,0.383800846005,
    0.501598035499,0.551785309017),.UNSPECIFIED.);
#7613 = CARTESIAN_POINT('',(192.45819855446,-58.76187739876,0.));
#7614 = CARTESIAN_POINT('',(192.64346871338,-58.76187739876,0.));
#7615 = CARTESIAN_POINT('',(192.82269974972,-58.72572842916,
    -1.461357140404E-02));
#7616 = CARTESIAN_POINT('',(193.16942405898,-58.60630273827,
    -6.853656268935E-02));
#7617 = CARTESIAN_POINT('',(193.33716868937,-58.52378709339,
    -0.10791234806));
#7618 = CARTESIAN_POINT('',(193.82365239193,-58.24575594444,
    -0.2594853211));
#7619 = CARTESIAN_POINT('',(194.12617042132,-58.02236730204,
    -0.407220766764));
#7620 = CARTESIAN_POINT('',(194.57580983491,-57.67759475414,
    -0.704090327818));
#7621 = CARTESIAN_POINT('',(194.77116277106,-57.52099654851,
    -0.860865516548));
#7622 = CARTESIAN_POINT('',(195.12878235744,-57.23032741032,
    -1.223419974181));
#7623 = CARTESIAN_POINT('',(195.29095399461,-57.09665645398,
    -1.429613399173));
#7624 = CARTESIAN_POINT('',(195.61392697497,-56.8338114781,
    -1.943967785255));
#7625 = CARTESIAN_POINT('',(195.77753985235,-56.70402121559,
    -2.317460087103));
#7626 = CARTESIAN_POINT('',(195.90801742569,-56.61944303601,
    -2.884403353076));
#7627 = CARTESIAN_POINT('',(195.93454490293,-56.60640287645,
    -3.058160406473));
#7628 = CARTESIAN_POINT('',(195.94788040429,-56.60640287645,
    -3.231447236122));
#7629 = PCURVE('',#7539,#7630);
#7630 = DEFINITIONAL_REPRESENTATION('',(#7631),#7679);
#7631 = B_SPLINE_CURVE_WITH_KNOTS('',3,(#7632,#7633,#7634,#7635,#7636,
    #7637,#7638,#7639,#7640,#7641,#7642,#7643,#7644,#7645,#7646,#7647,
    #7648,#7649,#7650,#7651,#7652,#7653,#7654,#7655,#7656,#7657,#7658,
    #7659,#7660,#7661,#7662,#7663,#7664,#7665,#7666,#7667,#7668,#7669,
    #7670,#7671,#7672,#7673,#7674,#7675,#7676,#7677,#7678),
  .UNSPECIFIED.,.F.,.F.,(4,1,1,1,1,1,1,1,1,1,1,1,1,1,1,1,1,1,1,1,1,1,1,1
    ,1,1,1,1,1,1,1,1,1,1,1,1,1,1,1,1,1,1,1,1,4),(0.,1.254057520494E-02,
    2.508115040988E-02,3.762172561482E-02,5.016230081976E-02,
    6.27028760247E-02,7.524345122964E-02,8.778402643458E-02,
    0.10032460164,0.112865176844,0.125405752049,0.137946327254,
    0.150486902459,0.163027477664,0.175568052869,0.188108628074,
    0.200649203279,0.213189778484,0.225730353689,0.238270928894,
    0.250811504099,0.263352079304,0.275892654509,0.288433229714,
    0.300973804919,0.313514380124,0.326054955328,0.338595530533,
    0.351136105738,0.363676680943,0.376217256148,0.388757831353,
    0.401298406558,0.413838981763,0.426379556968,0.438920132173,
    0.451460707378,0.464001282583,0.476541857788,0.489082432993,
    0.501623008198,0.514163583403,0.526704158607,0.539244733812,
    0.551785309017),.QUASI_UNIFORM_KNOTS.);
#7632 = CARTESIAN_POINT('',(0.,16.020901065493));
#7633 = CARTESIAN_POINT('',(5.28321539601E-08,15.979099148143));
#7634 = CARTESIAN_POINT('',(1.134179771686E-03,15.89611019507));
#7635 = CARTESIAN_POINT('',(5.991996764204E-03,15.773459598689));
#7636 = CARTESIAN_POINT('',(1.376087940469E-02,15.652630340838));
#7637 = CARTESIAN_POINT('',(2.419569968268E-02,15.533609817497));
#7638 = CARTESIAN_POINT('',(3.705505897669E-02,15.416389544977));
#7639 = CARTESIAN_POINT('',(5.203257162218E-02,15.300873101916));
#7640 = CARTESIAN_POINT('',(6.890628783868E-02,15.187071897458));
#7641 = CARTESIAN_POINT('',(8.744228165097E-02,15.074978843728));
#7642 = CARTESIAN_POINT('',(0.107418562733,14.964596771168));
#7643 = CARTESIAN_POINT('',(0.128594966865,14.855905541158));
#7644 = CARTESIAN_POINT('',(0.150819973305,14.749076831673));
#7645 = CARTESIAN_POINT('',(0.173947703979,14.64428615464));
#7646 = CARTESIAN_POINT('',(0.197831138964,14.541706511841));
#7647 = CARTESIAN_POINT('',(0.222322457133,14.441517111687));
#7648 = CARTESIAN_POINT('',(0.247282217393,14.343874846222));
#7649 = CARTESIAN_POINT('',(0.272547196609,14.24901966632));
#7650 = CARTESIAN_POINT('',(0.298055533941,14.156881603913));
#7651 = CARTESIAN_POINT('',(0.323384361313,14.06854730786));
#7652 = CARTESIAN_POINT('',(0.349760929683,13.979885016989));
#7653 = CARTESIAN_POINT('',(0.377242625758,13.890863778258));
#7654 = CARTESIAN_POINT('',(0.405662835385,13.802139653947));
#7655 = CARTESIAN_POINT('',(0.434918574934,13.714184186125));
#7656 = CARTESIAN_POINT('',(0.46489507972,13.627519982381));
#7657 = CARTESIAN_POINT('',(0.495485579524,13.542649908442));
#7658 = CARTESIAN_POINT('',(0.526594126589,13.460104731956));
#7659 = CARTESIAN_POINT('',(0.55809322875,13.380240999107));
#7660 = CARTESIAN_POINT('',(0.589839587703,13.303370515409));
#7661 = CARTESIAN_POINT('',(0.621697028832,13.229805822799));
#7662 = CARTESIAN_POINT('',(0.653505307468,13.159899227583));
#7663 = CARTESIAN_POINT('',(0.685191526382,13.09384324217));
#7664 = CARTESIAN_POINT('',(0.716365101709,13.03242979018));
#7665 = CARTESIAN_POINT('',(0.748468901519,12.973014270342));
#7666 = CARTESIAN_POINT('',(0.781400742157,12.915958336561));
#7667 = CARTESIAN_POINT('',(0.815080741275,12.861569897815));
#7668 = CARTESIAN_POINT('',(0.849424793804,12.810171197584));
#7669 = CARTESIAN_POINT('',(0.884352863155,12.762080886278));
#7670 = CARTESIAN_POINT('',(0.919788154812,12.717617652085));
#7671 = CARTESIAN_POINT('',(0.955658585035,12.677103625141));
#7672 = CARTESIAN_POINT('',(0.991898593658,12.640847130021));
#7673 = CARTESIAN_POINT('',(1.028447465622,12.609208271595));
#7674 = CARTESIAN_POINT('',(1.065261248107,12.582353836271));
#7675 = CARTESIAN_POINT('',(1.102265780806,12.5602024829));
#7676 = CARTESIAN_POINT('',(1.139377793203,12.542863628921));
#7677 = CARTESIAN_POINT('',(1.164137867775,12.534551432101));
#7678 = CARTESIAN_POINT('',(1.176509173013,12.531219215666));
#7679 = ( GEOMETRIC_REPRESENTATION_CONTEXT(2) 
PARAMETRIC_REPRESENTATION_CONTEXT() REPRESENTATION_CONTEXT('2D SPACE',''
  ) );
#7680 = PCURVE('',#1337,#7681);
#7681 = DEFINITIONAL_REPRESENTATION('',(#7682),#7730);
#7682 = B_SPLINE_CURVE_WITH_KNOTS('',3,(#7683,#7684,#7685,#7686,#7687,
    #7688,#7689,#7690,#7691,#7692,#7693,#7694,#7695,#7696,#7697,#7698,
    #7699,#7700,#7701,#7702,#7703,#7704,#7705,#7706,#7707,#7708,#7709,
    #7710,#7711,#7712,#7713,#7714,#7715,#7716,#7717,#7718,#7719,#7720,
    #7721,#7722,#7723,#7724,#7725,#7726,#7727,#7728,#7729),
  .UNSPECIFIED.,.F.,.F.,(4,1,1,1,1,1,1,1,1,1,1,1,1,1,1,1,1,1,1,1,1,1,1,1
    ,1,1,1,1,1,1,1,1,1,1,1,1,1,1,1,1,1,1,1,1,4),(0.,1.254057520494E-02,
    2.508115040988E-02,3.762172561482E-02,5.016230081976E-02,
    6.27028760247E-02,7.524345122964E-02,8.778402643458E-02,
    0.10032460164,0.112865176844,0.125405752049,0.137946327254,
    0.150486902459,0.163027477664,0.175568052869,0.188108628074,
    0.200649203279,0.213189778484,0.225730353689,0.238270928894,
    0.250811504099,0.263352079304,0.275892654509,0.288433229714,
    0.300973804919,0.313514380124,0.326054955328,0.338595530533,
    0.351136105738,0.363676680943,0.376217256148,0.388757831353,
    0.401298406558,0.413838981763,0.426379556968,0.438920132173,
    0.451460707378,0.464001282583,0.476541857788,0.489082432993,
    0.501623008198,0.514163583403,0.526704158607,0.539244733812,
    0.551785309017),.QUASI_UNIFORM_KNOTS.);
#7683 = CARTESIAN_POINT('',(0.785398163397,51.077737261152));
#7684 = CARTESIAN_POINT('',(0.773454991305,51.077737261152));
#7685 = CARTESIAN_POINT('',(0.749743455016,51.07405672019));
#7686 = CARTESIAN_POINT('',(0.714656372653,51.058361933436));
#7687 = CARTESIAN_POINT('',(0.680004267668,51.033359512864));
#7688 = CARTESIAN_POINT('',(0.645745546137,50.999920371265));
#7689 = CARTESIAN_POINT('',(0.611843441689,50.958898442324));
#7690 = CARTESIAN_POINT('',(0.57823633193,50.911436636666));
#7691 = CARTESIAN_POINT('',(0.54489417977,50.858365797342));
#7692 = CARTESIAN_POINT('',(0.511782437175,50.800576745419));
#7693 = CARTESIAN_POINT('',(0.478874675094,50.738902560302));
#7694 = CARTESIAN_POINT('',(0.446125490619,50.674357491253));
#7695 = CARTESIAN_POINT('',(0.413557077902,50.60752214414));
#7696 = CARTESIAN_POINT('',(0.381202113134,50.53891523192));
#7697 = CARTESIAN_POINT('',(0.349093860841,50.469070766431));
#7698 = CARTESIAN_POINT('',(0.317270607128,50.398523456894));
#7699 = CARTESIAN_POINT('',(0.285764725834,50.327789924111));
#7700 = CARTESIAN_POINT('',(0.254638873581,50.257458445184));
#7701 = CARTESIAN_POINT('',(0.223849081546,50.187848760434));
#7702 = CARTESIAN_POINT('',(0.193753238847,50.120283101009));
#7703 = CARTESIAN_POINT('',(0.162899863249,50.051572066091));
#7704 = CARTESIAN_POINT('',(0.131214001675,49.981738840576));
#7705 = CARTESIAN_POINT('',(9.88612852189E-02,49.911427502252));
#7706 = CARTESIAN_POINT('',(6.594036864996E-02,49.841115053222));
#7707 = CARTESIAN_POINT('',(3.256316789833E-02,49.771325905442));
#7708 = CARTESIAN_POINT('',(-1.166156514344E-03,49.702561907138));
#7709 = CARTESIAN_POINT('',(-3.515556051354E-02,49.635367751599));
#7710 = CARTESIAN_POINT('',(-6.929757084124E-02,49.570159880738));
#7711 = CARTESIAN_POINT('',(-0.103461628844,49.507261013596));
#7712 = CARTESIAN_POINT('',(-0.137524333275,49.447008658707));
#7713 = CARTESIAN_POINT('',(-0.171335421746,49.389769272296));
#7714 = CARTESIAN_POINT('',(-0.204834666829,49.335778730331));
#7715 = CARTESIAN_POINT('',(-0.237628476515,49.285766282119));
#7716 = CARTESIAN_POINT('',(-0.271238955588,49.237634019896));
#7717 = CARTESIAN_POINT('',(-0.3055647327,49.191735468251));
#7718 = CARTESIAN_POINT('',(-0.34052766663,49.148382704516));
#7719 = CARTESIAN_POINT('',(-0.376044074712,49.107898852804));
#7720 = CARTESIAN_POINT('',(-0.412033760218,49.070604297355));
#7721 = CARTESIAN_POINT('',(-0.448419155579,49.036819335122));
#7722 = CARTESIAN_POINT('',(-0.485126806339,49.006867352078));
#7723 = CARTESIAN_POINT('',(-0.522089728927,48.981059465403));
#7724 = CARTESIAN_POINT('',(-0.559244040987,48.95975277843));
#7725 = CARTESIAN_POINT('',(-0.596547515623,48.943132716154));
#7726 = CARTESIAN_POINT('',(-0.633932472672,48.931141685753));
#7727 = CARTESIAN_POINT('',(-0.671316177269,48.923891499007));
#7728 = CARTESIAN_POINT('',(-0.69618535448,48.922262738848));
#7729 = CARTESIAN_POINT('',(-0.70859331278,48.922262738848));
#7730 = ( GEOMETRIC_REPRESENTATION_CONTEXT(2) 
PARAMETRIC_REPRESENTATION_CONTEXT() REPRESENTATION_CONTEXT('2D SPACE',''
  ) );
#7731 = ADVANCED_FACE('',(#7732),#1337,.F.);
#7732 = FACE_BOUND('',#7733,.F.);
#7733 = EDGE_LOOP('',(#7734,#7735,#7736,#7760,#7783));
#7734 = ORIENTED_EDGE('',*,*,#1321,.F.);
#7735 = ORIENTED_EDGE('',*,*,#7610,.T.);
#7736 = ORIENTED_EDGE('',*,*,#7737,.F.);
#7737 = EDGE_CURVE('',#7738,#7583,#7740,.T.);
#7738 = VERTEX_POINT('',#7739);
#7739 = CARTESIAN_POINT('',(195.95819855446,-56.60640287645,-3.5));
#7740 = SURFACE_CURVE('',#7741,(#7746,#7753),.PCURVE_S1.);
#7741 = CIRCLE('',#7742,3.5);
#7742 = AXIS2_PLACEMENT_3D('',#7743,#7744,#7745);
#7743 = CARTESIAN_POINT('',(192.45819855446,-56.60640287645,-3.5));
#7744 = DIRECTION('',(0.,-1.,0.));
#7745 = DIRECTION('',(0.707106781187,0.,0.707106781187));
#7746 = PCURVE('',#1337,#7747);
#7747 = DEFINITIONAL_REPRESENTATION('',(#7748),#7752);
#7748 = LINE('',#7749,#7750);
#7749 = CARTESIAN_POINT('',(-6.28318530718,48.922262738848));
#7750 = VECTOR('',#7751,1.);
#7751 = DIRECTION('',(1.,0.));
#7752 = ( GEOMETRIC_REPRESENTATION_CONTEXT(2) 
PARAMETRIC_REPRESENTATION_CONTEXT() REPRESENTATION_CONTEXT('2D SPACE',''
  ) );
#7753 = PCURVE('',#7598,#7754);
#7754 = DEFINITIONAL_REPRESENTATION('',(#7755),#7759);
#7755 = CIRCLE('',#7756,3.5);
#7756 = AXIS2_PLACEMENT_2D('',#7757,#7758);
#7757 = CARTESIAN_POINT('',(8.5,3.5));
#7758 = DIRECTION('',(-0.707106781187,-0.707106781187));
#7759 = ( GEOMETRIC_REPRESENTATION_CONTEXT(2) 
PARAMETRIC_REPRESENTATION_CONTEXT() REPRESENTATION_CONTEXT('2D SPACE',''
  ) );
#7760 = ORIENTED_EDGE('',*,*,#7761,.F.);
#7761 = EDGE_CURVE('',#7762,#7738,#7764,.T.);
#7762 = VERTEX_POINT('',#7763);
#7763 = CARTESIAN_POINT('',(195.95819855446,-50.00000074505,-3.5));
#7764 = SURFACE_CURVE('',#7765,(#7769,#7776),.PCURVE_S1.);
#7765 = LINE('',#7766,#7767);
#7766 = CARTESIAN_POINT('',(195.95819855446,-7.684140137608,-3.5));
#7767 = VECTOR('',#7768,1.);
#7768 = DIRECTION('',(0.,-1.,0.));
#7769 = PCURVE('',#1337,#7770);
#7770 = DEFINITIONAL_REPRESENTATION('',(#7771),#7775);
#7771 = LINE('',#7772,#7773);
#7772 = CARTESIAN_POINT('',(-0.785398163397,0.));
#7773 = VECTOR('',#7774,1.);
#7774 = DIRECTION('',(0.,1.));
#7775 = ( GEOMETRIC_REPRESENTATION_CONTEXT(2) 
PARAMETRIC_REPRESENTATION_CONTEXT() REPRESENTATION_CONTEXT('2D SPACE',''
  ) );
#7776 = PCURVE('',#6901,#7777);
#7777 = DEFINITIONAL_REPRESENTATION('',(#7778),#7782);
#7778 = LINE('',#7779,#7780);
#7779 = CARTESIAN_POINT('',(48.922262738848,3.5));
#7780 = VECTOR('',#7781,1.);
#7781 = DIRECTION('',(-1.,0.));
#7782 = ( GEOMETRIC_REPRESENTATION_CONTEXT(2) 
PARAMETRIC_REPRESENTATION_CONTEXT() REPRESENTATION_CONTEXT('2D SPACE',''
  ) );
#7783 = ORIENTED_EDGE('',*,*,#7784,.F.);
#7784 = EDGE_CURVE('',#1294,#7762,#7785,.T.);
#7785 = SURFACE_CURVE('',#7786,(#7791,#7798),.PCURVE_S1.);
#7786 = CIRCLE('',#7787,3.5);
#7787 = AXIS2_PLACEMENT_3D('',#7788,#7789,#7790);
#7788 = CARTESIAN_POINT('',(192.45819855446,-50.00000074505,-3.5));
#7789 = DIRECTION('',(0.,1.,0.));
#7790 = DIRECTION('',(0.707106781187,-0.,0.707106781187));
#7791 = PCURVE('',#1337,#7792);
#7792 = DEFINITIONAL_REPRESENTATION('',(#7793),#7797);
#7793 = LINE('',#7794,#7795);
#7794 = CARTESIAN_POINT('',(6.28318530718,42.31586060745));
#7795 = VECTOR('',#7796,1.);
#7796 = DIRECTION('',(-1.,0.));
#7797 = ( GEOMETRIC_REPRESENTATION_CONTEXT(2) 
PARAMETRIC_REPRESENTATION_CONTEXT() REPRESENTATION_CONTEXT('2D SPACE',''
  ) );
#7798 = PCURVE('',#1309,#7799);
#7799 = DEFINITIONAL_REPRESENTATION('',(#7800),#7804);
#7800 = CIRCLE('',#7801,3.5);
#7801 = AXIS2_PLACEMENT_2D('',#7802,#7803);
#7802 = CARTESIAN_POINT('',(-3.5,3.5));
#7803 = DIRECTION('',(0.707106781187,-0.707106781187));
#7804 = ( GEOMETRIC_REPRESENTATION_CONTEXT(2) 
PARAMETRIC_REPRESENTATION_CONTEXT() REPRESENTATION_CONTEXT('2D SPACE',''
  ) );
#7805 = ADVANCED_FACE('',(#7806,#7881,#7884),#6901,.T.);
#7806 = FACE_BOUND('',#7807,.T.);
#7807 = EDGE_LOOP('',(#7808,#7809,#7832,#7860));
#7808 = ORIENTED_EDGE('',*,*,#7761,.F.);
#7809 = ORIENTED_EDGE('',*,*,#7810,.T.);
#7810 = EDGE_CURVE('',#7762,#7811,#7813,.T.);
#7811 = VERTEX_POINT('',#7812);
#7812 = CARTESIAN_POINT('',(195.95819855446,-50.00000074505,-21.));
#7813 = SURFACE_CURVE('',#7814,(#7818,#7825),.PCURVE_S1.);
#7814 = LINE('',#7815,#7816);
#7815 = CARTESIAN_POINT('',(195.95819855446,-50.00000074505,0.));
#7816 = VECTOR('',#7817,1.);
#7817 = DIRECTION('',(0.,0.,-1.));
#7818 = PCURVE('',#6901,#7819);
#7819 = DEFINITIONAL_REPRESENTATION('',(#7820),#7824);
#7820 = LINE('',#7821,#7822);
#7821 = CARTESIAN_POINT('',(6.606402131398,0.));
#7822 = VECTOR('',#7823,1.);
#7823 = DIRECTION('',(0.,1.));
#7824 = ( GEOMETRIC_REPRESENTATION_CONTEXT(2) 
PARAMETRIC_REPRESENTATION_CONTEXT() REPRESENTATION_CONTEXT('2D SPACE',''
  ) );
#7825 = PCURVE('',#1309,#7826);
#7826 = DEFINITIONAL_REPRESENTATION('',(#7827),#7831);
#7827 = LINE('',#7828,#7829);
#7828 = CARTESIAN_POINT('',(0.,0.));
#7829 = VECTOR('',#7830,1.);
#7830 = DIRECTION('',(0.,1.));
#7831 = ( GEOMETRIC_REPRESENTATION_CONTEXT(2) 
PARAMETRIC_REPRESENTATION_CONTEXT() REPRESENTATION_CONTEXT('2D SPACE',''
  ) );
#7832 = ORIENTED_EDGE('',*,*,#7833,.F.);
#7833 = EDGE_CURVE('',#7834,#7811,#7836,.T.);
#7834 = VERTEX_POINT('',#7835);
#7835 = CARTESIAN_POINT('',(195.95819855446,-56.60640287645,-21.));
#7836 = SURFACE_CURVE('',#7837,(#7841,#7848),.PCURVE_S1.);
#7837 = LINE('',#7838,#7839);
#7838 = CARTESIAN_POINT('',(195.95819855446,-50.00000074505,-21.));
#7839 = VECTOR('',#7840,1.);
#7840 = DIRECTION('',(0.,1.,0.));
#7841 = PCURVE('',#6901,#7842);
#7842 = DEFINITIONAL_REPRESENTATION('',(#7843),#7847);
#7843 = LINE('',#7844,#7845);
#7844 = CARTESIAN_POINT('',(6.606402131398,21.));
#7845 = VECTOR('',#7846,1.);
#7846 = DIRECTION('',(1.,0.));
#7847 = ( GEOMETRIC_REPRESENTATION_CONTEXT(2) 
PARAMETRIC_REPRESENTATION_CONTEXT() REPRESENTATION_CONTEXT('2D SPACE',''
  ) );
#7848 = PCURVE('',#7849,#7854);
#7849 = PLANE('',#7850);
#7850 = AXIS2_PLACEMENT_3D('',#7851,#7852,#7853);
#7851 = CARTESIAN_POINT('',(198.45819855446,-53.30320181075,-21.));
#7852 = DIRECTION('',(0.,0.,-1.));
#7853 = DIRECTION('',(-1.,0.,0.));
#7854 = DEFINITIONAL_REPRESENTATION('',(#7855),#7859);
#7855 = LINE('',#7856,#7857);
#7856 = CARTESIAN_POINT('',(2.5,3.303201065699));
#7857 = VECTOR('',#7858,1.);
#7858 = DIRECTION('',(0.,1.));
#7859 = ( GEOMETRIC_REPRESENTATION_CONTEXT(2) 
PARAMETRIC_REPRESENTATION_CONTEXT() REPRESENTATION_CONTEXT('2D SPACE',''
  ) );
#7860 = ORIENTED_EDGE('',*,*,#7861,.F.);
#7861 = EDGE_CURVE('',#7738,#7834,#7862,.T.);
#7862 = SURFACE_CURVE('',#7863,(#7867,#7874),.PCURVE_S1.);
#7863 = LINE('',#7864,#7865);
#7864 = CARTESIAN_POINT('',(195.95819855446,-56.60640287645,0.));
#7865 = VECTOR('',#7866,1.);
#7866 = DIRECTION('',(0.,0.,-1.));
#7867 = PCURVE('',#6901,#7868);
#7868 = DEFINITIONAL_REPRESENTATION('',(#7869),#7873);
#7869 = LINE('',#7870,#7871);
#7870 = CARTESIAN_POINT('',(0.,0.));
#7871 = VECTOR('',#7872,1.);
#7872 = DIRECTION('',(0.,1.));
#7873 = ( GEOMETRIC_REPRESENTATION_CONTEXT(2) 
PARAMETRIC_REPRESENTATION_CONTEXT() REPRESENTATION_CONTEXT('2D SPACE',''
  ) );
#7874 = PCURVE('',#7598,#7875);
#7875 = DEFINITIONAL_REPRESENTATION('',(#7876),#7880);
#7876 = LINE('',#7877,#7878);
#7877 = CARTESIAN_POINT('',(5.,0.));
#7878 = VECTOR('',#7879,1.);
#7879 = DIRECTION('',(0.,1.));
#7880 = ( GEOMETRIC_REPRESENTATION_CONTEXT(2) 
PARAMETRIC_REPRESENTATION_CONTEXT() REPRESENTATION_CONTEXT('2D SPACE',''
  ) );
#7881 = FACE_BOUND('',#7882,.T.);
#7882 = EDGE_LOOP('',(#7883));
#7883 = ORIENTED_EDGE('',*,*,#6886,.T.);
#7884 = FACE_BOUND('',#7885,.T.);
#7885 = EDGE_LOOP('',(#7886));
#7886 = ORIENTED_EDGE('',*,*,#7159,.T.);
#7887 = ADVANCED_FACE('',(#7888),#7598,.T.);
#7888 = FACE_BOUND('',#7889,.T.);
#7889 = EDGE_LOOP('',(#7890,#7891,#7892,#7893,#7916));
#7890 = ORIENTED_EDGE('',*,*,#7582,.F.);
#7891 = ORIENTED_EDGE('',*,*,#7737,.F.);
#7892 = ORIENTED_EDGE('',*,*,#7861,.T.);
#7893 = ORIENTED_EDGE('',*,*,#7894,.F.);
#7894 = EDGE_CURVE('',#7895,#7834,#7897,.T.);
#7895 = VERTEX_POINT('',#7896);
#7896 = CARTESIAN_POINT('',(200.95819855446,-56.60640287645,-21.));
#7897 = SURFACE_CURVE('',#7898,(#7902,#7909),.PCURVE_S1.);
#7898 = LINE('',#7899,#7900);
#7899 = CARTESIAN_POINT('',(195.95819855446,-56.60640287645,-21.));
#7900 = VECTOR('',#7901,1.);
#7901 = DIRECTION('',(-1.,0.,0.));
#7902 = PCURVE('',#7598,#7903);
#7903 = DEFINITIONAL_REPRESENTATION('',(#7904),#7908);
#7904 = LINE('',#7905,#7906);
#7905 = CARTESIAN_POINT('',(5.,21.));
#7906 = VECTOR('',#7907,1.);
#7907 = DIRECTION('',(1.,0.));
#7908 = ( GEOMETRIC_REPRESENTATION_CONTEXT(2) 
PARAMETRIC_REPRESENTATION_CONTEXT() REPRESENTATION_CONTEXT('2D SPACE',''
  ) );
#7909 = PCURVE('',#7849,#7910);
#7910 = DEFINITIONAL_REPRESENTATION('',(#7911),#7915);
#7911 = LINE('',#7912,#7913);
#7912 = CARTESIAN_POINT('',(2.5,-3.303201065699));
#7913 = VECTOR('',#7914,1.);
#7914 = DIRECTION('',(1.,0.));
#7915 = ( GEOMETRIC_REPRESENTATION_CONTEXT(2) 
PARAMETRIC_REPRESENTATION_CONTEXT() REPRESENTATION_CONTEXT('2D SPACE',''
  ) );
#7916 = ORIENTED_EDGE('',*,*,#7917,.F.);
#7917 = EDGE_CURVE('',#7559,#7895,#7918,.T.);
#7918 = SURFACE_CURVE('',#7919,(#7923,#7930),.PCURVE_S1.);
#7919 = LINE('',#7920,#7921);
#7920 = CARTESIAN_POINT('',(200.95819855446,-56.60640287645,0.));
#7921 = VECTOR('',#7922,1.);
#7922 = DIRECTION('',(0.,0.,-1.));
#7923 = PCURVE('',#7598,#7924);
#7924 = DEFINITIONAL_REPRESENTATION('',(#7925),#7929);
#7925 = LINE('',#7926,#7927);
#7926 = CARTESIAN_POINT('',(0.,-0.));
#7927 = VECTOR('',#7928,1.);
#7928 = DIRECTION('',(0.,1.));
#7929 = ( GEOMETRIC_REPRESENTATION_CONTEXT(2) 
PARAMETRIC_REPRESENTATION_CONTEXT() REPRESENTATION_CONTEXT('2D SPACE',''
  ) );
#7930 = PCURVE('',#1281,#7931);
#7931 = DEFINITIONAL_REPRESENTATION('',(#7932),#7936);
#7932 = LINE('',#7933,#7934);
#7933 = CARTESIAN_POINT('',(6.606402131398,0.));
#7934 = VECTOR('',#7935,1.);
#7935 = DIRECTION('',(0.,1.));
#7936 = ( GEOMETRIC_REPRESENTATION_CONTEXT(2) 
PARAMETRIC_REPRESENTATION_CONTEXT() REPRESENTATION_CONTEXT('2D SPACE',''
  ) );
#7937 = ADVANCED_FACE('',(#7938,#7987,#7990),#1281,.T.);
#7938 = FACE_BOUND('',#7939,.T.);
#7939 = EDGE_LOOP('',(#7940,#7941,#7942,#7943,#7966));
#7940 = ORIENTED_EDGE('',*,*,#1265,.F.);
#7941 = ORIENTED_EDGE('',*,*,#7558,.F.);
#7942 = ORIENTED_EDGE('',*,*,#7917,.T.);
#7943 = ORIENTED_EDGE('',*,*,#7944,.F.);
#7944 = EDGE_CURVE('',#7945,#7895,#7947,.T.);
#7945 = VERTEX_POINT('',#7946);
#7946 = CARTESIAN_POINT('',(200.95819855446,-50.00000074505,-21.));
#7947 = SURFACE_CURVE('',#7948,(#7952,#7959),.PCURVE_S1.);
#7948 = LINE('',#7949,#7950);
#7949 = CARTESIAN_POINT('',(200.95819855446,-56.60640287645,-21.));
#7950 = VECTOR('',#7951,1.);
#7951 = DIRECTION('',(0.,-1.,0.));
#7952 = PCURVE('',#1281,#7953);
#7953 = DEFINITIONAL_REPRESENTATION('',(#7954),#7958);
#7954 = LINE('',#7955,#7956);
#7955 = CARTESIAN_POINT('',(6.606402131398,21.));
#7956 = VECTOR('',#7957,1.);
#7957 = DIRECTION('',(1.,0.));
#7958 = ( GEOMETRIC_REPRESENTATION_CONTEXT(2) 
PARAMETRIC_REPRESENTATION_CONTEXT() REPRESENTATION_CONTEXT('2D SPACE',''
  ) );
#7959 = PCURVE('',#7849,#7960);
#7960 = DEFINITIONAL_REPRESENTATION('',(#7961),#7965);
#7961 = LINE('',#7962,#7963);
#7962 = CARTESIAN_POINT('',(-2.5,-3.303201065699));
#7963 = VECTOR('',#7964,1.);
#7964 = DIRECTION('',(0.,-1.));
#7965 = ( GEOMETRIC_REPRESENTATION_CONTEXT(2) 
PARAMETRIC_REPRESENTATION_CONTEXT() REPRESENTATION_CONTEXT('2D SPACE',''
  ) );
#7966 = ORIENTED_EDGE('',*,*,#7967,.F.);
#7967 = EDGE_CURVE('',#1266,#7945,#7968,.T.);
#7968 = SURFACE_CURVE('',#7969,(#7973,#7980),.PCURVE_S1.);
#7969 = LINE('',#7970,#7971);
#7970 = CARTESIAN_POINT('',(200.95819855446,-50.00000074505,0.));
#7971 = VECTOR('',#7972,1.);
#7972 = DIRECTION('',(0.,0.,-1.));
#7973 = PCURVE('',#1281,#7974);
#7974 = DEFINITIONAL_REPRESENTATION('',(#7975),#7979);
#7975 = LINE('',#7976,#7977);
#7976 = CARTESIAN_POINT('',(0.,0.));
#7977 = VECTOR('',#7978,1.);
#7978 = DIRECTION('',(0.,1.));
#7979 = ( GEOMETRIC_REPRESENTATION_CONTEXT(2) 
PARAMETRIC_REPRESENTATION_CONTEXT() REPRESENTATION_CONTEXT('2D SPACE',''
  ) );
#7980 = PCURVE('',#1309,#7981);
#7981 = DEFINITIONAL_REPRESENTATION('',(#7982),#7986);
#7982 = LINE('',#7983,#7984);
#7983 = CARTESIAN_POINT('',(5.,0.));
#7984 = VECTOR('',#7985,1.);
#7985 = DIRECTION('',(0.,1.));
#7986 = ( GEOMETRIC_REPRESENTATION_CONTEXT(2) 
PARAMETRIC_REPRESENTATION_CONTEXT() REPRESENTATION_CONTEXT('2D SPACE',''
  ) );
#7987 = FACE_BOUND('',#7988,.T.);
#7988 = EDGE_LOOP('',(#7989));
#7989 = ORIENTED_EDGE('',*,*,#6859,.T.);
#7990 = FACE_BOUND('',#7991,.T.);
#7991 = EDGE_LOOP('',(#7992));
#7992 = ORIENTED_EDGE('',*,*,#7132,.T.);
#7993 = ADVANCED_FACE('',(#7994),#1309,.T.);
#7994 = FACE_BOUND('',#7995,.T.);
#7995 = EDGE_LOOP('',(#7996,#7997,#7998,#8019,#8020));
#7996 = ORIENTED_EDGE('',*,*,#1293,.F.);
#7997 = ORIENTED_EDGE('',*,*,#7967,.T.);
#7998 = ORIENTED_EDGE('',*,*,#7999,.F.);
#7999 = EDGE_CURVE('',#7811,#7945,#8000,.T.);
#8000 = SURFACE_CURVE('',#8001,(#8005,#8012),.PCURVE_S1.);
#8001 = LINE('',#8002,#8003);
#8002 = CARTESIAN_POINT('',(200.95819855446,-50.00000074505,-21.));
#8003 = VECTOR('',#8004,1.);
#8004 = DIRECTION('',(1.,0.,0.));
#8005 = PCURVE('',#1309,#8006);
#8006 = DEFINITIONAL_REPRESENTATION('',(#8007),#8011);
#8007 = LINE('',#8008,#8009);
#8008 = CARTESIAN_POINT('',(5.,21.));
#8009 = VECTOR('',#8010,1.);
#8010 = DIRECTION('',(1.,0.));
#8011 = ( GEOMETRIC_REPRESENTATION_CONTEXT(2) 
PARAMETRIC_REPRESENTATION_CONTEXT() REPRESENTATION_CONTEXT('2D SPACE',''
  ) );
#8012 = PCURVE('',#7849,#8013);
#8013 = DEFINITIONAL_REPRESENTATION('',(#8014),#8018);
#8014 = LINE('',#8015,#8016);
#8015 = CARTESIAN_POINT('',(-2.5,3.303201065699));
#8016 = VECTOR('',#8017,1.);
#8017 = DIRECTION('',(-1.,0.));
#8018 = ( GEOMETRIC_REPRESENTATION_CONTEXT(2) 
PARAMETRIC_REPRESENTATION_CONTEXT() REPRESENTATION_CONTEXT('2D SPACE',''
  ) );
#8019 = ORIENTED_EDGE('',*,*,#7810,.F.);
#8020 = ORIENTED_EDGE('',*,*,#7784,.F.);
#8021 = ADVANCED_FACE('',(#8022),#7849,.T.);
#8022 = FACE_BOUND('',#8023,.T.);
#8023 = EDGE_LOOP('',(#8024,#8025,#8026,#8027));
#8024 = ORIENTED_EDGE('',*,*,#7833,.T.);
#8025 = ORIENTED_EDGE('',*,*,#7999,.T.);
#8026 = ORIENTED_EDGE('',*,*,#7944,.T.);
#8027 = ORIENTED_EDGE('',*,*,#7894,.T.);
#8028 = ADVANCED_FACE('',(#8029),#2564,.T.);
#8029 = FACE_BOUND('',#8030,.T.);
#8030 = EDGE_LOOP('',(#8031,#8032,#8033,#8056,#8084));
#8031 = ORIENTED_EDGE('',*,*,#2550,.F.);
#8032 = ORIENTED_EDGE('',*,*,#7484,.F.);
#8033 = ORIENTED_EDGE('',*,*,#8034,.T.);
#8034 = EDGE_CURVE('',#7485,#8035,#8037,.T.);
#8035 = VERTEX_POINT('',#8036);
#8036 = CARTESIAN_POINT('',(195.95819855446,-9.500000745058,-21.));
#8037 = SURFACE_CURVE('',#8038,(#8042,#8049),.PCURVE_S1.);
#8038 = LINE('',#8039,#8040);
#8039 = CARTESIAN_POINT('',(195.95819855446,-9.500000745058,0.));
#8040 = VECTOR('',#8041,1.);
#8041 = DIRECTION('',(0.,0.,-1.));
#8042 = PCURVE('',#2564,#8043);
#8043 = DEFINITIONAL_REPRESENTATION('',(#8044),#8048);
#8044 = LINE('',#8045,#8046);
#8045 = CARTESIAN_POINT('',(5.,0.));
#8046 = VECTOR('',#8047,1.);
#8047 = DIRECTION('',(0.,1.));
#8048 = ( GEOMETRIC_REPRESENTATION_CONTEXT(2) 
PARAMETRIC_REPRESENTATION_CONTEXT() REPRESENTATION_CONTEXT('2D SPACE',''
  ) );
#8049 = PCURVE('',#7083,#8050);
#8050 = DEFINITIONAL_REPRESENTATION('',(#8051),#8055);
#8051 = LINE('',#8052,#8053);
#8052 = CARTESIAN_POINT('',(0.,0.));
#8053 = VECTOR('',#8054,1.);
#8054 = DIRECTION('',(0.,1.));
#8055 = ( GEOMETRIC_REPRESENTATION_CONTEXT(2) 
PARAMETRIC_REPRESENTATION_CONTEXT() REPRESENTATION_CONTEXT('2D SPACE',''
  ) );
#8056 = ORIENTED_EDGE('',*,*,#8057,.F.);
#8057 = EDGE_CURVE('',#8058,#8035,#8060,.T.);
#8058 = VERTEX_POINT('',#8059);
#8059 = CARTESIAN_POINT('',(200.95819855446,-9.500000745058,-21.));
#8060 = SURFACE_CURVE('',#8061,(#8065,#8072),.PCURVE_S1.);
#8061 = LINE('',#8062,#8063);
#8062 = CARTESIAN_POINT('',(200.95819855446,-9.500000745058,-21.));
#8063 = VECTOR('',#8064,1.);
#8064 = DIRECTION('',(-1.,0.,0.));
#8065 = PCURVE('',#2564,#8066);
#8066 = DEFINITIONAL_REPRESENTATION('',(#8067),#8071);
#8067 = LINE('',#8068,#8069);
#8068 = CARTESIAN_POINT('',(0.,21.));
#8069 = VECTOR('',#8070,1.);
#8070 = DIRECTION('',(1.,0.));
#8071 = ( GEOMETRIC_REPRESENTATION_CONTEXT(2) 
PARAMETRIC_REPRESENTATION_CONTEXT() REPRESENTATION_CONTEXT('2D SPACE',''
  ) );
#8072 = PCURVE('',#8073,#8078);
#8073 = PLANE('',#8074);
#8074 = AXIS2_PLACEMENT_3D('',#8075,#8076,#8077);
#8075 = CARTESIAN_POINT('',(198.45819855446,-6.196799679359,-21.));
#8076 = DIRECTION('',(0.,0.,-1.));
#8077 = DIRECTION('',(-1.,0.,0.));
#8078 = DEFINITIONAL_REPRESENTATION('',(#8079),#8083);
#8079 = LINE('',#8080,#8081);
#8080 = CARTESIAN_POINT('',(-2.5,-3.303201065699));
#8081 = VECTOR('',#8082,1.);
#8082 = DIRECTION('',(1.,0.));
#8083 = ( GEOMETRIC_REPRESENTATION_CONTEXT(2) 
PARAMETRIC_REPRESENTATION_CONTEXT() REPRESENTATION_CONTEXT('2D SPACE',''
  ) );
#8084 = ORIENTED_EDGE('',*,*,#8085,.F.);
#8085 = EDGE_CURVE('',#2465,#8058,#8086,.T.);
#8086 = SURFACE_CURVE('',#8087,(#8091,#8098),.PCURVE_S1.);
#8087 = LINE('',#8088,#8089);
#8088 = CARTESIAN_POINT('',(200.95819855446,-9.500000745058,0.));
#8089 = VECTOR('',#8090,1.);
#8090 = DIRECTION('',(0.,0.,-1.));
#8091 = PCURVE('',#2564,#8092);
#8092 = DEFINITIONAL_REPRESENTATION('',(#8093),#8097);
#8093 = LINE('',#8094,#8095);
#8094 = CARTESIAN_POINT('',(0.,-0.));
#8095 = VECTOR('',#8096,1.);
#8096 = DIRECTION('',(0.,1.));
#8097 = ( GEOMETRIC_REPRESENTATION_CONTEXT(2) 
PARAMETRIC_REPRESENTATION_CONTEXT() REPRESENTATION_CONTEXT('2D SPACE',''
  ) );
#8098 = PCURVE('',#2482,#8099);
#8099 = DEFINITIONAL_REPRESENTATION('',(#8100),#8104);
#8100 = LINE('',#8101,#8102);
#8101 = CARTESIAN_POINT('',(6.606402131398,0.));
#8102 = VECTOR('',#8103,1.);
#8103 = DIRECTION('',(0.,1.));
#8104 = ( GEOMETRIC_REPRESENTATION_CONTEXT(2) 
PARAMETRIC_REPRESENTATION_CONTEXT() REPRESENTATION_CONTEXT('2D SPACE',''
  ) );
#8105 = ADVANCED_FACE('',(#8106,#8155,#8158),#2482,.T.);
#8106 = FACE_BOUND('',#8107,.T.);
#8107 = EDGE_LOOP('',(#8108,#8109,#8110,#8133,#8154));
#8108 = ORIENTED_EDGE('',*,*,#2464,.F.);
#8109 = ORIENTED_EDGE('',*,*,#8085,.T.);
#8110 = ORIENTED_EDGE('',*,*,#8111,.F.);
#8111 = EDGE_CURVE('',#8112,#8058,#8114,.T.);
#8112 = VERTEX_POINT('',#8113);
#8113 = CARTESIAN_POINT('',(200.95819855446,-2.89359861366,-21.));
#8114 = SURFACE_CURVE('',#8115,(#8119,#8126),.PCURVE_S1.);
#8115 = LINE('',#8116,#8117);
#8116 = CARTESIAN_POINT('',(200.95819855446,-2.89359861366,-21.));
#8117 = VECTOR('',#8118,1.);
#8118 = DIRECTION('',(0.,-1.,0.));
#8119 = PCURVE('',#2482,#8120);
#8120 = DEFINITIONAL_REPRESENTATION('',(#8121),#8125);
#8121 = LINE('',#8122,#8123);
#8122 = CARTESIAN_POINT('',(0.,21.));
#8123 = VECTOR('',#8124,1.);
#8124 = DIRECTION('',(1.,0.));
#8125 = ( GEOMETRIC_REPRESENTATION_CONTEXT(2) 
PARAMETRIC_REPRESENTATION_CONTEXT() REPRESENTATION_CONTEXT('2D SPACE',''
  ) );
#8126 = PCURVE('',#8073,#8127);
#8127 = DEFINITIONAL_REPRESENTATION('',(#8128),#8132);
#8128 = LINE('',#8129,#8130);
#8129 = CARTESIAN_POINT('',(-2.5,3.303201065699));
#8130 = VECTOR('',#8131,1.);
#8131 = DIRECTION('',(0.,-1.));
#8132 = ( GEOMETRIC_REPRESENTATION_CONTEXT(2) 
PARAMETRIC_REPRESENTATION_CONTEXT() REPRESENTATION_CONTEXT('2D SPACE',''
  ) );
#8133 = ORIENTED_EDGE('',*,*,#8134,.F.);
#8134 = EDGE_CURVE('',#7429,#8112,#8135,.T.);
#8135 = SURFACE_CURVE('',#8136,(#8140,#8147),.PCURVE_S1.);
#8136 = LINE('',#8137,#8138);
#8137 = CARTESIAN_POINT('',(200.95819855446,-2.89359861366,0.));
#8138 = VECTOR('',#8139,1.);
#8139 = DIRECTION('',(0.,0.,-1.));
#8140 = PCURVE('',#2482,#8141);
#8141 = DEFINITIONAL_REPRESENTATION('',(#8142),#8146);
#8142 = LINE('',#8143,#8144);
#8143 = CARTESIAN_POINT('',(0.,0.));
#8144 = VECTOR('',#8145,1.);
#8145 = DIRECTION('',(0.,1.));
#8146 = ( GEOMETRIC_REPRESENTATION_CONTEXT(2) 
PARAMETRIC_REPRESENTATION_CONTEXT() REPRESENTATION_CONTEXT('2D SPACE',''
  ) );
#8147 = PCURVE('',#7444,#8148);
#8148 = DEFINITIONAL_REPRESENTATION('',(#8149),#8153);
#8149 = LINE('',#8150,#8151);
#8150 = CARTESIAN_POINT('',(5.,0.));
#8151 = VECTOR('',#8152,1.);
#8152 = DIRECTION('',(0.,1.));
#8153 = ( GEOMETRIC_REPRESENTATION_CONTEXT(2) 
PARAMETRIC_REPRESENTATION_CONTEXT() REPRESENTATION_CONTEXT('2D SPACE',''
  ) );
#8154 = ORIENTED_EDGE('',*,*,#7456,.F.);
#8155 = FACE_BOUND('',#8156,.T.);
#8156 = EDGE_LOOP('',(#8157));
#8157 = ORIENTED_EDGE('',*,*,#7041,.T.);
#8158 = FACE_BOUND('',#8159,.T.);
#8159 = EDGE_LOOP('',(#8160));
#8160 = ORIENTED_EDGE('',*,*,#7304,.T.);
#8161 = ADVANCED_FACE('',(#8162),#7444,.T.);
#8162 = FACE_BOUND('',#8163,.T.);
#8163 = EDGE_LOOP('',(#8164,#8165,#8166,#8189));
#8164 = ORIENTED_EDGE('',*,*,#7428,.F.);
#8165 = ORIENTED_EDGE('',*,*,#8134,.T.);
#8166 = ORIENTED_EDGE('',*,*,#8167,.F.);
#8167 = EDGE_CURVE('',#8168,#8112,#8170,.T.);
#8168 = VERTEX_POINT('',#8169);
#8169 = CARTESIAN_POINT('',(195.95819855446,-2.89359861366,-21.));
#8170 = SURFACE_CURVE('',#8171,(#8175,#8182),.PCURVE_S1.);
#8171 = LINE('',#8172,#8173);
#8172 = CARTESIAN_POINT('',(195.95819855446,-2.89359861366,-21.));
#8173 = VECTOR('',#8174,1.);
#8174 = DIRECTION('',(1.,0.,0.));
#8175 = PCURVE('',#7444,#8176);
#8176 = DEFINITIONAL_REPRESENTATION('',(#8177),#8181);
#8177 = LINE('',#8178,#8179);
#8178 = CARTESIAN_POINT('',(0.,21.));
#8179 = VECTOR('',#8180,1.);
#8180 = DIRECTION('',(1.,0.));
#8181 = ( GEOMETRIC_REPRESENTATION_CONTEXT(2) 
PARAMETRIC_REPRESENTATION_CONTEXT() REPRESENTATION_CONTEXT('2D SPACE',''
  ) );
#8182 = PCURVE('',#8073,#8183);
#8183 = DEFINITIONAL_REPRESENTATION('',(#8184),#8188);
#8184 = LINE('',#8185,#8186);
#8185 = CARTESIAN_POINT('',(2.5,3.303201065699));
#8186 = VECTOR('',#8187,1.);
#8187 = DIRECTION('',(-1.,0.));
#8188 = ( GEOMETRIC_REPRESENTATION_CONTEXT(2) 
PARAMETRIC_REPRESENTATION_CONTEXT() REPRESENTATION_CONTEXT('2D SPACE',''
  ) );
#8189 = ORIENTED_EDGE('',*,*,#8190,.F.);
#8190 = EDGE_CURVE('',#7361,#8168,#8191,.T.);
#8191 = SURFACE_CURVE('',#8192,(#8196,#8203),.PCURVE_S1.);
#8192 = LINE('',#8193,#8194);
#8193 = CARTESIAN_POINT('',(195.95819855446,-2.89359861366,0.));
#8194 = VECTOR('',#8195,1.);
#8195 = DIRECTION('',(0.,0.,-1.));
#8196 = PCURVE('',#7444,#8197);
#8197 = DEFINITIONAL_REPRESENTATION('',(#8198),#8202);
#8198 = LINE('',#8199,#8200);
#8199 = CARTESIAN_POINT('',(0.,0.));
#8200 = VECTOR('',#8201,1.);
#8201 = DIRECTION('',(0.,1.));
#8202 = ( GEOMETRIC_REPRESENTATION_CONTEXT(2) 
PARAMETRIC_REPRESENTATION_CONTEXT() REPRESENTATION_CONTEXT('2D SPACE',''
  ) );
#8203 = PCURVE('',#7083,#8204);
#8204 = DEFINITIONAL_REPRESENTATION('',(#8205),#8209);
#8205 = LINE('',#8206,#8207);
#8206 = CARTESIAN_POINT('',(6.606402131398,0.));
#8207 = VECTOR('',#8208,1.);
#8208 = DIRECTION('',(0.,1.));
#8209 = ( GEOMETRIC_REPRESENTATION_CONTEXT(2) 
PARAMETRIC_REPRESENTATION_CONTEXT() REPRESENTATION_CONTEXT('2D SPACE',''
  ) );
#8210 = ADVANCED_FACE('',(#8211,#8237,#8240),#7083,.T.);
#8211 = FACE_BOUND('',#8212,.T.);
#8212 = EDGE_LOOP('',(#8213,#8214,#8215,#8236));
#8213 = ORIENTED_EDGE('',*,*,#7508,.F.);
#8214 = ORIENTED_EDGE('',*,*,#8190,.T.);
#8215 = ORIENTED_EDGE('',*,*,#8216,.F.);
#8216 = EDGE_CURVE('',#8035,#8168,#8217,.T.);
#8217 = SURFACE_CURVE('',#8218,(#8222,#8229),.PCURVE_S1.);
#8218 = LINE('',#8219,#8220);
#8219 = CARTESIAN_POINT('',(195.95819855446,-9.500000745058,-21.));
#8220 = VECTOR('',#8221,1.);
#8221 = DIRECTION('',(0.,1.,0.));
#8222 = PCURVE('',#7083,#8223);
#8223 = DEFINITIONAL_REPRESENTATION('',(#8224),#8228);
#8224 = LINE('',#8225,#8226);
#8225 = CARTESIAN_POINT('',(0.,21.));
#8226 = VECTOR('',#8227,1.);
#8227 = DIRECTION('',(1.,0.));
#8228 = ( GEOMETRIC_REPRESENTATION_CONTEXT(2) 
PARAMETRIC_REPRESENTATION_CONTEXT() REPRESENTATION_CONTEXT('2D SPACE',''
  ) );
#8229 = PCURVE('',#8073,#8230);
#8230 = DEFINITIONAL_REPRESENTATION('',(#8231),#8235);
#8231 = LINE('',#8232,#8233);
#8232 = CARTESIAN_POINT('',(2.5,-3.303201065699));
#8233 = VECTOR('',#8234,1.);
#8234 = DIRECTION('',(0.,1.));
#8235 = ( GEOMETRIC_REPRESENTATION_CONTEXT(2) 
PARAMETRIC_REPRESENTATION_CONTEXT() REPRESENTATION_CONTEXT('2D SPACE',''
  ) );
#8236 = ORIENTED_EDGE('',*,*,#8034,.F.);
#8237 = FACE_BOUND('',#8238,.T.);
#8238 = EDGE_LOOP('',(#8239));
#8239 = ORIENTED_EDGE('',*,*,#7068,.T.);
#8240 = FACE_BOUND('',#8241,.T.);
#8241 = EDGE_LOOP('',(#8242));
#8242 = ORIENTED_EDGE('',*,*,#7331,.T.);
#8243 = ADVANCED_FACE('',(#8244),#8073,.T.);
#8244 = FACE_BOUND('',#8245,.T.);
#8245 = EDGE_LOOP('',(#8246,#8247,#8248,#8249));
#8246 = ORIENTED_EDGE('',*,*,#8216,.T.);
#8247 = ORIENTED_EDGE('',*,*,#8167,.T.);
#8248 = ORIENTED_EDGE('',*,*,#8111,.T.);
#8249 = ORIENTED_EDGE('',*,*,#8057,.T.);
#8250 = ADVANCED_FACE('',(#8251),#2624,.F.);
#8251 = FACE_BOUND('',#8252,.F.);
#8252 = EDGE_LOOP('',(#8253,#8321,#8344,#8366));
#8253 = ORIENTED_EDGE('',*,*,#8254,.F.);
#8254 = EDGE_CURVE('',#8255,#2609,#8257,.T.);
#8255 = VERTEX_POINT('',#8256);
#8256 = CARTESIAN_POINT('',(51.000000685453,-2.89359861366,-3.5));
#8257 = SURFACE_CURVE('',#8258,(#8263,#8292),.PCURVE_S1.);
#8258 = ELLIPSE('',#8259,4.949747468306,3.5);
#8259 = AXIS2_PLACEMENT_3D('',#8260,#8261,#8262);
#8260 = CARTESIAN_POINT('',(54.500000685453,0.60640138634,-3.5));
#8261 = DIRECTION('',(-0.707106781187,0.707106781187,0.));
#8262 = DIRECTION('',(-0.707106781187,-0.707106781187,0.));
#8263 = PCURVE('',#2624,#8264);
#8264 = DEFINITIONAL_REPRESENTATION('',(#8265),#8291);
#8265 = B_SPLINE_CURVE_WITH_KNOTS('',3,(#8266,#8267,#8268,#8269,#8270,
    #8271,#8272,#8273,#8274,#8275,#8276,#8277,#8278,#8279,#8280,#8281,
    #8282,#8283,#8284,#8285,#8286,#8287,#8288,#8289,#8290),
  .UNSPECIFIED.,.F.,.F.,(4,1,1,1,1,1,1,1,1,1,1,1,1,1,1,1,1,1,1,1,1,1,4),
  (0.,7.139983303613E-02,0.142799666072,0.214199499108,0.285599332145,
    0.356999165181,0.428398998217,0.499798831253,0.571198664289,
    0.642598497325,0.713998330361,0.785398163397,0.856797996434,
    0.92819782947,0.999597662506,1.070997495542,1.142397328578,
    1.213797161614,1.28519699465,1.356596827687,1.427996660723,
    1.499396493759,1.570796326795),.QUASI_UNIFORM_KNOTS.);
#8266 = CARTESIAN_POINT('',(5.497787143782,-22.06586060745));
#8267 = CARTESIAN_POINT('',(5.521587088128,-22.06586815539));
#8268 = CARTESIAN_POINT('',(5.569186976818,-22.05990698512));
#8269 = CARTESIAN_POINT('',(5.640586809854,-22.0331813705));
#8270 = CARTESIAN_POINT('',(5.711986642891,-21.98878145706));
#8271 = CARTESIAN_POINT('',(5.783386475927,-21.92694063133));
#8272 = CARTESIAN_POINT('',(5.854786308963,-21.84797210822));
#8273 = CARTESIAN_POINT('',(5.926186141999,-21.75227880548));
#8274 = CARTESIAN_POINT('',(5.997585975035,-21.64034821699));
#8275 = CARTESIAN_POINT('',(6.068985808071,-21.51275075215));
#8276 = CARTESIAN_POINT('',(6.140385641107,-21.37013660854));
#8277 = CARTESIAN_POINT('',(6.211785474143,-21.21323251778));
#8278 = CARTESIAN_POINT('',(6.28318530718,-21.04283802645));
#8279 = CARTESIAN_POINT('',(6.354585140216,-20.85982142601));
#8280 = CARTESIAN_POINT('',(6.425984973252,-20.66511532704));
#8281 = CARTESIAN_POINT('',(6.497384806288,-20.45971190726));
#8282 = CARTESIAN_POINT('',(6.568784639324,-20.24465785518));
#8283 = CARTESIAN_POINT('',(6.64018447236,-20.02104903782));
#8284 = CARTESIAN_POINT('',(6.711584305396,-19.79002491125));
#8285 = CARTESIAN_POINT('',(6.782984138433,-19.55276273345));
#8286 = CARTESIAN_POINT('',(6.854383971469,-19.3104714933));
#8287 = CARTESIAN_POINT('',(6.925783804505,-19.06438601865));
#8288 = CARTESIAN_POINT('',(6.997183637541,-18.81575968052));
#8289 = CARTESIAN_POINT('',(7.044783526232,-18.64916106094));
#8290 = CARTESIAN_POINT('',(7.068583470577,-18.56586060745));
#8291 = ( GEOMETRIC_REPRESENTATION_CONTEXT(2) 
PARAMETRIC_REPRESENTATION_CONTEXT() REPRESENTATION_CONTEXT('2D SPACE',''
  ) );
#8292 = PCURVE('',#2652,#8293);
#8293 = DEFINITIONAL_REPRESENTATION('',(#8294),#8320);
#8294 = B_SPLINE_CURVE_WITH_KNOTS('',3,(#8295,#8296,#8297,#8298,#8299,
    #8300,#8301,#8302,#8303,#8304,#8305,#8306,#8307,#8308,#8309,#8310,
    #8311,#8312,#8313,#8314,#8315,#8316,#8317,#8318,#8319),
  .UNSPECIFIED.,.F.,.F.,(4,1,1,1,1,1,1,1,1,1,1,1,1,1,1,1,1,1,1,1,1,1,4),
  (0.,7.139983303613E-02,0.142799666072,0.214199499108,0.285599332145,
    0.356999165181,0.428398998217,0.499798831253,0.571198664289,
    0.642598497325,0.713998330361,0.785398163397,0.856797996434,
    0.92819782947,0.999597662506,1.070997495542,1.142397328578,
    1.213797161614,1.28519699465,1.356596827687,1.427996660723,
    1.499396493759,1.570796326795),.QUASI_UNIFORM_KNOTS.);
#8295 = CARTESIAN_POINT('',(-0.785398163397,33.739549467253));
#8296 = CARTESIAN_POINT('',(-0.761598219052,33.739557015198));
#8297 = CARTESIAN_POINT('',(-0.713998330361,33.733595844924));
#8298 = CARTESIAN_POINT('',(-0.642598497325,33.706870230307));
#8299 = CARTESIAN_POINT('',(-0.571198664289,33.662470316869));
#8300 = CARTESIAN_POINT('',(-0.499798831253,33.600629491133));
#8301 = CARTESIAN_POINT('',(-0.428398998217,33.521660968024));
#8302 = CARTESIAN_POINT('',(-0.356999165181,33.425967665286));
#8303 = CARTESIAN_POINT('',(-0.285599332145,33.314037076797));
#8304 = CARTESIAN_POINT('',(-0.214199499108,33.186439611958));
#8305 = CARTESIAN_POINT('',(-0.142799666072,33.043825468346));
#8306 = CARTESIAN_POINT('',(-7.139983303613E-02,32.886921377589));
#8307 = CARTESIAN_POINT('',(1.7763568394E-15,32.716526886258));
#8308 = CARTESIAN_POINT('',(7.139983303613E-02,32.533510285817));
#8309 = CARTESIAN_POINT('',(0.142799666072,32.338804186844));
#8310 = CARTESIAN_POINT('',(0.214199499108,32.133400767064));
#8311 = CARTESIAN_POINT('',(0.285599332145,31.918346714987));
#8312 = CARTESIAN_POINT('',(0.356999165181,31.69473789763));
#8313 = CARTESIAN_POINT('',(0.428398998217,31.463713771053));
#8314 = CARTESIAN_POINT('',(0.499798831253,31.226451593258));
#8315 = CARTESIAN_POINT('',(0.571198664289,30.984160353104));
#8316 = CARTESIAN_POINT('',(0.642598497325,30.738074878458));
#8317 = CARTESIAN_POINT('',(0.713998330361,30.489448540323));
#8318 = CARTESIAN_POINT('',(0.761598219052,30.322849920743));
#8319 = CARTESIAN_POINT('',(0.785398163397,30.239549467253));
#8320 = ( GEOMETRIC_REPRESENTATION_CONTEXT(2) 
PARAMETRIC_REPRESENTATION_CONTEXT() REPRESENTATION_CONTEXT('2D SPACE',''
  ) );
#8321 = ORIENTED_EDGE('',*,*,#8322,.F.);
#8322 = EDGE_CURVE('',#8323,#8255,#8325,.T.);
#8323 = VERTEX_POINT('',#8324);
#8324 = CARTESIAN_POINT('',(51.000000685453,-9.500000745058,-3.5));
#8325 = SURFACE_CURVE('',#8326,(#8330,#8337),.PCURVE_S1.);
#8326 = LINE('',#8327,#8328);
#8327 = CARTESIAN_POINT('',(51.000000685453,19.17226199379,-3.5));
#8328 = VECTOR('',#8329,1.);
#8329 = DIRECTION('',(0.,1.,0.));
#8330 = PCURVE('',#2624,#8331);
#8331 = DEFINITIONAL_REPRESENTATION('',(#8332),#8336);
#8332 = LINE('',#8333,#8334);
#8333 = CARTESIAN_POINT('',(5.497787143782,0.));
#8334 = VECTOR('',#8335,1.);
#8335 = DIRECTION('',(0.,1.));
#8336 = ( GEOMETRIC_REPRESENTATION_CONTEXT(2) 
PARAMETRIC_REPRESENTATION_CONTEXT() REPRESENTATION_CONTEXT('2D SPACE',''
  ) );
#8337 = PCURVE('',#6965,#8338);
#8338 = DEFINITIONAL_REPRESENTATION('',(#8339),#8343);
#8339 = LINE('',#8340,#8341);
#8340 = CARTESIAN_POINT('',(-22.06586060745,3.5));
#8341 = VECTOR('',#8342,1.);
#8342 = DIRECTION('',(-1.,0.));
#8343 = ( GEOMETRIC_REPRESENTATION_CONTEXT(2) 
PARAMETRIC_REPRESENTATION_CONTEXT() REPRESENTATION_CONTEXT('2D SPACE',''
  ) );
#8344 = ORIENTED_EDGE('',*,*,#8345,.F.);
#8345 = EDGE_CURVE('',#2581,#8323,#8346,.T.);
#8346 = SURFACE_CURVE('',#8347,(#8352,#8359),.PCURVE_S1.);
#8347 = CIRCLE('',#8348,3.5);
#8348 = AXIS2_PLACEMENT_3D('',#8349,#8350,#8351);
#8349 = CARTESIAN_POINT('',(54.500000685453,-9.500000745058,-3.5));
#8350 = DIRECTION('',(0.,-1.,0.));
#8351 = DIRECTION('',(-0.707106781187,0.,0.707106781187));
#8352 = PCURVE('',#2624,#8353);
#8353 = DEFINITIONAL_REPRESENTATION('',(#8354),#8358);
#8354 = LINE('',#8355,#8356);
#8355 = CARTESIAN_POINT('',(12.566370614359,-28.67226273884));
#8356 = VECTOR('',#8357,1.);
#8357 = DIRECTION('',(-1.,0.));
#8358 = ( GEOMETRIC_REPRESENTATION_CONTEXT(2) 
PARAMETRIC_REPRESENTATION_CONTEXT() REPRESENTATION_CONTEXT('2D SPACE',''
  ) );
#8359 = PCURVE('',#2596,#8360);
#8360 = DEFINITIONAL_REPRESENTATION('',(#8361),#8365);
#8361 = CIRCLE('',#8362,3.5);
#8362 = AXIS2_PLACEMENT_2D('',#8363,#8364);
#8363 = CARTESIAN_POINT('',(-3.5,3.5));
#8364 = DIRECTION('',(0.707106781187,-0.707106781187));
#8365 = ( GEOMETRIC_REPRESENTATION_CONTEXT(2) 
PARAMETRIC_REPRESENTATION_CONTEXT() REPRESENTATION_CONTEXT('2D SPACE',''
  ) );
#8366 = ORIENTED_EDGE('',*,*,#2608,.F.);
#8367 = ADVANCED_FACE('',(#8368),#2652,.F.);
#8368 = FACE_BOUND('',#8369,.F.);
#8369 = EDGE_LOOP('',(#8370,#8371,#8372,#8396));
#8370 = ORIENTED_EDGE('',*,*,#8254,.T.);
#8371 = ORIENTED_EDGE('',*,*,#2636,.F.);
#8372 = ORIENTED_EDGE('',*,*,#8373,.F.);
#8373 = EDGE_CURVE('',#8374,#2637,#8376,.T.);
#8374 = VERTEX_POINT('',#8375);
#8375 = CARTESIAN_POINT('',(46.000000685453,-2.89359861366,-3.5));
#8376 = SURFACE_CURVE('',#8377,(#8382,#8389),.PCURVE_S1.);
#8377 = CIRCLE('',#8378,3.5);
#8378 = AXIS2_PLACEMENT_3D('',#8379,#8380,#8381);
#8379 = CARTESIAN_POINT('',(46.000000685453,0.60640138634,-3.5));
#8380 = DIRECTION('',(-1.,0.,0.));
#8381 = DIRECTION('',(0.,-0.707106781187,0.707106781187));
#8382 = PCURVE('',#2652,#8383);
#8383 = DEFINITIONAL_REPRESENTATION('',(#8384),#8388);
#8384 = LINE('',#8385,#8386);
#8385 = CARTESIAN_POINT('',(-6.28318530718,38.739549467253));
#8386 = VECTOR('',#8387,1.);
#8387 = DIRECTION('',(1.,0.));
#8388 = ( GEOMETRIC_REPRESENTATION_CONTEXT(2) 
PARAMETRIC_REPRESENTATION_CONTEXT() REPRESENTATION_CONTEXT('2D SPACE',''
  ) );
#8389 = PCURVE('',#2678,#8390);
#8390 = DEFINITIONAL_REPRESENTATION('',(#8391),#8395);
#8391 = CIRCLE('',#8392,3.5);
#8392 = AXIS2_PLACEMENT_2D('',#8393,#8394);
#8393 = CARTESIAN_POINT('',(10.106402131398,3.5));
#8394 = DIRECTION('',(-0.707106781187,-0.707106781187));
#8395 = ( GEOMETRIC_REPRESENTATION_CONTEXT(2) 
PARAMETRIC_REPRESENTATION_CONTEXT() REPRESENTATION_CONTEXT('2D SPACE',''
  ) );
#8396 = ORIENTED_EDGE('',*,*,#8397,.F.);
#8397 = EDGE_CURVE('',#8255,#8374,#8398,.T.);
#8398 = SURFACE_CURVE('',#8399,(#8403,#8410),.PCURVE_S1.);
#8399 = LINE('',#8400,#8401);
#8400 = CARTESIAN_POINT('',(84.739550152707,-2.89359861366,-3.5));
#8401 = VECTOR('',#8402,1.);
#8402 = DIRECTION('',(-1.,0.,0.));
#8403 = PCURVE('',#2652,#8404);
#8404 = DEFINITIONAL_REPRESENTATION('',(#8405),#8409);
#8405 = LINE('',#8406,#8407);
#8406 = CARTESIAN_POINT('',(-0.785398163397,0.));
#8407 = VECTOR('',#8408,1.);
#8408 = DIRECTION('',(0.,1.));
#8409 = ( GEOMETRIC_REPRESENTATION_CONTEXT(2) 
PARAMETRIC_REPRESENTATION_CONTEXT() REPRESENTATION_CONTEXT('2D SPACE',''
  ) );
#8410 = PCURVE('',#8411,#8416);
#8411 = PLANE('',#8412);
#8412 = AXIS2_PLACEMENT_3D('',#8413,#8414,#8415);
#8413 = CARTESIAN_POINT('',(46.000000685453,-2.89359861366,0.));
#8414 = DIRECTION('',(0.,1.,0.));
#8415 = DIRECTION('',(1.,0.,0.));
#8416 = DEFINITIONAL_REPRESENTATION('',(#8417),#8421);
#8417 = LINE('',#8418,#8419);
#8418 = CARTESIAN_POINT('',(38.739549467253,3.5));
#8419 = VECTOR('',#8420,1.);
#8420 = DIRECTION('',(-1.,0.));
#8421 = ( GEOMETRIC_REPRESENTATION_CONTEXT(2) 
PARAMETRIC_REPRESENTATION_CONTEXT() REPRESENTATION_CONTEXT('2D SPACE',''
  ) );
#8422 = ADVANCED_FACE('',(#8423,#8498,#8501),#6965,.T.);
#8423 = FACE_BOUND('',#8424,.T.);
#8424 = EDGE_LOOP('',(#8425,#8426,#8449,#8477));
#8425 = ORIENTED_EDGE('',*,*,#8322,.F.);
#8426 = ORIENTED_EDGE('',*,*,#8427,.T.);
#8427 = EDGE_CURVE('',#8323,#8428,#8430,.T.);
#8428 = VERTEX_POINT('',#8429);
#8429 = CARTESIAN_POINT('',(51.000000685453,-9.500000745058,-21.));
#8430 = SURFACE_CURVE('',#8431,(#8435,#8442),.PCURVE_S1.);
#8431 = LINE('',#8432,#8433);
#8432 = CARTESIAN_POINT('',(51.000000685453,-9.500000745058,0.));
#8433 = VECTOR('',#8434,1.);
#8434 = DIRECTION('',(0.,0.,-1.));
#8435 = PCURVE('',#6965,#8436);
#8436 = DEFINITIONAL_REPRESENTATION('',(#8437),#8441);
#8437 = LINE('',#8438,#8439);
#8438 = CARTESIAN_POINT('',(6.606402131398,0.));
#8439 = VECTOR('',#8440,1.);
#8440 = DIRECTION('',(0.,1.));
#8441 = ( GEOMETRIC_REPRESENTATION_CONTEXT(2) 
PARAMETRIC_REPRESENTATION_CONTEXT() REPRESENTATION_CONTEXT('2D SPACE',''
  ) );
#8442 = PCURVE('',#2596,#8443);
#8443 = DEFINITIONAL_REPRESENTATION('',(#8444),#8448);
#8444 = LINE('',#8445,#8446);
#8445 = CARTESIAN_POINT('',(0.,-0.));
#8446 = VECTOR('',#8447,1.);
#8447 = DIRECTION('',(0.,1.));
#8448 = ( GEOMETRIC_REPRESENTATION_CONTEXT(2) 
PARAMETRIC_REPRESENTATION_CONTEXT() REPRESENTATION_CONTEXT('2D SPACE',''
  ) );
#8449 = ORIENTED_EDGE('',*,*,#8450,.F.);
#8450 = EDGE_CURVE('',#8451,#8428,#8453,.T.);
#8451 = VERTEX_POINT('',#8452);
#8452 = CARTESIAN_POINT('',(51.000000685453,-2.89359861366,-21.));
#8453 = SURFACE_CURVE('',#8454,(#8458,#8465),.PCURVE_S1.);
#8454 = LINE('',#8455,#8456);
#8455 = CARTESIAN_POINT('',(51.000000685453,-9.500000745058,-21.));
#8456 = VECTOR('',#8457,1.);
#8457 = DIRECTION('',(0.,-1.,0.));
#8458 = PCURVE('',#6965,#8459);
#8459 = DEFINITIONAL_REPRESENTATION('',(#8460),#8464);
#8460 = LINE('',#8461,#8462);
#8461 = CARTESIAN_POINT('',(6.606402131398,21.));
#8462 = VECTOR('',#8463,1.);
#8463 = DIRECTION('',(1.,0.));
#8464 = ( GEOMETRIC_REPRESENTATION_CONTEXT(2) 
PARAMETRIC_REPRESENTATION_CONTEXT() REPRESENTATION_CONTEXT('2D SPACE',''
  ) );
#8465 = PCURVE('',#8466,#8471);
#8466 = PLANE('',#8467);
#8467 = AXIS2_PLACEMENT_3D('',#8468,#8469,#8470);
#8468 = CARTESIAN_POINT('',(48.500000685453,-6.196799679359,-21.));
#8469 = DIRECTION('',(0.,0.,-1.));
#8470 = DIRECTION('',(-1.,0.,0.));
#8471 = DEFINITIONAL_REPRESENTATION('',(#8472),#8476);
#8472 = LINE('',#8473,#8474);
#8473 = CARTESIAN_POINT('',(-2.5,-3.303201065699));
#8474 = VECTOR('',#8475,1.);
#8475 = DIRECTION('',(0.,-1.));
#8476 = ( GEOMETRIC_REPRESENTATION_CONTEXT(2) 
PARAMETRIC_REPRESENTATION_CONTEXT() REPRESENTATION_CONTEXT('2D SPACE',''
  ) );
#8477 = ORIENTED_EDGE('',*,*,#8478,.F.);
#8478 = EDGE_CURVE('',#8255,#8451,#8479,.T.);
#8479 = SURFACE_CURVE('',#8480,(#8484,#8491),.PCURVE_S1.);
#8480 = LINE('',#8481,#8482);
#8481 = CARTESIAN_POINT('',(51.000000685453,-2.89359861366,0.));
#8482 = VECTOR('',#8483,1.);
#8483 = DIRECTION('',(0.,0.,-1.));
#8484 = PCURVE('',#6965,#8485);
#8485 = DEFINITIONAL_REPRESENTATION('',(#8486),#8490);
#8486 = LINE('',#8487,#8488);
#8487 = CARTESIAN_POINT('',(0.,0.));
#8488 = VECTOR('',#8489,1.);
#8489 = DIRECTION('',(0.,1.));
#8490 = ( GEOMETRIC_REPRESENTATION_CONTEXT(2) 
PARAMETRIC_REPRESENTATION_CONTEXT() REPRESENTATION_CONTEXT('2D SPACE',''
  ) );
#8491 = PCURVE('',#8411,#8492);
#8492 = DEFINITIONAL_REPRESENTATION('',(#8493),#8497);
#8493 = LINE('',#8494,#8495);
#8494 = CARTESIAN_POINT('',(5.,0.));
#8495 = VECTOR('',#8496,1.);
#8496 = DIRECTION('',(0.,1.));
#8497 = ( GEOMETRIC_REPRESENTATION_CONTEXT(2) 
PARAMETRIC_REPRESENTATION_CONTEXT() REPRESENTATION_CONTEXT('2D SPACE',''
  ) );
#8498 = FACE_BOUND('',#8499,.T.);
#8499 = EDGE_LOOP('',(#8500));
#8500 = ORIENTED_EDGE('',*,*,#6950,.T.);
#8501 = FACE_BOUND('',#8502,.T.);
#8502 = EDGE_LOOP('',(#8503));
#8503 = ORIENTED_EDGE('',*,*,#7218,.T.);
#8504 = ADVANCED_FACE('',(#8505),#8411,.T.);
#8505 = FACE_BOUND('',#8506,.T.);
#8506 = EDGE_LOOP('',(#8507,#8508,#8509,#8532));
#8507 = ORIENTED_EDGE('',*,*,#8397,.F.);
#8508 = ORIENTED_EDGE('',*,*,#8478,.T.);
#8509 = ORIENTED_EDGE('',*,*,#8510,.F.);
#8510 = EDGE_CURVE('',#8511,#8451,#8513,.T.);
#8511 = VERTEX_POINT('',#8512);
#8512 = CARTESIAN_POINT('',(46.000000685453,-2.89359861366,-21.));
#8513 = SURFACE_CURVE('',#8514,(#8518,#8525),.PCURVE_S1.);
#8514 = LINE('',#8515,#8516);
#8515 = CARTESIAN_POINT('',(51.000000685453,-2.89359861366,-21.));
#8516 = VECTOR('',#8517,1.);
#8517 = DIRECTION('',(1.,0.,0.));
#8518 = PCURVE('',#8411,#8519);
#8519 = DEFINITIONAL_REPRESENTATION('',(#8520),#8524);
#8520 = LINE('',#8521,#8522);
#8521 = CARTESIAN_POINT('',(5.,21.));
#8522 = VECTOR('',#8523,1.);
#8523 = DIRECTION('',(1.,0.));
#8524 = ( GEOMETRIC_REPRESENTATION_CONTEXT(2) 
PARAMETRIC_REPRESENTATION_CONTEXT() REPRESENTATION_CONTEXT('2D SPACE',''
  ) );
#8525 = PCURVE('',#8466,#8526);
#8526 = DEFINITIONAL_REPRESENTATION('',(#8527),#8531);
#8527 = LINE('',#8528,#8529);
#8528 = CARTESIAN_POINT('',(-2.5,3.303201065699));
#8529 = VECTOR('',#8530,1.);
#8530 = DIRECTION('',(-1.,0.));
#8531 = ( GEOMETRIC_REPRESENTATION_CONTEXT(2) 
PARAMETRIC_REPRESENTATION_CONTEXT() REPRESENTATION_CONTEXT('2D SPACE',''
  ) );
#8532 = ORIENTED_EDGE('',*,*,#8533,.F.);
#8533 = EDGE_CURVE('',#8374,#8511,#8534,.T.);
#8534 = SURFACE_CURVE('',#8535,(#8539,#8546),.PCURVE_S1.);
#8535 = LINE('',#8536,#8537);
#8536 = CARTESIAN_POINT('',(46.000000685453,-2.89359861366,0.));
#8537 = VECTOR('',#8538,1.);
#8538 = DIRECTION('',(0.,0.,-1.));
#8539 = PCURVE('',#8411,#8540);
#8540 = DEFINITIONAL_REPRESENTATION('',(#8541),#8545);
#8541 = LINE('',#8542,#8543);
#8542 = CARTESIAN_POINT('',(0.,0.));
#8543 = VECTOR('',#8544,1.);
#8544 = DIRECTION('',(0.,1.));
#8545 = ( GEOMETRIC_REPRESENTATION_CONTEXT(2) 
PARAMETRIC_REPRESENTATION_CONTEXT() REPRESENTATION_CONTEXT('2D SPACE',''
  ) );
#8546 = PCURVE('',#2678,#8547);
#8547 = DEFINITIONAL_REPRESENTATION('',(#8548),#8552);
#8548 = LINE('',#8549,#8550);
#8549 = CARTESIAN_POINT('',(6.606402131398,0.));
#8550 = VECTOR('',#8551,1.);
#8551 = DIRECTION('',(0.,1.));
#8552 = ( GEOMETRIC_REPRESENTATION_CONTEXT(2) 
PARAMETRIC_REPRESENTATION_CONTEXT() REPRESENTATION_CONTEXT('2D SPACE',''
  ) );
#8553 = ADVANCED_FACE('',(#8554,#8603,#8606),#2678,.T.);
#8554 = FACE_BOUND('',#8555,.T.);
#8555 = EDGE_LOOP('',(#8556,#8557,#8558,#8559,#8582));
#8556 = ORIENTED_EDGE('',*,*,#2664,.F.);
#8557 = ORIENTED_EDGE('',*,*,#8373,.F.);
#8558 = ORIENTED_EDGE('',*,*,#8533,.T.);
#8559 = ORIENTED_EDGE('',*,*,#8560,.F.);
#8560 = EDGE_CURVE('',#8561,#8511,#8563,.T.);
#8561 = VERTEX_POINT('',#8562);
#8562 = CARTESIAN_POINT('',(46.000000685453,-9.500000745058,-21.));
#8563 = SURFACE_CURVE('',#8564,(#8568,#8575),.PCURVE_S1.);
#8564 = LINE('',#8565,#8566);
#8565 = CARTESIAN_POINT('',(46.000000685453,-2.89359861366,-21.));
#8566 = VECTOR('',#8567,1.);
#8567 = DIRECTION('',(0.,1.,0.));
#8568 = PCURVE('',#2678,#8569);
#8569 = DEFINITIONAL_REPRESENTATION('',(#8570),#8574);
#8570 = LINE('',#8571,#8572);
#8571 = CARTESIAN_POINT('',(6.606402131398,21.));
#8572 = VECTOR('',#8573,1.);
#8573 = DIRECTION('',(1.,0.));
#8574 = ( GEOMETRIC_REPRESENTATION_CONTEXT(2) 
PARAMETRIC_REPRESENTATION_CONTEXT() REPRESENTATION_CONTEXT('2D SPACE',''
  ) );
#8575 = PCURVE('',#8466,#8576);
#8576 = DEFINITIONAL_REPRESENTATION('',(#8577),#8581);
#8577 = LINE('',#8578,#8579);
#8578 = CARTESIAN_POINT('',(2.5,3.303201065699));
#8579 = VECTOR('',#8580,1.);
#8580 = DIRECTION('',(0.,1.));
#8581 = ( GEOMETRIC_REPRESENTATION_CONTEXT(2) 
PARAMETRIC_REPRESENTATION_CONTEXT() REPRESENTATION_CONTEXT('2D SPACE',''
  ) );
#8582 = ORIENTED_EDGE('',*,*,#8583,.F.);
#8583 = EDGE_CURVE('',#2579,#8561,#8584,.T.);
#8584 = SURFACE_CURVE('',#8585,(#8589,#8596),.PCURVE_S1.);
#8585 = LINE('',#8586,#8587);
#8586 = CARTESIAN_POINT('',(46.000000685453,-9.500000745058,0.));
#8587 = VECTOR('',#8588,1.);
#8588 = DIRECTION('',(0.,0.,-1.));
#8589 = PCURVE('',#2678,#8590);
#8590 = DEFINITIONAL_REPRESENTATION('',(#8591),#8595);
#8591 = LINE('',#8592,#8593);
#8592 = CARTESIAN_POINT('',(0.,0.));
#8593 = VECTOR('',#8594,1.);
#8594 = DIRECTION('',(0.,1.));
#8595 = ( GEOMETRIC_REPRESENTATION_CONTEXT(2) 
PARAMETRIC_REPRESENTATION_CONTEXT() REPRESENTATION_CONTEXT('2D SPACE',''
  ) );
#8596 = PCURVE('',#2596,#8597);
#8597 = DEFINITIONAL_REPRESENTATION('',(#8598),#8602);
#8598 = LINE('',#8599,#8600);
#8599 = CARTESIAN_POINT('',(5.,0.));
#8600 = VECTOR('',#8601,1.);
#8601 = DIRECTION('',(0.,1.));
#8602 = ( GEOMETRIC_REPRESENTATION_CONTEXT(2) 
PARAMETRIC_REPRESENTATION_CONTEXT() REPRESENTATION_CONTEXT('2D SPACE',''
  ) );
#8603 = FACE_BOUND('',#8604,.T.);
#8604 = EDGE_LOOP('',(#8605));
#8605 = ORIENTED_EDGE('',*,*,#6982,.T.);
#8606 = FACE_BOUND('',#8607,.T.);
#8607 = EDGE_LOOP('',(#8608));
#8608 = ORIENTED_EDGE('',*,*,#7245,.T.);
#8609 = ADVANCED_FACE('',(#8610),#2596,.T.);
#8610 = FACE_BOUND('',#8611,.T.);
#8611 = EDGE_LOOP('',(#8612,#8613,#8614,#8635,#8636));
#8612 = ORIENTED_EDGE('',*,*,#2578,.F.);
#8613 = ORIENTED_EDGE('',*,*,#8583,.T.);
#8614 = ORIENTED_EDGE('',*,*,#8615,.F.);
#8615 = EDGE_CURVE('',#8428,#8561,#8616,.T.);
#8616 = SURFACE_CURVE('',#8617,(#8621,#8628),.PCURVE_S1.);
#8617 = LINE('',#8618,#8619);
#8618 = CARTESIAN_POINT('',(46.000000685453,-9.500000745058,-21.));
#8619 = VECTOR('',#8620,1.);
#8620 = DIRECTION('',(-1.,0.,0.));
#8621 = PCURVE('',#2596,#8622);
#8622 = DEFINITIONAL_REPRESENTATION('',(#8623),#8627);
#8623 = LINE('',#8624,#8625);
#8624 = CARTESIAN_POINT('',(5.,21.));
#8625 = VECTOR('',#8626,1.);
#8626 = DIRECTION('',(1.,0.));
#8627 = ( GEOMETRIC_REPRESENTATION_CONTEXT(2) 
PARAMETRIC_REPRESENTATION_CONTEXT() REPRESENTATION_CONTEXT('2D SPACE',''
  ) );
#8628 = PCURVE('',#8466,#8629);
#8629 = DEFINITIONAL_REPRESENTATION('',(#8630),#8634);
#8630 = LINE('',#8631,#8632);
#8631 = CARTESIAN_POINT('',(2.5,-3.303201065699));
#8632 = VECTOR('',#8633,1.);
#8633 = DIRECTION('',(1.,0.));
#8634 = ( GEOMETRIC_REPRESENTATION_CONTEXT(2) 
PARAMETRIC_REPRESENTATION_CONTEXT() REPRESENTATION_CONTEXT('2D SPACE',''
  ) );
#8635 = ORIENTED_EDGE('',*,*,#8427,.F.);
#8636 = ORIENTED_EDGE('',*,*,#8345,.F.);
#8637 = ADVANCED_FACE('',(#8638),#8466,.T.);
#8638 = FACE_BOUND('',#8639,.T.);
#8639 = EDGE_LOOP('',(#8640,#8641,#8642,#8643));
#8640 = ORIENTED_EDGE('',*,*,#8615,.T.);
#8641 = ORIENTED_EDGE('',*,*,#8560,.T.);
#8642 = ORIENTED_EDGE('',*,*,#8510,.T.);
#8643 = ORIENTED_EDGE('',*,*,#8450,.T.);
#8644 = ADVANCED_FACE('',(#8645),#1522,.T.);
#8645 = FACE_BOUND('',#8646,.T.);
#8646 = EDGE_LOOP('',(#8647,#8648,#8649,#8650,#8651));
#8647 = ORIENTED_EDGE('',*,*,#1506,.F.);
#8648 = ORIENTED_EDGE('',*,*,#6307,.F.);
#8649 = ORIENTED_EDGE('',*,*,#6500,.T.);
#8650 = ORIENTED_EDGE('',*,*,#5351,.F.);
#8651 = ORIENTED_EDGE('',*,*,#8652,.F.);
#8652 = EDGE_CURVE('',#1507,#5329,#8653,.T.);
#8653 = SURFACE_CURVE('',#8654,(#8658,#8665),.PCURVE_S1.);
#8654 = LINE('',#8655,#8656);
#8655 = CARTESIAN_POINT('',(46.000000685453,-50.00000074505,0.));
#8656 = VECTOR('',#8657,1.);
#8657 = DIRECTION('',(0.,0.,-1.));
#8658 = PCURVE('',#1522,#8659);
#8659 = DEFINITIONAL_REPRESENTATION('',(#8660),#8664);
#8660 = LINE('',#8661,#8662);
#8661 = CARTESIAN_POINT('',(0.,0.));
#8662 = VECTOR('',#8663,1.);
#8663 = DIRECTION('',(0.,1.));
#8664 = ( GEOMETRIC_REPRESENTATION_CONTEXT(2) 
PARAMETRIC_REPRESENTATION_CONTEXT() REPRESENTATION_CONTEXT('2D SPACE',''
  ) );
#8665 = PCURVE('',#1550,#8666);
#8666 = DEFINITIONAL_REPRESENTATION('',(#8667),#8671);
#8667 = LINE('',#8668,#8669);
#8668 = CARTESIAN_POINT('',(6.606402131398,0.));
#8669 = VECTOR('',#8670,1.);
#8670 = DIRECTION('',(0.,1.));
#8671 = ( GEOMETRIC_REPRESENTATION_CONTEXT(2) 
PARAMETRIC_REPRESENTATION_CONTEXT() REPRESENTATION_CONTEXT('2D SPACE',''
  ) );
#8672 = ADVANCED_FACE('',(#8673),#1550,.T.);
#8673 = FACE_BOUND('',#8674,.T.);
#8674 = EDGE_LOOP('',(#8675,#8676,#8677,#8678,#8679,#8680,#8681,#8682,
    #8683,#8684,#8685));
#8675 = ORIENTED_EDGE('',*,*,#4678,.F.);
#8676 = ORIENTED_EDGE('',*,*,#1534,.F.);
#8677 = ORIENTED_EDGE('',*,*,#8652,.T.);
#8678 = ORIENTED_EDGE('',*,*,#5328,.F.);
#8679 = ORIENTED_EDGE('',*,*,#4890,.F.);
#8680 = ORIENTED_EDGE('',*,*,#5432,.T.);
#8681 = ORIENTED_EDGE('',*,*,#5661,.T.);
#8682 = ORIENTED_EDGE('',*,*,#5123,.F.);
#8683 = ORIENTED_EDGE('',*,*,#6357,.T.);
#8684 = ORIENTED_EDGE('',*,*,#6462,.T.);
#8685 = ORIENTED_EDGE('',*,*,#4973,.F.);
#8686 = ADVANCED_FACE('',(#8687),#542,.T.);
#8687 = FACE_BOUND('',#8688,.T.);
#8688 = EDGE_LOOP('',(#8689,#8690,#8691,#8692,#8693,#8694,#8717,#8738,
    #8739));
#8689 = ORIENTED_EDGE('',*,*,#5950,.F.);
#8690 = ORIENTED_EDGE('',*,*,#1349,.F.);
#8691 = ORIENTED_EDGE('',*,*,#7532,.F.);
#8692 = ORIENTED_EDGE('',*,*,#1242,.F.);
#8693 = ORIENTED_EDGE('',*,*,#526,.T.);
#8694 = ORIENTED_EDGE('',*,*,#8695,.F.);
#8695 = EDGE_CURVE('',#8696,#499,#8698,.T.);
#8696 = VERTEX_POINT('',#8697);
#8697 = CARTESIAN_POINT('',(38.47909961996,-58.76187739876,4.));
#8698 = SURFACE_CURVE('',#8699,(#8703,#8710),.PCURVE_S1.);
#8699 = LINE('',#8700,#8701);
#8700 = CARTESIAN_POINT('',(208.47909961996,-58.76187739876,4.));
#8701 = VECTOR('',#8702,1.);
#8702 = DIRECTION('',(1.,0.,0.));
#8703 = PCURVE('',#542,#8704);
#8704 = DEFINITIONAL_REPRESENTATION('',(#8705),#8709);
#8705 = LINE('',#8706,#8707);
#8706 = CARTESIAN_POINT('',(170.,4.));
#8707 = VECTOR('',#8708,1.);
#8708 = DIRECTION('',(1.,0.));
#8709 = ( GEOMETRIC_REPRESENTATION_CONTEXT(2) 
PARAMETRIC_REPRESENTATION_CONTEXT() REPRESENTATION_CONTEXT('2D SPACE',''
  ) );
#8710 = PCURVE('',#514,#8711);
#8711 = DEFINITIONAL_REPRESENTATION('',(#8712),#8716);
#8712 = LINE('',#8713,#8714);
#8713 = CARTESIAN_POINT('',(85.,-100.));
#8714 = VECTOR('',#8715,1.);
#8715 = DIRECTION('',(1.,0.));
#8716 = ( GEOMETRIC_REPRESENTATION_CONTEXT(2) 
PARAMETRIC_REPRESENTATION_CONTEXT() REPRESENTATION_CONTEXT('2D SPACE',''
  ) );
#8717 = ORIENTED_EDGE('',*,*,#8718,.F.);
#8718 = EDGE_CURVE('',#1631,#8696,#8719,.T.);
#8719 = SURFACE_CURVE('',#8720,(#8724,#8731),.PCURVE_S1.);
#8720 = LINE('',#8721,#8722);
#8721 = CARTESIAN_POINT('',(38.47909961996,-58.76187739876,0.));
#8722 = VECTOR('',#8723,1.);
#8723 = DIRECTION('',(0.,0.,1.));
#8724 = PCURVE('',#542,#8725);
#8725 = DEFINITIONAL_REPRESENTATION('',(#8726),#8730);
#8726 = LINE('',#8727,#8728);
#8727 = CARTESIAN_POINT('',(0.,0.));
#8728 = VECTOR('',#8729,1.);
#8729 = DIRECTION('',(0.,1.));
#8730 = ( GEOMETRIC_REPRESENTATION_CONTEXT(2) 
PARAMETRIC_REPRESENTATION_CONTEXT() REPRESENTATION_CONTEXT('2D SPACE',''
  ) );
#8731 = PCURVE('',#332,#8732);
#8732 = DEFINITIONAL_REPRESENTATION('',(#8733),#8737);
#8733 = LINE('',#8734,#8735);
#8734 = CARTESIAN_POINT('',(200.,0.));
#8735 = VECTOR('',#8736,1.);
#8736 = DIRECTION('',(0.,1.));
#8737 = ( GEOMETRIC_REPRESENTATION_CONTEXT(2) 
PARAMETRIC_REPRESENTATION_CONTEXT() REPRESENTATION_CONTEXT('2D SPACE',''
  ) );
#8738 = ORIENTED_EDGE('',*,*,#1630,.F.);
#8739 = ORIENTED_EDGE('',*,*,#5147,.F.);
#8740 = ADVANCED_FACE('',(#8741,#8793),#332,.T.);
#8741 = FACE_BOUND('',#8742,.T.);
#8742 = EDGE_LOOP('',(#8743,#8744,#8745,#8746,#8747,#8770,#8791,#8792));
#8743 = ORIENTED_EDGE('',*,*,#318,.T.);
#8744 = ORIENTED_EDGE('',*,*,#3125,.F.);
#8745 = ORIENTED_EDGE('',*,*,#1653,.F.);
#8746 = ORIENTED_EDGE('',*,*,#8718,.T.);
#8747 = ORIENTED_EDGE('',*,*,#8748,.F.);
#8748 = EDGE_CURVE('',#8749,#8696,#8751,.T.);
#8749 = VERTEX_POINT('',#8750);
#8750 = CARTESIAN_POINT('',(38.47909961996,141.23812260123,4.));
#8751 = SURFACE_CURVE('',#8752,(#8756,#8763),.PCURVE_S1.);
#8752 = LINE('',#8753,#8754);
#8753 = CARTESIAN_POINT('',(38.47909961996,-58.76187739876,4.));
#8754 = VECTOR('',#8755,1.);
#8755 = DIRECTION('',(0.,-1.,0.));
#8756 = PCURVE('',#332,#8757);
#8757 = DEFINITIONAL_REPRESENTATION('',(#8758),#8762);
#8758 = LINE('',#8759,#8760);
#8759 = CARTESIAN_POINT('',(200.,4.));
#8760 = VECTOR('',#8761,1.);
#8761 = DIRECTION('',(1.,0.));
#8762 = ( GEOMETRIC_REPRESENTATION_CONTEXT(2) 
PARAMETRIC_REPRESENTATION_CONTEXT() REPRESENTATION_CONTEXT('2D SPACE',''
  ) );
#8763 = PCURVE('',#514,#8764);
#8764 = DEFINITIONAL_REPRESENTATION('',(#8765),#8769);
#8765 = LINE('',#8766,#8767);
#8766 = CARTESIAN_POINT('',(-85.,-100.));
#8767 = VECTOR('',#8768,1.);
#8768 = DIRECTION('',(0.,-1.));
#8769 = ( GEOMETRIC_REPRESENTATION_CONTEXT(2) 
PARAMETRIC_REPRESENTATION_CONTEXT() REPRESENTATION_CONTEXT('2D SPACE',''
  ) );
#8770 = ORIENTED_EDGE('',*,*,#8771,.F.);
#8771 = EDGE_CURVE('',#1795,#8749,#8772,.T.);
#8772 = SURFACE_CURVE('',#8773,(#8777,#8784),.PCURVE_S1.);
#8773 = LINE('',#8774,#8775);
#8774 = CARTESIAN_POINT('',(38.47909961996,141.23812260123,0.));
#8775 = VECTOR('',#8776,1.);
#8776 = DIRECTION('',(0.,0.,1.));
#8777 = PCURVE('',#332,#8778);
#8778 = DEFINITIONAL_REPRESENTATION('',(#8779),#8783);
#8779 = LINE('',#8780,#8781);
#8780 = CARTESIAN_POINT('',(0.,0.));
#8781 = VECTOR('',#8782,1.);
#8782 = DIRECTION('',(0.,1.));
#8783 = ( GEOMETRIC_REPRESENTATION_CONTEXT(2) 
PARAMETRIC_REPRESENTATION_CONTEXT() REPRESENTATION_CONTEXT('2D SPACE',''
  ) );
#8784 = PCURVE('',#486,#8785);
#8785 = DEFINITIONAL_REPRESENTATION('',(#8786),#8790);
#8786 = LINE('',#8787,#8788);
#8787 = CARTESIAN_POINT('',(170.,0.));
#8788 = VECTOR('',#8789,1.);
#8789 = DIRECTION('',(0.,1.));
#8790 = ( GEOMETRIC_REPRESENTATION_CONTEXT(2) 
PARAMETRIC_REPRESENTATION_CONTEXT() REPRESENTATION_CONTEXT('2D SPACE',''
  ) );
#8791 = ORIENTED_EDGE('',*,*,#1794,.F.);
#8792 = ORIENTED_EDGE('',*,*,#810,.T.);
#8793 = FACE_BOUND('',#8794,.T.);
#8794 = EDGE_LOOP('',(#8795));
#8795 = ORIENTED_EDGE('',*,*,#1001,.T.);
#8796 = ADVANCED_FACE('',(#8797),#486,.T.);
#8797 = FACE_BOUND('',#8798,.T.);
#8798 = EDGE_LOOP('',(#8799,#8800,#8801,#8822));
#8799 = ORIENTED_EDGE('',*,*,#1817,.F.);
#8800 = ORIENTED_EDGE('',*,*,#8771,.T.);
#8801 = ORIENTED_EDGE('',*,*,#8802,.F.);
#8802 = EDGE_CURVE('',#471,#8749,#8803,.T.);
#8803 = SURFACE_CURVE('',#8804,(#8808,#8815),.PCURVE_S1.);
#8804 = LINE('',#8805,#8806);
#8805 = CARTESIAN_POINT('',(38.47909961996,141.23812260123,4.));
#8806 = VECTOR('',#8807,1.);
#8807 = DIRECTION('',(-1.,0.,0.));
#8808 = PCURVE('',#486,#8809);
#8809 = DEFINITIONAL_REPRESENTATION('',(#8810),#8814);
#8810 = LINE('',#8811,#8812);
#8811 = CARTESIAN_POINT('',(170.,4.));
#8812 = VECTOR('',#8813,1.);
#8813 = DIRECTION('',(1.,0.));
#8814 = ( GEOMETRIC_REPRESENTATION_CONTEXT(2) 
PARAMETRIC_REPRESENTATION_CONTEXT() REPRESENTATION_CONTEXT('2D SPACE',''
  ) );
#8815 = PCURVE('',#514,#8816);
#8816 = DEFINITIONAL_REPRESENTATION('',(#8817),#8821);
#8817 = LINE('',#8818,#8819);
#8818 = CARTESIAN_POINT('',(-85.,100.));
#8819 = VECTOR('',#8820,1.);
#8820 = DIRECTION('',(-1.,0.));
#8821 = ( GEOMETRIC_REPRESENTATION_CONTEXT(2) 
PARAMETRIC_REPRESENTATION_CONTEXT() REPRESENTATION_CONTEXT('2D SPACE',''
  ) );
#8822 = ORIENTED_EDGE('',*,*,#470,.F.);
#8823 = ADVANCED_FACE('',(#8824,#8830,#8833,#8836,#8839,#8842,#8845,
    #8848,#8851,#8854,#8857,#8860,#8863,#8866,#8869,#8872,#8875,#8881,
    #8884,#8887,#8890,#8893,#8896,#8899,#8902,#8905,#8908,#8911,#8914,
    #8917,#8920),#514,.T.);
#8824 = FACE_BOUND('',#8825,.T.);
#8825 = EDGE_LOOP('',(#8826,#8827,#8828,#8829));
#8826 = ORIENTED_EDGE('',*,*,#8802,.T.);
#8827 = ORIENTED_EDGE('',*,*,#8748,.T.);
#8828 = ORIENTED_EDGE('',*,*,#8695,.T.);
#8829 = ORIENTED_EDGE('',*,*,#498,.T.);
#8830 = FACE_BOUND('',#8831,.T.);
#8831 = EDGE_LOOP('',(#8832));
#8832 = ORIENTED_EDGE('',*,*,#4652,.F.);
#8833 = FACE_BOUND('',#8834,.T.);
#8834 = EDGE_LOOP('',(#8835));
#8835 = ORIENTED_EDGE('',*,*,#3298,.T.);
#8836 = FACE_BOUND('',#8837,.T.);
#8837 = EDGE_LOOP('',(#8838));
#8838 = ORIENTED_EDGE('',*,*,#3352,.T.);
#8839 = FACE_BOUND('',#8840,.T.);
#8840 = EDGE_LOOP('',(#8841));
#8841 = ORIENTED_EDGE('',*,*,#3406,.T.);
#8842 = FACE_BOUND('',#8843,.T.);
#8843 = EDGE_LOOP('',(#8844));
#8844 = ORIENTED_EDGE('',*,*,#3460,.T.);
#8845 = FACE_BOUND('',#8846,.T.);
#8846 = EDGE_LOOP('',(#8847));
#8847 = ORIENTED_EDGE('',*,*,#3518,.T.);
#8848 = FACE_BOUND('',#8849,.T.);
#8849 = EDGE_LOOP('',(#8850));
#8850 = ORIENTED_EDGE('',*,*,#3572,.T.);
#8851 = FACE_BOUND('',#8852,.T.);
#8852 = EDGE_LOOP('',(#8853));
#8853 = ORIENTED_EDGE('',*,*,#3626,.T.);
#8854 = FACE_BOUND('',#8855,.T.);
#8855 = EDGE_LOOP('',(#8856));
#8856 = ORIENTED_EDGE('',*,*,#3680,.T.);
#8857 = FACE_BOUND('',#8858,.T.);
#8858 = EDGE_LOOP('',(#8859));
#8859 = ORIENTED_EDGE('',*,*,#3734,.T.);
#8860 = FACE_BOUND('',#8861,.T.);
#8861 = EDGE_LOOP('',(#8862));
#8862 = ORIENTED_EDGE('',*,*,#3788,.T.);
#8863 = FACE_BOUND('',#8864,.T.);
#8864 = EDGE_LOOP('',(#8865));
#8865 = ORIENTED_EDGE('',*,*,#731,.T.);
#8866 = FACE_BOUND('',#8867,.T.);
#8867 = EDGE_LOOP('',(#8868));
#8868 = ORIENTED_EDGE('',*,*,#3842,.T.);
#8869 = FACE_BOUND('',#8870,.T.);
#8870 = EDGE_LOOP('',(#8871));
#8871 = ORIENTED_EDGE('',*,*,#3896,.T.);
#8872 = FACE_BOUND('',#8873,.T.);
#8873 = EDGE_LOOP('',(#8874));
#8874 = ORIENTED_EDGE('',*,*,#3950,.T.);
#8875 = FACE_BOUND('',#8876,.T.);
#8876 = EDGE_LOOP('',(#8877,#8878,#8879,#8880));
#8877 = ORIENTED_EDGE('',*,*,#6753,.T.);
#8878 = ORIENTED_EDGE('',*,*,#6802,.T.);
#8879 = ORIENTED_EDGE('',*,*,#6633,.T.);
#8880 = ORIENTED_EDGE('',*,*,#6704,.T.);
#8881 = FACE_BOUND('',#8882,.T.);
#8882 = EDGE_LOOP('',(#8883));
#8883 = ORIENTED_EDGE('',*,*,#6602,.T.);
#8884 = FACE_BOUND('',#8885,.T.);
#8885 = EDGE_LOOP('',(#8886));
#8886 = ORIENTED_EDGE('',*,*,#6548,.T.);
#8887 = FACE_BOUND('',#8888,.T.);
#8888 = EDGE_LOOP('',(#8889));
#8889 = ORIENTED_EDGE('',*,*,#4598,.T.);
#8890 = FACE_BOUND('',#8891,.T.);
#8891 = EDGE_LOOP('',(#8892));
#8892 = ORIENTED_EDGE('',*,*,#4544,.T.);
#8893 = FACE_BOUND('',#8894,.T.);
#8894 = EDGE_LOOP('',(#8895));
#8895 = ORIENTED_EDGE('',*,*,#4490,.T.);
#8896 = FACE_BOUND('',#8897,.T.);
#8897 = EDGE_LOOP('',(#8898));
#8898 = ORIENTED_EDGE('',*,*,#4436,.T.);
#8899 = FACE_BOUND('',#8900,.T.);
#8900 = EDGE_LOOP('',(#8901));
#8901 = ORIENTED_EDGE('',*,*,#4382,.T.);
#8902 = FACE_BOUND('',#8903,.T.);
#8903 = EDGE_LOOP('',(#8904));
#8904 = ORIENTED_EDGE('',*,*,#4328,.T.);
#8905 = FACE_BOUND('',#8906,.T.);
#8906 = EDGE_LOOP('',(#8907));
#8907 = ORIENTED_EDGE('',*,*,#4274,.T.);
#8908 = FACE_BOUND('',#8909,.T.);
#8909 = EDGE_LOOP('',(#8910));
#8910 = ORIENTED_EDGE('',*,*,#4220,.T.);
#8911 = FACE_BOUND('',#8912,.T.);
#8912 = EDGE_LOOP('',(#8913));
#8913 = ORIENTED_EDGE('',*,*,#4166,.T.);
#8914 = FACE_BOUND('',#8915,.T.);
#8915 = EDGE_LOOP('',(#8916));
#8916 = ORIENTED_EDGE('',*,*,#4112,.T.);
#8917 = FACE_BOUND('',#8918,.T.);
#8918 = EDGE_LOOP('',(#8919));
#8919 = ORIENTED_EDGE('',*,*,#4058,.T.);
#8920 = FACE_BOUND('',#8921,.T.);
#8921 = EDGE_LOOP('',(#8922));
#8922 = ORIENTED_EDGE('',*,*,#4004,.T.);
#8923 = ( GEOMETRIC_REPRESENTATION_CONTEXT(3) 
GLOBAL_UNCERTAINTY_ASSIGNED_CONTEXT((#8927)) 
GLOBAL_UNIT_ASSIGNED_CONTEXT((#8924,#8925,#8926)) REPRESENTATION_CONTEXT
('Context #1','3D Context with UNIT and UNCERTAINTY') );
#8924 = ( LENGTH_UNIT() NAMED_UNIT(*) SI_UNIT(.MILLI.,.METRE.) );
#8925 = ( NAMED_UNIT(*) PLANE_ANGLE_UNIT() SI_UNIT($,.RADIAN.) );
#8926 = ( NAMED_UNIT(*) SI_UNIT($,.STERADIAN.) SOLID_ANGLE_UNIT() );
#8927 = UNCERTAINTY_MEASURE_WITH_UNIT(LENGTH_MEASURE(2.E-04),#8924,
  'distance_accuracy_value','confusion accuracy');
#8928 = PRODUCT_RELATED_PRODUCT_CATEGORY('part',$,(#7));
ENDSEC;
END-ISO-10303-21;
